machine_id,timestamp,temperature,vibration,pressure,rpm,load,failure_next_6h
M-01,2026-01-01 00:00:00,58.87835294599191,2.249556037429315,6.341524111732543,1695.8286455762375,0.9363690639601221,0
M-01,2026-01-01 01:00:00,57.72260426366074,2.0119703869951535,6.216968791648766,1574.8183114427345,0.5923798065494423,0
M-01,2026-01-01 02:00:00,59.13704191140727,1.7097737994855087,6.160537923480077,1608.932844211403,0.8925128658956589,0
M-01,2026-01-01 03:00:00,54.932134651464736,1.9713230935363484,5.910517274788032,1663.0325890289714,0.6076511347039957,0
M-01,2026-01-01 04:00:00,65.03275606085573,2.5370734088749884,6.172423521956285,1630.137982346169,0.7168591109046616,0
M-01,2026-01-01 05:00:00,,1.7453002178229275,6.602163296062363,1689.9114102004803,0.839739304036299,0
M-01,2026-01-01 06:00:00,64.69593103307218,2.1474463807312714,6.463409615210064,1636.9763495121842,0.7495363894722991,0
M-01,2026-01-01 07:00:00,62.935082599753095,2.039675525057367,5.894089646397644,1632.2380611348676,0.7995631541571256,0
M-01,2026-01-01 08:00:00,61.374480889719166,2.5548930922187703,6.206921387778766,1643.7373930820067,0.9224340273966619,0
M-01,2026-01-01 09:00:00,67.54951838080939,1.4472311577942176,6.101741955628597,1771.6036628825061,0.8911394830384183,0
M-01,2026-01-01 10:00:00,62.603135808541595,2.292435057474021,,1717.0529176809505,0.9868141109777064,0
M-01,2026-01-01 11:00:00,63.17365416549071,2.2912637123805646,6.02376067217163,1714.3014161527199,0.9002725736831929,0
M-01,2026-01-01 12:00:00,60.41271043192811,1.7473780509613641,6.25186477864759,1625.7555657916753,0.7600244516771654,0
M-01,2026-01-01 13:00:00,58.99933129436095,1.9892039839395683,6.49723157869143,1628.3607430972195,0.6194302714303965,0
M-01,2026-01-01 14:00:00,56.69091868825685,2.307651752053628,6.653966170972784,1714.4321672795747,0.8851429701585177,0
M-01,2026-01-01 15:00:00,64.94318428446925,1.4986423227484418,5.719917912642468,1651.177689094774,0.6966214111621685,0
M-01,2026-01-01 16:00:00,62.09785283937154,1.5687455693676493,5.81513964070129,1570.2163795888696,0.7613001150741135,0
M-01,2026-01-01 17:00:00,,2.9578745932379804,6.425154153994254,1606.9990422728729,0.6084646774009623,0
M-01,2026-01-01 18:00:00,64.58454803210356,2.658439068704068,6.36152736490034,1587.4692390993778,0.6521092070728979,0
M-01,2026-01-01 19:00:00,66.27760879707604,1.8160574713921953,5.872361041406847,1714.4243298577787,0.7467183634925488,0
M-01,2026-01-01 20:00:00,66.08136113577666,2.5921013170889022,6.433096083775376,1694.5086947025377,0.8651192959010121,0
M-01,2026-01-01 21:00:00,67.75180224910251,2.8563051839384466,5.692570220226077,1698.2289305404572,0.9245169106278405,0
M-01,2026-01-01 22:00:00,61.07045433002171,2.458187776581399,5.889656423638086,1680.5315087889196,0.7243652705635786,0
M-01,2026-01-01 23:00:00,65.25409764369951,2.8417604646414167,5.860097318291343,1659.8539190001982,0.8571229767887389,0
M-01,2026-01-02 00:00:00,61.665310585916274,2.8824294450153567,6.240528389758515,1568.437101361891,0.6399586911137988,0
M-01,2026-01-02 01:00:00,68.22418610482303,2.8280335867384965,5.68982897354007,1672.2569639965861,0.9041159698759622,0
M-01,2026-01-02 02:00:00,60.74685981755618,3.0453458344122395,6.339451726621605,1698.2076414664302,0.8673244203818509,0
M-01,2026-01-02 03:00:00,66.7474370310398,2.221832783751915,5.443665399497164,1697.7760376901733,0.756512098992253,0
M-01,2026-01-02 04:00:00,62.35138133946212,2.368057078008578,5.976031886097082,1588.9828254103586,0.6129086491574459,0
M-01,2026-01-02 05:00:00,69.3743453720222,3.1394112438438486,6.408033873647762,1660.4076845654283,0.8507813328057123,0
M-01,2026-01-02 06:00:00,72.2533412099972,2.4388598636158614,5.926180438421849,1729.0589251261413,0.8043562479165349,0
M-01,2026-01-02 07:00:00,68.511296235513,2.9666630344084033,6.0641800755772035,1683.6350410256362,0.8356232440002659,0
M-01,2026-01-02 08:00:00,67.29685006853533,3.42940348045512,6.71057210966216,1618.38059544099,0.8016432223354362,0
M-01,2026-01-02 09:00:00,69.70756284677059,3.2494857299130153,6.164756720127521,1638.496539122258,0.5638680255555728,0
M-01,2026-01-02 10:00:00,61.88102645080454,3.9892008356608417,6.059066077653359,1664.0216034201571,0.6465631027687881,0
M-01,2026-01-02 11:00:00,71.71288797520836,3.3094396262955557,6.0273458117030145,1764.869014672285,0.9340313829706748,0
M-01,2026-01-02 12:00:00,69.07718554074593,3.260633934312904,5.581754037039987,1619.2893852092182,0.5762362337600797,0
M-01,2026-01-02 13:00:00,72.03873995976923,2.7183945726731595,5.955396038427168,1634.5701075417755,0.6821171909950077,0
M-01,2026-01-02 14:00:00,69.28714912718121,3.2176429781558555,6.2490978539200865,1699.0029579150826,0.8006644685535753,0
M-01,2026-01-02 15:00:00,67.49898682331498,3.6820546957631985,5.478597812000133,1723.4422589058045,0.8489410931473245,0
M-01,2026-01-02 16:00:00,69.71974054835812,3.5045499337608432,6.35942235028494,1762.4068479951,0.9163091730997156,0
M-01,2026-01-02 17:00:00,70.78964169869451,3.709642715212069,5.728777376026853,1592.9509374240572,0.5602204329102373,0
M-01,2026-01-02 18:00:00,74.56417295225974,3.508746136512181,5.494020302913418,1740.870212918742,0.8750617077684026,0
M-01,2026-01-02 19:00:00,70.97424459747361,2.981953748002168,5.6321964722047255,1599.0769080752923,0.6225723005651208,0
M-01,2026-01-02 20:00:00,74.09286512920441,3.4630628371712464,5.940925864521177,1611.540313602291,0.6185404462209259,0
M-01,2026-01-02 21:00:00,68.83963556975239,3.140851442349054,5.734484925221773,1619.0525144291778,0.7507703240083139,0
M-01,2026-01-02 22:00:00,80.56372293341767,3.0230459575036104,5.909904789614386,1600.509798218092,0.6856804401165445,0
M-01,2026-01-02 23:00:00,67.08776431690055,3.965842842339639,6.323872647611537,1633.6151457192584,0.7128156747490257,0
M-01,2026-01-03 00:00:00,73.02968437889622,3.626046201073032,5.273570241887122,1633.5206047628053,0.603102655954232,0
M-01,2026-01-03 01:00:00,76.95301429704665,3.6949932132477947,5.6963635924590035,1756.821649250253,0.9588613108184232,0
M-01,2026-01-03 02:00:00,70.81631441911021,3.717019682473624,6.297689485269945,1673.831935587359,0.6696414826567838,0
M-01,2026-01-03 03:00:00,75.60129468616203,4.118729673909747,5.812229651615663,1711.9727848377038,0.9004379067846076,0
M-01,2026-01-03 04:00:00,72.29288461623942,3.91173667745344,6.019822711211549,1615.3827361733577,0.752212675964705,0
M-01,2026-01-03 05:00:00,76.13755567013293,4.006349174914314,6.153101594964791,1625.411986935835,0.5933759329690748,0
M-01,2026-01-03 06:00:00,75.15021191561758,3.988910654308597,5.848742950741083,1647.073605958239,0.755099330425125,1
M-01,2026-01-03 07:00:00,75.41510341180972,3.986905560842009,5.622135820323509,1679.159872747901,0.6876804808677937,0
M-01,2026-01-03 08:00:00,84.0823668959393,3.8702523378783162,5.770789781382248,1579.174702230409,0.6295477523226543,1
M-01,2026-01-03 09:00:00,76.46141179964052,3.925843215080017,5.704090407793076,1669.3816813055214,0.8913337884258445,0
M-01,2026-01-03 10:00:00,87.50161366374033,4.25460370683597,5.746459068525274,1615.2177123082677,0.7444418678987967,0
M-01,2026-01-03 11:00:00,80.87535648727278,3.9057763871728604,5.770299212606422,1645.2453434931522,0.8128440860107311,1
M-01,2026-01-03 12:00:00,79.13855809504022,3.470661122537001,5.460739971135583,1629.8716201855282,0.5879999445129501,1
M-01,2026-01-03 13:00:00,74.29295705136047,4.746687464368292,5.951681018860235,1541.0124875878696,0.5687263782378517,1
M-01,2026-01-03 14:00:00,79.45637294931784,3.8252276506956817,5.606835375356323,1632.9974508834878,0.6984375455497535,1
M-01,2026-01-03 15:00:00,78.56378406213598,4.671769819635653,5.792686121904069,1598.1310307163185,0.5965313354751482,0
M-01,2026-01-03 16:00:00,74.75937676245624,4.956510393408229,5.6714903084879955,1620.7576659754743,0.6267668358415988,1
M-01,2026-01-03 17:00:00,76.44084379518662,4.9334620822339925,5.656170715850189,1689.9733225145299,0.8114775128651778,0
M-01,2026-01-03 18:00:00,85.51650114678849,5.068692134734269,5.584612864907638,1611.800061341819,0.8159119711666376,1
M-01,2026-01-03 19:00:00,86.01109426378653,4.480155595950128,5.813249660763838,1773.5916158641783,0.9813516459586504,1
M-01,2026-01-03 20:00:00,83.22141423811613,5.259417676253321,5.649723467211786,1676.6743322201255,0.9022308522626288,1
M-01,2026-01-03 21:00:00,83.45579277701357,5.0499295104660185,5.565100265931559,1720.8884498570724,0.7689962488771722,1
M-01,2026-01-03 22:00:00,85.02647170546626,5.394199541429462,5.2459226616835535,1694.3472804167695,,1
M-01,2026-01-03 23:00:00,80.58747956553468,4.877065625970049,5.775321912377304,1644.6205854390705,0.7630702304756293,1
M-01,2026-01-04 00:00:00,85.80620934537055,5.300735637613127,5.429630974495043,1638.819305712436,0.6992060488041485,1
M-01,2026-01-04 01:00:00,80.32904718770875,5.430948410152279,5.321663287865909,1711.06651244668,0.7475101571372711,1
M-01,2026-01-04 02:00:00,86.4121793911961,5.0668931472470735,5.757439455358124,1709.6637421294392,0.9218313658874611,1
M-01,2026-01-04 03:00:00,82.63015203583063,4.950686646511909,5.27581395391734,1577.332685402865,0.613112090049375,1
M-01,2026-01-04 04:00:00,90.04729412600572,5.919965138959234,5.157765454963851,1634.9705927332993,0.5988590835109496,1
M-01,2026-01-04 05:00:00,85.91890582195109,4.431282766001405,5.6197171142214595,1599.5697304244286,0.6765552027275538,1
M-01,2026-01-04 06:00:00,89.09250311106622,5.851517629270728,5.3461076495054645,1667.2093614008188,0.8771475764290972,1
M-01,2026-01-04 07:00:00,84.25565821644238,4.7534232693841405,5.64297828808989,1593.720235622791,0.5984834256801534,1
M-01,2026-01-04 08:00:00,90.14389227616667,5.790672198197219,5.483623369923903,1650.4273792122135,0.6535962959026964,1
M-01,2026-01-04 09:00:00,88.6009232796732,5.333719947379399,5.619835308748589,1652.574093016603,0.7996836112261676,1
M-01,2026-01-04 10:00:00,80.60796321540968,6.122588212408775,4.740701729495967,1701.6301686488907,0.923405384409586,1
M-01,2026-01-04 11:00:00,83.84840329688942,5.157565038715807,5.746777093282493,1575.1967170503754,0.6927125017702219,1
M-01,2026-01-04 12:00:00,85.14509229842733,5.457084104915446,5.221796737234258,1668.6374415371172,0.6809130271630535,1
M-01,2026-01-04 13:00:00,87.7911827169682,5.379775081599854,5.789735766183887,1585.5610326299727,0.6651842907554213,1
M-01,2026-01-04 14:00:00,85.77982117438013,5.532365338212955,5.252167545604461,1573.8140871986252,0.6240735179119082,1
M-01,2026-01-04 15:00:00,,5.692440018866284,4.996627064745938,1634.7021565681152,0.7457936770013671,1
M-01,2026-01-04 16:00:00,98.34110035605458,5.960313663048948,5.494357060684305,1670.7652290631686,0.9512547698147114,1
M-01,2026-01-04 17:00:00,89.74130274958094,6.403489922339669,5.120353524973427,1722.7770025580865,0.9508566208953362,0
M-01,2026-01-04 18:00:00,55.06252102567202,1.620449708814491,6.212497108856221,1616.5552541546542,0.6921680733238569,0
M-01,2026-01-04 19:00:00,58.295658645120874,1.6097021876798592,6.458454320082451,1688.4574504154261,0.8477475684254925,0
M-01,2026-01-04 20:00:00,62.200082123095754,1.2421837151141366,6.443395421519103,1541.1175095763551,0.5925100006276819,0
M-01,2026-01-04 21:00:00,59.5842754791064,1.9819711954113386,6.098849650785545,1634.9241832749506,0.6681072321652891,0
M-01,2026-01-04 22:00:00,57.73268599519572,2.063428463575951,6.033364344608529,1602.2330018394314,0.6584367587525581,0
M-01,2026-01-04 23:00:00,62.33636927949307,2.108296521956237,6.460482758772206,1726.4756131574984,0.9240007024562078,0
M-01,2026-01-05 00:00:00,58.623330866424496,1.796537146589439,6.766456760098421,1604.916474239971,0.6306707386709827,0
M-01,2026-01-05 01:00:00,62.26585242044928,1.4560211468161333,6.483034094992778,1726.9467112946215,0.943552918376859,0
M-01,2026-01-05 02:00:00,61.8773959419844,1.5525623108185187,6.6399744686254145,1664.4338863745816,0.6896456528050426,0
M-01,2026-01-05 03:00:00,62.4903771322252,1.8857865872207618,6.328878281940638,1762.2437659609418,0.9873218917274353,0
M-01,2026-01-05 04:00:00,60.74072442648161,2.199547762775407,5.840439977042776,1563.6504243554755,0.6147538761480629,0
M-01,2026-01-05 05:00:00,61.43465734080707,2.0404887821891418,6.495936420084305,1611.3994374044341,0.6533452134994849,0
M-01,2026-01-05 06:00:00,62.81349827939586,2.6175300635461385,6.0471703459924315,1734.1106620514693,0.8549464031257858,0
M-01,2026-01-05 07:00:00,64.93927113180283,2.6128184561599355,6.635950902212996,1645.5265881243765,0.7778484692292849,0
M-01,2026-01-05 08:00:00,64.8468544728123,2.5971915021863636,6.170938928558825,1644.7223692335426,0.8115024741494061,0
M-01,2026-01-05 09:00:00,67.31356430896344,3.6925627034577655,6.230269704033922,1739.5583976217272,0.9118560367820182,0
M-01,2026-01-05 10:00:00,62.290081165374374,1.9732520967719478,5.76523786484297,1769.1725785865456,0.8825428017619938,0
M-01,2026-01-05 11:00:00,61.475523204638925,2.417553740241589,6.3620685250916065,1610.8594249205967,0.6056892116426551,0
M-01,2026-01-05 12:00:00,62.786862476668006,1.9307573552686104,5.612788988450329,1645.963898990104,0.7289101872212234,0
M-01,2026-01-05 13:00:00,60.54916376869043,2.5868005777293486,6.11297528734864,1593.9917069307883,0.76986282040819,0
M-01,2026-01-05 14:00:00,67.48644344154586,2.138978036827693,6.127985662783417,1778.7949158725144,0.9800304656711365,0
M-01,2026-01-05 15:00:00,65.1262669571434,2.412676150147397,6.19777871210783,1744.9859666766451,0.9661637931904121,0
M-01,2026-01-05 16:00:00,68.02376107384752,2.763641063515429,6.271957294296029,1710.4224886293073,0.7998391190470712,0
M-01,2026-01-05 17:00:00,69.21809722221977,2.8910016578656736,5.636277480316939,1584.1951586880887,0.597653831687839,0
M-01,2026-01-05 18:00:00,64.28395808552276,3.436638366845059,5.796929907463203,1630.5751377708987,0.7386014436923367,0
M-01,2026-01-05 19:00:00,68.42952843760723,3.2866777815431227,6.09432052287296,1703.505139997258,0.8182191489554678,0
M-01,2026-01-05 20:00:00,68.46958563333301,3.042199937242473,,1738.616943077112,0.9119624120258368,0
M-01,2026-01-05 21:00:00,68.659739383321,2.9792320897954765,6.069927376353587,1793.3286290071335,0.9031435521634843,0
M-01,2026-01-05 22:00:00,69.73275986058061,3.060797119974179,6.60112202806715,1596.4588042800015,0.5991147985445807,0
M-01,2026-01-05 23:00:00,68.149470279945,3.1925290918223244,6.215474249148167,1729.167010602038,0.9085676897463228,0
M-01,2026-01-06 00:00:00,67.65082332293574,4.332468886033941,6.095424294808864,1650.9143564101018,0.7888463157695741,0
M-01,2026-01-06 01:00:00,72.94320054917934,3.0047945653498584,6.018087749483758,1726.9460816143824,0.940482529199205,0
M-01,2026-01-06 02:00:00,65.89659151041566,3.322647278935794,6.125897123034159,1669.1186531190222,0.7356572061731561,0
M-01,2026-01-06 03:00:00,67.26934038909062,3.0289819346337485,5.731276753861976,1705.116970806649,0.7416469388680795,0
M-01,2026-01-06 04:00:00,75.07596586557086,4.584659175722885,5.528900071219369,1703.2865941702923,0.9403707842885463,0
M-01,2026-01-06 05:00:00,66.51597739532662,3.229910185530208,5.642898258306624,1643.2612140286483,0.6615278033281112,0
M-01,2026-01-06 06:00:00,73.12404119991366,3.671466941821011,5.846624994238228,1784.237268230521,0.8857064261095509,0
M-01,2026-01-06 07:00:00,67.08097198162868,2.680082813360837,5.931671825603156,1604.8181147351581,0.5973751359343563,0
M-01,2026-01-06 08:00:00,73.49344653152119,3.8172482462080533,5.689130831303033,1651.1532308450558,0.8174951486904034,0
M-01,2026-01-06 09:00:00,67.25091989282173,3.4403821389961617,5.9192139608626855,1714.854389194884,0.9210988857053536,0
M-01,2026-01-06 10:00:00,70.45594991715517,3.601276374251329,6.059114622912281,1652.9897966162355,0.6147423698370142,0
M-01,2026-01-06 11:00:00,72.91337551766868,3.9035031586910893,5.785725302424037,1646.2350180246224,0.6244892752308752,0
M-01,2026-01-06 12:00:00,77.19916099708185,3.2764022478616788,5.890216650281442,1617.0888291244025,0.6191260278364265,0
M-01,2026-01-06 13:00:00,67.22659450828148,3.737538784027415,5.6887444784501495,1598.8405843991561,0.5595166073513981,0
M-01,2026-01-06 14:00:00,73.0829518182126,3.790406700017171,6.020322090239384,1696.5112634970137,0.6285886619211337,0
M-01,2026-01-06 15:00:00,70.67185379991041,3.169945997478983,6.265896492549263,1653.2833587398125,0.816014717249937,0
M-01,2026-01-06 16:00:00,73.46518784294256,3.399600715107247,5.782610966720378,1697.5249470687982,0.7271337055744127,0
M-01,2026-01-06 17:00:00,77.2269762346028,4.066525826032543,5.6958719017057495,1616.587036766559,0.7770368066600035,0
M-01,2026-01-06 18:00:00,79.51602051724291,3.4445305641963424,5.816671539044594,1750.183294320819,0.9330092320699928,0
M-01,2026-01-06 19:00:00,70.57100232052414,4.086477227919922,5.894254936229825,1659.046523212687,0.6316742843184359,0
M-01,2026-01-06 20:00:00,72.26077719982199,4.034635317886289,5.776766426534591,1648.4949187350603,0.6622244091244953,0
M-01,2026-01-06 21:00:00,74.9092992289894,3.19301052195675,5.701357252394103,1672.6342172331163,0.7373180915664366,0
M-01,2026-01-06 22:00:00,78.3538754256895,4.10731651405062,5.044009758478403,1606.6111341124695,0.7181263623068073,0
M-01,2026-01-06 23:00:00,69.21276895480722,4.65522784099556,5.80346559463473,1647.1862418208557,0.5957523563066722,0
M-01,2026-01-07 00:00:00,76.60968783721093,4.4772422672022385,6.3566831067714675,1634.6692157268253,0.573382839909297,0
M-01,2026-01-07 01:00:00,79.64076819269151,4.772980299491921,5.666995766925094,1648.883375380415,0.594600913710944,0
M-01,2026-01-07 02:00:00,77.01340446844523,4.067926274847156,5.684218931039542,1717.5100949172424,0.9561939147674277,1
M-01,2026-01-07 03:00:00,78.21049051685645,4.533487053760461,5.623239353244421,1786.55741756661,0.910911646123117,0
M-01,2026-01-07 04:00:00,80.2876103483961,4.800574138304493,5.804072218712885,1741.5985780859235,0.8391174741979965,1
M-01,2026-01-07 05:00:00,79.49349964842976,4.360354217714984,5.8232290449567135,1691.8954914419896,0.6105484937859162,1
M-01,2026-01-07 06:00:00,,5.05292791602269,5.714966316510289,1590.0714974514826,0.7814002915856866,1
M-01,2026-01-07 07:00:00,84.75744891456844,4.681240644552614,5.948923024464868,1633.817010244642,0.7582597145170822,0
M-01,2026-01-07 08:00:00,81.14350757115618,4.4262683265577385,5.711672980517498,1790.091471440974,0.8378034720566996,1
M-01,2026-01-07 09:00:00,82.49609666971307,5.350009902301991,5.635631694261113,1542.596878956613,0.6128957849292807,1
M-01,2026-01-07 10:00:00,78.30332069950184,4.651825369001445,5.5008195549050924,1710.731099368204,0.7376002158676983,1
M-01,2026-01-07 11:00:00,83.20329337216182,4.749591240218573,5.71611838985847,1608.9016497745015,0.7153803145518076,1
M-01,2026-01-07 12:00:00,82.51710372838548,5.352109297250109,6.0512459057288535,1699.0304983699389,0.6973730039856455,1
M-01,2026-01-07 13:00:00,84.45233056411504,5.989511622269562,6.0199938974713625,1739.6834775792547,0.8585845054551755,1
M-01,2026-01-07 14:00:00,86.51286282382308,4.393107019159542,5.582709994641924,1737.9278952425989,0.9769860670219033,1
M-01,2026-01-07 15:00:00,75.8982332774501,5.1833893844509475,5.453966678123451,1669.7354783125836,0.7664096927350353,1
M-01,2026-01-07 16:00:00,86.07684638006312,4.306361435584343,5.491516317592798,1700.772306357334,0.7909456554235015,1
M-01,2026-01-07 17:00:00,86.5983684269681,5.566274118002888,5.59657489122841,1626.6529101917822,0.8436643032520459,0
M-01,2026-01-07 18:00:00,85.64241173651683,4.724133620911684,5.305341710149127,1660.936907882565,0.7897250242295831,0
M-01,2026-01-07 19:00:00,86.14677912532422,4.977141167944025,5.8294732402678555,1647.7255700312596,0.6796700263821078,1
M-01,2026-01-07 20:00:00,79.64226365153486,5.367977190081465,5.483923661178881,1541.3518799350777,0.6410820669065733,1
M-01,2026-01-07 21:00:00,91.84427840353601,4.528247194872693,5.20076278602155,1766.9121907700278,0.9373235807466523,1
M-01,2026-01-07 22:00:00,84.68774676560156,5.602144434864147,4.97325734948064,1624.123030177658,0.8264708832438639,1
M-01,2026-01-07 23:00:00,85.85603878319631,5.398824658611013,5.832766697674964,1780.541177117485,0.8765720327221421,1
M-01,2026-01-08 00:00:00,93.51604632020528,4.696469102997579,5.800603512271711,1704.2694784427044,0.9711729202152817,1
M-01,2026-01-08 01:00:00,85.4928728323142,4.969658490029313,5.606692719568331,1778.3675152163742,0.9814961106590862,1
M-01,2026-01-08 02:00:00,89.42959489636313,5.037268350071789,5.710023767517706,1714.681924100542,0.8171569020098594,1
M-01,2026-01-08 03:00:00,87.46886837739106,5.8820973971580255,5.717563491238066,1699.0025367716512,0.9078016775423887,1
M-01,2026-01-08 04:00:00,85.20918127411004,5.420731759358315,5.521303781049094,1667.265732198451,0.6640225092276343,1
M-01,2026-01-08 05:00:00,81.8619781453114,5.09105981692451,5.160148931061561,1602.0588720646965,0.5927721389039806,1
M-01,2026-01-08 06:00:00,85.95828315729358,5.5131431131618305,5.808351752772095,1642.6465460246825,0.627081086841755,1
M-01,2026-01-08 07:00:00,88.65337238849041,5.909975191372482,5.613544412359251,1650.8911932468104,0.8075937313152324,1
M-01,2026-01-08 08:00:00,90.80228398327576,6.151823726118613,-99.0,1738.3929495082207,0.7851842989809052,1
M-01,2026-01-08 09:00:00,91.4163457366753,5.824390939607985,5.417514480007309,1722.129718900982,0.9096601224304299,1
M-01,2026-01-08 10:00:00,91.26915456172487,6.2840404767823745,5.261128614572276,1713.7444078852295,0.8198170486851756,1
M-01,2026-01-08 11:00:00,96.94586410490437,5.930909834031138,4.874694610574495,1592.175487525358,0.6038801148255053,0
M-01,2026-01-08 12:00:00,52.43151893167737,1.399214358651505,,1738.733848954673,0.8460384782682375,0
M-01,2026-01-08 13:00:00,53.4807550878437,1.3967735275820452,6.345336872346601,1693.4044946377753,0.8984446372638295,0
M-01,2026-01-08 14:00:00,53.88060787430971,1.1013089112337036,6.264245906320293,1645.4323481770816,0.7001369912477072,0
M-01,2026-01-08 15:00:00,48.21953677625663,1.0158874935626623,6.843023948371792,1705.1159229988793,0.8931394661817935,0
M-01,2026-01-08 16:00:00,54.44224779490531,1.11822738971986,6.297198930742359,1687.7425603418094,0.7138864079974243,0
M-01,2026-01-08 17:00:00,53.683672912224914,1.2989331617047322,6.418613442286814,1611.199953373441,0.6209252418812499,0
M-01,2026-01-08 18:00:00,52.16213219026769,0.49005359004385585,6.529626051299629,1762.0334169640298,0.9712573585190849,0
M-01,2026-01-08 19:00:00,52.41535063396012,1.6193065078764766,6.355622610130767,1635.8238974589108,0.7224939202498344,0
M-01,2026-01-08 20:00:00,49.17871354876637,1.5488688518526137,5.93542955211017,1675.8082409360277,0.798846879363805,0
M-01,2026-01-08 21:00:00,56.81825387141788,1.2218817963012625,5.816618629502139,1744.782368467828,0.9011356722592265,0
M-01,2026-01-08 22:00:00,55.83167097034484,1.4606348257254302,6.664057422550804,1710.6600425601337,0.7193617630663718,0
M-01,2026-01-08 23:00:00,57.00511512323301,1.7090492424532386,5.865342362266274,1721.974860257301,0.8729921062016396,0
M-01,2026-01-09 00:00:00,59.49084133217719,1.6632359497601976,6.285510554763589,1624.504874564518,0.6033153597476687,0
M-01,2026-01-09 01:00:00,61.0216959085079,2.263303992093371,6.0430734335424745,1726.7190948880004,0.8366832477960434,0
M-01,2026-01-09 02:00:00,58.68848604511641,2.1230598890194665,6.305559114793092,1734.5063048307202,0.8147160999861494,0
M-01,2026-01-09 03:00:00,53.449244117046035,2.70393135870576,6.390949270023525,1619.3925829145335,0.5555362086498713,0
M-01,2026-01-09 04:00:00,62.59039605248051,1.9074430692886608,5.785886653081371,,0.9214297800383445,0
M-01,2026-01-09 05:00:00,57.76307381604237,1.908637307982743,6.55143478479321,1633.3090689033586,0.756346636809348,0
M-01,2026-01-09 06:00:00,60.37659270088962,1.2628556136966926,5.830641274553173,1668.8837965987252,0.6858673261491213,0
M-01,2026-01-09 07:00:00,54.37932971264886,1.624294896899118,6.23214105817071,1748.117035597265,0.9015823159441821,0
M-01,2026-01-09 08:00:00,58.81014175633154,1.6517525213719948,,1756.9340639421548,0.9986655960269079,0
M-01,2026-01-09 09:00:00,63.20629577791467,2.685136702083652,6.010732618532017,1635.7303956108174,0.6777587970388176,0
M-01,2026-01-09 10:00:00,58.93429812005144,2.091911756279085,6.48714907591902,1651.5209522606347,0.5978887893421223,0
M-01,2026-01-09 11:00:00,63.43157179401117,1.8981386941214282,6.334865338706633,1694.2686188788573,0.8495581312479417,0
M-01,2026-01-09 12:00:00,64.40950035317658,2.1462898312709213,6.586752624097496,1588.767145374979,0.5906983271428597,0
M-01,2026-01-09 13:00:00,57.23908500136379,1.4297205750775446,6.484900112815319,1568.1291030659463,0.5630497764420113,0
M-01,2026-01-09 14:00:00,61.85938202418821,1.891555553584835,6.11115560866549,1630.7694817682238,0.6143598438249858,0
M-01,2026-01-09 15:00:00,60.6768484786982,1.73761476256982,6.0382434127059845,1627.875044682633,0.6391919022458041,0
M-01,2026-01-09 16:00:00,,2.1532077847793865,6.3031071728919335,1746.1216080621418,0.8453210676973706,0
M-01,2026-01-09 17:00:00,61.140477735022856,2.6384974582450003,6.516639252205279,1611.158282880904,0.5524434253579152,0
M-01,2026-01-09 18:00:00,67.66131740347228,2.400789456495218,6.368807154930585,1663.7791715391988,0.8226663299414775,0
M-01,2026-01-09 19:00:00,58.03584210206226,2.4550819041135,6.429114793678253,1563.230367547694,0.6573487692823249,0
M-01,2026-01-09 20:00:00,63.06232490735728,2.4631779308351294,6.444233998548837,1634.916222092348,0.5757543730689673,0
M-01,2026-01-09 21:00:00,67.67381893080297,2.3023046894597052,6.296263238519009,1699.7062313495621,0.9675079435775262,0
M-01,2026-01-09 22:00:00,66.89173789585885,2.6719620759748453,6.169825886575872,1602.300880523112,0.8641543527903868,0
M-01,2026-01-09 23:00:00,64.54844027842782,3.133420633807215,6.038211569008179,1558.9165896958725,0.56806808479618,0
M-01,2026-01-10 00:00:00,65.58164367909748,2.9220302595959877,6.310008952366097,1574.1642701344435,0.6062156556875394,0
M-01,2026-01-10 01:00:00,62.37258036820003,2.9782250381979947,5.894178568137345,1696.8922667552342,0.88533465774798,0
M-01,2026-01-10 02:00:00,73.86782661062391,2.3826309378568915,5.7372725793029655,1680.9854382567821,0.9330089948928708,0
M-01,2026-01-10 03:00:00,68.1517378507432,2.801822500526002,5.787279315594465,1699.9725493482829,0.8805794913708227,0
M-01,2026-01-10 04:00:00,64.47480313795839,3.307749161963276,5.808851143716303,1572.971635972936,0.6718414380930101,0
M-01,2026-01-10 05:00:00,72.87113175401471,2.862976878906212,5.9634228182885,1773.1240479995765,0.9910921532044068,0
M-01,2026-01-10 06:00:00,62.38662320500343,3.1790141715058247,6.264198342980644,1559.1682094949335,0.574525141746083,0
M-01,2026-01-10 07:00:00,69.88467434476205,3.573742139571994,5.810113056578974,1542.5766328681032,0.5690577482110752,0
M-01,2026-01-10 08:00:00,68.64149715824142,2.935472663108109,5.5151039827500306,1765.6012443126306,0.8693102282952794,0
M-01,2026-01-10 09:00:00,71.48291569246327,3.5396210581668592,5.902897327110653,1601.2143147730342,0.5912744526208892,0
M-01,2026-01-10 10:00:00,73.3081168331627,3.104201691850438,6.073791815449853,1711.4738686548142,0.9910122307993866,0
M-01,2026-01-10 11:00:00,72.89449369551556,3.8386127346810017,6.044407575791929,1719.299199077459,0.9028364267536335,0
M-01,2026-01-10 12:00:00,69.43076916932932,3.211202858321397,6.307203513069181,1678.8562889745049,0.8075859174813869,0
M-01,2026-01-10 13:00:00,75.88658230233317,3.748459638865702,6.071194963769727,1732.4856094735574,0.9757110041011428,0
M-01,2026-01-10 14:00:00,70.95512093817557,3.9193131196286783,6.141989199669288,1649.1708668814097,0.810107747113394,0
M-01,2026-01-10 15:00:00,77.5974043281726,2.678486021631621,5.981485165764092,1646.592705346076,0.842154919860389,0
M-01,2026-01-10 16:00:00,70.13316880640193,3.3694307044614096,5.899873989632482,1597.145196080339,0.6167975454640261,0
M-01,2026-01-10 17:00:00,74.8456433023081,4.037468248263708,5.503208414183278,1666.5975518821158,0.7318154758333447,0
M-01,2026-01-10 18:00:00,72.09145421421866,3.6524799173790075,6.339577683088332,1678.6341216715848,0.6036478867889851,0
M-01,2026-01-10 19:00:00,70.06215239809151,4.176539431489907,6.115577205407419,1601.4477405210848,0.6751339956015658,1
M-01,2026-01-10 20:00:00,75.25178329717811,3.877664806094366,6.164312417337944,1662.5337401649247,0.7425564461566075,0
M-01,2026-01-10 21:00:00,76.40778699269009,4.156505699725242,5.688415397479182,1655.8698886444297,0.8355831028382184,0
M-01,2026-01-10 22:00:00,76.66391736319473,4.310149417949273,5.80702610855351,1706.9655053938723,0.7339523992429138,0
M-01,2026-01-10 23:00:00,72.6807114846465,4.614322256844397,5.823665109323217,1689.574015999503,0.8147378117840538,0
M-01,2026-01-11 00:00:00,69.31463601376088,4.229411473942411,5.635225590857519,1705.2630169135734,0.5662269254248137,0
M-01,2026-01-11 01:00:00,76.98356551706364,4.676894995996443,5.838406628143574,1687.2043810332564,0.7633597037905766,0
M-01,2026-01-11 02:00:00,72.82065440700165,3.1707617556584164,5.84453858087898,1604.163157710368,0.8076060699049521,0
M-01,2026-01-11 03:00:00,74.36496487749,4.253073265348875,5.881457160104481,1734.3482996326245,0.8659009814996672,0
M-01,2026-01-11 04:00:00,77.1377366600249,4.266351071868854,5.921920232179527,1700.2161908107485,0.8435948754344642,1
M-01,2026-01-11 05:00:00,75.42949027057712,4.358696819248331,5.76270235732093,,0.9043444998936793,0
M-01,2026-01-11 06:00:00,80.10011674814177,4.254706127490996,5.560434359866344,1688.7475369769033,0.7441381878309505,0
M-01,2026-01-11 07:00:00,80.4367516734706,4.031683129982111,5.66309987239043,1650.7448308881362,0.7122958005026144,0
M-01,2026-01-11 08:00:00,75.34917761250719,4.566732910878468,5.634354917128972,1774.6084849394808,0.8815175598169991,0
M-01,2026-01-11 09:00:00,81.13170986867267,5.263604604107828,6.136272952618203,1801.6499086804724,0.9644757387828362,0
M-01,2026-01-11 10:00:00,77.01656281621877,4.537640207737129,5.414419897215164,1651.8873788007447,0.7841238016332561,1
M-01,2026-01-11 11:00:00,81.43550710573263,4.623672635915047,5.382573893942918,1631.1186037614714,0.6915028112848907,1
M-01,2026-01-11 12:00:00,83.64748563385137,5.038671624822638,5.5185355229239965,1574.4436500463626,0.7723637409328405,1
M-01,2026-01-11 13:00:00,77.81609536633498,4.255033155657532,6.112093226583691,1648.12991375608,0.5824266161828247,1
M-01,2026-01-11 14:00:00,79.08693456387113,4.759498167281087,6.0885568387285565,1616.0383067611363,0.5750055626080951,1
M-01,2026-01-11 15:00:00,77.15143568003577,5.034432108554462,5.607408959946368,1557.0621495269468,0.7003585182256956,1
M-01,2026-01-11 16:00:00,82.44881772313673,4.778257794713473,,1710.2212276378475,0.6912520164108952,0
M-01,2026-01-11 17:00:00,81.30313539376081,4.455374331070892,5.669742239568106,1538.814321167759,0.5566072796020319,1
M-01,2026-01-11 18:00:00,89.64553923171646,4.835788112127282,5.906933079771768,1725.5407132983025,0.9354466106085512,1
M-01,2026-01-11 19:00:00,82.02941332736648,5.035369525889652,5.445481350090539,1612.317477046954,0.6191258045772857,1
M-01,2026-01-11 20:00:00,81.71865986511712,5.640464921248147,5.582072326701139,1620.4234950024427,0.6038526501392025,1
M-01,2026-01-11 21:00:00,85.59366859073742,5.700328306248391,5.6781703779557775,1791.882808633658,0.9812931314054376,1
M-01,2026-01-11 22:00:00,84.7722747718555,6.134009096793778,5.486969173871375,1687.2803561914288,0.8974472011095636,1
M-01,2026-01-11 23:00:00,87.45316785854018,4.9469806994555245,5.912788668323041,1724.8764717227818,0.8594492721247416,1
M-01,2026-01-12 00:00:00,83.71717729498191,4.947059912245624,5.095540423893871,1690.6965191555641,0.7245287628236424,1
M-01,2026-01-12 01:00:00,90.84276540050246,5.050997528157608,5.4727203164397045,1598.342850024009,0.5548274402390544,1
M-01,2026-01-12 02:00:00,83.76307901969399,5.719727128701554,5.6658614395409215,1603.635918512175,0.7862897363352676,1
M-01,2026-01-12 03:00:00,85.98520764062621,4.932863850730575,5.522227181751787,1619.0936152386125,0.6246580905444402,1
M-01,2026-01-12 04:00:00,85.36287854759198,,5.527042429747388,1768.3035193149526,0.9951098512076224,1
M-01,2026-01-12 05:00:00,91.09326977592275,5.609749504406293,5.576641703302575,1721.297556524061,0.9275813788967711,0
M-01,2026-01-12 06:00:00,61.81003737621302,1.7675554390075172,6.033325349267383,1645.8700359807717,0.751710525964458,0
M-01,2026-01-12 07:00:00,58.6697591513788,2.0992414496750493,6.469453443633564,1654.9323437035505,0.5860221776407833,0
M-01,2026-01-12 08:00:00,56.09954144139442,1.8901204412252128,6.12236263956372,1620.9787613596754,,0
M-01,2026-01-12 09:00:00,56.27503903601428,1.8286400297035206,6.520463652884928,1623.2043248193086,0.6178028382159582,0
M-01,2026-01-12 10:00:00,60.064617310223156,2.005289574975045,6.283437039054814,1750.602708990591,0.9581966299702968,0
M-01,2026-01-12 11:00:00,61.597206344514845,2.123060702977476,5.821310977547121,1656.1486922519505,0.6547835282246679,0
M-01,2026-01-12 12:00:00,60.108054910138826,1.291182364002751,5.8917800286976725,1706.3871481448537,0.770588894080714,0
M-01,2026-01-12 13:00:00,61.250173718992315,1.8846555560669676,6.078346355513931,1696.0695820951014,0.7719804891327999,0
M-01,2026-01-12 14:00:00,60.46202194687937,2.5840130921063507,6.49998433811853,1607.6004638011182,0.6596503543250711,0
M-01,2026-01-12 15:00:00,67.23519987713362,1.7020739672993823,6.50966551695028,1669.943206586702,0.8369149152153066,0
M-01,2026-01-12 16:00:00,59.252531331289745,2.0324227673505773,6.361809284676995,1734.8995673343832,0.8515914649081098,0
M-01,2026-01-12 17:00:00,63.13249623982358,2.387358720213472,5.831013899553685,1573.1979950087218,0.5761488167746514,0
M-01,2026-01-12 18:00:00,67.55463173784337,2.7204348698825207,6.217893364152017,1703.6840570631011,0.7927873458677555,0
M-01,2026-01-12 19:00:00,61.516856620705326,1.8479583669151696,6.221408744562323,1731.9983882731979,0.9300154929792339,0
M-01,2026-01-12 20:00:00,64.85555789793527,2.707533521700729,6.117918021513964,1728.0100441726363,0.8958824152567206,0
M-01,2026-01-12 21:00:00,65.82096836265306,2.2205961243236345,6.128567471356987,1650.1785707202732,0.7771561673065741,0
M-01,2026-01-12 22:00:00,68.41365538548676,3.069169603285972,6.236436208624444,1753.9988789526078,0.8142057732416412,0
M-01,2026-01-12 23:00:00,63.6756682880714,2.769261449296177,5.989670633313755,1659.1744449077758,0.7032658580161859,0
M-01,2026-01-13 00:00:00,70.67304556064113,2.8099848331005384,6.147147815524454,1644.382319650241,0.78913496845206,0
M-01,2026-01-13 01:00:00,63.331974659125926,2.381993197711729,6.7416595086634725,1646.0503160492265,0.7293486280156933,0
M-01,2026-01-13 02:00:00,66.27792915600807,3.045439054338391,6.198811352499134,1715.5375871696253,0.8338745081641341,0
M-01,2026-01-13 03:00:00,63.1448905047821,2.553119863261642,5.824180915251345,1604.2761526975733,0.7024850360243222,0
M-01,2026-01-13 04:00:00,67.97943817575394,2.88284702979269,6.241170694699935,,0.5611704093093577,0
M-01,2026-01-13 05:00:00,68.81257590117623,3.1046847366618255,5.786501360947788,1610.6612620617707,0.7516932977155921,0
M-01,2026-01-13 06:00:00,69.78496488346224,2.356861910744309,5.780237971019717,1661.446908662414,0.8193147362009815,0
M-01,2026-01-13 07:00:00,62.63391057311786,2.626961146084813,6.042206053162609,1594.967679898256,0.6751099479703663,0
M-01,2026-01-13 08:00:00,64.57729665950171,2.961632044537016,6.2652826562733415,1677.6793455956756,0.8351963978811683,0
M-01,2026-01-13 09:00:00,68.0907951189386,3.622682082646306,6.10210948352104,1678.2067764192977,0.8291609693461198,0
M-01,2026-01-13 10:00:00,72.89179786294049,2.9258241111986734,5.995785596047819,1710.2725799153188,0.8926446534328034,0
M-01,2026-01-13 11:00:00,73.29063810561404,3.4497872885688943,5.642780863373321,1748.2988104999579,0.8743131760232582,0
M-01,2026-01-13 12:00:00,75.27565842808528,3.348590601543741,5.5425890741008565,1651.1215986003997,0.9019023268321797,0
M-01,2026-01-13 13:00:00,66.6719385801196,3.347543941073245,6.0987403321934925,1559.6248770747477,0.6013468320326367,0
M-01,2026-01-13 14:00:00,67.68990063886989,3.8263283312270815,5.811830150212181,1680.916751770309,0.7480399147873159,0
M-01,2026-01-13 15:00:00,74.72177963265979,2.967267689485012,6.201317970781607,1665.6768704812523,0.8443460842670605,0
M-01,2026-01-13 16:00:00,75.05507587408204,3.7076664093475453,5.697840324344727,1700.3256883951308,0.9930601366442311,0
M-01,2026-01-13 17:00:00,76.56042092703393,3.5737410405193386,5.549934737649984,1741.8807146816157,0.8801890738470624,0
M-01,2026-01-13 18:00:00,70.43003479349572,4.393805840329933,5.670084779809246,1635.2625842630891,0.705921787590872,0
M-01,2026-01-13 19:00:00,72.64106807000884,4.409175534778625,5.760621295842921,1612.7791449111114,0.568426132128574,0
M-01,2026-01-13 20:00:00,72.61445364926188,3.376804368954982,6.141336959399202,1658.2091804793288,0.7703648838176077,0
M-01,2026-01-13 21:00:00,68.29569251711807,3.307040320140779,6.0969865278949715,1591.8850467097013,0.7592380552871438,0
M-01,2026-01-13 22:00:00,79.67632387415364,4.2332459276443215,5.703232521602534,1702.9811997446088,0.735209200987327,0
M-01,2026-01-13 23:00:00,69.83631678119589,4.432437000702955,5.728572393352687,1569.861386956169,0.5881686725403245,0
M-01,2026-01-14 00:00:00,75.09330814530347,4.249412216182343,5.674224901387094,1740.5374502378493,0.9109269041435759,0
M-01,2026-01-14 01:00:00,75.86514034643507,4.136712176605371,5.943859672056225,1794.2198071178518,0.9201623907778442,0
M-01,2026-01-14 02:00:00,85.24389626703032,4.326474727962188,5.922302195144594,1675.8411463570685,0.7177160535880305,0
M-01,2026-01-14 03:00:00,73.84077893763565,4.412057229836526,5.752330171427155,1614.5497807421436,0.5991770310015512,0
M-01,2026-01-14 04:00:00,77.22796519136821,3.8755478166685617,6.068409560860545,1731.9243572509379,0.8709661883402642,0
M-01,2026-01-14 05:00:00,79.17820813671236,4.588657575740304,5.999888533127774,1738.7461163599085,0.9394554466250483,0
M-01,2026-01-14 06:00:00,76.9326057587759,4.180107937554149,5.765212413955484,1717.423502006144,0.9103922164479845,0
M-01,2026-01-14 07:00:00,77.54962005591138,4.197410675236665,5.693488616803258,1646.5189841726651,0.6555408176985844,0
M-01,2026-01-14 08:00:00,78.73161145478812,4.721729747192047,6.166312606928411,1755.0292238467257,0.9361563870811704,0
M-01,2026-01-14 09:00:00,79.65773973661786,4.482010273328962,5.874407284093049,1641.4574082571985,0.7815832039523575,0
M-01,2026-01-14 10:00:00,80.28910834772881,4.0960308909070795,5.641989970012708,1502.5295292351898,0.563323280107876,1
M-01,2026-01-14 11:00:00,79.3129582586087,4.043056103970049,5.761029211029083,1731.6044036963478,0.9530356966226636,1
M-01,2026-01-14 12:00:00,76.47850383198265,4.7766665791062115,5.387915878573738,1630.981421077877,0.6569462635122688,1
M-01,2026-01-14 13:00:00,80.5047111502365,4.508216162933157,5.311323913150376,,0.7066141405342815,1
M-01,2026-01-14 14:00:00,78.67093334668901,4.969345954668486,5.612594653015534,1605.8081796839447,0.6845246430035075,1
M-01,2026-01-14 15:00:00,82.19770303348037,5.585606567347026,5.504705473409121,1652.4463075146198,0.7286230304865253,1
M-01,2026-01-14 16:00:00,81.56102236596631,4.080361831031451,5.536785848159473,1694.5532315969463,0.9489509029773411,1
M-01,2026-01-14 17:00:00,77.66013780704894,,5.808166547929682,1574.2220504843021,0.5881652160560934,1
M-01,2026-01-14 18:00:00,81.63509986588005,5.0304864054857035,5.856045562369595,1680.571517894351,0.8729376164387055,0
M-01,2026-01-14 19:00:00,80.76276835633101,5.233049106793553,6.05504005368951,1767.0722003719447,0.9994345165300442,0
M-01,2026-01-14 20:00:00,82.82940315440588,3.9640939600580514,5.124002906790521,1661.2801910945323,0.733573878009077,0
M-01,2026-01-14 21:00:00,83.91739685951045,5.0343031827169815,5.859605153667374,1687.8234088210725,0.8086923683303651,1
M-01,2026-01-14 22:00:00,84.34679347047476,5.533318392938319,5.3645141981642235,1801.3944199583193,0.8653964545542964,1
M-01,2026-01-14 23:00:00,85.71683556835688,5.951659539366169,5.7967372278247655,1598.1211728700453,0.7265660918148074,1
M-01,2026-01-15 00:00:00,85.33581222401367,4.599218178481766,5.716574011338847,1647.9662637381657,0.7736124682586573,1
M-01,2026-01-15 01:00:00,90.61863718668212,6.097349212865178,5.590561876993752,1652.2863278517734,0.7144203084396101,1
M-01,2026-01-15 02:00:00,83.55992298095438,5.042954304313791,5.81813700033537,1605.4712300999004,0.6408905669599517,1
M-01,2026-01-15 03:00:00,87.64963620748382,6.130794302024193,5.748825507321477,1715.0545577129312,0.7539759624250736,1
M-01,2026-01-15 04:00:00,82.7967883802657,5.209367616598434,5.750680446916119,1650.1322842832933,0.7044816080705085,1
M-01,2026-01-15 05:00:00,83.77634091212643,5.577194102615107,6.064765546485709,1791.2614990130282,0.9816441727800591,1
M-01,2026-01-15 06:00:00,89.89197699324365,4.720749691489947,5.460972662426798,1716.028204721183,0.7933854866252281,1
M-01,2026-01-15 07:00:00,90.33810741538956,4.49191736074699,5.473535930264046,1773.6054827357484,0.9536485594478479,1
M-01,2026-01-15 08:00:00,89.65548668719279,5.9277156073824875,5.8496944650980325,1674.343465052,0.6964042287325047,1
M-01,2026-01-15 09:00:00,88.96834263498401,5.5969914515795445,5.4493425898884835,1633.4699834503085,0.7882939248782825,1
M-01,2026-01-15 10:00:00,89.56595188648629,6.26470933235981,5.486281960379543,1720.6639752615113,0.8158351573736948,1
M-01,2026-01-15 11:00:00,90.15079796470503,5.562121126514159,5.81619222446155,1661.9073852528927,0.6847224811816716,1
M-01,2026-01-15 12:00:00,93.66854421304035,5.625740638702411,5.590469836674082,1662.3983039999348,0.6951215562258994,1
M-01,2026-01-15 13:00:00,86.53263118915763,5.457224951443803,5.7411795820086615,1742.6909826940946,0.9434414643808633,1
M-01,2026-01-15 14:00:00,89.84922806610342,5.782011978178762,5.6289343012559465,1655.476708697196,0.8026702274864731,1
M-01,2026-01-15 15:00:00,86.46916721695052,5.424161334215038,5.844378326860514,1729.417613237158,0.902720849219071,1
M-01,2026-01-15 16:00:00,90.28099054123055,6.585942904868681,5.396628673311059,1713.25551047155,0.7643157888640266,1
M-01,2026-01-15 17:00:00,87.80905771567538,6.377039963675537,5.345236060903969,1728.957338500578,0.8535688646405608,1
M-01,2026-01-15 18:00:00,94.09511221811591,5.948942301698664,5.5174848394399785,1725.3283525202912,0.9561492861486544,1
M-01,2026-01-15 19:00:00,94.42066638606256,5.737672471025133,5.546098755139291,1595.6719869156466,0.6333307052291055,1
M-01,2026-01-15 20:00:00,86.30703413072834,6.54813096262566,5.330610261553492,1601.1441986692223,0.5958523707915452,1
M-01,2026-01-15 21:00:00,92.07140967703518,6.509362587528817,5.411065421788048,1699.0056171891988,0.979907242684515,1
M-01,2026-01-15 22:00:00,98.32362536869212,6.5578040086015985,5.075414687422368,1677.8644092126294,0.7448376217904953,1
M-01,2026-01-15 23:00:00,97.51389384936694,6.424186040407155,5.349753384343211,1722.3716249102115,0.9818985350481492,0
M-01,2026-01-16 00:00:00,50.815064202067454,1.1798836098799588,6.099819180555018,1653.8310754380548,0.6607299751772223,0
M-01,2026-01-16 01:00:00,50.94758477747242,1.0951710016754392,6.93686026789021,1628.3533885203562,0.7548030290852931,0
M-01,2026-01-16 02:00:00,49.43271842408278,0.9825765173503423,6.755852379223946,1704.7644379961077,0.6906564770628628,0
M-01,2026-01-16 03:00:00,58.13046383238709,0.8389387424625254,6.270948369597904,1547.9540514389978,0.6002201657121521,0
M-01,2026-01-16 04:00:00,58.08443698208754,0.4485089607061695,6.7697838080289126,1604.487974147994,0.5772378028719413,0
M-01,2026-01-16 05:00:00,56.15682078206787,1.4852401141329257,6.384010976096725,1647.6846793582972,0.6431592436861654,0
M-01,2026-01-16 06:00:00,51.25961844791655,0.33607947357459167,6.601478221283799,1696.2805864019401,0.7273565997301439,0
M-01,2026-01-16 07:00:00,50.969043995068205,1.3615275566589995,6.220344834952735,1561.841680995714,0.5507473184536603,0
M-01,2026-01-16 08:00:00,60.779504440587985,1.2640231356878362,6.139843759606282,1771.3283494644463,0.9382440536833951,0
M-01,2026-01-16 09:00:00,57.36047191566268,0.9734845063004375,6.334738105047469,1666.535614438455,0.7786753101157938,0
M-01,2026-01-16 10:00:00,57.626296459561104,1.421541081550622,6.020536881070075,1590.5079509509028,0.6998923724547871,0
M-01,2026-01-16 11:00:00,53.44214102058725,,5.978784535058582,1765.2498593933437,0.9012615118869629,0
M-01,2026-01-16 12:00:00,54.41561633276989,2.0671097982645366,6.399409542819024,1663.3680387883196,0.6671568445368625,0
M-01,2026-01-16 13:00:00,55.5640240255889,1.358517128623176,6.806198682718176,1598.948254873606,0.6591172838627497,0
M-01,2026-01-16 14:00:00,57.49225323946895,1.317070703449115,6.396619897577069,1694.2037008491593,0.8574662609464658,0
M-01,2026-01-16 15:00:00,52.15243784537345,0.7648159390218792,6.345160423747569,1661.6667963443263,0.6988310839246901,0
M-01,2026-01-16 16:00:00,49.3168101503414,1.0014903762098024,6.790590760449785,1563.4973565481998,0.5718561804311312,0
M-01,2026-01-16 17:00:00,57.81094552738985,1.3751005437965458,6.428372301690978,1709.357485657577,0.8702011187185501,0
M-01,2026-01-16 18:00:00,56.53284457449018,1.1455632678052563,6.388612915055325,1691.888379967155,0.5713183090024668,0
M-01,2026-01-16 19:00:00,58.46283584810278,0.8494819030614849,5.945044283982339,1782.1124029446776,0.9634704370888073,0
M-01,2026-01-16 20:00:00,56.11718323152758,1.2684442382595358,5.964034805413994,1620.3941184854382,0.6347448886651084,0
M-01,2026-01-16 21:00:00,54.22984305125804,2.006928759585275,6.2075952447042075,1603.6741222647622,0.5997832604029915,0
M-01,2026-01-16 22:00:00,56.58147189009999,2.0373364891244994,,1625.4105556436048,0.6587375089325886,0
M-01,2026-01-16 23:00:00,56.34271438652848,2.2230723834236583,6.355844314128436,1701.391218130245,0.8155879222447568,0
M-01,2026-01-17 00:00:00,59.688002288355946,2.362527845987157,6.459461220592281,1589.7195423255107,0.5521336268103433,0
M-01,2026-01-17 01:00:00,61.95087880054506,2.133630188451034,6.280413549355976,1664.2599364534872,0.8286035888921384,0
M-01,2026-01-17 02:00:00,59.668386147522895,2.0704499468496027,6.100748218931509,1697.1569420766396,0.8978218246608778,0
M-01,2026-01-17 03:00:00,58.25721590504111,1.3891941482352381,6.009883885081574,1572.7525024379127,0.6644185676893708,0
M-01,2026-01-17 04:00:00,59.75484864927043,1.421626945752046,6.410666312987902,1638.634671709483,0.7545058436343961,0
M-01,2026-01-17 05:00:00,61.053258078892455,2.144551489320093,6.364517712352916,1739.6225794683307,0.9930922901279396,0
M-01,2026-01-17 06:00:00,58.923775355273364,2.4446503422126247,5.720121127302706,1705.0283460638748,0.9159217056190507,0
M-01,2026-01-17 07:00:00,64.78063854470867,2.2759987261126358,6.451382689479159,1750.7406016399775,0.909646085008671,0
M-01,2026-01-17 08:00:00,63.8476271587028,,5.812404370688865,1641.2886964024924,0.6473600628514307,0
M-01,2026-01-17 09:00:00,59.45741049865645,1.9940837827686666,6.254579514688264,1640.0367678024031,0.6929360354636027,0
M-01,2026-01-17 10:00:00,56.02452647933717,2.004361513968228,6.471974950752777,1661.0697419139515,0.5634256465448639,0
M-01,2026-01-17 11:00:00,62.00068863702754,3.271910055182498,6.0027111754897415,1578.8069374750894,0.558565366517869,0
M-01,2026-01-17 12:00:00,66.51934338865735,1.837587015834125,6.076731543949975,1648.6304836925876,0.876332494382891,0
M-01,2026-01-17 13:00:00,64.70912987966086,2.4166921461986908,5.920754648115265,1701.1034483035928,0.8823611739058221,0
M-01,2026-01-17 14:00:00,57.77422589092448,2.225220553243504,6.139871444214897,1729.217855437357,0.950508755702963,0
M-01,2026-01-17 15:00:00,62.74851497125873,2.4149330097729043,6.028221237972699,1652.5551310688898,0.606711853785982,0
M-01,2026-01-17 16:00:00,66.24660078655981,3.385073362160506,6.008339846697522,1735.2207627018115,0.8618929421183656,0
M-01,2026-01-17 17:00:00,64.7375490940829,2.567142600244522,6.01300086590611,1702.296995619361,0.7782817157119195,0
M-01,2026-01-17 18:00:00,60.98152884385689,2.351451392691942,6.598497320692085,1586.9072973603968,0.5518034221300028,0
M-01,2026-01-17 19:00:00,68.5165841431468,3.071787470590915,6.02316467957924,1737.7572634838668,0.9968880618687279,0
M-01,2026-01-17 20:00:00,65.09542757094619,2.996895306709498,6.509879724052874,1615.4982884193485,0.607109488983331,0
M-01,2026-01-17 21:00:00,76.48771776575528,3.3206157333717847,5.83112757852215,1751.848625275181,0.9461711350574615,0
M-01,2026-01-17 22:00:00,66.80744518402207,3.0216754451153505,5.555863414900078,1650.2116695342168,0.8298064134373404,0
M-01,2026-01-17 23:00:00,67.53438311820933,2.4710007853610523,6.195008130608344,1559.0252837814842,0.5727338633674024,0
M-01,2026-01-18 00:00:00,64.2619422704518,3.2579576392409897,,1649.9504491935013,,0
M-01,2026-01-18 01:00:00,66.61293364963952,2.905432331408643,5.691823652381409,1679.4537664805193,0.9263103295791706,0
M-01,2026-01-18 02:00:00,65.76389479779019,3.294665597249766,5.664371053099875,1696.6983252170885,0.8180711986085774,0
M-01,2026-01-18 03:00:00,71.26164753616794,3.7420700619765856,5.793894768867857,1732.1024553283944,0.9432498240567107,0
M-01,2026-01-18 04:00:00,68.96476250301119,2.895507457134977,5.671695553999738,1639.2231896567357,0.8248465599559383,0
M-01,2026-01-18 05:00:00,71.36211509935009,2.5533892773625135,5.623426565082976,1717.5776737524836,0.728274925026662,0
M-01,2026-01-18 06:00:00,72.89704109622535,3.627376171822857,5.573573559663728,1698.7216286711985,0.8765963356219453,0
M-01,2026-01-18 07:00:00,66.69802367585807,2.9089243291051923,5.683759300770302,1659.5683856712978,0.8912900067331393,0
M-01,2026-01-18 08:00:00,69.55671224190385,2.857466031164288,5.3704373358696404,1649.9915959461032,0.7386725745553624,0
M-01,2026-01-18 09:00:00,70.75625734732174,3.678184348001747,6.0006995277375195,1583.399635256844,0.555611445073546,0
M-01,2026-01-18 10:00:00,72.22679242496089,3.962326690613269,6.105005726480522,1624.6745631430952,0.7841035301706972,0
M-01,2026-01-18 11:00:00,68.02671408361945,3.9460112522842286,5.986597828377983,1645.7877739690657,0.5923323833902282,0
M-01,2026-01-18 12:00:00,76.27627383784348,3.884228764216174,5.902454948592349,,0.7277532580182504,0
M-01,2026-01-18 13:00:00,69.84398184062228,4.04597683461988,6.183339559850728,1614.2558705778138,0.6172183703656678,0
M-01,2026-01-18 14:00:00,72.84388950745434,3.781727049820418,5.67829745484468,1704.039713816304,0.6302987928198239,0
M-01,2026-01-18 15:00:00,75.50046455847001,2.9320815935899667,5.663363463478453,1762.2031994684291,0.9365422872509712,0
M-01,2026-01-18 16:00:00,77.85605522440481,4.504266228073726,5.969017268511204,1609.9841099935666,0.6454663333854856,0
M-01,2026-01-18 17:00:00,72.95780711450932,3.477714770539,5.675945960248138,1671.8102127946797,0.8800727070532735,0
M-01,2026-01-18 18:00:00,76.05871269605352,4.779220486793455,5.650142658811181,1662.56432010519,0.7205737127667874,0
M-01,2026-01-18 19:00:00,79.1208529063421,4.411533814952307,5.8893166376254875,1700.3729449801854,0.8837723847338808,0
M-01,2026-01-18 20:00:00,75.07277273571965,3.8418718219930597,5.514652017842877,1731.2135593131766,0.9023320585117383,0
M-01,2026-01-18 21:00:00,76.61491811051785,3.7077820182552435,5.709143051056487,1584.8153424755299,0.5970767935621489,0
M-01,2026-01-18 22:00:00,81.73571673202726,4.12994840085777,5.60949452280014,1684.9619907609813,0.9395076426944626,0
M-01,2026-01-18 23:00:00,77.60718198006724,5.310305675811529,6.116880577932597,1597.4648683877192,0.5949381147223283,1
M-01,2026-01-19 00:00:00,76.57142360517163,4.861472237484566,5.843071630551907,1718.593119384504,0.8846201642984434,0
M-01,2026-01-19 01:00:00,80.54144944541949,4.310885057192758,6.124829261013668,1780.592144368586,0.9906510851682758,1
M-01,2026-01-19 02:00:00,80.13282657887812,4.566671993814197,5.400078803516831,1651.80476278325,0.8736906401608706,0
M-01,2026-01-19 03:00:00,77.12528875367029,4.756079369929882,5.68367579472094,1661.5280185589947,0.7275834496675371,0
M-01,2026-01-19 04:00:00,81.80753106480131,4.777506546621725,5.53690095486459,1694.0349113247582,0.8239335080042111,0
M-01,2026-01-19 05:00:00,77.75255353414732,4.483472355169098,5.730711190805294,1651.6486531517362,0.7341129899311587,1
M-01,2026-01-19 06:00:00,79.02496483818636,4.547349761981546,5.655772883761647,1720.0059410866227,0.9709216163049226,0
M-01,2026-01-19 07:00:00,82.62595704679245,4.616352070130073,5.787576331128204,1604.5308829180372,0.6385339813377842,1
M-01,2026-01-19 08:00:00,83.51371390998922,5.0241604462602005,5.82656325808825,1651.1272404553938,0.7273481421669035,1
M-01,2026-01-19 09:00:00,78.47399316194199,4.45061295501185,5.718678558402503,1632.6870504966332,0.6232921752495497,1
M-01,2026-01-19 10:00:00,81.15940208265839,3.7933793829267746,5.607050415695643,1640.461622138206,0.7027649893940062,1
M-01,2026-01-19 11:00:00,78.0506593144123,4.4890104007153395,4.994932938868684,1614.0344040778857,,1
M-01,2026-01-19 12:00:00,86.85728286392167,5.276116819054081,5.661696394266336,1698.2055117986454,0.889077053350116,1
M-01,2026-01-19 13:00:00,80.11227627334586,4.182816759626456,5.5186456436271785,1662.7153803083006,0.6751510105921695,1
M-01,2026-01-19 14:00:00,80.24972792647091,4.455594549645591,5.760222945401702,1559.9966044087469,0.6335947606919893,1
M-01,2026-01-19 15:00:00,85.13743465033855,4.939037731466728,5.753658066618887,1672.258463985857,0.7607874885610469,1
M-01,2026-01-19 16:00:00,81.73196594890193,5.423427131354556,5.000478710095652,1644.2912468231673,,1
M-01,2026-01-19 17:00:00,87.71981144316752,5.372782012211162,5.435014071492267,1762.7441254429853,0.9816995564360238,0
M-01,2026-01-19 18:00:00,57.78193758659688,1.9388994762859282,6.1433454213768846,1584.2588296371282,0.5998114333133273,0
M-01,2026-01-19 19:00:00,52.26994725806636,1.6969411449833958,6.499427611175131,1635.838306297732,0.6826482773085443,0
M-01,2026-01-19 20:00:00,56.947120431940725,1.1573702239330288,6.554868131316578,1703.7537349249171,0.9445198587690786,0
M-01,2026-01-19 21:00:00,55.30832062196332,1.3903134221930589,6.632836092377473,1754.6275697917004,0.9930558737128393,0
M-01,2026-01-19 22:00:00,58.49811267505607,3.2898843187124527,6.344168272795054,1729.2754937636344,0.9788496097455917,0
M-01,2026-01-19 23:00:00,56.87109731088955,2.6605037230531923,6.2383479988207196,1553.5369453459466,0.6120070911675124,0
M-01,2026-01-20 00:00:00,59.33284063900584,1.424140044436926,6.0883642394617326,1659.9919655249091,0.7988042143290077,0
M-01,2026-01-20 01:00:00,62.513771314477644,2.0354857143245297,5.921032763510545,1679.2353828640669,0.9306086310109641,0
M-01,2026-01-20 02:00:00,58.152823035815196,2.0207522297549123,5.958824595365101,1642.073211660037,,0
M-01,2026-01-20 03:00:00,61.358866835544,2.1889935181395113,6.255250254249496,1606.2709208435344,0.6639649634800888,0
M-01,2026-01-20 04:00:00,61.543511799530606,,5.705521613630337,,0.9333699210076594,0
M-01,2026-01-20 05:00:00,56.11109005317669,3.059676918694018,6.212853089526339,1721.7345734103114,0.880808242383835,0
M-01,2026-01-20 06:00:00,57.33886047652014,2.9925207076742044,6.463248074525532,1679.7400923802072,0.7170636866897248,0
M-01,2026-01-20 07:00:00,64.92623775771057,1.7017903065817177,6.27458169900026,1654.8237113584255,0.8920067372848157,0
M-01,2026-01-20 08:00:00,57.41234837884755,1.247147539011611,6.326697786517692,1699.2759575702376,0.6430660873813143,0
M-01,2026-01-20 09:00:00,60.14833472278895,2.6109346267715736,6.4582386427149645,1599.479465488481,0.604294901849659,0
M-01,2026-01-20 10:00:00,62.25572061403457,2.218596272270077,6.134282554497784,1656.6064457312486,0.5951780405424142,0
M-01,2026-01-20 11:00:00,68.39516325556613,2.1412779891085223,6.562707645735263,1744.8084099544476,0.9309153412305806,0
M-01,2026-01-20 12:00:00,60.06705683963856,2.5362532242732687,6.249749672928143,1725.8918136274458,0.7361055690894864,0
M-01,2026-01-20 13:00:00,65.45705436291182,2.7104789724796317,5.901073424922852,1680.3998464350525,0.6603665378604444,0
M-01,2026-01-20 14:00:00,64.95658094839955,2.553227822164435,6.110020208411262,1749.0126869796895,0.9331005922309917,0
M-01,2026-01-20 15:00:00,60.112760419447675,2.1790425102140034,6.172041295765856,1644.9997836782761,0.7026949655814525,0
M-01,2026-01-20 16:00:00,61.48603454069297,3.226486719038757,6.039684364581461,1616.4540641414874,0.6617828817395432,0
M-01,2026-01-20 17:00:00,61.00786595167686,3.044172634769082,5.665106542662921,1657.0126117918385,0.6225643282833659,0
M-01,2026-01-20 18:00:00,67.09708941539866,3.17539997605948,5.968940545413816,1762.7303837237953,0.949594972872511,0
M-01,2026-01-20 19:00:00,63.14761644801141,2.887315245753909,6.362867461918137,1667.5877369787165,0.782947684579478,0
M-01,2026-01-20 20:00:00,67.14788260107302,3.610525572088238,6.162296612616436,1662.3935631509496,0.7883855497821242,0
M-01,2026-01-20 21:00:00,64.92744567040525,2.3991218531496488,6.406026520919085,1572.071408727538,0.7455533881139607,0
M-01,2026-01-20 22:00:00,64.10084040371174,3.622294502944352,5.869316690411719,1588.4896364358003,0.6065487337908413,0
M-01,2026-01-20 23:00:00,65.68651489823382,2.222224150310781,5.817483320969173,1713.2665296111084,0.7669138418138578,0
M-01,2026-01-21 00:00:00,65.78271981724676,2.7034405709694074,6.439349455619377,1611.6766432425545,0.6236095949695495,0
M-01,2026-01-21 01:00:00,64.94384050141755,2.7831992240469967,6.0123963652551655,1625.2249210459538,0.6434727640081926,0
M-01,2026-01-21 02:00:00,67.84925178086979,2.016855106601512,6.084178857890016,1598.5593959620217,0.5635245604425305,0
M-01,2026-01-21 03:00:00,70.6094276022597,3.1037839193012426,5.983509146985173,1758.3601715435757,0.962581783433138,0
M-01,2026-01-21 04:00:00,78.28593323416658,2.833986882644499,6.013811181645808,1635.9322420959104,0.8236581453615662,0
M-01,2026-01-21 05:00:00,67.6035498794249,3.6727225102785455,6.097513709958211,1675.46540448625,0.7302030603603753,0
M-01,2026-01-21 06:00:00,65.07995028724191,3.93982630949839,6.224991177882141,1642.1967797393802,0.6342575250769037,0
M-01,2026-01-21 07:00:00,69.80232099604332,3.336494737372472,5.892846549189592,1650.032121590824,0.9182385409167384,0
M-01,2026-01-21 08:00:00,69.13638604761687,3.130877177792808,6.033010007578452,1635.048117439391,0.7609416836562786,0
M-01,2026-01-21 09:00:00,73.82230672285834,3.3245282133233327,5.650151774316844,1740.6176166092118,0.9642996362231055,0
M-01,2026-01-21 10:00:00,67.59373517233358,3.8345216955637906,5.8383974396582525,1584.7164792150909,0.5725480103636202,0
M-01,2026-01-21 11:00:00,73.53099909868251,3.3288191548055517,5.771870185060906,1641.1027569025016,0.907505663723148,0
M-01,2026-01-21 12:00:00,72.27023964157755,3.4873224940826195,6.0942211635834775,1656.3422245395207,0.8878773631351868,0
M-01,2026-01-21 13:00:00,76.92153693903857,4.005213997668314,5.347093038049293,1572.9011943127864,0.6453795749862442,0
M-01,2026-01-21 14:00:00,68.89260548502291,4.5546536144495215,5.962232856994285,1678.101933760167,0.7470953213141677,0
M-01,2026-01-21 15:00:00,70.78944045207405,3.6066788345031067,6.025913837422019,1535.8487169053012,0.5510389476640339,0
M-01,2026-01-21 16:00:00,77.2245758468901,3.3219260601167493,5.628035728873908,1596.074673033361,0.6764033736838698,0
M-01,2026-01-21 17:00:00,72.76304181081964,3.3765128429107696,5.53678213662546,1662.979335025528,0.7562179186914313,0
M-01,2026-01-21 18:00:00,78.07539697502227,3.825990867267153,6.164903248990955,1597.8276304559238,0.6185470195709091,0
M-01,2026-01-21 19:00:00,69.53395033472653,4.560139235298094,5.8027341987460295,1680.5107018594654,0.726817326206605,0
M-01,2026-01-21 20:00:00,72.33987319893954,4.541835232330301,5.900725153845315,1655.614021334602,0.6936204225736315,0
M-01,2026-01-21 21:00:00,78.15443130339042,3.404715255082342,5.637181707870989,1629.9870754890007,0.7574947435697085,0
M-01,2026-01-21 22:00:00,72.56886486239084,4.0152353278483535,5.426437871329624,1685.091541600327,0.8198629105221957,0
M-01,2026-01-21 23:00:00,79.35149116133589,5.005440676401934,6.002595551495168,1727.3326234495612,0.9775274925809967,0
M-01,2026-01-22 00:00:00,73.21938689187657,4.337228248681875,5.242974762463403,1619.1139639740745,0.6297559755621727,0
M-01,2026-01-22 01:00:00,75.43261573734057,4.434774286025142,5.776059331082785,1774.7589979968423,0.930703402588559,0
M-01,2026-01-22 02:00:00,76.88404383054899,3.6648884250298943,5.867575352938875,1683.9619070476067,0.7523347097902062,0
M-01,2026-01-22 03:00:00,78.3009886309208,4.077542876795218,5.805701582724323,1723.9241011871381,0.8873283785152903,0
M-01,2026-01-22 04:00:00,77.1389428607414,4.852019304735122,5.87297626677341,1675.7766281301026,0.7891362152187598,1
M-01,2026-01-22 05:00:00,76.2631531548523,4.597990707322543,5.5396610769021155,1702.6373704809694,0.6861161265120677,1
M-01,2026-01-22 06:00:00,81.00896166101256,4.649365561045174,5.58416331221217,1676.7335870506406,0.7148509698504414,0
M-01,2026-01-22 07:00:00,79.93694051468557,4.786825522349526,5.758776715237178,1658.062848804631,0.7314130918535868,1
M-01,2026-01-22 08:00:00,78.31660162985388,4.836254607818592,5.6111761525601,1767.449903696619,0.8739021407596959,1
M-01,2026-01-22 09:00:00,79.53584492883364,4.837806421534546,5.338287905386485,1718.617599171726,0.9581888471092788,0
M-01,2026-01-22 10:00:00,80.47862035610115,4.0667480612579725,5.944127631538053,1648.645466764101,0.8411823091644963,1
M-01,2026-01-22 11:00:00,86.35486358121963,5.114104735342474,5.412626633716352,1624.6867859190238,0.7336705007039559,0
M-01,2026-01-22 12:00:00,80.51369977078696,5.394436885818363,5.468441902053327,1615.5098874103257,0.6066131582405284,1
M-01,2026-01-22 13:00:00,82.47641233227628,4.720324488232055,5.215229707446617,1660.6610881523325,0.8503704654160411,1
M-01,2026-01-22 14:00:00,83.60932272391024,5.373461110391545,5.342009825523188,1688.6419694099473,0.8483093713945429,1
M-01,2026-01-22 15:00:00,86.81902009965971,5.339609836158583,5.706384176685655,1706.7292399973057,0.696946079202301,1
M-01,2026-01-22 16:00:00,85.31411307262469,4.552690877043843,5.702330505834211,1676.3284617681063,0.9001681401448056,1
M-01,2026-01-22 17:00:00,83.88045065059232,4.195791890588897,5.3723914382348665,1651.1170095255789,0.6610061697517663,1
M-01,2026-01-22 18:00:00,86.8708453184409,5.147103094807051,5.398109800601423,1647.6980874595115,0.6082132615562236,0
M-01,2026-01-22 19:00:00,84.54433952195103,5.924282294880741,6.00133379684888,1626.9279856184073,0.6123945233050389,1
M-01,2026-01-22 20:00:00,81.68786097818993,5.450290736736863,5.404396835960424,1709.9177385453916,0.853631446307175,1
M-01,2026-01-22 21:00:00,84.86721339363947,3.8452560548377788,5.6190989925848225,1646.8726325785335,0.6411350835658838,1
M-01,2026-01-22 22:00:00,87.82228277701216,5.231975794591137,5.974912528905602,1713.8671579650988,0.8656259955595446,1
M-01,2026-01-22 23:00:00,87.84250751116284,4.943771759835914,4.940839696780634,1671.885294484097,0.8245272172992282,1
M-01,2026-01-23 00:00:00,89.49679036361705,5.451052560725742,5.865191541253222,1680.680224964722,0.8314651706112713,1
M-01,2026-01-23 01:00:00,93.01767770714977,4.655521669471739,5.420696239897278,1775.9382852225415,0.9892577758112685,1
M-01,2026-01-23 02:00:00,87.06452812161288,5.807396177713519,5.743837086445917,,0.8584424743424564,1
M-01,2026-01-23 03:00:00,92.91603322124914,5.825980067418545,5.532673157013866,1653.6170466048973,0.7300276507606399,1
M-01,2026-01-23 04:00:00,89.00364195664905,5.08176868216325,5.832701698882361,1648.7043570480325,0.8246023499949606,1
M-01,2026-01-23 05:00:00,95.79614184088166,5.412914916565603,5.33287159456007,1720.6315640544442,0.9711718747460767,1
M-01,2026-01-23 06:00:00,85.40167341453022,6.897193428926016,5.634097816412066,1604.5394954002402,0.6949970532203222,1
M-01,2026-01-23 07:00:00,91.8773368092257,6.546027734372355,5.573487553699363,1650.7547297291092,0.7704209152416083,1
M-01,2026-01-23 08:00:00,86.18321842781471,4.980638560727315,5.074198390753357,1613.7469440816546,0.70035007013144,1
M-01,2026-01-23 09:00:00,87.79326594873865,4.393669557233343,5.197358177723738,1719.7307263824973,0.9607023258649912,1
M-01,2026-01-23 10:00:00,89.87916236524605,6.273080927560045,5.439921276255704,1723.842689108971,0.9294952985928906,1
M-01,2026-01-23 11:00:00,89.68238837989061,6.024130123211662,5.371413755484657,1676.7741876485948,0.8852461866008599,0
M-01,2026-01-23 12:00:00,55.221898258851176,1.6907434241420958,6.273990059029267,1637.8300190691987,0.766273433924038,0
M-01,2026-01-23 13:00:00,53.341361329512196,0.9409359596929551,6.196111909952764,1650.1796115788982,0.6581018242670514,0
M-01,2026-01-23 14:00:00,59.427476026817644,2.3130811393393524,6.473584237090012,1702.918195558968,0.6801940612460506,0
M-01,2026-01-23 15:00:00,56.65746056980673,2.013705742304242,6.3053777662754245,1694.430457804001,0.8136826183432246,0
M-01,2026-01-23 16:00:00,59.585629404017375,1.383383304108911,5.98491427010746,1683.4639031910115,0.6484854739575845,0
M-01,2026-01-23 17:00:00,57.85146957911024,1.5772518220095724,6.068888799389182,1683.129589197736,0.9372564636824692,0
M-01,2026-01-23 18:00:00,55.50612397188937,,6.312987802578465,1602.9684764687292,0.55337816476,0
M-01,2026-01-23 19:00:00,61.17749078073454,2.2638291250514357,6.208218834934263,1755.877288896066,0.9088798760563386,0
M-01,2026-01-23 20:00:00,57.06275104717794,1.1901566228040905,6.285925469452635,1639.6731707534097,0.6122480815522222,0
M-01,2026-01-23 21:00:00,57.90462331729387,1.7039536978662493,6.344534165057592,1625.6490659181748,0.6020668752892433,0
M-01,2026-01-23 22:00:00,59.42472355139896,1.8471269948883107,6.60716380001656,1780.1813664350639,0.9993742817553621,0
M-01,2026-01-23 23:00:00,60.14301701756594,0.9074306356195423,5.964790137659782,,0.6192836121599319,0
M-01,2026-01-24 00:00:00,64.88841312222169,2.0425601877273416,5.918136042804962,1701.4676008881397,0.8288508366864377,0
M-01,2026-01-24 01:00:00,62.31250967798938,3.2648575383823886,5.608617829075025,1733.3876438118102,0.9913695154898654,0
M-01,2026-01-24 02:00:00,63.45115590750141,2.6493392343576696,6.1513866895910985,1604.761027545266,0.6120988828065574,0
M-01,2026-01-24 03:00:00,61.430001808722636,2.26072910599828,6.2140465883119305,1661.4869862516357,0.6717844685218872,0
M-01,2026-01-24 04:00:00,58.18873532411821,2.8016802866980646,6.200220531990187,1714.6782510712283,0.8485539657530891,0
M-01,2026-01-24 05:00:00,62.37527457948589,2.5168626202514823,6.345362163759309,1689.0790709226685,0.9246381782158033,0
M-01,2026-01-24 06:00:00,71.74551062596947,2.6091412475752156,6.526863264999319,1701.399084743764,0.7405729276058443,0
M-01,2026-01-24 07:00:00,66.9997941209588,1.8499903361210315,6.515390782946742,1678.3708542677828,0.7753447670861252,0
M-01,2026-01-24 08:00:00,63.73305140824008,2.875352329227503,6.044528869777622,1720.3233641266827,0.8437090306911649,0
M-01,2026-01-24 09:00:00,66.20539341353359,2.666898376357988,6.0023651470189145,1792.8641408352862,0.9997398591508846,0
M-01,2026-01-24 10:00:00,64.1656580566499,2.0009616989428,5.749945678602065,1607.9107417650382,0.5928395891323889,0
M-01,2026-01-24 11:00:00,62.032950216984645,1.360700726450834,6.251179327100187,1742.9571204166257,0.9894988351974652,0
M-01,2026-01-24 12:00:00,66.95104566284976,3.180478080723267,5.948194085976234,1650.2274045613306,0.7575439986269082,0
M-01,2026-01-24 13:00:00,66.59271389455027,2.8376390127215108,6.294681221489498,1584.4307852183704,0.5731386195506183,0
M-01,2026-01-24 14:00:00,64.55197658944311,2.6445590697776096,6.023477568241835,1650.502025811173,0.7090019627808105,0
M-01,2026-01-24 15:00:00,68.24914173031699,3.040824970592271,5.43819688056659,1789.3895826021876,0.9244540338768937,0
M-01,2026-01-24 16:00:00,63.43279667874039,2.8136252336274423,5.846805963181976,1709.5652264490802,0.7374996991179461,0
M-01,2026-01-24 17:00:00,66.97760044942899,2.861331021092893,5.945610549912395,1755.3738522365868,0.8869693508501747,0
M-01,2026-01-24 18:00:00,62.7753553531563,2.638100282868966,5.7916047398496495,1613.3662039134765,0.7710658508761148,0
M-01,2026-01-24 19:00:00,65.0040800269393,3.7345309056589517,6.082028672430403,1621.7269881584114,0.6147589132353513,0
M-01,2026-01-24 20:00:00,65.01952797424252,3.241092605019785,6.184936789507068,1639.2178587928074,0.5932428548373466,0
M-01,2026-01-24 21:00:00,70.14049555647784,3.1473021136648525,5.91132130868999,1747.8792784842424,0.7902280059732822,0
M-01,2026-01-24 22:00:00,72.4047662048437,2.6594959664655167,5.795233715837315,1582.30077105565,0.5737631956300497,0
M-01,2026-01-24 23:00:00,71.95563197065556,3.643001316081478,6.078459423464374,1630.7567953016585,0.7463424968624184,0
M-01,2026-01-25 00:00:00,68.39678270308791,4.373414552479485,5.963053047348547,1556.4236100095357,0.5656772576259621,0
M-01,2026-01-25 01:00:00,68.72311867521957,2.991156939185995,5.816990166878489,1754.9364673386715,0.920407292837284,0
M-01,2026-01-25 02:00:00,67.14965819667331,3.2481349311486465,5.98965499850186,1593.6398387457766,0.616088680669632,0
M-01,2026-01-25 03:00:00,72.05288318036668,3.6587716529243854,6.306773146439197,1716.127068102595,0.9204060744775426,0
M-01,2026-01-25 04:00:00,69.08406598018898,3.110952379440569,5.690218220710695,1691.6047588961544,0.9186399456822911,0
M-01,2026-01-25 05:00:00,76.14102270622548,3.774045124251818,5.7815068441215915,1581.7523955483082,0.7275166830724396,0
M-01,2026-01-25 06:00:00,72.96800486863644,4.642588750985136,6.191193013144541,1660.5258157322737,0.6658533816957836,0
M-01,2026-01-25 07:00:00,73.39276802233712,3.4059591991067877,5.9941376502639905,1684.399939914103,0.7768803719758662,0
M-01,2026-01-25 08:00:00,74.33991323934086,3.036823156298949,5.844183250947165,1675.529268919831,0.7591058370357984,0
M-01,2026-01-25 09:00:00,76.07677747955819,3.940778474710206,5.519923431607884,1577.4914645234965,0.6486351474153846,0
M-01,2026-01-25 10:00:00,76.510458056934,4.563634813583503,6.106039104449904,1734.7868081967852,0.8881708647571283,0
M-01,2026-01-25 11:00:00,75.29194458553924,3.746647037182891,5.668877601522051,1615.029652495459,0.5886920575499254,1
M-01,2026-01-25 12:00:00,71.36352083723123,4.119510120250111,5.699047621404624,1610.862420608628,0.6289059301542649,0
M-01,2026-01-25 13:00:00,81.10339959938713,4.639522469345802,5.905370611314082,1654.379493902415,0.7293279805633957,0
M-01,2026-01-25 14:00:00,72.69503458043557,4.0529367926927256,5.346953585982537,1653.4193469611528,0.6117450660057756,1
M-01,2026-01-25 15:00:00,70.23370113105898,4.417154927220175,5.565346869510628,1639.9576669259409,0.7519282782405627,0
M-01,2026-01-25 16:00:00,76.83030303894031,3.893691732571222,5.814256160356814,1715.994467013085,0.943787889574337,0
M-01,2026-01-25 17:00:00,79.8730264558381,4.1766962981728994,5.4152542787896065,1764.592547755077,0.9427865314483804,0
M-01,2026-01-25 18:00:00,75.20550441482978,4.356753785877557,5.9024007937836,1666.7124408795435,0.6493590645440204,0
M-01,2026-01-25 19:00:00,78.31258714206055,3.575372118199533,6.22602209645213,1587.6735346546081,0.6800876117371863,1
M-01,2026-01-25 20:00:00,79.89978854351322,4.182272046336728,5.945846834123235,1627.0983909145107,,1
M-01,2026-01-25 21:00:00,78.270231100617,4.648211768551087,5.998314582840522,1710.9821889978184,0.9228461161774536,0
M-01,2026-01-25 22:00:00,75.56257002995255,4.397302395282161,5.642452359853968,1572.3029010493829,0.5619599942487813,1
M-01,2026-01-25 23:00:00,75.49099903701739,3.796568177965937,5.8182201381367085,1658.7104312540137,0.8207013036052071,1
M-01,2026-01-26 00:00:00,75.75345991574189,3.951900330894234,6.12118950150812,1645.7840606202071,0.6670830949043461,1
M-01,2026-01-26 01:00:00,79.95559565844368,4.095430036393637,5.914615525993722,1684.6845848242042,0.8910596434297873,0
M-01,2026-01-26 02:00:00,78.24672162426735,4.503029224301996,5.024985317843004,1676.6657330090916,0.8025503805505199,1
M-01,2026-01-26 03:00:00,75.14268140667423,5.260202536377944,5.877677288951544,1678.9562646649326,0.6718135426727982,1
M-01,2026-01-26 04:00:00,76.91904727844727,5.107286164928312,5.4699263573577594,1584.2740007890873,0.6916373283539715,1
M-01,2026-01-26 05:00:00,80.40848799756886,5.006724416427649,5.200442345816088,1624.6243362187126,0.854493572129337,1
M-01,2026-01-26 06:00:00,77.8227770413896,4.863313289726927,5.901944139192596,1607.340147031254,0.5504803592602363,1
M-01,2026-01-26 07:00:00,81.86639324783471,4.912882733852108,5.635767354036297,1723.8388892222215,0.9525301739734515,1
M-01,2026-01-26 08:00:00,82.32589270526218,4.482081949447459,5.829674099757513,1585.410273158262,0.6273821583716603,1
M-01,2026-01-26 09:00:00,84.76952851992702,4.06701028565773,5.838606041981258,1642.8233984288302,0.761480173129303,1
M-01,2026-01-26 10:00:00,85.39010207051119,5.928663181106897,5.537173555186361,1783.2076021187893,0.9709938747291949,1
M-01,2026-01-26 11:00:00,83.69220592772186,5.475848056135963,5.429754131926556,1591.9488799483518,0.6468302235829234,1
M-01,2026-01-26 12:00:00,83.17478093179899,5.466055542320363,5.916896555373714,1589.1347834559404,0.6379689293119019,1
M-01,2026-01-26 13:00:00,90.43990283849091,5.340150418955186,5.699340751142822,1579.312242094447,0.6463415302015241,1
M-01,2026-01-26 14:00:00,83.79819961277823,5.715876210110984,6.1515960456228855,1591.9529636951438,0.643143321838378,1
M-01,2026-01-26 15:00:00,89.63223242311801,5.745159805247524,5.530898063034755,1621.5213703737907,0.629262234627886,1
M-01,2026-01-26 16:00:00,86.0727035075079,5.189530687025737,5.710884416926216,1721.4145742465705,0.9371268487985234,1
M-01,2026-01-26 17:00:00,88.34000966833699,6.086866079520883,5.697182718950889,1677.4354909534743,0.7123414089332142,1
M-01,2026-01-26 18:00:00,88.11845041241057,5.449655546279474,5.189823402770719,1637.3032788816777,0.7108163305759244,1
M-01,2026-01-26 19:00:00,91.69269810351824,5.62523548632665,5.881432145528031,1697.8712822641573,0.8247182803038049,1
M-01,2026-01-26 20:00:00,88.42947300880907,5.449040920562877,5.189588198189656,1713.5340974154335,0.9497644538782782,1
M-01,2026-01-26 21:00:00,87.84284338056854,5.250197334928725,5.634859270272858,1601.8506289781462,0.5949239757295556,1
M-01,2026-01-26 22:00:00,89.9778121501961,4.784133403232463,5.539983601360901,1666.1480564989656,0.6018968971499447,1
M-01,2026-01-26 23:00:00,83.27963600971908,6.326939331766422,5.480229779647283,1613.3420513608064,0.6048860338943304,1
M-01,2026-01-27 00:00:00,87.07586642879187,5.3683246034391745,5.611812892275131,1689.4535266755151,0.8894221817220516,1
M-01,2026-01-27 01:00:00,85.05005663210767,6.450277283577568,5.519606810546009,1643.673405998523,0.7867272370987094,1
M-01,2026-01-27 02:00:00,85.24909391894708,6.252136441770126,6.018988336247736,1624.8814566756691,0.5698787963248726,1
M-01,2026-01-27 03:00:00,86.90532681768642,6.764946373610628,5.405202480752357,1717.5670694098653,0.6957715010219363,1
M-01,2026-01-27 04:00:00,89.12994845475717,5.606516396967732,5.418521068404374,1681.2446021043893,0.8095874313239169,1
M-01,2026-01-27 05:00:00,87.11716209009845,6.073320340236274,5.580070161779491,1619.2737178447949,0.6266535371463335,0
M-01,2026-01-27 06:00:00,58.53707636126459,2.056698390428969,6.336586377637682,1690.2103836495498,0.7721524343217906,0
M-01,2026-01-27 07:00:00,58.64056125129189,1.3698800507732223,6.09056441949808,1644.7782565745908,0.7213295625477153,0
M-01,2026-01-27 08:00:00,56.60679149867718,1.4055631001951854,5.81915505817625,1676.3752760596676,0.8131387162622215,0
M-01,2026-01-27 09:00:00,57.642906389509484,1.3692362463794856,6.320858240003548,1668.9787933860662,0.6944885318853348,0
M-01,2026-01-27 10:00:00,60.017016550268416,1.6823752413273914,6.023581915084077,1650.6445946958804,0.5964775655981723,0
M-01,2026-01-27 11:00:00,63.237310846978914,1.1794725497715728,6.544609291460899,1699.0418327455084,0.8151990247573642,0
M-01,2026-01-27 12:00:00,60.367797174187416,1.9865751246173016,6.289693240185506,1645.954250123598,0.7339012198150208,0
M-01,2026-01-27 13:00:00,59.66110979723076,3.07534764417171,6.0324444476354575,1683.86706588057,0.8349171319651192,0
M-01,2026-01-27 14:00:00,60.56875803668244,2.1401371924855184,6.3874842113790296,1714.9560704374562,0.9697508288456421,0
M-01,2026-01-27 15:00:00,64.38367485722016,,6.977024023610964,1681.2675167656216,0.6981681068189963,0
M-01,2026-01-27 16:00:00,62.04464712962777,2.9539510997800704,6.584962861871556,1733.6911598078957,0.8055704036928217,0
M-01,2026-01-27 17:00:00,64.45272845379677,1.7996401498007937,5.776477957669882,1704.6242160063337,0.8464390344175154,0
M-01,2026-01-27 18:00:00,63.82272167761959,2.648096066631108,5.8920603791425314,1639.3385146403537,0.6943219960123342,0
M-01,2026-01-27 19:00:00,65.06031502413019,2.1105714745175463,6.348229135191067,1690.9205292664592,0.7203667544018789,0
M-01,2026-01-27 20:00:00,60.41378839105868,1.6473746670173774,6.155223318990725,1602.1742788151491,0.624728184586288,0
M-01,2026-01-27 21:00:00,58.99192067791596,2.7090216340195887,5.863952266093326,1685.571881389084,0.725093520184936,0
M-01,2026-01-27 22:00:00,61.555969190786534,2.2265129328055684,6.337607128079409,1743.0988249260047,0.8032025847586858,0
M-01,2026-01-27 23:00:00,64.92804314336642,3.723655811775963,6.119347024314921,1684.208452148172,0.6658400630554172,0
M-01,2026-01-28 00:00:00,68.39017037544656,2.8737770448746667,5.889406968740935,1710.2489043913743,0.9673771868312724,0
M-01,2026-01-28 01:00:00,70.67484974860461,3.559422961015713,6.104124010370264,1686.967282743068,0.8510264465462108,0
M-01,2026-01-28 02:00:00,64.27444500941567,2.309041841603919,6.188146972121591,1735.2147696840102,0.9754839509598578,0
M-01,2026-01-28 03:00:00,69.77353496333038,3.4154601201204406,5.57371254174023,1746.883240188647,0.9657551802454434,0
M-01,2026-01-28 04:00:00,63.05032692858782,2.4905897564721444,6.051662926860947,1650.2023497221162,0.5520784594794975,0
M-01,2026-01-28 05:00:00,68.93025575324243,3.1461171289517247,6.137974823781151,1713.630249108886,0.8561884625514649,0
M-01,2026-01-28 06:00:00,69.00630600151624,2.4685969062323956,6.2297970381898145,1627.9119269678577,0.5619395967427335,0
M-01,2026-01-28 07:00:00,69.34129782098734,3.0955627127746026,6.049239688511203,1656.0743475854076,0.9334654016811318,0
M-01,2026-01-28 08:00:00,64.3832342221267,3.698488505580162,6.135415824144139,1664.8127090232085,0.7595908481607647,0
M-01,2026-01-28 09:00:00,72.12179876767888,2.7053083570753156,6.00330430959656,1746.779657177533,0.9039923706221197,0
M-01,2026-01-28 10:00:00,68.46877015367438,3.0570939218854867,5.8711293893319745,1735.7221312980053,0.9454436289021428,0
M-01,2026-01-28 11:00:00,69.97892257439335,4.056860154362139,5.850651252191254,1745.01340813685,0.8042850597838176,0
M-01,2026-01-28 12:00:00,70.37606193477431,3.334399435073696,5.9643521951460325,1595.9512088363522,0.6222647406632135,0
M-01,2026-01-28 13:00:00,69.63409572556706,3.1149159889960742,5.905825116200774,1705.4496818936962,0.7734657154808268,0
M-01,2026-01-28 14:00:00,69.54247805403715,3.4778591854642187,6.34045348186651,1784.662673464313,0.984437179066781,0
M-01,2026-01-28 15:00:00,68.97265807849948,3.2570188725388154,6.345622597528703,1677.472611460723,0.9350389547660816,0
M-01,2026-01-28 16:00:00,68.7195345543764,3.5396945246126,6.093107754469508,1701.4086445726525,0.817422712435711,0
M-01,2026-01-28 17:00:00,74.56906424820215,2.6831673124316007,6.22177296862236,1640.5547337890875,0.718508771402022,0
M-01,2026-01-28 18:00:00,72.66267463949717,3.6117307725668333,6.207855974214249,1664.7427453115158,0.9149333060079649,0
M-01,2026-01-28 19:00:00,73.76459368589353,3.9022810176724185,6.2312858453735895,1662.6658162557776,0.8039767061616303,0
M-01,2026-01-28 20:00:00,68.02238711641326,3.899231716534721,6.134892512946943,1679.0803767792559,0.8232451437223325,0
M-01,2026-01-28 21:00:00,68.96152838006454,3.5878173674724847,5.876353882948689,1675.8163697455736,0.7164929655312391,0
M-01,2026-01-28 22:00:00,72.41667346070042,4.164996953978672,6.44943825235333,1558.3860136083833,0.603279587430401,0
M-01,2026-01-28 23:00:00,77.93939595974003,3.351924219564674,5.6964840922836535,1703.8159250972192,0.9269725861841684,0
M-01,2026-01-29 00:00:00,74.95342615532368,3.8093249325310996,5.525143178727184,1665.8204826604228,0.6867084782844749,0
M-01,2026-01-29 01:00:00,71.02539726241264,3.1568647453094756,5.835915824805746,1641.6336750856021,0.56078665998758,0
M-01,2026-01-29 02:00:00,72.31450008762043,4.71786523992462,5.577225285295155,1640.140126045348,0.7586540716066755,0
M-01,2026-01-29 03:00:00,78.26042717047893,4.264883316255826,6.048008484981174,1637.768288191777,0.6235262650672545,0
M-01,2026-01-29 04:00:00,75.13709612446044,3.601219950127498,5.9335235694358595,1680.0729003094766,0.7195303035436944,0
M-01,2026-01-29 05:00:00,77.7002221490314,3.9600594680147623,5.681675795544286,1615.3934802335502,0.5680427544427492,0
M-01,2026-01-29 06:00:00,73.63101378990368,3.743205048118847,5.950864824207936,1705.7886684414368,0.7850129022920674,0
M-01,2026-01-29 07:00:00,74.28540887212017,4.181652501860362,6.139391069433617,1642.752778724015,0.6128306443806044,0
M-01,2026-01-29 08:00:00,74.68058188566866,3.7636282003681667,5.598015044619889,1637.7946829257457,0.7048634851285066,1
M-01,2026-01-29 09:00:00,77.28769577111512,4.58861072161046,5.86092107949622,1720.678485855486,0.976293908078322,0
M-01,2026-01-29 10:00:00,76.52748520838803,4.057497626311162,5.207787494978854,1681.7396132918882,0.9140363211280371,1
M-01,2026-01-29 11:00:00,74.269212599069,4.119077168970376,5.4436412169758555,1611.204793049026,0.5863308760012327,0
M-01,2026-01-29 12:00:00,80.07530759977745,3.711927849177727,5.583929444506117,1715.4911976305943,0.9421340890335463,1
M-01,2026-01-29 13:00:00,83.35688800285897,4.825297246141827,5.481149764951075,1683.8157147491747,0.7430617546108358,1
M-01,2026-01-29 14:00:00,80.74604418363253,4.43237612942501,5.3666025043763135,1614.0861699084592,0.5661544987033116,0
M-01,2026-01-29 15:00:00,81.50095279822679,4.230617986162456,5.8616913356168245,1747.4622497861162,0.9970943485540813,1
M-01,2026-01-29 16:00:00,75.70729603084517,4.221797053061993,5.142669002514165,1618.628857589805,0.5681796529789734,1
M-01,2026-01-29 17:00:00,81.57034535757903,4.953161446584765,5.3825752377243585,1637.7473098698422,0.6857941900136189,1
M-01,2026-01-29 18:00:00,83.1496499186381,4.901318060915104,5.418834173099331,1624.7573293378982,0.5703016355691753,1
M-01,2026-01-29 19:00:00,81.33646307112042,4.740548204565191,5.697363218950474,1733.0221628488598,0.9268640847044995,1
M-01,2026-01-29 20:00:00,76.99265983174915,5.579161583646192,6.272711879117582,1617.582058019558,0.5769209517927847,1
M-01,2026-01-29 21:00:00,83.36458363935463,5.515576308835556,5.33436248464874,1612.6801844487848,0.6200909519385608,1
M-01,2026-01-29 22:00:00,83.59778817849136,4.258032783826953,5.782949510878861,1776.09767389689,0.9620851860454193,1
M-01,2026-01-29 23:00:00,81.98170644633568,4.632389146745534,5.874009039262368,1668.626599655476,0.7287549856627709,1
M-01,2026-01-30 00:00:00,79.5510734848029,4.809935854333438,5.647813802207638,1582.6899910642162,0.578402726816742,1
M-01,2026-01-30 01:00:00,81.08174455195812,5.158445040264983,5.636815135415589,1674.141906351642,0.6897943832864872,1
M-01,2026-01-30 02:00:00,85.20742192506559,5.077237099449463,5.408557774416018,1647.6617923479405,0.6787212858281779,1
M-01,2026-01-30 03:00:00,88.23136513189188,5.517004756943846,5.668171305346121,1604.2714866400202,0.5924287240696032,1
M-01,2026-01-30 04:00:00,86.96676991421778,5.4011131068297775,5.677812553088021,1736.231970293947,0.8685297524806515,1
M-01,2026-01-30 05:00:00,92.37023620282287,5.70864032906623,5.449967541680807,1742.4514716946153,0.9891538931655534,1
M-01,2026-01-30 06:00:00,89.84867998239406,6.566868773139047,5.582214732811838,1764.2736555911456,0.9745220580750338,1
M-01,2026-01-30 07:00:00,91.89289842618648,5.637256855830564,4.431478367839773,1741.4275110948647,0.9081048543251365,1
M-01,2026-01-30 08:00:00,92.37143305572593,4.25902732925431,5.753218263656158,1677.7978543146496,0.7945730177859374,1
M-01,2026-01-30 09:00:00,93.15214606578823,5.73730475041907,5.651495789525031,1731.15043750499,0.98731171839102,1
M-01,2026-01-30 10:00:00,93.87162039081849,6.139699222607792,4.9967534749585765,1615.5414920894234,0.7673222752623028,1
M-01,2026-01-30 11:00:00,88.81790713599892,5.8543323357159585,5.126977634512463,1680.5482755872947,0.7238536557504318,1
M-01,2026-01-30 12:00:00,88.5148964077877,4.841241447760347,5.393204065567389,1654.4208016598595,0.7261780787579941,1
M-01,2026-01-30 13:00:00,89.00232995503225,5.628005468326717,5.542156709219325,1639.7673031943777,0.5848462383671973,1
M-01,2026-01-30 14:00:00,89.36376750152347,5.517352372186332,5.589041139808973,1643.3235725889783,0.7507328018141017,1
M-01,2026-01-30 15:00:00,90.08322606792878,5.7294024655862845,5.317556403885622,1631.321767830432,0.8254994538672786,1
M-01,2026-01-30 16:00:00,92.31725078007263,5.663599581159077,5.91329486892974,1604.0191680827659,0.6208855035928658,1
M-01,2026-01-30 17:00:00,87.41487756523252,6.6263170888386655,5.7754399402398136,1767.204504542338,0.9890812109753473,1
M-01,2026-01-30 18:00:00,90.38853161667868,5.850070716065043,5.785088302085611,1696.7933894721987,0.7820900543296231,1
M-01,2026-01-30 19:00:00,92.25761536318018,5.764756635278858,4.950237189135191,1736.657002913294,0.9897367284614609,1
M-01,2026-01-30 20:00:00,90.86895766736727,5.627693634016828,5.461635427756349,1635.6845085724694,0.5721029396875181,1
M-01,2026-01-30 21:00:00,88.71290792163734,6.497018838046395,4.615666390974757,1615.873835205933,0.5784978154161512,1
M-01,2026-01-30 22:00:00,92.23811011936003,6.136593039712294,5.276323699432171,1718.3228285554026,0.8058563716166809,1
M-01,2026-01-30 23:00:00,95.79766138706991,6.215488346572895,6.173376016707756,1682.4091168598445,0.791748497662453,0
M-02,2026-01-01 00:00:00,57.52128696735721,2.028584337689142,6.410582101712587,1629.2529508014163,0.6994528832404991,0
M-02,2026-01-01 01:00:00,57.94337540757769,2.4651388827190486,6.501741858647853,1712.6175687880097,0.8719947987028669,0
M-02,2026-01-01 02:00:00,52.3874517960186,1.6440254941496137,6.338385024882594,1608.6722354904562,0.6378148992422418,0
M-02,2026-01-01 03:00:00,59.19584998276612,2.0375397575756207,6.313960484677002,1590.230589839504,0.6802372601002118,0
M-02,2026-01-01 04:00:00,56.446468705620454,1.6147375853707364,6.1441226925265235,1670.9496481011265,0.6197360469174515,0
M-02,2026-01-01 05:00:00,57.63911362879693,2.079424685207589,6.278284927052063,1661.0942656825869,0.7650059080682721,0
M-02,2026-01-01 06:00:00,58.19426870752983,1.9458755102457517,6.399938786571278,1598.613564777924,0.6293810236844868,0
M-02,2026-01-01 07:00:00,56.5148972068737,1.6741596543978654,5.96955187070389,1672.307665599989,0.6764556733756879,0
M-02,2026-01-01 08:00:00,62.12928956109425,1.6943685058222178,6.1827381843842035,1592.2800177870931,0.6505743794833484,0
M-02,2026-01-01 09:00:00,63.39281621557458,2.2547090388689086,6.235833154518542,1725.3174953447287,0.9819162248215947,0
M-02,2026-01-01 10:00:00,60.960494207036,1.7484737066779912,6.217865820272147,1588.6157977710632,0.5689137886443966,0
M-02,2026-01-01 11:00:00,58.077123913159625,1.6683264362735464,5.830823274243238,1562.6597983440197,0.6211226310034808,0
M-02,2026-01-01 12:00:00,56.982751836163665,2.4542532682252545,6.17132925939836,1626.0554888916827,0.5881842943449423,0
M-02,2026-01-01 13:00:00,62.10066219244377,1.6636078549242994,6.308497353092653,1652.390697590419,0.8148311994810817,0
M-02,2026-01-01 14:00:00,66.15205817044702,1.7754824602473624,5.994424995795374,1739.290446170722,0.931307780088634,0
M-02,2026-01-01 15:00:00,63.07001109914745,3.1329707147881343,6.086386826356823,1753.3584248143081,0.8997187372331543,0
M-02,2026-01-01 16:00:00,56.35802929006409,1.8308662198774774,6.269552764495915,1678.9871907560998,0.9283501445231945,0
M-02,2026-01-01 17:00:00,59.81845810843786,1.9489538035914116,6.024456819307356,1568.3244497002681,0.5775082310620413,0
M-02,2026-01-01 18:00:00,60.80983626354213,3.2024400535913338,5.950353365976803,1645.502134712658,0.5622913526820633,0
M-02,2026-01-01 19:00:00,67.94942498582735,2.98873090728015,6.01901148782171,,0.909021035721983,0
M-02,2026-01-01 20:00:00,66.88169625185263,3.364055480134904,6.232738365723391,1751.1411942033599,0.9466249169596752,0
M-02,2026-01-01 21:00:00,66.03826645832811,2.1228927991279702,5.956441343264489,1766.3737411549369,0.8305879394666836,0
M-02,2026-01-01 22:00:00,66.8765365290893,2.1920072416205754,5.984452835372652,1657.271508338914,0.6101562355982801,0
M-02,2026-01-01 23:00:00,65.52086690507103,2.5101885207417567,6.467243238100024,1587.78909287289,0.5971589601145278,0
M-02,2026-01-02 00:00:00,62.25968680142457,2.6510448171250305,6.16955818324287,1605.422451717082,0.6726558658756512,0
M-02,2026-01-02 01:00:00,65.38509930256878,2.7966917050367774,6.082882293231016,1691.8831564578543,0.8175637986862658,0
M-02,2026-01-02 02:00:00,66.83811473198574,2.8168293273866047,5.942893611824803,1726.243656018937,0.8997307672740754,0
M-02,2026-01-02 03:00:00,65.35424212200742,2.5174209128602314,6.446764954297422,1639.2923458565713,0.6818062320605652,0
M-02,2026-01-02 04:00:00,65.62429765129481,2.4021647544100966,5.9877399783069665,1561.1749002813026,0.5542005579490112,0
M-02,2026-01-02 05:00:00,63.68939501197259,3.6676448612883226,6.225823841425512,1686.2854169194427,0.6860544004640274,0
M-02,2026-01-02 06:00:00,65.7033271830546,2.593066743034311,6.294720217591657,1621.4246735216223,0.6261851269087528,0
M-02,2026-01-02 07:00:00,75.52838181663833,3.052604539383199,6.329379980275417,1780.6045853394646,0.9177724986752249,0
M-02,2026-01-02 08:00:00,64.60999254462604,2.6358035653882306,6.148910995610351,1592.853084085593,0.5706716486980253,0
M-02,2026-01-02 09:00:00,63.34567747972935,3.839961304954306,5.880543138530294,1650.159303492577,0.6615007364978626,0
M-02,2026-01-02 10:00:00,68.91899074443204,2.3441325635345853,5.974328019342609,1638.7951173831514,0.6622010781357008,0
M-02,2026-01-02 11:00:00,69.40071588455159,2.7323717124483675,6.120549025827221,1659.8137833049016,0.798697610246641,0
M-02,2026-01-02 12:00:00,73.97379058932034,3.353709622954052,5.965350575986039,1639.09671614204,0.7271970901301822,0
M-02,2026-01-02 13:00:00,74.04779308740419,3.7366811443100385,6.086039349129216,1675.8656345476013,0.926211791609977,0
M-02,2026-01-02 14:00:00,69.62326566337771,3.0058009425819643,5.454987544037924,1638.9773255943085,0.8174452801542955,0
M-02,2026-01-02 15:00:00,70.36907141425638,3.5514499204315864,5.80835487482808,1759.2082828008365,0.9172520206935773,0
M-02,2026-01-02 16:00:00,71.82562718085768,2.9107908016879755,5.888990902196146,1590.863343483056,0.668886248455886,0
M-02,2026-01-02 17:00:00,73.84598315242975,2.9644021455007437,5.909983136847753,1717.6546090442648,0.8503430390130082,0
M-02,2026-01-02 18:00:00,73.03835291331704,3.6930095471352313,6.284752888020687,1643.3510839785115,0.84342181744219,0
M-02,2026-01-02 19:00:00,71.87269861312323,2.7998536809151218,5.744202285088639,1567.3686023496678,0.7550833288597724,1
M-02,2026-01-02 20:00:00,69.03285612142308,3.4849572588463937,6.111556934070314,1538.421411683026,0.5705112941503951,0
M-02,2026-01-02 21:00:00,71.74381940840587,3.6091937932610656,5.5557756407235335,1700.9686091978972,0.8384789634018412,0
M-02,2026-01-02 22:00:00,73.22149760470388,3.884654937559011,5.500094280380312,1621.5978974964007,0.5838776948252293,0
M-02,2026-01-02 23:00:00,76.94939954514561,3.523965091816162,6.188253863664998,1691.702519377212,0.6889882397118674,0
M-02,2026-01-03 00:00:00,66.96047797019183,4.357879674199131,5.873365472776339,1590.9243887620175,0.6200180006879104,0
M-02,2026-01-03 01:00:00,73.1175940619187,4.156487490276,5.55754192682961,1637.5564294609885,0.689680746563531,0
M-02,2026-01-03 02:00:00,78.37127514645137,4.487738272096221,,1548.6169742290992,0.658294064004594,0
M-02,2026-01-03 03:00:00,70.61134027717783,3.891699762216203,5.896877868006192,1689.0551304212047,0.678914731627291,0
M-02,2026-01-03 04:00:00,77.15029737865977,4.250423721458929,5.7629357161421,1755.1009721005641,0.9096473711130311,0
M-02,2026-01-03 05:00:00,76.61323033121406,3.9549148147616475,6.0029235682961355,1605.0853272794188,0.5710622238169617,0
M-02,2026-01-03 06:00:00,79.79251997216772,3.900144673647899,5.625362880856173,1792.130803990766,0.9979340776950252,0
M-02,2026-01-03 07:00:00,77.33067077541824,3.1870333497252594,5.625468444311906,1660.9469642279032,0.6494599872748757,0
M-02,2026-01-03 08:00:00,68.6115025808211,4.138991878107297,5.841466854703089,1663.1150591506023,0.7052283243190297,0
M-02,2026-01-03 09:00:00,78.42825655156425,3.7477462420829157,5.69942979814323,1653.2264381609698,0.849661615271122,0
M-02,2026-01-03 10:00:00,83.4365572547044,4.273488243653664,5.795921183888913,1659.4564440388372,0.7926537509450549,0
M-02,2026-01-03 11:00:00,72.26516321645417,4.209298927565697,5.714555153363096,1653.572766472314,0.7014446541493404,1
M-02,2026-01-03 12:00:00,76.92003268857087,4.178035086151767,5.523731390095107,1684.1272067038797,0.7147861601331814,0
M-02,2026-01-03 13:00:00,80.04385412069504,4.973231712478727,5.678511646542472,1679.7269632573893,0.720106798301357,1
M-02,2026-01-03 14:00:00,,3.423403447519275,5.792260997021408,1683.7052503402986,0.7674681169397877,1
M-02,2026-01-03 15:00:00,85.80441041171377,4.432878625736784,5.797255026354404,1721.6449935018982,0.8595220732193016,0
M-02,2026-01-03 16:00:00,80.63097562076642,4.035900428618037,6.066078581344631,1750.2507580774195,0.9585753609449157,1
M-02,2026-01-03 17:00:00,82.30257834281456,4.175475339524708,5.618720111887812,1617.646832925191,0.7193263349568391,1
M-02,2026-01-03 18:00:00,81.36624967199182,4.186415372498238,6.055446908436441,1731.4688238517258,0.9171689779896623,1
M-02,2026-01-03 19:00:00,85.07241520071727,5.002792722058974,5.8155031397266965,1726.1556279099875,,1
M-02,2026-01-03 20:00:00,82.30931694016668,4.825417236417003,6.017680498665426,1594.493579465241,0.6034860953066036,1
M-02,2026-01-03 21:00:00,80.52139791530392,4.612395009583544,5.536353978187794,1599.9099505541087,0.6203929726150144,1
M-02,2026-01-03 22:00:00,84.44220129321111,5.572515695867683,5.7580296171932455,1580.0564763220873,0.7744005250429874,1
M-02,2026-01-03 23:00:00,86.56619630806784,5.051938141958269,5.560168291757683,1723.449950280332,0.9343662878828769,1
M-02,2026-01-04 00:00:00,85.65032797547073,5.608366375124398,5.831001443422842,1750.8619749245843,0.9357582307404467,1
M-02,2026-01-04 01:00:00,84.33436754738567,5.502435692675909,5.340795108451444,1661.782613497103,0.8664577286077627,1
M-02,2026-01-04 02:00:00,89.09930235544236,5.2581341641574495,5.4740009815077535,1689.5421031583935,0.8317460403141448,1
M-02,2026-01-04 03:00:00,80.86360569403716,5.056678438668398,5.804399261770456,1610.6367470218931,0.5764002095496435,1
M-02,2026-01-04 04:00:00,86.7511584581002,5.022152558626561,5.75344189009508,1716.3162761328806,0.9204814726487875,1
M-02,2026-01-04 05:00:00,87.59349634995998,5.289217358262567,5.453555567011439,1783.2304547008366,0.9769475823423456,1
M-02,2026-01-04 06:00:00,86.00246405694838,5.993880130899441,5.748666728225322,1724.2666800108072,0.951977793868292,1
M-02,2026-01-04 07:00:00,87.43483363214331,5.352552576346194,5.616887030758022,1701.729238457451,0.9452722334162411,1
M-02,2026-01-04 08:00:00,83.66475449162472,5.406272448455981,5.445942634936271,1765.6784036265135,0.9419886369368637,1
M-02,2026-01-04 09:00:00,85.15461034125721,5.954779436997847,5.504563857012151,1673.7580254721304,0.602556322497993,1
M-02,2026-01-04 10:00:00,88.04525267007587,5.431759365236907,5.716630956731972,1573.2507772734991,0.6282219921105271,1
M-02,2026-01-04 11:00:00,92.22589500242282,4.641898304280568,5.837060969488962,1659.4128843003343,0.7551931822723271,1
M-02,2026-01-04 12:00:00,82.82889912090991,5.653890228748596,5.470974007771973,1617.9119155799522,0.5592854296146463,1
M-02,2026-01-04 13:00:00,89.44800120967024,5.749598385538057,5.53079844745325,1702.9527515869722,0.9444957601757324,1
M-02,2026-01-04 14:00:00,86.75534939752588,5.558189797775948,5.728256848518316,1632.6708075574356,0.6780533811724534,1
M-02,2026-01-04 15:00:00,96.5143720983265,5.931188037967486,5.7610944447106665,1695.8367111827472,0.741639951178942,1
M-02,2026-01-04 16:00:00,85.28072580122563,5.790366162376667,5.286934371270688,1579.2809031199708,0.5525197474889083,1
M-02,2026-01-04 17:00:00,94.33815388208029,5.890222971944278,4.965107834232699,1723.3608387359207,0.9985001671639078,0
M-02,2026-01-04 18:00:00,55.76773885551085,1.4867739872970611,6.148883444182616,1662.998310701932,0.7267383519495415,0
M-02,2026-01-04 19:00:00,56.31371140542901,1.768051478982645,6.577236072309487,1613.128285391196,0.6697728182638053,0
M-02,2026-01-04 20:00:00,56.955156077481114,1.2181306658664062,6.274396186331275,1575.7748351700932,0.7443316005106139,0
M-02,2026-01-04 21:00:00,55.480032192772946,2.2884876620953922,6.029742872377264,1706.502496361754,0.9320795418868331,0
M-02,2026-01-04 22:00:00,57.495498654570284,2.198128969433794,6.138198914872932,1571.551844497432,,0
M-02,2026-01-04 23:00:00,58.306440824347376,1.511157673365278,5.959205304251233,1567.8983970448612,0.6103759623880863,0
M-02,2026-01-05 00:00:00,51.279209069602764,1.4656432068887966,6.702527439063178,1712.1762853489133,0.9136831645170662,0
M-02,2026-01-05 01:00:00,54.2121625974456,1.5450972697079786,6.2524665700205615,1659.1924244277852,0.835800940888737,0
M-02,2026-01-05 02:00:00,53.365841294284664,2.205446462217863,6.166848834841955,1615.9386899886822,0.6195316186702664,0
M-02,2026-01-05 03:00:00,58.90816707731106,0.8425249433304719,6.377243185478211,1558.4568292304687,0.6995868102585026,0
M-02,2026-01-05 04:00:00,60.083488360285635,1.2448948348755127,5.961747990894944,1645.0547805308784,0.7690237198347732,0
M-02,2026-01-05 05:00:00,58.43066657639374,0.9496670180865372,6.243886715316619,1648.8861961064877,0.679960480067101,0
M-02,2026-01-05 06:00:00,60.7714168115804,1.6508431047747498,5.757035155634277,1741.846666083367,0.963363452081109,0
M-02,2026-01-05 07:00:00,58.89587131382915,2.558804144669061,6.226284144714778,1613.9155534231588,0.5557808118501525,0
M-02,2026-01-05 08:00:00,60.05483607085012,2.506940002214675,6.094127862806232,1711.7553412202406,0.9148933080597816,0
M-02,2026-01-05 09:00:00,56.71819418490518,3.15114896967174,5.9497690098275795,1688.8058149076421,0.8316294793196439,0
M-02,2026-01-05 10:00:00,58.04978547934981,1.9609429503743012,6.152450010005784,1564.2590976732963,0.5809050934971266,0
M-02,2026-01-05 11:00:00,61.31870560695043,1.9585869229540418,6.109472940128976,1606.782819666314,0.6363524224564334,0
M-02,2026-01-05 12:00:00,59.71113546952671,2.661953579670079,5.893871460496485,1662.5007501950581,0.8077168611699372,0
M-02,2026-01-05 13:00:00,56.958451898019355,2.8119041104207043,5.9700948021632545,1627.2629862333388,0.5930928333369254,0
M-02,2026-01-05 14:00:00,57.26960544854269,,6.389904310073709,1625.8077196595893,0.771224315193098,0
M-02,2026-01-05 15:00:00,62.36577817719088,2.472989099865064,5.934427116628641,1613.2651754136082,0.7068818905117835,0
M-02,2026-01-05 16:00:00,52.566806106518946,2.611719387366626,5.89697877731903,1619.3005335258488,0.5798593651404709,0
M-02,2026-01-05 17:00:00,65.77348748828034,2.4185795291249716,6.546983217458551,1652.387521704516,0.8273179157457564,0
M-02,2026-01-05 18:00:00,63.76206233936111,2.921003764631803,6.0314890718946845,1818.0907843713321,0.9876079830409172,0
M-02,2026-01-05 19:00:00,63.46866679657993,2.9807357372694505,5.834303932010486,1556.829725770236,0.5792849322298822,0
M-02,2026-01-05 20:00:00,63.33555982399943,2.499290874407668,-99.0,1686.3699418464869,0.8372560652928056,0
M-02,2026-01-05 21:00:00,66.97649812641897,2.7844924271873452,6.213867397834008,1627.1686246265842,0.7987878880908386,0
M-02,2026-01-05 22:00:00,68.9143107929794,3.511673559262071,5.685164002873401,1711.9482952196308,0.9301285260464808,0
M-02,2026-01-05 23:00:00,64.42407239077805,2.5172299625800405,6.352387711257072,1621.6170852284272,0.7433330931992989,0
M-02,2026-01-06 00:00:00,65.5990694911245,2.14010497145039,6.069263014078038,1741.022228413754,0.9908982435023838,0
M-02,2026-01-06 01:00:00,64.8151938674037,3.201365934694518,6.026602613022851,1649.5681031730162,0.7154712121746105,0
M-02,2026-01-06 02:00:00,66.66185343011725,2.590889646920811,6.194404980345177,1577.4158113724766,0.58817701431165,0
M-02,2026-01-06 03:00:00,67.97459180934361,2.845796959720673,6.436566930222662,1593.2422328137156,0.6675274378074658,0
M-02,2026-01-06 04:00:00,62.2971099076716,2.2658252237392005,6.197776504868584,1657.1785093265134,0.7352136202741617,0
M-02,2026-01-06 05:00:00,65.06572192162197,3.6913302529607757,5.8463907476008,1607.131408320252,0.7240174135804782,0
M-02,2026-01-06 06:00:00,74.7171772410388,2.7421985693649495,6.235697823574736,1766.3232725713092,0.9384181885723814,0
M-02,2026-01-06 07:00:00,68.4744022964815,3.261712481894928,5.666745251055537,1561.8154403803107,0.5751733932885026,0
M-02,2026-01-06 08:00:00,67.78426048801053,2.9715338808778404,5.588238661511193,1662.2528928860747,0.8591042149834314,0
M-02,2026-01-06 09:00:00,67.29162061398435,3.3474640334749908,6.570422467023165,1602.2436727242211,0.5798407679294387,0
M-02,2026-01-06 10:00:00,62.79012834577225,,5.595737630909457,1631.5980461418692,0.6602413865455731,0
M-02,2026-01-06 11:00:00,74.1300602521083,2.906517077603766,5.580911204563713,1708.1673139936686,0.7906608609311808,0
M-02,2026-01-06 12:00:00,66.17958112494662,2.934614891790649,6.070604156887479,1658.5433438101188,0.6793733299584997,0
M-02,2026-01-06 13:00:00,71.78233229853281,3.568328837375123,6.023583091789796,1701.7126870253685,0.8763020599703397,0
M-02,2026-01-06 14:00:00,69.36901583606831,3.083314700790855,6.28555322402818,1594.3738260408081,0.6981371519793553,0
M-02,2026-01-06 15:00:00,72.45910144873504,3.1275236262401696,5.542173076313409,1738.3236081034981,0.9805998701422864,0
M-02,2026-01-06 16:00:00,68.74042670352286,2.3517954961321985,5.566896978919506,1693.1716319040193,0.6324312716351543,0
M-02,2026-01-06 17:00:00,66.9144557702218,3.30169495949656,6.099542041125156,1593.6089459437592,0.6351878616402562,0
M-02,2026-01-06 18:00:00,71.0571500808639,3.294898971167203,6.101615646799111,1662.8587730826662,0.5931457919654886,0
M-02,2026-01-06 19:00:00,69.90367443528366,3.8138935623932753,6.048268515123761,1651.5025826031656,0.8254370147058532,0
M-02,2026-01-06 20:00:00,70.12838380436024,3.686359258882505,5.9515207538281,1711.7542081057272,0.8979850036042283,0
M-02,2026-01-06 21:00:00,72.3593226820121,3.627848690865933,5.746036777287216,1830.1400702453277,0.9632906801253647,0
M-02,2026-01-06 22:00:00,72.06054309582386,4.542339205886534,5.565142903617526,1734.1488831310508,0.9121188648615342,0
M-02,2026-01-06 23:00:00,76.34995159737879,4.229846565190364,5.770716122709136,1655.747374887918,0.7113050404446528,0
M-02,2026-01-07 00:00:00,70.76143178752758,3.636436821048948,5.45459525124959,1673.2169684938624,0.7401326813105564,0
M-02,2026-01-07 01:00:00,,3.3666279042256337,6.158889751628934,1684.1538071036134,0.7530762257046762,0
M-02,2026-01-07 02:00:00,69.9442107504692,4.4495743853237455,5.498616158510203,1619.2350004133548,0.5517756820122376,0
M-02,2026-01-07 03:00:00,76.8148134033263,4.268977272646285,6.080067279397609,1708.590651653911,0.8602015872645519,0
M-02,2026-01-07 04:00:00,75.19350556896863,4.138327867592997,5.892056317321818,1675.7210050668543,0.7034959177403761,0
M-02,2026-01-07 05:00:00,72.27575272980249,4.0706194724063876,6.241261831066587,1716.3302174051432,0.9512090993522493,0
M-02,2026-01-07 06:00:00,69.75599198556192,3.76646809394861,5.910845352635514,1585.9960992796723,0.8211168990790769,0
M-02,2026-01-07 07:00:00,78.52799736435146,4.215950829372679,6.031047884574567,1654.4759305322614,0.7055636637928862,0
M-02,2026-01-07 08:00:00,78.32783112116111,3.820471214637257,6.114863258340702,1800.2590775425679,0.9914414234571164,0
M-02,2026-01-07 09:00:00,73.6195343370564,4.724064405150939,5.92609154908518,1665.7727715855642,0.7264923418063904,0
M-02,2026-01-07 10:00:00,73.68643495626591,4.479303764722452,6.125926534004175,1716.6097690046095,0.7414947856223747,0
M-02,2026-01-07 11:00:00,78.9925474528611,5.228382478434546,5.549741963667714,1701.7462205058637,0.8680502158792033,0
M-02,2026-01-07 12:00:00,85.11483382837496,3.976975324717819,5.511207744130657,1693.85601413194,0.7171760682220252,1
M-02,2026-01-07 13:00:00,76.78026215276687,4.817640062582063,5.903278032094632,1614.279441540111,0.5665204844112024,0
M-02,2026-01-07 14:00:00,91.88956202032185,4.71185693137073,5.764762054515625,1674.8672958801099,0.9151214281852441,1
M-02,2026-01-07 15:00:00,76.72312287393248,4.449252215392296,6.173206571015946,1667.402125472866,0.6392893810426937,0
M-02,2026-01-07 16:00:00,84.45186061477744,4.493358461457926,5.2852883166963025,1730.749784644551,0.8737563728494137,0
M-02,2026-01-07 17:00:00,77.95466937763418,4.502330461778221,5.893220774453816,1672.5516279931212,0.8302935955856208,0
M-02,2026-01-07 18:00:00,80.13324645885685,4.849284913203458,5.421049022165044,1677.4348950840747,0.9279044307352817,1
M-02,2026-01-07 19:00:00,82.51824282031632,4.3962249410099,5.494045316095154,1670.8122255244969,0.6376773270301853,1
M-02,2026-01-07 20:00:00,83.61631796230115,5.070258609025137,,1570.8745266651506,0.5698653170015382,1
M-02,2026-01-07 21:00:00,,5.017297280269356,5.836903908737982,1679.909380186233,0.9046985688998754,0
M-02,2026-01-07 22:00:00,86.0949384050935,5.014416538841902,5.932984235433291,1681.63964175006,0.7569769316214362,1
M-02,2026-01-07 23:00:00,81.91692717658658,4.812271817501486,5.593099700625404,1687.7184341755017,0.777664006041189,0
M-02,2026-01-08 00:00:00,82.30123699916099,4.546655070831429,5.918749797186711,1692.7506380180407,0.8014571126758756,1
M-02,2026-01-08 01:00:00,76.5689617296403,4.926578592994057,5.58827265104281,1595.5719682605993,0.6162237472086749,1
M-02,2026-01-08 02:00:00,85.15324301613205,5.9511935111545755,5.8958820081821255,1653.729415186737,0.7280950644575966,1
M-02,2026-01-08 03:00:00,80.9549513729917,4.695940026628316,5.4390952013825515,1586.0232091958903,0.5641262289639539,1
M-02,2026-01-08 04:00:00,78.99605351505707,4.7626910724942695,5.566141823143551,1590.749814600747,0.5645479896301748,1
M-02,2026-01-08 05:00:00,79.4500942906484,5.317881583424186,5.730475936543966,1648.2837170537107,0.7218948515493615,1
M-02,2026-01-08 06:00:00,81.08002984634517,5.479784478501536,5.633525235143111,1652.5376543247426,0.6614551003105731,1
M-02,2026-01-08 07:00:00,83.76534887824754,5.711592693401087,5.419445903570269,1682.2331405303385,0.7900246003757263,1
M-02,2026-01-08 08:00:00,84.99025044199621,5.436924837812696,5.140145180536981,1640.6952518338837,0.637971982725316,1
M-02,2026-01-08 09:00:00,84.92461825736892,4.8106010271305735,5.5757049298042,1630.4649327831394,0.7500947366311281,1
M-02,2026-01-08 10:00:00,86.17966026708541,5.616908506102835,5.29864353068315,1636.3749098482126,0.804272250813459,1
M-02,2026-01-08 11:00:00,83.40850311910039,5.758143174598802,5.674945435386104,1628.9014608118246,0.7793871279933611,0
M-02,2026-01-08 12:00:00,56.046395292908116,1.36844223939782,6.3226412791004725,1661.7436652699225,0.6902195746940006,0
M-02,2026-01-08 13:00:00,51.782463232159344,1.2099492061266206,6.394346144819447,1669.4959969872978,0.7451872117494284,0
M-02,2026-01-08 14:00:00,51.29706963454019,0.8822069662012492,6.463179145375896,1684.0434026151238,0.7704710199804082,0
M-02,2026-01-08 15:00:00,48.86253433458108,1.3168109189689725,6.7604555039092515,1633.3747930381517,0.6515435768102719,0
M-02,2026-01-08 16:00:00,48.30177992493256,1.767238500876195,6.43100572004005,1580.8955749873585,0.583790221284936,0
M-02,2026-01-08 17:00:00,57.87069437142628,1.1314019343350417,6.414359441611654,1717.9006581970968,0.8509149491837189,0
M-02,2026-01-08 18:00:00,54.94907461813772,0.5873065227641896,6.425845723749708,1680.029926335357,0.8046617103096199,0
M-02,2026-01-08 19:00:00,54.11682475625513,1.943169931918208,6.056850050905935,1608.4442329821545,0.6297701849276267,0
M-02,2026-01-08 20:00:00,56.85924527892794,2.606261117252144,6.500103606989348,1756.7737057343531,0.9062596653297922,0
M-02,2026-01-08 21:00:00,52.587585382477855,1.7195512812608558,6.441873122876029,1620.9729998173693,0.5910262909897386,0
M-02,2026-01-08 22:00:00,56.290898128385294,1.794186148134186,6.536547417930636,1709.0361571008273,0.9835846138266294,0
M-02,2026-01-08 23:00:00,56.82349272894221,1.4353679614486405,6.707096628198394,1637.5027584339086,0.7203867727092821,0
M-02,2026-01-09 00:00:00,52.75897566972218,1.5529623685809093,6.236204170139609,1606.7599216761184,0.6421239817009357,0
M-02,2026-01-09 01:00:00,54.421823289488174,1.8852424224418822,6.372576975459854,1599.8359205404636,0.7106577845502708,0
M-02,2026-01-09 02:00:00,60.416922141248726,1.4699322353863786,6.282458118355061,1692.0651446826364,0.9638998369130232,0
M-02,2026-01-09 03:00:00,54.00522315186148,1.4801858104939913,6.382973056040114,1626.7282134205918,0.5998330631227113,0
M-02,2026-01-09 04:00:00,58.81289482954993,2.1141696512662276,6.224003637702017,1566.2018448809604,0.6603977648008256,0
M-02,2026-01-09 05:00:00,,1.7685717233770217,6.306103403780044,1587.1735674957283,0.6122812595572908,0
M-02,2026-01-09 06:00:00,66.15477251759282,2.900715983980719,6.649447076719315,1748.0893372862452,0.8669930650975353,0
M-02,2026-01-09 07:00:00,59.917494539801616,1.240313935824647,6.607920987540665,1764.0513259997736,0.927264199421388,0
M-02,2026-01-09 08:00:00,58.55062020502708,1.1474635389317829,6.462874402728262,1662.553677045489,0.9104842596735292,0
M-02,2026-01-09 09:00:00,53.800479164671984,2.100030912243039,6.137995929618456,1626.2576455663361,0.5626315053612807,0
M-02,2026-01-09 10:00:00,51.895455147827555,1.055958269303206,6.661765247224474,1700.279316668191,0.6495810803562934,0
M-02,2026-01-09 11:00:00,57.96727894959249,2.4845211654059485,6.073120190187071,1604.8833619347658,0.5616176473951617,0
M-02,2026-01-09 12:00:00,59.69883130353006,2.2491058645789863,5.952355671439038,1722.8364152439037,0.8772168232773732,0
M-02,2026-01-09 13:00:00,65.47919683899809,2.0755129797680096,6.41971120502397,1633.1645470206317,0.8453877056473301,0
M-02,2026-01-09 14:00:00,65.69645052063042,1.3292172264052242,6.153708401752371,1652.8287683837516,0.5766990245762353,0
M-02,2026-01-09 15:00:00,,2.3551727028617093,6.557013848126312,1650.4729251814656,0.6707895480825787,0
M-02,2026-01-09 16:00:00,58.620073699419734,2.2132666228212106,5.86725581472209,1623.068582153866,0.5889876365328925,0
M-02,2026-01-09 17:00:00,64.34504129684163,1.8644241987931292,6.336806293687637,1664.0729752491102,0.8023279538465937,0
M-02,2026-01-09 18:00:00,66.41523851176325,2.508123300416031,6.320511421984977,1748.895523942351,0.98584966490624,0
M-02,2026-01-09 19:00:00,64.33191805459089,2.822658743505041,6.299086317478139,1705.7323607846827,0.9508506789145132,0
M-02,2026-01-09 20:00:00,64.27248875559482,2.9473147027464,6.070265458886949,1774.562523607418,0.9678376611335076,0
M-02,2026-01-09 21:00:00,64.7976784937639,2.6980884518467567,6.399513973634362,1746.6896532383898,0.9959634122617314,0
M-02,2026-01-09 22:00:00,65.92179584025966,3.3993513502390926,6.3956692058365165,1720.6517152862764,0.9082073764412177,0
M-02,2026-01-09 23:00:00,65.05231988420209,2.8256612430512154,6.295366949661415,1720.2115620799939,0.839968087680319,0
M-02,2026-01-10 00:00:00,66.6144365346947,2.27967145459488,6.409332671428026,1795.725617667288,0.9843167222327418,0
M-02,2026-01-10 01:00:00,67.9870486862104,3.3857272960340152,6.25049116590423,1624.7140323811043,0.7748089202612976,0
M-02,2026-01-10 02:00:00,63.484479489885814,2.3433299261229887,6.184871115864256,1608.2490204688108,0.6228232051762175,0
M-02,2026-01-10 03:00:00,63.55334664042392,2.363093995447867,6.143386098536831,1587.8280034236936,0.5899902238811079,0
M-02,2026-01-10 04:00:00,67.34748092421529,3.2443396365084594,6.186960869803608,1698.564411685211,0.9318769733307866,0
M-02,2026-01-10 05:00:00,69.67483244970103,3.145711127031064,5.899283576120789,1714.6576328414053,0.8692393638696401,0
M-02,2026-01-10 06:00:00,63.7745552778048,3.0863476184808016,6.532007749536049,1680.6782892697825,0.9306770506537954,0
M-02,2026-01-10 07:00:00,67.33547391527803,3.152018456785265,6.292071998942518,1619.5166717502434,0.6187121620748997,0
M-02,2026-01-10 08:00:00,67.56747157316308,2.820681900249367,5.541365394196614,1681.820747125057,0.7776239934504366,0
M-02,2026-01-10 09:00:00,71.70629436043477,2.985462114288189,5.924651410072643,1738.2345827712725,0.8679203733703097,0
M-02,2026-01-10 10:00:00,72.10704806014262,3.2346035152385717,6.0286725776642625,1660.6786505628013,0.8201468764079726,0
M-02,2026-01-10 11:00:00,69.42264791006171,3.122472485802584,5.601865773131161,1650.8084706802185,0.7203279684198837,0
M-02,2026-01-10 12:00:00,67.84086020181637,3.174971689925666,5.801960606969279,1642.2431013517787,0.5994561302417736,0
M-02,2026-01-10 13:00:00,69.61703482156986,3.4153413879993733,6.046636953450176,1602.661139512227,0.6329291780057006,0
M-02,2026-01-10 14:00:00,70.04299847637996,4.13470018556822,5.8515995768240705,1681.8379424218365,0.8105697792340973,0
M-02,2026-01-10 15:00:00,72.34593347793114,3.77090364006519,6.106837531921288,1641.9794403895553,0.6624211031433181,0
M-02,2026-01-10 16:00:00,71.53876064477164,3.671516401880104,6.422154871235661,1785.697808146399,0.980925546664784,0
M-02,2026-01-10 17:00:00,69.5091641907436,3.4562445171202536,6.1422674637439885,1718.4954530137645,0.7612702892649371,0
M-02,2026-01-10 18:00:00,78.85449469122125,3.6766136919541794,6.349181267263466,1659.439919760678,0.7205711818743581,0
M-02,2026-01-10 19:00:00,75.36155061220066,4.2888123767892194,5.625686946634299,1633.2334983948147,0.7016264792072286,0
M-02,2026-01-10 20:00:00,72.49079563840456,4.163350596649462,6.154051975696482,1689.1874780633925,0.8712141463911929,0
M-02,2026-01-10 21:00:00,72.41587100387576,3.8308364657346656,5.872859274640032,1701.2901790451633,0.9575166921592445,0
M-02,2026-01-10 22:00:00,75.56822376682297,2.955803013789103,5.59885756214986,1598.4529947098526,0.7533027110970968,0
M-02,2026-01-10 23:00:00,75.1856540430589,4.616661636612552,6.262583329412482,1629.766225640871,0.8370656873203706,0
M-02,2026-01-11 00:00:00,72.35041475698195,3.897640185822168,6.137332456173741,1727.9985376842678,0.8771727916758723,0
M-02,2026-01-11 01:00:00,69.46025718410456,3.6576287869590702,5.614736234573882,1703.7285746967307,0.8599638585310517,0
M-02,2026-01-11 02:00:00,76.88182931127972,4.0676194744969285,5.943525498529188,1742.5114945727546,0.9636711675976318,0
M-02,2026-01-11 03:00:00,78.83828545915142,3.86795892141732,5.78151520288333,1701.3942422192858,0.7449357500361575,0
M-02,2026-01-11 04:00:00,72.84959180071026,3.9998896100867145,5.551391763755228,1747.808807085339,0.7749467491283161,1
M-02,2026-01-11 05:00:00,77.46791205890614,4.238077490022186,5.69887830997989,1736.3343851865466,0.9742440667095162,0
M-02,2026-01-11 06:00:00,77.53790601839063,4.710794545791083,6.098577519678749,1660.2790907656185,0.7624253511838037,0
M-02,2026-01-11 07:00:00,80.63937509092237,4.02653789581638,5.466995231882098,1686.7109972337853,0.8377331456312201,0
M-02,2026-01-11 08:00:00,81.61088428457062,3.996184745583634,6.015339882776849,1589.9996040531823,0.6080720153042155,0
M-02,2026-01-11 09:00:00,80.35605715679036,4.511669720680707,5.555436577200424,1679.855264385888,0.7115557744647093,0
M-02,2026-01-11 10:00:00,72.74095665002399,4.668294012117805,5.648484860215242,1620.3039614660781,0.6425501754986106,0
M-02,2026-01-11 11:00:00,79.40822409521311,4.449109537702795,6.088605820431401,1704.1261084764772,0.8659247780928623,0
M-02,2026-01-11 12:00:00,79.11392795535588,4.052216655403364,5.3173322771260985,1622.8719669158218,0.5732234492375182,0
M-02,2026-01-11 13:00:00,82.19743725985825,4.71583392726785,5.8443690090162965,1724.5175410060992,0.8667179839091605,0
M-02,2026-01-11 14:00:00,79.32320279669983,4.901882408911788,5.583620747393921,1625.9718662887935,0.6420136397562848,1
M-02,2026-01-11 15:00:00,86.98859632407029,5.2141815578535535,5.648951412891732,1723.4951899120974,0.9440765882498992,1
M-02,2026-01-11 16:00:00,80.48857576430736,4.136053470920717,5.726302490972064,1670.7448035819648,0.7582695105507561,1
M-02,2026-01-11 17:00:00,83.14115897566697,5.829087239609519,5.71753288145616,1683.9808297564298,0.9423954386757485,1
M-02,2026-01-11 18:00:00,85.06676594283711,4.432248859933508,5.573803766290312,1705.4782886263085,0.8888991384404902,1
M-02,2026-01-11 19:00:00,85.86444683269436,5.41578621205568,5.5590775044704195,1772.780197729031,0.9448335224610125,1
M-02,2026-01-11 20:00:00,78.23751033508493,4.932210783757009,5.934981424729925,1591.6445880165143,0.6077701738254321,0
M-02,2026-01-11 21:00:00,84.39505211941496,4.783993861499362,5.486860710919091,1577.1694540415112,0.6407379664543724,1
M-02,2026-01-11 22:00:00,84.53062020133736,4.696550012961102,5.923139084667701,1670.6158191939248,0.831709405045804,1
M-02,2026-01-11 23:00:00,83.18840466543037,4.3944426864312165,6.178617159086744,1627.0571617851867,0.610007142331222,1
M-02,2026-01-12 00:00:00,87.5208621258128,5.711566044823736,5.4300842953550585,1723.1867427346058,0.891543352250006,1
M-02,2026-01-12 01:00:00,83.94076705900136,5.3101714743058475,5.5466691071725265,1608.2086259388402,0.6199806704555226,1
M-02,2026-01-12 02:00:00,90.95777440665411,4.9839461670883605,5.711495740523194,1735.7807702454386,0.9161552668066573,1
M-02,2026-01-12 03:00:00,80.92883988091593,4.914737227128053,5.032012998077764,1674.4910302005778,0.6434570132968037,0
M-02,2026-01-12 04:00:00,79.4542489526255,4.4695529674638,5.561355682508664,1744.097028424197,0.7860853703778796,1
M-02,2026-01-12 05:00:00,85.48077347989368,5.348497240352344,5.858943047488762,1694.4598986211574,0.8759091590771046,0
M-02,2026-01-12 06:00:00,58.6012020031124,2.2872764098533342,6.089440952835916,1743.9663766663905,0.8420936552935897,0
M-02,2026-01-12 07:00:00,57.14482692599015,1.6029384313411439,6.2534988627283425,1579.8454219596756,0.5581030865408668,0
M-02,2026-01-12 08:00:00,54.05409524456357,,5.81015790700752,1682.4847130869034,0.7453021044929018,0
M-02,2026-01-12 09:00:00,59.82479243254255,1.9311396762051733,6.337549592062678,1682.1906502357547,0.7904286469645325,0
M-02,2026-01-12 10:00:00,60.67664066685497,2.729944986465155,6.643250859820543,1615.6292066075873,0.7523984988087751,0
M-02,2026-01-12 11:00:00,65.57989965650171,2.481341821442942,6.3025356661605745,1736.602930592243,0.9451131727089586,0
M-02,2026-01-12 12:00:00,63.26079536830025,2.2882258173607126,6.1161489490297205,1673.0944808537304,0.7035574620946167,0
M-02,2026-01-12 13:00:00,60.161557883995826,2.6420462272546326,6.609617976001713,1671.714277311535,0.8512660846958628,0
M-02,2026-01-12 14:00:00,61.311320115157386,1.9585675646938363,6.652153672315527,1619.8965198486912,0.5860662444417438,0
M-02,2026-01-12 15:00:00,58.813047766496915,2.178918986369166,5.862926776590955,1604.4940332753824,0.6015037137264505,0
M-02,2026-01-12 16:00:00,62.87350130122035,2.136991965489131,6.142559442314243,1692.657615619544,0.7600179745369414,0
M-02,2026-01-12 17:00:00,63.7814482990139,1.49019997707348,6.332789839044157,1598.6644330050328,0.7350189120548224,0
M-02,2026-01-12 18:00:00,65.38674276867098,1.8167167312835502,5.739968285878233,1614.3489942350752,0.599090483654869,0
M-02,2026-01-12 19:00:00,64.75812233929784,1.509246305639146,5.879855580105918,1666.7328441303366,0.8196156674144685,0
M-02,2026-01-12 20:00:00,66.5396690835474,2.3790973834953983,5.52355882096053,1686.017737139522,0.7781082325624931,0
M-02,2026-01-12 21:00:00,66.02720632734287,1.951875824601602,5.991242835382114,1794.7406414401219,0.9344489642400668,0
M-02,2026-01-12 22:00:00,66.74659879322907,2.344731130386706,5.816810661339006,1723.9250820222887,0.7727031164770946,0
M-02,2026-01-12 23:00:00,62.10411386092102,3.527808243634755,6.092591987333791,1773.3882846582978,0.9270908642053305,0
M-02,2026-01-13 00:00:00,62.57776389385076,3.3203314847564878,6.45173137701775,,0.65152414190433,0
M-02,2026-01-13 01:00:00,62.730552068573274,2.8186254326594438,5.7424328642460605,1684.8642644421443,0.8605434338707365,0
M-02,2026-01-13 02:00:00,65.96793571155682,2.2903295204836227,6.463827853550106,1717.4496654594973,0.8576707208305796,0
M-02,2026-01-13 03:00:00,63.79662466510404,3.5991316520042878,5.913916139935019,1632.771656637179,0.682891078305138,0
M-02,2026-01-13 04:00:00,68.4940662582728,3.108014026046391,6.368229760254994,1700.957529291019,0.7708742048161827,0
M-02,2026-01-13 05:00:00,64.62507486990258,3.8321316496591047,5.66179845345519,1647.6710482119681,0.8502828742072899,0
M-02,2026-01-13 06:00:00,67.64542541560114,3.3921679395898585,5.532553063187238,1649.362060327046,0.76241752572396,0
M-02,2026-01-13 07:00:00,63.02597367058671,2.4262051827579096,6.148261568545831,1710.0577694492677,0.7796969060818493,0
M-02,2026-01-13 08:00:00,68.84754653019195,2.9624994193779046,5.734435328053035,1647.7036982687891,0.6512357115080765,0
M-02,2026-01-13 09:00:00,70.19008772478072,2.5930810112661065,6.168803845875934,1705.0836958864884,0.871805810555658,0
M-02,2026-01-13 10:00:00,66.97616145676673,3.5556827467546572,5.634330707350962,1645.293423370603,0.8001869459680788,0
M-02,2026-01-13 11:00:00,71.7649020358668,2.482379644866884,6.313685170922494,1679.029524492588,0.6622851911375975,0
M-02,2026-01-13 12:00:00,71.07901057965768,3.7851760201457596,6.361798485257882,1712.2708036979911,0.9792850227160992,0
M-02,2026-01-13 13:00:00,68.97595360382863,3.1579198469621166,6.238951326609235,1701.1799993300358,0.7306840372061243,0
M-02,2026-01-13 14:00:00,74.95241797263387,3.6278795051597053,5.5224292798215755,1676.358312136742,0.9962965604137167,0
M-02,2026-01-13 15:00:00,66.15755559060038,3.356418247119722,6.020991147270567,1607.7170579494186,0.601762421093665,0
M-02,2026-01-13 16:00:00,75.36235494280176,3.3253564380149885,5.850971077770819,1729.5565940996455,0.9056415293848128,0
M-02,2026-01-13 17:00:00,67.00014690199836,3.4888700533070125,5.623735034858318,1592.240090892663,0.6610658007831375,0
M-02,2026-01-13 18:00:00,73.54833365269732,2.6561777708724676,5.758489818697925,1727.9286506357184,0.8908177899459035,0
M-02,2026-01-13 19:00:00,74.26823179518364,3.7725820420668468,6.219414383455778,1706.3555809099835,0.9408247716366445,0
M-02,2026-01-13 20:00:00,71.16220552714394,3.9984260037318045,,1730.2147525926127,0.9883063677004413,0
M-02,2026-01-13 21:00:00,75.40921568194902,2.9947459394387392,5.472791583791073,1682.8946718808795,0.6645462453037041,0
M-02,2026-01-13 22:00:00,69.07377233613268,3.8345418107388554,5.5756776013727265,1637.2759936498805,0.5592443655376648,0
M-02,2026-01-13 23:00:00,71.85343533021452,2.7206169067612755,5.426731340267641,1688.0286262223588,0.6674527489611685,0
M-02,2026-01-14 00:00:00,78.0241983903386,4.583703729690611,5.78676860571348,1712.0783549006203,0.9321191295398044,0
M-02,2026-01-14 01:00:00,74.58636731028412,4.13372167667899,5.876647754700872,1800.6471822222009,0.9315457042647156,0
M-02,2026-01-14 02:00:00,72.01207978077329,4.209284196260328,5.644661980200394,1675.952263463831,0.7488897121384334,0
M-02,2026-01-14 03:00:00,82.60733268421501,4.662212117727004,6.110387088881634,1678.1693040712012,0.7183408209664311,0
M-02,2026-01-14 04:00:00,81.61674426799001,3.62570774905084,5.664561682343193,1756.236405462823,0.9616790569161844,0
M-02,2026-01-14 05:00:00,75.22873934703736,4.155352599562629,5.751115865438663,1713.6245543719433,0.8106669492248909,0
M-02,2026-01-14 06:00:00,75.69999712546415,3.59415261938517,5.703170247969055,1681.3380287174593,0.8978479277956202,0
M-02,2026-01-14 07:00:00,77.25857881249432,5.0967663210860845,5.5954308572133495,1736.8094579736705,0.974255843857448,0
M-02,2026-01-14 08:00:00,81.57552368921111,4.4225990318347534,6.03677305193944,1661.950673692979,0.8149413134684483,1
M-02,2026-01-14 09:00:00,83.3169299714763,3.5305963935600793,5.536925703087149,1745.1663952634703,0.9038756038160423,1
M-02,2026-01-14 10:00:00,80.29457286220502,4.053148995153976,5.649948928661686,1583.1560295964791,0.6307166764282167,0
M-02,2026-01-14 11:00:00,75.45336806128498,4.040663809320092,5.6777250059132784,1606.1383474568668,0.6172771385852314,0
M-02,2026-01-14 12:00:00,80.74036097611814,4.159555020507931,5.588770584955182,1648.08160538758,0.8792416405949194,0
M-02,2026-01-14 13:00:00,79.05978943456715,4.958690112881898,5.278451474675354,1606.452471265604,0.6447718837508929,0
M-02,2026-01-14 14:00:00,84.43359590969688,4.311904979697179,5.705520344865922,1796.046541134195,0.9860387064584684,0
M-02,2026-01-14 15:00:00,79.13509290978737,4.1861411950571705,5.813412853146359,1617.5389579312764,0.5700058643963712,0
M-02,2026-01-14 16:00:00,79.52057736134772,4.838183154090036,5.909221097682266,1663.1442627661006,0.704095790347827,1
M-02,2026-01-14 17:00:00,77.70472057977133,4.07081891975245,4.8881675655060555,1637.7189854168141,0.6862111963646134,1
M-02,2026-01-14 18:00:00,75.27458732724851,4.399090469605512,5.799503312964063,1637.2408833427512,0.7808147098999012,1
M-02,2026-01-14 19:00:00,80.56155901446382,4.986154978876623,5.914532480581021,1638.9028811907976,0.6733304194130749,0
M-02,2026-01-14 20:00:00,84.50022357142323,4.330404155874374,5.617489697151639,1689.9746232888476,0.8670873335185695,1
M-02,2026-01-14 21:00:00,76.43873224010481,5.050734443828964,5.897752802542737,1600.4420346657726,0.7519090233663082,0
M-02,2026-01-14 22:00:00,83.01411974598012,4.66113728684908,5.414398134111648,1614.6980161605836,0.6053250953809546,1
M-02,2026-01-14 23:00:00,82.3089562187664,4.413624731238811,5.745508471408402,1688.6207099228072,0.777545150338097,1
M-02,2026-01-15 00:00:00,89.58231790729825,4.679505150083168,5.948263653735924,1707.3473745237536,0.9515378027043369,1
M-02,2026-01-15 01:00:00,84.0488018061422,5.743749706625292,5.737995705226939,1707.166702458305,0.9653463939949287,1
M-02,2026-01-15 02:00:00,85.99596359695717,4.569061756759832,5.576149684476273,1640.3898040113338,0.6664757131833028,1
M-02,2026-01-15 03:00:00,83.7411317328829,5.081962171703066,5.895757229542634,1585.3134883702119,0.5659884631130602,1
M-02,2026-01-15 04:00:00,84.24721855843283,5.6327157959979015,5.980422608601789,1679.09004181201,0.874729690763485,0
M-02,2026-01-15 05:00:00,84.48548214926409,5.077212973721707,5.799486648841962,1709.4564006597163,0.938571362903448,1
M-02,2026-01-15 06:00:00,86.59432431378836,4.39506627894002,5.498988556525106,1676.0568214617092,0.9279434272292826,1
M-02,2026-01-15 07:00:00,81.47019543949357,5.376918260033839,5.327623696197432,1606.86254964737,0.6219674163407941,1
M-02,2026-01-15 08:00:00,86.31147539095545,4.879525943791603,-99.0,1612.7994086773722,0.9343249807591807,1
M-02,2026-01-15 09:00:00,85.50123215836034,5.723199690049178,5.853585978678588,1680.96013981681,0.9439472079074087,1
M-02,2026-01-15 10:00:00,90.29834409938081,5.437053789188629,5.420148460752032,1649.442230239984,0.7536287793675379,1
M-02,2026-01-15 11:00:00,82.94613516973769,5.305289595296787,5.345219279017689,1568.578147244202,0.6031568019765357,1
M-02,2026-01-15 12:00:00,86.00891242760977,5.674503151209769,5.554199699794694,1730.6151479765963,0.747180230838496,1
M-02,2026-01-15 13:00:00,88.17755665141739,5.9040769983614645,5.691711232218786,1677.3299478198537,0.808870454498814,1
M-02,2026-01-15 14:00:00,90.51412111869132,4.739613484847769,5.6971850680017315,1688.79990516194,0.8274599306005821,1
M-02,2026-01-15 15:00:00,88.99307039167692,6.236014831216927,6.297927788011988,1745.3371780170855,0.8646905690623493,1
M-02,2026-01-15 16:00:00,91.71662073678671,5.285464857713303,5.1644427391319185,1691.9019562928036,0.8403336822996894,1
M-02,2026-01-15 17:00:00,87.29079106685055,6.012587377324668,5.479452081661848,1710.286166900059,0.7449045433688409,1
M-02,2026-01-15 18:00:00,85.30432978593036,,5.443495248972624,1622.6561810372455,0.7496064100738736,1
M-02,2026-01-15 19:00:00,91.4687378539977,5.490163306414548,5.554314383964303,1733.996917137909,0.9860106175850285,1
M-02,2026-01-15 20:00:00,89.25594992314264,5.179852059733442,5.389108280525313,1677.3437263642427,0.9193311038912413,1
M-02,2026-01-15 21:00:00,87.01503545990724,6.627693255371632,5.461487849074521,1708.985296035268,0.8871993946318333,1
M-02,2026-01-15 22:00:00,91.74821376610014,5.716009064060822,5.46500566350406,1609.0479160865646,0.7655583057912652,1
M-02,2026-01-15 23:00:00,91.59841644943374,6.0596369372010095,5.670024179986184,1560.850814698822,0.5515727414992062,0
M-02,2026-01-16 00:00:00,55.4966335090852,2.0055907574617784,6.237056574310499,1651.3883606139245,0.7811643783114671,0
M-02,2026-01-16 01:00:00,58.7190206303405,1.6827346980108173,5.920082542182455,1704.2603851627002,0.8618388445896565,0
M-02,2026-01-16 02:00:00,59.16462803820627,2.243584012406554,6.28374896341693,1700.4375742215595,0.9115072900402148,0
M-02,2026-01-16 03:00:00,51.841394399793444,2.344063181957525,5.754446268903863,1597.9412338883503,0.7070871733704416,0
M-02,2026-01-16 04:00:00,64.09235518298392,2.3388997730134164,6.304939537992921,1569.4330481047377,0.6703221199576412,0
M-02,2026-01-16 05:00:00,57.236924739686344,2.119122293185974,6.09233031709885,1684.9877600576842,0.72732078842507,0
M-02,2026-01-16 06:00:00,56.3674327770942,1.8899611822157272,6.281297143824252,1571.4115250993484,0.601478000830574,0
M-02,2026-01-16 07:00:00,57.46251675735922,1.8995810823919639,6.159094286983893,1590.8041092660308,0.6219382491592663,0
M-02,2026-01-16 08:00:00,57.9126661830163,2.8859113431292553,6.289713513065823,1595.737826419891,0.5975221558905551,0
M-02,2026-01-16 09:00:00,59.324596305666475,2.0920152022168783,5.861091511539711,1640.8829260142797,0.6495015266699289,0
M-02,2026-01-16 10:00:00,58.4977755888182,3.59685317031812,6.001293731550752,1521.6881031119192,0.5545479899940664,0
M-02,2026-01-16 11:00:00,65.4564387826453,2.0167835086184036,6.475018968461628,1658.8727874798094,0.6654775356723439,0
M-02,2026-01-16 12:00:00,61.920586648526665,2.7669032977519397,6.244914005842195,1586.3912367879102,0.6002272210024702,0
M-02,2026-01-16 13:00:00,62.74534237674407,2.834538824195318,6.266302770392679,1621.8156174434375,0.60642313258148,0
M-02,2026-01-16 14:00:00,66.78554125090122,,5.949136403297637,1740.129354811875,0.9332422760505097,0
M-02,2026-01-16 15:00:00,71.11024424957074,1.8302963116354884,6.355054334743568,1604.3545731431384,0.670137303405778,0
M-02,2026-01-16 16:00:00,60.70933195061678,2.2599346821944972,6.098486090338747,1605.8984024906445,0.6730028457364058,0
M-02,2026-01-16 17:00:00,66.23847873838588,2.0116800904892855,5.6463290845015806,1651.8819367138103,0.7425611742204774,0
M-02,2026-01-16 18:00:00,61.401770341488586,2.1674578804120697,6.196521593395875,1715.269546450955,0.9594065277232151,0
M-02,2026-01-16 19:00:00,62.395384926114076,2.6009079112510394,6.0298570850485955,1709.1855672486759,0.812356419799559,0
M-02,2026-01-16 20:00:00,65.06055060093733,2.6207851260520627,6.262659830320465,1661.850257184959,0.8649757834428864,0
M-02,2026-01-16 21:00:00,64.44947961993465,2.2574131961804818,5.739578558281358,1571.4180185755283,0.5772086082664143,0
M-02,2026-01-16 22:00:00,63.70376962710845,3.1586876671037425,5.855116210666137,1652.4740623906275,0.8107360133184125,0
M-02,2026-01-16 23:00:00,66.78462775052665,2.86286719936184,5.68019330994559,1593.9141702650631,0.6683113324579799,0
M-02,2026-01-17 00:00:00,69.35509178252825,2.54985655318348,5.891389932603713,,0.8661023079340531,0
M-02,2026-01-17 01:00:00,66.40093417766475,3.9362176360734735,6.332651525901326,1699.1320934613736,0.7237150901286812,0
M-02,2026-01-17 02:00:00,70.6195078740868,2.8678546678169017,6.422603136611131,1735.524787289731,0.9182143110942391,0
M-02,2026-01-17 03:00:00,72.80852500192894,2.4135342376321054,6.46782757934545,1639.3821475879595,0.7025643738538697,0
M-02,2026-01-17 04:00:00,62.31545138720055,3.407022511745499,5.737851367166978,1614.1462365929447,0.5949796236450863,0
M-02,2026-01-17 05:00:00,66.4493179854418,2.5538177985444,5.894844168160879,1686.6391709076738,0.5615666972088734,0
M-02,2026-01-17 06:00:00,66.86244342628592,3.1891464582527056,6.01084639078879,1626.8753424722117,0.6901222349208951,0
M-02,2026-01-17 07:00:00,68.40327288484288,3.430631065096315,5.675030939724156,1773.8201555704834,0.995155862057984,0
M-02,2026-01-17 08:00:00,70.59395996374738,2.561860766449649,6.129305152910976,1666.4974288235776,0.786292658135281,0
M-02,2026-01-17 09:00:00,67.0086587335277,2.4598479655948857,5.757388504937452,1609.1203997826865,0.7196127168049983,0
M-02,2026-01-17 10:00:00,75.24621191209341,3.293706417161604,5.890689062367965,1742.3676980656364,0.9814561252955669,0
M-02,2026-01-17 11:00:00,68.0846838446398,4.213927803565774,5.850036836968044,1643.3724878470523,0.7409019776649569,0
M-02,2026-01-17 12:00:00,73.32619258306208,3.5687203386913042,5.814543073578206,1711.523591510994,0.9475891883304046,0
M-02,2026-01-17 13:00:00,75.0777189813418,3.4503072980819556,6.146380071009085,1723.545581636266,0.9323133656339357,0
M-02,2026-01-17 14:00:00,68.95019441637221,3.6952384364806186,5.516351434139415,1669.2411610352754,0.872033156099163,0
M-02,2026-01-17 15:00:00,72.25289845354263,4.37754895131124,5.860088077675211,1690.1524397491564,0.7646484327685626,0
M-02,2026-01-17 16:00:00,71.90692958715825,3.4040375448958513,5.8828758688303555,1703.3996070111918,0.930145484558069,0
M-02,2026-01-17 17:00:00,75.96328219635288,2.9869821997676382,5.669840857187038,1626.766987484028,0.6943061172171336,0
M-02,2026-01-17 18:00:00,81.73894220983902,3.567011610115305,5.760754902725992,1681.626033521187,0.745788808496763,0
M-02,2026-01-17 19:00:00,71.90386756890615,2.6536068350034805,5.884138087565814,1607.726021243097,0.6117390137676995,0
M-02,2026-01-17 20:00:00,72.12073189645413,3.7621197104138733,5.321576448564911,1690.5609110359821,0.9512658150513418,0
M-02,2026-01-17 21:00:00,77.49010217438929,3.0188937004126437,5.778585608007509,1647.8878500280764,0.7558022499189969,0
M-02,2026-01-17 22:00:00,78.45065235600119,4.653335264832101,5.7360380731395075,1779.042325444638,0.9494699891688934,0
M-02,2026-01-17 23:00:00,79.0029850615953,3.3350691543030875,5.960750909787329,1725.9022345004407,0.9210179220576978,0
M-02,2026-01-18 00:00:00,75.70462980698109,4.276060902313301,5.644959281385637,1623.3502654437302,0.7087642463025368,0
M-02,2026-01-18 01:00:00,76.54779189149424,4.07886115978169,6.195417076030455,1716.535436076202,0.9486888008917088,0
M-02,2026-01-18 02:00:00,76.7558954321,4.462493327872874,5.995670379357278,1671.1770292597566,0.7639697520076804,0
M-02,2026-01-18 03:00:00,79.27441398384899,4.6554831775694145,6.169985152505911,1595.8201108669862,0.5764553477051573,0
M-02,2026-01-18 04:00:00,81.20387918823205,4.98587901061594,6.084446372323541,1789.450083530675,0.918167278786901,1
M-02,2026-01-18 05:00:00,73.37753565842003,4.4639245790727005,5.616817933073897,1643.9146461734535,0.6757479877237631,0
M-02,2026-01-18 06:00:00,77.07189433808277,4.786500413479501,5.066063156251269,1618.5475674055047,0.6054222636428003,1
M-02,2026-01-18 07:00:00,81.39449194516308,5.182584595394656,5.777356551893183,1680.2756925648373,0.800501435449686,1
M-02,2026-01-18 08:00:00,77.3423887442175,4.227766089668753,5.450036933575339,1709.1165759225196,0.8303525074349604,0
M-02,2026-01-18 09:00:00,76.98051140473687,4.757902605602178,5.908986595190048,1572.2092439598168,0.6050778109642807,0
M-02,2026-01-18 10:00:00,76.0942768130178,4.823003605542479,6.1089003936240305,1727.0032324139945,0.772371469414957,1
M-02,2026-01-18 11:00:00,82.80722180922506,4.927605078480859,6.261248703231933,1594.5200350307953,0.7892110949487917,1
M-02,2026-01-18 12:00:00,78.82759591372209,5.219627943869378,5.67781594392321,1621.8927999757288,0.6208050424683229,1
M-02,2026-01-18 13:00:00,80.65140418199249,4.815179285725188,5.487727868114555,1760.7370936345117,0.9353569220351903,0
M-02,2026-01-18 14:00:00,78.5055854941891,3.9673366030549007,5.672533351270299,1793.2355299394676,0.8336500241853839,1
M-02,2026-01-18 15:00:00,84.25641391530901,5.113600265090868,5.3206657084685425,1772.6063183204762,0.9276268940121858,1
M-02,2026-01-18 16:00:00,83.53477853595474,5.360744161728877,5.462064240641583,1665.146838099073,0.9282593950472251,1
M-02,2026-01-18 17:00:00,81.76017054176091,5.4338048393800245,5.784831194088473,1699.7719650813387,0.7522557222312973,0
M-02,2026-01-18 18:00:00,81.02004569774576,5.12176185662033,5.521949361803521,1685.6852326961966,0.7205633949976462,1
M-02,2026-01-18 19:00:00,80.75836004340825,5.619892407238867,5.770947788502748,1611.7300697961743,0.6081891634691967,1
M-02,2026-01-18 20:00:00,84.5928992782387,4.9379434895819,5.438395778616377,1642.1100836857242,0.7252502082411796,1
M-02,2026-01-18 21:00:00,79.66472926126075,4.958753737457586,5.7706722779075275,1665.2119790623956,0.673808839896853,1
M-02,2026-01-18 22:00:00,86.18405422509625,5.140193696269229,5.932661449998149,1654.763186000005,0.8100755071343314,1
M-02,2026-01-18 23:00:00,83.58406887650773,4.388139218031773,5.544475404969287,1721.0428961475802,0.7942096199713442,1
M-02,2026-01-19 00:00:00,83.99979464164169,5.283633392044872,5.266321194000441,1719.3369303916309,0.9082301948207725,1
M-02,2026-01-19 01:00:00,95.79062030254401,5.0502944409967,5.44174512726247,1780.2947587398967,0.9896528656071966,1
M-02,2026-01-19 02:00:00,82.70973180644955,5.394163098778974,5.090076070502477,1718.0616688201974,0.8185771170683284,1
M-02,2026-01-19 03:00:00,85.96541880406507,5.560197549467037,5.482777424760454,1697.9412557121682,0.6993523629329066,1
M-02,2026-01-19 04:00:00,82.80389084208622,6.177391500879277,5.3366985245336025,1710.3482837630215,0.7129551388813518,1
M-02,2026-01-19 05:00:00,88.6893768044433,4.052271572408614,5.483332302970564,1632.4084866537535,0.5538076835901989,1
M-02,2026-01-19 06:00:00,85.22393484771086,4.326774365889026,5.62962044139728,1542.0830170309684,0.5942843173540211,1
M-02,2026-01-19 07:00:00,86.45506745466797,5.756035721248781,5.461433008475984,1683.7905677021163,0.786639353933131,1
M-02,2026-01-19 08:00:00,83.84458728509638,4.74385521790453,5.476053162642701,1694.084117620986,0.8613646640210879,1
M-02,2026-01-19 09:00:00,93.29772452805112,5.664403690750098,5.5597941555231865,1642.0830840322242,0.671942566637079,1
M-02,2026-01-19 10:00:00,91.47005195770302,5.984639143820671,5.0331570814119715,1673.2817265059439,0.9594896979327033,1
M-02,2026-01-19 11:00:00,89.63399569558527,5.707494059233137,5.6257689429634405,1561.7378924371635,0.5866677910623099,1
M-02,2026-01-19 12:00:00,92.08546412979155,4.915597163670032,5.554912438088514,1680.4993649090566,0.9483266949727301,1
M-02,2026-01-19 13:00:00,89.93615802145874,5.06413402505089,5.290965313681128,1578.2802041007556,0.6595098642641247,1
M-02,2026-01-19 14:00:00,92.23914004606132,6.029064430123588,5.604498350559632,1685.1786646674361,0.8159872698526852,1
M-02,2026-01-19 15:00:00,90.05283227592574,5.303858727951751,5.2290155179485645,1702.3798044847827,0.8550496114841466,1
M-02,2026-01-19 16:00:00,87.53925890137818,5.8813990096731725,5.076528285389574,1680.1824054167216,0.8392997459304852,1
M-02,2026-01-19 17:00:00,90.21292681013686,5.915538897579708,5.3120939658609485,1618.4064233055374,0.764123526707256,0
M-02,2026-01-19 18:00:00,56.66975177361842,1.9140864337289947,6.228838841676678,1638.5634751394869,0.7068275553680968,0
M-02,2026-01-19 19:00:00,55.14241742244745,2.0507490657233935,6.60620126525955,1659.1110848526255,0.7591088879625166,0
M-02,2026-01-19 20:00:00,59.006292523786676,1.6434609801411018,6.1219014015147435,1693.5549615800971,0.7823752405876787,0
M-02,2026-01-19 21:00:00,52.95530806979358,2.0333034215108485,6.062581554021637,1662.2039706807052,0.7277200944078414,0
M-02,2026-01-19 22:00:00,58.437092818716735,2.10977399213803,6.403641232683716,1652.5064472746617,0.709710417103688,0
M-02,2026-01-19 23:00:00,59.97762720579864,1.3954401743971272,6.035672465437663,1660.5472584383167,,0
M-02,2026-01-20 00:00:00,62.30502438301058,1.1726277300719734,5.963510686593143,1617.4205464323738,0.8276379622195621,0
M-02,2026-01-20 01:00:00,66.3381223202706,2.1118591637601614,6.059134007571569,1687.9610030733525,0.8449097131518157,0
M-02,2026-01-20 02:00:00,58.195791687899934,2.7002340029826906,5.947666058771894,1637.635741525992,0.7538617514289887,0
M-02,2026-01-20 03:00:00,59.467943678989386,2.1476902354974405,6.3493736308280475,1780.5760994974933,0.8912151019021874,0
M-02,2026-01-20 04:00:00,65.23440114433636,1.9305521482437158,5.853376384913883,1660.2902056768116,0.7186614043678513,0
M-02,2026-01-20 05:00:00,61.74812739671417,1.5655975757953433,6.161932769941703,1748.1693034064588,0.8714539456725338,0
M-02,2026-01-20 06:00:00,61.03213049009124,1.9553341701577767,6.228120505740799,1707.5244269943714,0.8343106958583175,0
M-02,2026-01-20 07:00:00,58.10576255197783,2.43804112292467,6.029526974332168,1778.5400844436447,0.8977118604417345,0
M-02,2026-01-20 08:00:00,59.80486682809898,2.609304378167408,6.367120471486178,1706.567059080824,0.8000704597336286,0
M-02,2026-01-20 09:00:00,62.411685967888275,2.4423249312237076,5.758606202055162,1679.208954373386,0.7332633726809463,0
M-02,2026-01-20 10:00:00,63.83290769381735,2.5219703380254286,6.120461831177982,1697.6897690225978,0.7718822237413767,0
M-02,2026-01-20 11:00:00,66.40667650187693,2.118716786076759,5.792380684872065,1696.1042585279672,0.9482365006370228,0
M-02,2026-01-20 12:00:00,57.66068613639564,2.3712197322091737,6.4035348249271165,1659.5954501548908,0.7868308532501688,0
M-02,2026-01-20 13:00:00,66.68095810077622,3.0732554474985685,5.404168105875515,1720.0108394314855,0.7409643802457473,0
M-02,2026-01-20 14:00:00,61.63438073168784,1.8817421860375183,6.086745622465388,1609.3119262272228,0.6255713079106381,0
M-02,2026-01-20 15:00:00,64.55719112641016,2.60469437686511,6.208077355382864,1636.7769757608605,0.7021385116002797,0
M-02,2026-01-20 16:00:00,69.34675788708556,3.229877203349046,6.029524093096487,1596.6416438031192,0.7758121667842306,0
M-02,2026-01-20 17:00:00,65.86107753512447,2.473329978325802,6.059750860123854,1656.0096305652166,0.8353836502523464,0
M-02,2026-01-20 18:00:00,61.997634376981594,2.80859454467359,6.296939648989063,1643.952879948971,0.6055778158026739,0
M-02,2026-01-20 19:00:00,69.32715869877937,3.4968511359057484,6.150463353252247,1631.8707660267528,0.8462081376149979,0
M-02,2026-01-20 20:00:00,65.29514770476236,,6.014622818930595,1672.6410342365143,0.7704495063969544,0
M-02,2026-01-20 21:00:00,68.17621580097183,3.378120006165629,5.657229458368373,1672.978023659388,0.8084670266941498,0
M-02,2026-01-20 22:00:00,70.69368839440585,2.315148713750029,5.592636713026638,1621.7976860168087,0.5567390226714674,0
M-02,2026-01-20 23:00:00,69.92132158860235,3.4249969829995632,5.798603429923977,1665.4056890703612,0.8289868062773911,0
M-02,2026-01-21 00:00:00,65.3031728588861,3.060322584824726,5.929061038234793,1684.9211428963054,0.7722644977708816,0
M-02,2026-01-21 01:00:00,72.23138619566272,2.960416469485713,5.90635944200162,1577.3490909263057,0.665861451952836,0
M-02,2026-01-21 02:00:00,70.46465556538354,3.5436053545975694,6.102981029672822,1728.6833924590876,0.7303240033964493,0
M-02,2026-01-21 03:00:00,65.51938967480297,2.988971060767967,5.715295388467336,1604.5848080615735,0.5751619382685823,0
M-02,2026-01-21 04:00:00,73.54177715418788,4.323723136634587,5.8588766079223396,1690.2441600902068,0.9925209330294051,0
M-02,2026-01-21 05:00:00,69.413810523714,3.6611992801191606,5.908974874882024,1696.3981226786075,0.8659470553688862,0
M-02,2026-01-21 06:00:00,75.3274763006105,3.507683038561768,5.712704034865622,1662.681605150725,0.8752727179189479,0
M-02,2026-01-21 07:00:00,73.28649614656928,3.178753334775776,5.359513838495721,1701.892302685503,0.8205481598770779,0
M-02,2026-01-21 08:00:00,69.01445354888283,3.12225512473172,5.944930911038269,1709.934465260973,0.6497571206001433,0
M-02,2026-01-21 09:00:00,72.64910094552812,2.8228501225391827,5.6172444552703205,1536.40390245953,0.6408183221033704,0
M-02,2026-01-21 10:00:00,75.809550259246,3.741422105307346,5.495978437591714,1741.631111853508,0.9980188870350922,0
M-02,2026-01-21 11:00:00,72.36953377218983,2.9312934360836675,6.220591385315642,1701.7506322711909,0.8691530437347394,0
M-02,2026-01-21 12:00:00,68.78482576699919,3.7067136415867417,5.918635096771779,1596.860102441079,0.6127791419737929,0
M-02,2026-01-21 13:00:00,76.42142374154538,3.6454333817105065,6.6200972546334205,1609.4989372261284,0.6550172644220484,0
M-02,2026-01-21 14:00:00,72.86184391020099,3.072127230536784,5.924457016671676,1559.6802839878721,0.6467597597789725,0
M-02,2026-01-21 15:00:00,72.59350762748078,4.1473542167507444,6.420947213540852,1589.0149593972396,0.6478427932130858,0
M-02,2026-01-21 16:00:00,71.2511363083658,3.62104937618272,6.037459143975432,1588.84045868674,0.588349754099438,0
M-02,2026-01-21 17:00:00,72.5435907327152,3.8173583616039815,5.6230631137761495,1703.7332612373,0.787802452526186,0
M-02,2026-01-21 18:00:00,74.0929624015887,4.330718357978073,6.123586608492528,1722.3420941425243,0.7829231927584993,0
M-02,2026-01-21 19:00:00,78.87268349369637,3.534451186112806,5.348940401704528,1709.9320324739167,0.8418563350139701,0
M-02,2026-01-21 20:00:00,77.35811235651485,4.212177248062001,6.034343195344909,1728.8748184623246,0.8564348196346112,0
M-02,2026-01-21 21:00:00,76.96669712340159,3.8834571340877595,5.740542405180163,1753.1058840573564,0.7470566120915485,0
M-02,2026-01-21 22:00:00,74.18729782669593,4.65159165301503,5.971556382541538,1655.0208818536428,0.6518958355448994,0
M-02,2026-01-21 23:00:00,,4.367956380215491,5.7432345369482585,1627.913245903474,0.5617236035698782,1
M-02,2026-01-22 00:00:00,78.26793610613016,3.4967067454599094,5.9708353331394415,1665.5629001751095,0.8550425321040382,0
M-02,2026-01-22 01:00:00,76.84225463131432,4.154891869771651,5.741250069360008,1600.3184035316613,0.5783010590437879,0
M-02,2026-01-22 02:00:00,81.46613548239326,3.4178578511959894,5.6956031268044285,1638.7380370639726,0.7289986245140576,0
M-02,2026-01-22 03:00:00,78.92179873554187,4.381266138674985,6.00205279879854,1751.7530042133233,0.9717900867870958,0
M-02,2026-01-22 04:00:00,82.02689923374506,3.9569172710841585,5.700885740756999,1659.2116586499135,0.7415167842523807,0
M-02,2026-01-22 05:00:00,79.0005682388141,4.73634798923025,5.521633986442231,1706.8278435719194,0.8238761824341152,1
M-02,2026-01-22 06:00:00,80.55113652665786,4.185231031508403,5.416277661395668,1726.807167569461,0.8300552212341535,0
M-02,2026-01-22 07:00:00,84.5673048505378,4.266609406039629,5.632896278779432,1659.972626178026,0.5786882813877864,0
M-02,2026-01-22 08:00:00,76.14496233406989,3.9259573688490264,5.646076927114682,1629.519402006123,0.6194887426100052,1
M-02,2026-01-22 09:00:00,82.56120386164852,3.864835252381445,5.796725805118063,1744.0388276357244,0.966827494482208,1
M-02,2026-01-22 10:00:00,78.84779932044242,4.693419026945812,5.594801162538885,1702.5073693366846,0.8208359826563447,1
M-02,2026-01-22 11:00:00,76.5627229228749,4.904031870666165,6.008633999371049,1651.9855435221352,0.7120239073723575,0
M-02,2026-01-22 12:00:00,83.72228517942344,4.468502718223952,5.701822243709073,1744.3334780633543,0.8631026485638218,1
M-02,2026-01-22 13:00:00,81.1609493010438,4.783188841219714,5.615468565653871,1665.933357975104,0.7649433944682622,1
M-02,2026-01-22 14:00:00,83.98923701874759,4.901695600858469,5.289630920654732,1733.4053698622026,0.8854100493761186,0
M-02,2026-01-22 15:00:00,90.70866357207174,5.454762683965385,5.763566826451717,1761.33326848391,0.9943030736324452,1
M-02,2026-01-22 16:00:00,87.14624245632639,4.704752799185383,5.261564378351637,1730.0062039820086,0.8861910683210978,1
M-02,2026-01-22 17:00:00,86.19543487140666,4.973921697550457,5.733669447443739,1712.9511583476701,0.8499721452495383,1
M-02,2026-01-22 18:00:00,84.15392133745718,4.959701024191186,5.4560325749201315,1750.166787392264,0.8873790926258417,1
M-02,2026-01-22 19:00:00,90.26892696186434,4.888590022704272,,1684.0759978641734,0.707194753856225,1
M-02,2026-01-22 20:00:00,83.37780645612837,5.0897145197674325,5.889022124797005,1642.2426363526179,0.6761306942185852,1
M-02,2026-01-22 21:00:00,86.11986981751221,5.153259295783595,5.694618180241848,1739.5249816037235,0.8880288130773675,1
M-02,2026-01-22 22:00:00,87.02611446853732,5.6537062735284165,5.44583112564308,1618.94670803769,0.7390560263451053,1
M-02,2026-01-22 23:00:00,88.60270172946441,6.005846533084631,5.193126865800908,1624.1742760717527,0.7002324330265778,1
M-02,2026-01-23 00:00:00,85.05766145787968,5.278040853984725,5.172717774770227,1650.4507473768879,0.6672328323366395,1
M-02,2026-01-23 01:00:00,86.55833823271328,6.046350956815346,5.260937676730784,1611.7046158408414,0.6890362940841922,1
M-02,2026-01-23 02:00:00,89.69984969021594,5.790779788459027,5.489168076135219,1618.3423292512232,0.6586651383469218,1
M-02,2026-01-23 03:00:00,92.45995114504404,5.1352366060141,5.8124879862299705,1670.3620348406466,0.8082564821073261,1
M-02,2026-01-23 04:00:00,92.38104166582711,5.969357486345376,5.410923676329883,1723.241681931675,0.8397810759741315,1
M-02,2026-01-23 05:00:00,89.05094763805968,5.968678215535161,5.442556058937012,1686.9809797591074,0.9574961717959565,1
M-02,2026-01-23 06:00:00,93.72103518096543,5.203773578036811,5.407799036631211,1578.6869643520063,0.5805319523067979,1
M-02,2026-01-23 07:00:00,96.56954215307762,5.936635268745659,5.247649251858666,1640.042495052571,0.8686985411839437,1
M-02,2026-01-23 08:00:00,89.23554898765775,5.819011456547196,4.867987195020494,1675.688081435972,0.7968483921788592,1
M-02,2026-01-23 09:00:00,94.11823262503046,6.702748697524856,4.951894435778521,1624.7153639216995,0.7221831728430566,1
M-02,2026-01-23 10:00:00,88.93875445196625,6.790635583342191,5.424157193638398,1702.146624088234,0.8755906977534469,1
M-02,2026-01-23 11:00:00,94.23936521330977,5.7540442702190315,5.0589937850963125,1683.7986953078557,0.8718895783157251,0
M-02,2026-01-23 12:00:00,59.86337678028877,1.3035688294841852,6.499225329232456,1697.2946068197882,0.9851824897736312,0
M-02,2026-01-23 13:00:00,64.08540834350121,2.6267105084949507,6.152659147153709,1668.436573176604,0.8343815394672389,0
M-02,2026-01-23 14:00:00,58.68784717545614,2.186370892511804,6.481462762706652,1660.7524476070494,0.7647491849294619,0
M-02,2026-01-23 15:00:00,60.34498222150703,1.640650145490075,6.361083712857109,1692.378445186986,0.7975168537199946,0
M-02,2026-01-23 16:00:00,55.48584336439821,1.4312001711276574,6.1704025877463256,1685.1728226246148,0.9591058319805175,0
M-02,2026-01-23 17:00:00,62.144836428041195,2.0156786711598347,6.487049692990235,1630.7324665089257,0.6290681467159581,0
M-02,2026-01-23 18:00:00,61.51129713549763,2.5402357807557796,6.186281447495068,1597.2059606075552,0.7281966661211663,0
M-02,2026-01-23 19:00:00,53.070015260655964,2.8396053043886322,6.362871648888522,1659.2143249497672,0.8041790579490589,0
M-02,2026-01-23 20:00:00,55.90765873628565,1.6234228789225387,6.012188530484724,1623.7716006548296,0.6279386889849379,0
M-02,2026-01-23 21:00:00,64.04658710171587,2.1346597238087184,6.448268182508467,1658.3740518933819,0.8053115382358701,0
M-02,2026-01-23 22:00:00,58.33372342064809,1.911050778249452,5.941067325577711,,0.7127064684291855,0
M-02,2026-01-23 23:00:00,57.72138656274036,1.651904835589601,5.9758613517789705,1769.1180979081778,0.9780489491368489,0
M-02,2026-01-24 00:00:00,62.54428076390951,2.7126994786423957,6.158845238386391,1568.2068705925394,0.5622129814978811,0
M-02,2026-01-24 01:00:00,60.71249231754527,2.1151379212550467,6.382102207905348,1632.235202516171,0.6385411274135234,0
M-02,2026-01-24 02:00:00,64.9077860551242,2.1795330611745554,6.398592005480371,1719.861346856807,0.8673230922201842,0
M-02,2026-01-24 03:00:00,67.00824549016504,2.6086415727207197,6.09963518770547,1735.521035765573,0.9845106857175367,0
M-02,2026-01-24 04:00:00,68.0484601327549,2.654105282857676,6.001253199819496,,0.8949023115505383,0
M-02,2026-01-24 05:00:00,62.84310527265802,2.989679782800476,6.178271399212949,1702.2292894450404,0.8331390724733174,0
M-02,2026-01-24 06:00:00,60.17239297526066,3.384832812778461,6.127085592146064,1640.4749748269012,0.5745445820295242,0
M-02,2026-01-24 07:00:00,64.55265083822387,2.6515269607794423,5.804442126884111,1595.1060331420335,0.5759938065676643,0
M-02,2026-01-24 08:00:00,63.17838240234878,2.583398245166319,6.615599666809554,1568.8885545886192,0.6659436211064982,0
M-02,2026-01-24 09:00:00,63.59330564827878,2.603903112585183,6.241054624797256,1699.5429721578228,0.7833847039060089,0
M-02,2026-01-24 10:00:00,70.82676487859831,3.158567158147637,5.925212290359223,1741.8395551793358,0.9272402884482436,0
M-02,2026-01-24 11:00:00,61.378348483779675,1.940226223383656,6.067368821927596,1664.5745471165822,0.7261233059892573,0
M-02,2026-01-24 12:00:00,68.17163520210272,3.523194180618482,6.129445866714583,1672.0511611322747,0.8839223889944143,0
M-02,2026-01-24 13:00:00,67.05198255843065,2.326669924400572,6.049951661438648,1699.4683942925105,0.9557084472245062,0
M-02,2026-01-24 14:00:00,73.11559373280464,2.0724762194845088,6.04802937706269,1725.779215122589,0.7878584934829795,0
M-02,2026-01-24 15:00:00,67.03305068168625,2.7873799836641173,6.062140575752041,1618.7379661508926,0.7545077776738887,0
M-02,2026-01-24 16:00:00,66.83858142957745,2.70793892604843,6.24594018644197,1626.539795426647,0.5742308622001635,0
M-02,2026-01-24 17:00:00,66.31508996127971,3.4274656578451794,6.052474678065449,1703.3589620482862,0.7877316203219606,0
M-02,2026-01-24 18:00:00,73.5596587918536,2.960574273226095,6.024711793107671,1692.0581552498195,0.9894443560538786,0
M-02,2026-01-24 19:00:00,68.0344689400254,3.600416880286204,5.390467043826346,1686.0298596610253,0.8731673364243908,0
M-02,2026-01-24 20:00:00,67.74718118480976,3.571519608981958,6.230318420106045,1719.6373031767992,0.9853984023724254,0
M-02,2026-01-24 21:00:00,64.18658089324083,3.1070901799232966,6.276650685184422,1615.0900580168136,0.5622775418187393,0
M-02,2026-01-24 22:00:00,72.23327855352632,3.6847641085600795,5.813460554755119,1733.371539061427,0.7990180172761099,0
M-02,2026-01-24 23:00:00,69.87574077380859,,5.856640707452046,1748.9411101872552,0.9908980907705738,0
M-02,2026-01-25 00:00:00,75.02274984380176,3.7081441825878096,5.761240635366158,1640.721705838234,0.7672166421350036,0
M-02,2026-01-25 01:00:00,72.84440220587936,3.7483273160147457,6.197462092555224,1635.1185348061645,0.7849795851962793,0
M-02,2026-01-25 02:00:00,70.78764611564179,3.919322358797462,6.157213793243506,1680.987740097211,0.6629777495250945,0
M-02,2026-01-25 03:00:00,72.79515570365568,2.8030801169428545,6.23818978762056,1722.9351639096615,0.9548617382633142,0
M-02,2026-01-25 04:00:00,67.89732065411786,3.192259847417947,6.285201831958917,1638.7223125024254,0.6530201984385751,0
M-02,2026-01-25 05:00:00,74.83368715856972,4.062283378944768,5.525111186827223,1669.212011506344,0.6057487913652222,0
M-02,2026-01-25 06:00:00,69.8369749588465,4.148118609303129,6.0043439308185125,1640.0582826623267,0.8316606454144244,0
M-02,2026-01-25 07:00:00,74.04783225668209,3.3688572845518974,5.627327033272751,1770.8421928407934,0.8823392240593247,1
M-02,2026-01-25 08:00:00,75.86787627423631,4.333629792249499,5.654055675343073,1744.1282508901202,0.966964475880266,0
M-02,2026-01-25 09:00:00,74.22840441741398,3.543529291655794,5.871016544642676,1564.915472588686,0.6388283847851273,0
M-02,2026-01-25 10:00:00,72.48147743407708,3.735466026521886,6.057115907629052,1677.9392937011635,0.6544112292131499,0
M-02,2026-01-25 11:00:00,77.97567683553208,4.059273814591686,5.895441654430012,1699.0770246010607,0.9830553407878204,1
M-02,2026-01-25 12:00:00,73.04236368190011,3.9759285201641945,5.629437446664905,1628.0007104153153,0.6966061934938979,0
M-02,2026-01-25 13:00:00,73.02405740855973,3.8027854404196346,5.497930938790598,1663.1156569163304,0.6812596411603303,0
M-02,2026-01-25 14:00:00,75.73011149830096,4.282654665657493,,1624.7749511186837,0.6495496255110599,0
M-02,2026-01-25 15:00:00,76.43694086100577,4.450635841000515,5.659748485799646,1684.2727507300322,0.7432168940650803,1
M-02,2026-01-25 16:00:00,72.88576420516247,3.884598095048079,6.1012502920799,1631.363504090666,0.7222711720465584,0
M-02,2026-01-25 17:00:00,76.18507852941272,4.66915436172956,5.908379656643822,1618.6821502998632,0.6131624506555413,1
M-02,2026-01-25 18:00:00,75.61103799211453,3.8423518130146577,,1691.350328185232,0.7329867121270076,1
M-02,2026-01-25 19:00:00,70.1302421172772,4.0025374479821405,5.895727948262243,1592.1076360363509,0.5555512740021427,0
M-02,2026-01-25 20:00:00,80.03341627644835,4.497734770304631,5.897956176187942,1607.8053602158693,0.5778230323141009,0
M-02,2026-01-25 21:00:00,76.9010039301439,4.553261739056095,5.940800373759173,1760.5380035894666,0.9145944350647055,1
M-02,2026-01-25 22:00:00,78.15173261241385,4.248111602095594,5.778580329302248,1737.4346710472626,0.9763226702657951,0
M-02,2026-01-25 23:00:00,73.89140891037702,3.0846612629509873,5.689369548522951,1785.1867834082168,0.8685106293663338,0
M-02,2026-01-26 00:00:00,79.53829679794026,3.8853006018299148,5.3831003410149725,1584.7732518303626,0.6476708364212168,0
M-02,2026-01-26 01:00:00,81.14053567545277,4.881380716970584,5.619193100830479,1677.2152204833392,0.7884232900289921,1
M-02,2026-01-26 02:00:00,76.16917621874084,4.937334403423643,5.606488459394751,1599.746296479058,0.7578157305083197,0
M-02,2026-01-26 03:00:00,87.60138927452101,4.419634711938294,5.8543555991243075,1787.084552177633,,0
M-02,2026-01-26 04:00:00,84.39867191762087,4.7616480469418905,5.768344735955986,1696.5154741553138,0.9801500083710974,1
M-02,2026-01-26 05:00:00,83.9207601852882,5.186481471700165,5.832704828639168,1736.8309196831183,0.9275020836885333,1
M-02,2026-01-26 06:00:00,85.86938223078454,4.819319720432151,,1657.909261569642,0.64367692358708,1
M-02,2026-01-26 07:00:00,85.02550434741171,4.7962958312281945,5.340316849205334,1729.207062989316,0.8905374156029193,0
M-02,2026-01-26 08:00:00,85.56280116147329,3.8071190252406923,5.530168460989371,1699.6896027891826,0.6722044167448349,0
M-02,2026-01-26 09:00:00,85.22413110516275,4.209080056611612,5.641725072622158,1646.4268274851875,0.6976553427615472,1
M-02,2026-01-26 10:00:00,82.9409967878764,4.610765567126394,5.355691914477751,1722.3295631097894,0.8082013361786544,1
M-02,2026-01-26 11:00:00,83.66051443694866,4.8392471057629125,5.483009347570409,1669.367303813353,0.8960654024670772,1
M-02,2026-01-26 12:00:00,81.79983727852235,5.218925330957572,5.650141466905473,1614.516911138275,0.6685701818242423,1
M-02,2026-01-26 13:00:00,91.03704901586318,4.72180019401083,5.352159952439018,1608.252035480434,0.7009461433575825,1
M-02,2026-01-26 14:00:00,84.65263427349795,6.130052632164034,5.571100334984857,1618.8323495219042,0.5546104121725658,1
M-02,2026-01-26 15:00:00,88.20794349272687,4.889346142679945,5.900627645256038,1612.2775283827336,0.6652523204715797,1
M-02,2026-01-26 16:00:00,82.05877489169924,5.131118873421595,4.947530296828459,1594.145896878539,0.5780357966276706,1
M-02,2026-01-26 17:00:00,87.44223926219121,5.550489091372097,5.37106109040287,1583.5019180932686,0.5701462704947869,1
M-02,2026-01-26 18:00:00,84.69236961634722,5.091043519300377,5.254866798390078,1630.1184736942919,0.8056853013558811,1
M-02,2026-01-26 19:00:00,90.00346842696399,5.923768913112864,6.1282522067058025,1613.1196527046598,0.6163005701959947,1
M-02,2026-01-26 20:00:00,90.18149080457229,5.578455420259497,5.677793573930941,1644.6724627903625,0.812976601324876,1
M-02,2026-01-26 21:00:00,88.79455331811266,5.2742427945183685,5.800988671497529,1747.948193904169,0.7891069389712534,1
M-02,2026-01-26 22:00:00,81.3954550947844,5.945300526358228,5.023576136046337,1715.3060006273552,0.9533710222966546,1
M-02,2026-01-26 23:00:00,92.23433007010037,,5.3927708465843285,1683.2110797677592,0.8605113905037748,1
M-02,2026-01-27 00:00:00,86.34633809427643,5.509748283878355,5.864659908707976,,0.8433347712229173,1
M-02,2026-01-27 01:00:00,87.48595639033695,5.522898357460797,5.039448915983396,1569.8513418670566,0.5530517197305873,1
M-02,2026-01-27 02:00:00,91.15467447598579,5.8980921034493035,6.007564236204993,1729.5901604219416,0.9407986954924235,1
M-02,2026-01-27 03:00:00,91.39726349258048,5.878464442181433,5.251903621181293,1742.516654670572,0.9989907914047873,1
M-02,2026-01-27 04:00:00,90.79192904152113,6.2309679434056875,5.23147591876471,1703.1074421088276,0.7564798839065836,1
M-02,2026-01-27 05:00:00,84.80022131661781,5.8087726795108265,5.5175184483529485,1701.561000992253,0.6870683580976185,0
M-02,2026-01-27 06:00:00,49.285566823942666,1.249418345365587,6.663888916900333,1581.9779656126602,0.6087103996475928,0
M-02,2026-01-27 07:00:00,,1.20284510479543,6.103273954135568,1703.3703404280723,0.6892344718127319,0
M-02,2026-01-27 08:00:00,52.49772595638846,1.4242886861036201,6.379730026934882,1627.9108279001834,0.6111862255271674,0
M-02,2026-01-27 09:00:00,51.43038465563911,1.4803439468580488,5.894712152911814,1693.2136172662385,0.8701192916886173,0
M-02,2026-01-27 10:00:00,61.11848245076844,0.59885055277513,6.893762990873253,1650.8104032336169,0.7399086680079504,0
M-02,2026-01-27 11:00:00,59.7089169871709,1.550797249550454,6.298206225564493,1645.2527915261226,0.8944607729935024,0
M-02,2026-01-27 12:00:00,56.51046150136914,2.089078610308286,6.591086012019157,1704.2509700876383,0.9333980242387652,0
M-02,2026-01-27 13:00:00,56.223530308528694,1.6639811253938859,6.31344102269075,1553.8842302361493,0.7026825649119912,0
M-02,2026-01-27 14:00:00,62.663965429546174,2.3938394584090483,6.4969641606869954,1698.8607109842928,0.8777344894032966,0
M-02,2026-01-27 15:00:00,63.5007005435618,1.4214560670729286,5.684512183202101,1716.5165776084093,0.80131652803263,0
M-02,2026-01-27 16:00:00,62.65039797091289,2.3328945132297423,6.274791386818568,1677.213087696401,0.9996669557674546,0
M-02,2026-01-27 17:00:00,58.94350045788236,1.7626049130084263,6.010174256957169,1684.812208788033,0.9139230422930116,0
M-02,2026-01-27 18:00:00,59.967505511647445,2.030391927164218,5.994044224766265,1749.7799430682085,0.9351137809152216,0
M-02,2026-01-27 19:00:00,59.838049988359465,2.216083507409108,6.357196929078547,1680.4092235497749,0.6368874433573669,0
M-02,2026-01-27 20:00:00,61.96025376210245,2.043370728342532,6.060878064611916,1694.3289084661824,0.8138583227867053,0
M-02,2026-01-27 21:00:00,57.61248664451189,1.8424294358493025,6.095816800199464,1652.9032857121945,0.8068252118136261,0
M-02,2026-01-27 22:00:00,64.830155615134,1.7274077183673777,6.052962773434869,1793.6549614253495,0.9692715160221609,0
M-02,2026-01-27 23:00:00,61.04516654646902,2.667237603073932,6.4814774232489185,1744.5366751937304,0.873069690494631,0
M-02,2026-01-28 00:00:00,67.03603863906915,2.5761591352955633,6.0676712355187865,1726.5255916663918,0.7905483772095356,0
M-02,2026-01-28 01:00:00,65.7986018546151,1.8011994777425702,6.322266230755432,1699.2173889621092,0.7766877552098936,0
M-02,2026-01-28 02:00:00,66.79262563897979,2.2738485831521684,5.856450379097444,1704.133089440887,0.8809504011002491,0
M-02,2026-01-28 03:00:00,62.6852157293539,2.752232309941367,6.215306534522102,1629.9829425248681,0.7112785304376107,0
M-02,2026-01-28 04:00:00,61.82969120996531,2.844917071209249,6.218886292706276,1561.5946430935746,0.601968643130327,0
M-02,2026-01-28 05:00:00,67.65732402011614,3.0002310382615205,6.58043130748285,1742.3389763499363,0.9650499212418876,0
M-02,2026-01-28 06:00:00,63.80146837142844,1.9719357657405796,6.113204278781719,1739.3136816485373,0.6664838229657495,0
M-02,2026-01-28 07:00:00,65.45269885911246,2.2680687595298794,5.879663453011594,1774.7754383325691,0.8604730133254328,0
M-02,2026-01-28 08:00:00,61.42154832387189,2.402025054445182,6.497244402354503,1613.828994835917,0.58028223147902,0
M-02,2026-01-28 09:00:00,64.10175829329339,2.7397305388006705,6.374630806114698,1649.831865586731,0.6672650475166444,0
M-02,2026-01-28 10:00:00,59.872418366395976,2.7509158784210794,6.452941437717019,1595.4926766680912,0.623330760604287,0
M-02,2026-01-28 11:00:00,63.780635425031434,,5.990626841745133,1673.1700376514561,0.7869839199603512,0
M-02,2026-01-28 12:00:00,66.22526591130749,2.817893951000382,6.366010887200555,1744.112068582551,0.7992381165878086,0
M-02,2026-01-28 13:00:00,66.23181187696726,2.48470577490514,6.071452236849953,1738.3612968512007,0.9081886854547125,0
M-02,2026-01-28 14:00:00,64.77787849966714,3.1890621092430838,6.368223306008062,1643.8862186065023,0.6088017290403952,0
M-02,2026-01-28 15:00:00,64.9086236538463,2.5948540176851673,6.1039884100084025,1721.6986491543194,0.8671586222282059,0
M-02,2026-01-28 16:00:00,67.62806036972256,2.5537885589320273,6.1367471345697115,1640.6924011178596,0.7184354037141125,0
M-02,2026-01-28 17:00:00,67.23782226079433,2.617314100436797,5.959516482674835,1609.7569620652953,0.5525377681701327,0
M-02,2026-01-28 18:00:00,63.91315540163268,2.8821750570152185,5.676335841755544,1675.8544022675865,0.822927624567872,0
M-02,2026-01-28 19:00:00,67.82393499284089,4.073146769211327,6.0993105767860865,1665.2732743863723,0.7946959698514804,0
M-02,2026-01-28 20:00:00,72.80075644045768,2.900670894061065,5.802686425792764,1571.59171981113,0.628142929881251,0
M-02,2026-01-28 21:00:00,67.82638692463057,2.784568745324409,6.249835618793713,1655.702348867332,0.781417778357629,0
M-02,2026-01-28 22:00:00,70.56160742085811,2.713833747687257,5.862536697952616,1773.6440638441086,0.8464342107004017,0
M-02,2026-01-28 23:00:00,80.67991108008417,2.8962961871036117,6.249679135964519,1667.260742438438,0.916869566937391,0
M-02,2026-01-29 00:00:00,71.68133256873594,3.3605880409485365,5.876003514836485,1739.5366663173481,0.8608990583940783,0
M-02,2026-01-29 01:00:00,72.5284282509138,2.7263002370726865,5.75414645836621,1637.7233929306558,0.6738235973560049,0
M-02,2026-01-29 02:00:00,69.49312361052155,3.284728994434916,5.716422799721111,1637.731208110516,0.6462336139551996,0
M-02,2026-01-29 03:00:00,71.10346218425758,3.708884353012752,5.786937016690764,1647.9701619555044,0.7857019859066176,0
M-02,2026-01-29 04:00:00,70.24501024662716,2.973072513284346,6.222582198150666,1680.9048764845463,0.8466786376387077,0
M-02,2026-01-29 05:00:00,68.51022943716016,3.33901387327811,5.940236493716351,1581.963703141146,0.5621003381396154,0
M-02,2026-01-29 06:00:00,69.8429575816198,3.104960522914513,5.619647769652947,1624.840197903614,0.6363368756798685,0
M-02,2026-01-29 07:00:00,74.33216063104106,3.9748086926654227,6.137474833620799,1650.7180353131328,0.6863483352777479,0
M-02,2026-01-29 08:00:00,71.09043078837873,3.1950851554732105,5.503355763019932,1684.9398347592573,0.6385464205746466,0
M-02,2026-01-29 09:00:00,71.43719174469143,3.5617953034150514,6.18454596397568,1642.8656240679127,0.82263200289921,0
M-02,2026-01-29 10:00:00,74.28853218920129,3.9736106311696524,5.814898569998741,1666.223231349664,0.7140593114843808,1
M-02,2026-01-29 11:00:00,74.46933233753472,2.801270348743245,5.779736346436772,1655.6786810172991,0.7669269542257244,0
M-02,2026-01-29 12:00:00,71.95723003777371,3.0678886945466033,5.87862615635815,1671.6197403645851,0.8060687997212959,0
M-02,2026-01-29 13:00:00,74.78719189424311,3.7182570491707625,5.2956327128143945,1727.2118559363516,0.8666142657302152,0
M-02,2026-01-29 14:00:00,73.00398012125895,3.8141539899472243,6.110256938368714,1684.4135404684425,0.7594482955437842,0
M-02,2026-01-29 15:00:00,78.49131704495633,3.258953840208389,5.728525473471327,1723.0859458579307,0.945593595636091,0
M-02,2026-01-29 16:00:00,78.07422124009342,4.19551101884225,6.09063474717936,1711.733006983893,0.9040401424703068,0
M-02,2026-01-29 17:00:00,72.06672428272606,3.1192609191018645,5.987143068946754,1700.3111222273396,0.7906650840135256,0
M-02,2026-01-29 18:00:00,76.61108153787042,4.14096348714068,6.1418378404691705,1786.1962394550044,0.934035014252093,0
M-02,2026-01-29 19:00:00,81.73997650766832,4.133627714488784,5.672513253338209,1672.6729184244798,0.7919676932741802,0
M-02,2026-01-29 20:00:00,74.31074667423142,4.736355614235282,5.90090142861216,1713.1423859011466,0.7517362913913508,0
M-02,2026-01-29 21:00:00,74.3160491817245,3.803449456921214,5.596256995142496,1750.3687590907227,0.8702815282050785,1
M-02,2026-01-29 22:00:00,77.40976443808313,3.7499630638580372,6.029330054592182,1759.6811585754917,0.9477965269679691,0
M-02,2026-01-29 23:00:00,71.30825915702901,3.872751588574797,5.849655044805387,1665.66266743894,0.7960078952062876,1
M-02,2026-01-30 00:00:00,82.32753696393169,4.6631760574466385,5.85371993160499,1658.9065861328465,0.8030933281152104,0
M-02,2026-01-30 01:00:00,78.54578694037285,3.3469413346397694,5.331069036215027,1631.6787715940827,0.6941705318368663,0
M-02,2026-01-30 02:00:00,77.50451289032128,4.636245965225765,6.1546162651608505,1743.359848106025,0.9608108877469785,0
M-02,2026-01-30 03:00:00,79.86618212768438,4.616854455732946,5.539453352882982,1753.3031726592649,0.937010702297554,0
M-02,2026-01-30 04:00:00,79.41784986676224,4.551328434931291,5.279663294793059,1561.5218076521016,0.5594697462057915,1
M-02,2026-01-30 05:00:00,82.58882453629549,4.287655956021895,5.676047268540877,1656.2779904441318,0.8694380346523745,1
M-02,2026-01-30 06:00:00,82.19814788439173,4.337160654361046,5.58573248835855,1673.107449018543,0.7265875825976744,1
M-02,2026-01-30 07:00:00,88.08308686652481,4.3713529460049605,5.930245007123302,1648.501159011848,0.8254713778129159,1
M-02,2026-01-30 08:00:00,81.65313656343854,4.310942663863619,5.155630249518833,1684.15972955747,0.8733962924853048,1
M-02,2026-01-30 09:00:00,81.93476618037322,4.222535636895224,5.584142142782988,1577.2778668511041,0.6212125814230275,0
M-02,2026-01-30 10:00:00,80.7546134034805,4.620806883973529,5.40300079463479,1693.3782464919345,0.9696160314292686,1
M-02,2026-01-30 11:00:00,77.83637227116542,4.704673632726887,,1691.4448802975146,0.9088355213186365,1
M-02,2026-01-30 12:00:00,85.4871991941516,5.481239850122897,5.729597995666469,1634.8404673998987,0.8084221614638136,1
M-02,2026-01-30 13:00:00,81.17849149118834,5.486793988365247,5.502880908124413,1655.4707763381816,0.7157727719014612,1
M-02,2026-01-30 14:00:00,82.71169295746915,5.1860797811390285,5.626387407251401,1739.2493759528732,0.9230189416693597,1
M-02,2026-01-30 15:00:00,85.55760048227287,4.65217859921161,5.866506910492692,1690.264935525468,0.8407806258745341,1
M-02,2026-01-30 16:00:00,85.47889283436207,4.440597276850194,5.317298415267435,1737.7309014977088,0.859174562464135,1
M-02,2026-01-30 17:00:00,87.68225218651438,4.962857287956979,5.358470260493132,1695.4157511619132,0.9585322758831363,1
M-02,2026-01-30 18:00:00,83.12991601385767,5.323448626087526,5.96071245094038,1683.7540161600807,0.7553399408223416,1
M-02,2026-01-30 19:00:00,83.3540740050534,5.44445809480726,5.676934797358565,1700.110436637425,0.9455699487126866,1
M-02,2026-01-30 20:00:00,88.7847613721114,4.544140955673578,5.629352237089744,1661.7593999986498,0.7890946672655031,1
M-02,2026-01-30 21:00:00,89.36776281407859,5.646102146764708,5.504587604737994,1631.5015754824776,0.5826661418456494,1
M-02,2026-01-30 22:00:00,79.40693901733502,5.037303547748369,5.870135307908011,1568.4517446833554,0.6068852846388275,1
M-02,2026-01-30 23:00:00,85.27039591160775,4.62454089688366,5.373292824695781,1726.1551247103728,0.7240702805234782,0
M-03,2026-01-01 00:00:00,58.05620117567271,2.1345967456350166,6.3889086988646815,1630.3499846814905,0.6884508569280023,0
M-03,2026-01-01 01:00:00,53.782209712343075,1.6349110050614242,6.118984587152767,1578.449466622137,0.5734470410595217,0
M-03,2026-01-01 02:00:00,61.75319404285798,1.5240066104737486,6.2584753588658435,1680.5701842126518,0.8616132052497636,0
M-03,2026-01-01 03:00:00,54.568631576244854,1.7159131799376117,6.212680082385239,1614.367169139694,0.6314364323748209,0
M-03,2026-01-01 04:00:00,54.67484658958905,1.9381295436756867,5.858287778285065,1707.002877155279,0.7197230916863853,0
M-03,2026-01-01 05:00:00,57.92088205107779,1.346804109635043,6.058324214625429,1574.9807174591538,0.6031718354915366,0
M-03,2026-01-01 06:00:00,56.99662356452711,2.0031497952635404,5.68210358384804,1722.0684070670243,0.9587521689604515,0
M-03,2026-01-01 07:00:00,56.45497054578612,1.4974895324762836,5.504380562745307,1684.4794107745329,0.9139785135398578,0
M-03,2026-01-01 08:00:00,57.57869260558851,0.7850963790112562,5.8454081790863315,1746.5032605595445,0.8710043980244379,0
M-03,2026-01-01 09:00:00,56.58515607605814,1.8730929439967299,5.943723967291574,1589.2104272774409,0.7410156091440483,0
M-03,2026-01-01 10:00:00,60.40362319940105,2.351746683250725,5.840032712603692,1640.2731849517993,0.680704623165304,0
M-03,2026-01-01 11:00:00,60.27243354928684,1.7045190915483905,5.4652082318817445,1775.3646291007271,0.9562874668021528,0
M-03,2026-01-01 12:00:00,60.26708591843031,1.8383060070677322,6.107338286851889,1589.6527688331287,0.618706513957842,0
M-03,2026-01-01 13:00:00,57.77911299021907,2.5877583229752266,6.159585015917814,1706.9295654938048,0.891690254695806,0
M-03,2026-01-01 14:00:00,58.15601139841568,2.2813180220435134,5.805906369250411,1618.2635521874095,0.6015002444300626,0
M-03,2026-01-01 15:00:00,63.0576506080518,2.3841351199985925,5.7787426659893955,1678.2288488000884,0.8052791075176343,0
M-03,2026-01-01 16:00:00,55.24751376289596,1.5603161322956116,6.466520271597153,1711.1082396127001,0.8519753670070582,0
M-03,2026-01-01 17:00:00,58.478765986881065,2.413815181427101,6.06934290427446,1701.211001743316,0.7059381437920327,0
M-03,2026-01-01 18:00:00,58.612420477217285,2.199819252550869,6.191821070490881,1670.9954826244762,0.8115513786198214,0
M-03,2026-01-01 19:00:00,67.34076372185989,2.4719822065625596,6.424697372883477,1688.8723811023885,0.7631894225406602,0
M-03,2026-01-01 20:00:00,61.368750657348635,2.3428231787681537,6.269755052018543,1643.5825916476063,0.6167089796291169,0
M-03,2026-01-01 21:00:00,60.598877902366446,2.901389181373317,6.373358504032725,1626.9682757454075,0.5807311532515548,0
M-03,2026-01-01 22:00:00,62.187268113829916,2.6445592899794743,6.184068365002804,1664.8125188600156,0.8895587630580506,0
M-03,2026-01-01 23:00:00,62.10682753532219,2.5977581520568744,5.921342759765291,1630.4722246512192,0.6502366665700232,0
M-03,2026-01-02 00:00:00,66.32611975764577,2.278094751375506,6.667600558111012,1668.4919890967442,0.7780678511809008,0
M-03,2026-01-02 01:00:00,61.879359244292075,2.219407957215385,6.374422765772259,1680.3970754183295,0.8420496661670724,0
M-03,2026-01-02 02:00:00,62.4613802491341,2.9912676128433247,6.314445739846108,1606.1197863458694,0.5614673213930585,0
M-03,2026-01-02 03:00:00,62.45494655805707,2.6061267412071123,6.641032533496252,1709.8482283356448,0.7054804053773354,0
M-03,2026-01-02 04:00:00,65.10687121157807,2.3898120418270126,5.8716104664617665,1794.14980974304,0.9768718528239448,0
M-03,2026-01-02 05:00:00,68.35337355492561,2.0402259435258996,6.075398748949047,1637.5947364677388,0.7885292770608315,0
M-03,2026-01-02 06:00:00,65.06316261679088,2.942060383943717,6.1071936364129575,1694.9420937507014,0.8646737553539738,0
M-03,2026-01-02 07:00:00,67.28205966620953,2.802418271761682,5.9200425431190045,1565.9654118519168,0.5536627721757743,0
M-03,2026-01-02 08:00:00,66.47187670019628,2.4345554087916894,6.259797366685015,1626.7586052499964,0.6950745728648795,0
M-03,2026-01-02 09:00:00,70.57074859636441,2.7447928197102476,6.367337552604198,1585.4434278578651,0.6347644237610646,0
M-03,2026-01-02 10:00:00,69.07693362743125,4.091172255308371,5.9389123713913285,1700.0120149096508,0.8314729001600775,0
M-03,2026-01-02 11:00:00,62.685565466713626,2.7663438642473217,6.19847866357002,1563.8669692996718,0.6291764591893995,0
M-03,2026-01-02 12:00:00,75.85819585527202,3.650911112536081,6.074923980163341,1756.1437520914553,0.8816402838888617,0
M-03,2026-01-02 13:00:00,65.51181127902362,2.9717200669330417,5.9643946136442345,1652.2332392577744,0.7031645573443954,0
M-03,2026-01-02 14:00:00,69.12855473363325,3.506321071556689,6.374714376354436,1644.666656445526,0.6804822362998333,0
M-03,2026-01-02 15:00:00,71.9653890187257,2.929503670993645,6.172590647738641,1705.890319441725,0.7342303260458152,0
M-03,2026-01-02 16:00:00,75.28574065175653,3.8368909147502843,5.420240497097554,1679.186562119482,0.883041096249319,0
M-03,2026-01-02 17:00:00,72.88909301811478,2.2206320440588416,5.857855416841615,,0.8530922906573268,0
M-03,2026-01-02 18:00:00,70.49206563631026,3.011478759456168,5.9181356074394245,1675.9747324406392,0.7832898904211711,0
M-03,2026-01-02 19:00:00,73.13439399756993,4.014206147972721,5.821969356184147,1674.7006734944007,0.9292615241148325,0
M-03,2026-01-02 20:00:00,73.74447586719171,3.0227789574616333,6.349342609314971,1690.8388248102535,0.7599178295200748,0
M-03,2026-01-02 21:00:00,73.61431231660228,3.2396236087873236,6.157172847713779,1711.122197319182,0.9990975419754775,0
M-03,2026-01-02 22:00:00,79.1565544973335,3.6249017249928115,6.27360369154997,1680.865573626692,0.8759599181874856,0
M-03,2026-01-02 23:00:00,74.88615049658229,4.258159689657607,5.745568598397297,1632.8375015698612,0.6567691672003363,0
M-03,2026-01-03 00:00:00,75.50830967604887,3.6904550499117783,5.913653095083298,1666.8627190844827,0.7540098900285056,0
M-03,2026-01-03 01:00:00,74.31587492519697,3.804637198266329,6.243011387911202,1679.0571538621998,0.6963105982103637,0
M-03,2026-01-03 02:00:00,72.94068447292194,4.800731022180245,5.585025429721139,1699.6163515444339,0.84466075688333,0
M-03,2026-01-03 03:00:00,71.70268883418713,3.6166985536383853,5.689393341185732,1612.6719395010166,0.6785833997698255,0
M-03,2026-01-03 04:00:00,73.18267819117877,4.0645954353080125,5.983696113210175,1609.0566587919564,0.6317667100113478,0
M-03,2026-01-03 05:00:00,78.26533997941513,4.048271628018098,5.797536875878948,1582.3958804307856,0.5904325193915869,0
M-03,2026-01-03 06:00:00,73.08386988827503,4.346838253688873,5.5632033335402715,1571.4601864887434,0.6447310656831264,0
M-03,2026-01-03 07:00:00,75.47720373109885,4.076234737854611,6.051304277200199,1705.7146566619554,0.748545003796438,0
M-03,2026-01-03 08:00:00,75.56324959205475,4.485367963843892,5.672282267485343,1758.2527368311091,0.9375006011039602,0
M-03,2026-01-03 09:00:00,81.84799704256214,4.69771421430296,5.672980751356293,1734.478612488748,0.9653992631361071,1
M-03,2026-01-03 10:00:00,80.71291909987798,4.6101593395201865,5.678796208871617,1640.647284214372,0.5571044184379226,0
M-03,2026-01-03 11:00:00,82.5137738357514,3.7672297788072955,5.702539756852105,1734.7647817971617,0.9358585010563718,0
M-03,2026-01-03 12:00:00,80.65369019857843,4.644526539355889,5.542897074005281,1687.0253595319718,0.7906481000788681,1
M-03,2026-01-03 13:00:00,74.903679124089,4.2869174264819145,5.40171836945885,1642.886718202978,0.7669786805950742,1
M-03,2026-01-03 14:00:00,83.12903837932836,4.60584340186596,5.603524978756312,1668.6444348224015,0.7809137210614087,0
M-03,2026-01-03 15:00:00,75.10644369631204,4.229893858857597,5.831460028627009,1614.0307973406927,0.5761799052278468,1
M-03,2026-01-03 16:00:00,76.69936964413596,,5.839113474765971,1592.4846188692882,0.6631484989768238,1
M-03,2026-01-03 17:00:00,82.20390307674913,4.516105705205657,5.412048709792298,1684.2564517998053,0.9515872054788439,0
M-03,2026-01-03 18:00:00,80.52032010097798,4.76520083298907,5.536595913827369,1649.2765054075292,0.6938193511011407,1
M-03,2026-01-03 19:00:00,88.8092129787103,5.206631398690362,5.61228264838921,1660.1363252976728,0.79558381841776,1
M-03,2026-01-03 20:00:00,83.93958863301077,4.486973769601862,5.315733808125461,1635.8757257621626,0.7894573893537223,1
M-03,2026-01-03 21:00:00,85.67130060870993,4.840284887300379,5.901412613022181,1762.207167694253,0.9979201079443559,1
M-03,2026-01-03 22:00:00,79.80829000527498,4.701622231095932,5.916776099715988,1785.1526832325933,0.9123832652006361,0
M-03,2026-01-03 23:00:00,77.26862053827165,5.295754709662269,5.501022153035511,1787.3576156480501,0.8109025777728993,1
M-03,2026-01-04 00:00:00,86.34999660172083,4.485302712244277,5.688431608773118,1743.0343642016303,0.9029601307781827,1
M-03,2026-01-04 01:00:00,85.02254407099652,5.248621911882659,5.619827740665063,1585.5028918756918,0.6475022714325894,1
M-03,2026-01-04 02:00:00,78.38902257403781,5.08228279421318,5.594574303394049,1643.0260860732603,0.8240228530020965,1
M-03,2026-01-04 03:00:00,88.35628870962067,5.162229994218761,5.86637596514086,1588.9060244242696,0.5515130288041205,1
M-03,2026-01-04 04:00:00,82.15615024836552,4.96067439661611,5.334418296698999,1654.404615049387,0.7195935423203983,1
M-03,2026-01-04 05:00:00,88.32090423435498,5.95131048871732,5.07378569590785,1556.8485728622668,0.5675008356993896,1
M-03,2026-01-04 06:00:00,83.52489239519898,4.97992873637147,5.525838664877889,1703.5729071325025,0.829094094426646,1
M-03,2026-01-04 07:00:00,86.6914905978056,5.791894221990577,5.563158939043015,1695.6885888988156,0.9239905103491046,1
M-03,2026-01-04 08:00:00,85.27182205309676,4.788540749312346,5.13019122110518,1691.6573771131928,0.9772168728661756,1
M-03,2026-01-04 09:00:00,82.42904990971614,5.427546441124309,5.4895925001749,1732.9423516302145,0.7290646328821602,1
M-03,2026-01-04 10:00:00,86.22996599950407,4.9511553764545955,5.560831857717862,1636.3708711552902,0.5983859095173002,1
M-03,2026-01-04 11:00:00,79.37025572628184,5.0981046054122094,5.893342083573049,1626.242994223254,0.5552059215971982,1
M-03,2026-01-04 12:00:00,80.97924194376436,5.882487075370064,5.781200085175897,1593.6063623194154,0.6190310518159036,1
M-03,2026-01-04 13:00:00,82.60358938844398,5.748780037993932,5.324593464717902,1758.986604816516,0.9091764863685226,1
M-03,2026-01-04 14:00:00,91.89558919904528,6.025546757127264,5.2924612691921595,1612.97262661857,0.6236977269662853,1
M-03,2026-01-04 15:00:00,86.99848027276238,5.659765230451364,5.224902560444184,1554.6415502720747,0.6651095346350533,1
M-03,2026-01-04 16:00:00,87.5543372145352,4.888421460916189,5.070762183571065,1757.3416883154239,0.9783407349178533,1
M-03,2026-01-04 17:00:00,85.15156462390658,5.419359326582826,5.571215506490511,1657.3438778291315,0.7404769488995975,0
M-03,2026-01-04 18:00:00,52.52701840270428,0.461035611431161,6.17192921721437,1632.945658005248,0.6753279509594063,0
M-03,2026-01-04 19:00:00,55.02831210789585,2.4464922900893264,6.227381805719037,1689.7122003803177,0.8280297291929422,0
M-03,2026-01-04 20:00:00,57.27718442731246,1.778452193566204,6.676774586664878,1641.342085125975,0.7322829501151236,0
M-03,2026-01-04 21:00:00,58.514938632796344,0.47034414049669304,6.439906451888939,1712.8807000305712,0.9521146633071631,0
M-03,2026-01-04 22:00:00,51.997307208258086,1.6548313034669169,6.365885386464112,1750.124871345011,0.9640105266249814,0
M-03,2026-01-04 23:00:00,58.96189192272153,1.5810728350388157,6.592838182981994,1826.1997618894507,0.9934395330394541,0
M-03,2026-01-05 00:00:00,58.92287818848033,1.7491749354971506,6.297838555064745,1793.4632085542285,0.9076635127185865,0
M-03,2026-01-05 01:00:00,58.289715420931884,1.0238103900515245,6.234920760780583,1728.2275516247134,0.9924705880174294,0
M-03,2026-01-05 02:00:00,55.20132063153914,2.3971476126305533,6.545494690806895,1764.8043841234537,0.8836926871430848,0
M-03,2026-01-05 03:00:00,60.80865745023316,1.5328732339692246,6.293967490003233,1701.6552762891652,0.8794400079011795,0
M-03,2026-01-05 04:00:00,56.150438817511954,1.7436588306555183,6.340384775519738,1667.0827125411229,0.635840151004546,0
M-03,2026-01-05 05:00:00,56.13884619784793,1.5199805104999238,6.092645409085663,1647.4042444440481,0.7265142981216572,0
M-03,2026-01-05 06:00:00,56.76333625491013,2.5358379118432275,6.465409923403158,1673.7675584044507,0.872311589073687,0
M-03,2026-01-05 07:00:00,60.2042081900334,2.1786033639475133,6.210063832307255,1735.7695202745772,0.9048336210506512,0
M-03,2026-01-05 08:00:00,52.97397321609141,2.3073091134268813,6.112570786374813,1641.7700179593558,0.6129768189193492,0
M-03,2026-01-05 09:00:00,64.90983189737541,2.216757570412125,6.235994947327389,1727.3779631361929,0.9491766776368655,0
M-03,2026-01-05 10:00:00,61.33880917386972,1.6226503767423768,6.365792530925451,1713.1859472784756,0.9530318928599837,0
M-03,2026-01-05 11:00:00,61.38089867740286,1.6885639238023307,5.608907536094645,1665.0939930099535,0.7116410048605899,0
M-03,2026-01-05 12:00:00,66.90744207911818,2.236222930456878,6.482848508234595,1676.694509950567,0.7929813846702274,0
M-03,2026-01-05 13:00:00,54.558634178880965,2.320002003813709,6.5757983406203575,1649.0029556019774,0.6579401854116076,0
M-03,2026-01-05 14:00:00,64.68016673280708,2.353238791757928,6.798244283481707,1603.5235066865134,0.6332375290419869,0
M-03,2026-01-05 15:00:00,59.96660416098272,2.255079277274936,6.385309182353564,1619.940938787437,0.6139238934893965,0
M-03,2026-01-05 16:00:00,65.59276725425458,2.620067527969763,6.105865704713191,1687.5562003924383,0.7854999576724874,0
M-03,2026-01-05 17:00:00,64.30392499682694,2.326927772794444,6.657968549653265,1759.0668738816673,0.9347182810632624,0
M-03,2026-01-05 18:00:00,61.66108191699088,2.5943462476667114,6.328136032271273,1536.5964556054612,0.5872744418339362,0
M-03,2026-01-05 19:00:00,66.54867383274464,2.8192392677535194,6.070141776610098,1721.257260155719,0.9302426159770958,0
M-03,2026-01-05 20:00:00,66.22388641637141,2.774940763740621,6.537292449865843,1717.6645594717995,0.8903456293638734,0
M-03,2026-01-05 21:00:00,62.06923668869446,2.5283904983858987,6.0451953587771055,1693.6848289848917,0.8946616573464287,0
M-03,2026-01-05 22:00:00,,3.0482138262848073,6.407843804144709,1630.762874486772,0.7700392583082891,0
M-03,2026-01-05 23:00:00,62.44134643955722,2.5401226516718096,6.342714153241991,1683.9664208426286,0.8892032339494863,0
M-03,2026-01-06 00:00:00,65.68583415590746,2.4875629377865334,6.548380971710583,1623.0926078534035,0.6639437883212618,0
M-03,2026-01-06 01:00:00,68.60074321224549,3.4258456751613213,6.46189296957975,1679.316218337574,0.8742729056337423,0
M-03,2026-01-06 02:00:00,69.87271439454204,2.8669696428601923,5.991576743565065,1706.8791146792996,0.7832260059408853,0
M-03,2026-01-06 03:00:00,68.67205568224605,2.9001514238899286,5.415384003736335,1658.121329434665,0.8986155664700051,0
M-03,2026-01-06 04:00:00,71.32109414614412,2.393624789126752,5.898047073544972,1724.5105064974596,0.9733755250208762,0
M-03,2026-01-06 05:00:00,67.91483728626574,3.11062629801721,6.241310413235422,1638.61415717737,0.5967332295808379,0
M-03,2026-01-06 06:00:00,66.05243680108154,3.049113151767635,6.079883669926774,1578.3312662453518,0.5832734180802289,0
M-03,2026-01-06 07:00:00,64.91354050900047,2.898390123460984,6.481217133312759,1655.1677935170737,0.6626130493255611,0
M-03,2026-01-06 08:00:00,66.98144896536681,2.864482823381534,6.031873862191537,1667.8576935966785,0.7827078790990659,0
M-03,2026-01-06 09:00:00,66.73999235171216,3.1253968674614656,6.257038986645017,1610.615199655787,0.7530716484572236,0
M-03,2026-01-06 10:00:00,67.98129441150552,3.0017380585141873,6.203111417161679,1586.202111017765,0.6304282191662134,0
M-03,2026-01-06 11:00:00,63.0061569615193,3.209770863038588,5.648518477744005,1609.1490127345883,0.5987356591460261,0
M-03,2026-01-06 12:00:00,71.77518641350895,3.769865988356988,6.0574968897330645,1726.8334060111517,0.9721210928479398,0
M-03,2026-01-06 13:00:00,68.7419699455146,3.989472300571443,6.080756829228874,1703.4132220108618,0.9644961985557696,0
M-03,2026-01-06 14:00:00,76.58498209935544,3.172833168363398,5.761294001729049,1730.986881694708,0.9356560011104157,0
M-03,2026-01-06 15:00:00,72.28252670662438,2.6834344176651017,6.0456801861853995,1608.9425258964336,0.6148877415051186,0
M-03,2026-01-06 16:00:00,73.89463756442223,3.9475759127488024,5.731050498997558,1599.8434768992447,0.5768425593382376,0
M-03,2026-01-06 17:00:00,72.71074580638418,4.381141507823565,5.481788748478168,1720.6998975124814,0.9186916008302396,0
M-03,2026-01-06 18:00:00,69.63074720307448,2.963327125983425,5.554425207432663,1720.6780285670534,0.7831295629298619,0
M-03,2026-01-06 19:00:00,77.7651342221658,3.315186274526171,5.976479635472616,1641.554701968006,0.5837751236746092,0
M-03,2026-01-06 20:00:00,70.19782369932179,3.8532317647186924,6.358820769264763,1593.3739889067533,0.6286481770262718,0
M-03,2026-01-06 21:00:00,74.67949159153638,4.059537084140381,5.6577264773504705,1611.035047800198,0.656162093122578,0
M-03,2026-01-06 22:00:00,74.30819794852434,3.810968114687344,5.599317096770135,1777.9938609701844,0.8936597767255887,0
M-03,2026-01-06 23:00:00,76.08492058193636,3.905325979457686,5.471531617267354,1667.702462408178,0.9799403652783366,0
M-03,2026-01-07 00:00:00,76.63226128881526,3.331415213885715,5.615536075076414,1770.4336550821347,0.9521516715497435,0
M-03,2026-01-07 01:00:00,76.65963087319449,4.005901134195653,5.805789782082782,1718.9216503159348,0.7260088131705538,0
M-03,2026-01-07 02:00:00,77.91687946437088,3.9393819535868344,6.173607863528069,1759.9923236466414,0.9995360462909584,0
M-03,2026-01-07 03:00:00,79.75888622850957,4.555756339290276,4.845074345640878,1700.012017352126,0.8131595298608041,0
M-03,2026-01-07 04:00:00,77.14582381087364,4.1665799769499845,5.979585977467206,1626.7138284471766,0.6745499763388612,0
M-03,2026-01-07 05:00:00,77.45359707354493,4.3170748210617775,6.090338833694653,1679.0969512852867,0.6952510821215556,0
M-03,2026-01-07 06:00:00,77.59880741253164,4.982547589529714,6.070445846090828,1673.9639951287895,0.8453152036527105,0
M-03,2026-01-07 07:00:00,80.19764351915484,3.8600637745006656,6.255870058868046,1743.7771480423023,0.9569398164484784,0
M-03,2026-01-07 08:00:00,74.756151387077,4.08266442631957,5.693785282692402,1620.5012060787092,0.7051190328092746,0
M-03,2026-01-07 09:00:00,73.82490517914327,3.5225959480863596,5.843975734746161,1641.7816803552782,0.6376127459031279,0
M-03,2026-01-07 10:00:00,83.77649653474997,4.771523377462818,6.425388483435144,1822.3028309286037,0.8965147972555727,1
M-03,2026-01-07 11:00:00,77.86440516669741,4.581113584031927,,1667.2706723895858,0.6932724479358982,0
M-03,2026-01-07 12:00:00,77.37265992940635,4.329787671516478,5.9469053984959634,1655.085326026523,0.7774892868852199,0
M-03,2026-01-07 13:00:00,79.48432940116962,4.971911344426316,5.496245122614057,1666.5065595596109,0.8750836886740082,1
M-03,2026-01-07 14:00:00,75.84334140131442,5.125748382363856,6.197008112089254,1581.4839160222016,0.5813108956332187,1
M-03,2026-01-07 15:00:00,84.85503522897426,4.197727366928152,5.947274047705847,1704.2020163581503,0.9652762167618105,0
M-03,2026-01-07 16:00:00,78.67251800845104,5.433743734138199,5.670959966627748,1685.4573934794685,0.604562390405898,0
M-03,2026-01-07 17:00:00,76.420796914486,4.539043655905272,5.552377957503569,1741.5243403989377,0.8220132696315365,1
M-03,2026-01-07 18:00:00,77.50091265420029,4.254635534555371,5.911445864172822,1705.606924136078,0.7926618920231672,0
M-03,2026-01-07 19:00:00,83.9330159617963,4.259808406445769,5.780798484879558,1684.9931726367045,0.7770144078464182,1
M-03,2026-01-07 20:00:00,81.02858925197523,5.022661610263106,5.3267098553554435,1628.0937439069976,0.5902462131099806,1
M-03,2026-01-07 21:00:00,85.51183899549197,4.7944243640773125,5.874055530183419,1740.1379988404863,0.9652981410319752,1
M-03,2026-01-07 22:00:00,77.43324613326462,5.021912342227485,5.5450119960287125,1633.2352596306462,0.7111990310580321,1
M-03,2026-01-07 23:00:00,84.50904416182493,4.987837838114623,5.473220641460006,1700.545849549804,0.7248844702805222,1
M-03,2026-01-08 00:00:00,86.75248615612031,5.6407987256270395,5.762802686560133,1600.2556075386806,0.6024246987829246,1
M-03,2026-01-08 01:00:00,88.10061630169089,5.229555298631481,4.744831261577125,1733.2498911690616,0.865136330714672,1
M-03,2026-01-08 02:00:00,87.09733639555202,5.414821778038769,5.422175833617142,1688.2131709324917,0.6963360910424936,1
M-03,2026-01-08 03:00:00,83.52661262160984,4.805720727591976,5.6605148876968565,1664.876731050591,0.6257537701872393,1
M-03,2026-01-08 04:00:00,79.21308916473043,4.646285594734856,5.61204945391378,1604.8589557788175,0.5887348063335472,1
M-03,2026-01-08 05:00:00,87.01007540204137,5.546702502241819,5.806450116495921,1705.501585382553,0.8673658275543339,1
M-03,2026-01-08 06:00:00,84.05605828421324,4.909916546214069,5.943826947718587,1678.1114105159547,0.7143954426237205,1
M-03,2026-01-08 07:00:00,90.84005307037211,5.523017666548283,5.900552853224925,1678.0605732925414,0.8004737159139885,1
M-03,2026-01-08 08:00:00,84.98792541487823,5.367150354037276,5.237521118825147,1677.5006195299436,0.7434482305699716,1
M-03,2026-01-08 09:00:00,88.4755297251451,5.445841058652869,5.9072855372534,1643.6113013204456,0.6068014407140332,1
M-03,2026-01-08 10:00:00,88.8853781181807,5.72091918415804,5.704366610163153,1694.3395202189295,0.9558842365218123,1
M-03,2026-01-08 11:00:00,87.64465169813529,5.462462135030424,5.138591380591062,1648.6932114839449,0.695616210041403,0
M-03,2026-01-08 12:00:00,62.86577143180489,1.75054892518951,6.13681311525782,1735.9185541262807,0.8950948597689525,0
M-03,2026-01-08 13:00:00,52.740314857971725,1.3904141118059825,6.255689621290365,,0.6186590265520102,0
M-03,2026-01-08 14:00:00,59.02361215755576,1.817749974752335,6.218078956892002,1652.9917889564733,0.8265799809174524,0
M-03,2026-01-08 15:00:00,48.51573894957755,1.2209461884939727,6.685586342211024,1642.8917813612736,0.657116496879168,0
M-03,2026-01-08 16:00:00,51.12792855747938,1.8398274132184738,6.596796377624794,1650.0146722610937,0.7264392297406346,0
M-03,2026-01-08 17:00:00,61.20244927127597,1.8770517873162142,5.913288787959156,1736.8328089028605,0.7256165360897857,0
M-03,2026-01-08 18:00:00,53.72846788945327,1.3370575352612692,6.146310532671733,1632.9931733761507,0.6020797650901089,0
M-03,2026-01-08 19:00:00,55.888858951435395,2.08419447454556,6.373229538322567,1696.8549396244207,0.8241193368001425,0
M-03,2026-01-08 20:00:00,58.878214428009485,1.8180766790289355,6.507596994377372,1737.2563009779806,0.7407434812950711,0
M-03,2026-01-08 21:00:00,60.26011626980663,1.6477572402444796,6.422480182638813,1702.5389626798765,0.8202793953201053,0
M-03,2026-01-08 22:00:00,60.11580137527225,1.5605223050302597,6.308491552886994,1702.4172241932888,0.8403499616408932,0
M-03,2026-01-08 23:00:00,58.484263366189964,1.8421080177101425,6.209526509695204,1621.494073053723,0.5965093207580574,0
M-03,2026-01-09 00:00:00,58.57782703776842,2.541751063734177,6.032787845531936,1682.0114023451147,0.5578065186277026,0
M-03,2026-01-09 01:00:00,61.07044231640333,2.486713780418044,6.104856484159355,1607.8051955930855,0.7432435350236293,0
M-03,2026-01-09 02:00:00,54.898600083727246,1.5460488326214898,,1611.0316965010993,0.6252026259735376,0
M-03,2026-01-09 03:00:00,56.62417027610082,2.4705696675989497,5.967850986466794,1622.0530097135636,0.6880123890685685,0
M-03,2026-01-09 04:00:00,60.56097460504779,1.3996503235593218,6.252876938529935,1708.552434689798,0.8736790880671543,0
M-03,2026-01-09 05:00:00,61.746708904226715,2.538544213253217,6.179973336127752,1703.8205982238833,0.7042523000190232,0
M-03,2026-01-09 06:00:00,65.44037008912905,2.3870134613393104,6.158275101417998,1750.6032495225238,0.872087190333251,0
M-03,2026-01-09 07:00:00,67.79290660196752,2.5377239591654193,6.0480011120604615,1682.001954718152,0.9763358471607084,0
M-03,2026-01-09 08:00:00,65.31966866110231,2.20773786913202,6.2132500659382925,1688.3097523385416,0.9185095633690249,0
M-03,2026-01-09 09:00:00,59.97301506096468,1.5617137561640222,5.718794255584575,1732.8040697542856,0.8487399943327846,0
M-03,2026-01-09 10:00:00,67.96005671251186,2.544408945655944,6.037968579457215,1734.3822944422436,0.9420756920679298,0
M-03,2026-01-09 11:00:00,68.92111095740546,3.238131068800011,5.564966042279991,1604.9932321352624,0.6293976248439036,0
M-03,2026-01-09 12:00:00,60.393849951967326,1.8408820928260086,6.421611089407939,1699.0478061055137,0.9103342350195887,0
M-03,2026-01-09 13:00:00,66.38814209740842,2.321056165919968,6.1421658855803045,1640.099400746044,0.7838710241204906,0
M-03,2026-01-09 14:00:00,67.51544480025733,2.5880696892863013,5.942008054210906,1762.0122354997716,0.8878306359489667,0
M-03,2026-01-09 15:00:00,65.123506856374,2.8247146218051546,6.160166793254264,1693.7109541263571,0.8941810655781193,0
M-03,2026-01-09 16:00:00,68.0241815426607,2.249739851402825,6.194119059784647,1704.4782695144697,0.8388665927241937,0
M-03,2026-01-09 17:00:00,64.70938861191117,2.6079616671353114,6.1740274385506515,1636.9477900428717,0.6182922853213388,0
M-03,2026-01-09 18:00:00,65.29663752587058,2.703748517851801,6.410849565146945,1612.4941242071513,0.5754784977438692,0
M-03,2026-01-09 19:00:00,70.6658742761025,2.7205549663561173,5.857657737963519,1741.1759414248677,0.8975269377633921,0
M-03,2026-01-09 20:00:00,67.51750852767314,3.0857183658619616,5.929254053731603,1683.4599546012334,0.7938492180059726,0
M-03,2026-01-09 21:00:00,66.39111797025217,3.182001856614998,5.202762812505821,1704.3557611868532,0.9539424958292462,0
M-03,2026-01-09 22:00:00,74.52239374539683,3.020621679576156,5.969454113232283,1704.467530634051,0.7859841363041797,0
M-03,2026-01-09 23:00:00,70.56710291562516,3.388577870711968,6.056910709795282,1604.009490626984,0.5967622741909866,0
M-03,2026-01-10 00:00:00,69.2200756337084,3.7948625045189353,5.710053666665933,1755.3361295515062,0.8718676889822972,0
M-03,2026-01-10 01:00:00,72.83056430259333,2.977920839608757,5.974245584816562,1729.9266126061236,0.9913101783034499,0
M-03,2026-01-10 02:00:00,71.95045301499484,2.789224178877357,5.693848168550701,1700.9676072176487,0.8328298881667482,0
M-03,2026-01-10 03:00:00,75.71267080412366,3.6939555667883197,5.798029339650401,1680.5041436985173,0.8736659421487916,0
M-03,2026-01-10 04:00:00,72.91603902381117,3.7982976830552015,5.9577149093338475,1629.0000836789131,0.5864953972794023,0
M-03,2026-01-10 05:00:00,73.60214064415955,,6.061572561161315,1721.7983568041486,0.9973042594308608,0
M-03,2026-01-10 06:00:00,69.37080789535057,2.7760218705774804,6.101204564584556,1701.0974697595675,0.8256376723404352,0
M-03,2026-01-10 07:00:00,72.05229838930889,3.5696848766629605,5.651957411071388,1677.7440402601396,0.9289538243426969,0
M-03,2026-01-10 08:00:00,71.30538180010387,3.378927451412133,5.884046483442636,1688.7488567032838,0.7997249713201688,0
M-03,2026-01-10 09:00:00,74.48972695428391,2.4648210559692645,6.249369364458652,1573.3818378941287,0.699663613751226,0
M-03,2026-01-10 10:00:00,77.84397977605585,4.128253792166162,5.782801010847643,1719.8968743977623,0.9499659915266521,0
M-03,2026-01-10 11:00:00,71.42146626016934,3.311800939155696,6.018250297633332,1621.0549424806247,0.721303194085217,0
M-03,2026-01-10 12:00:00,72.42426520132742,3.4977443231906853,6.259957554363933,1712.852959603719,0.9142891188962828,0
M-03,2026-01-10 13:00:00,75.7021248730833,3.3223611469824315,5.969283889277463,1700.851780357111,0.8339944963001076,0
M-03,2026-01-10 14:00:00,78.3932244882752,3.4812807307509566,5.571086555478453,1661.9073725007086,0.7255016288709288,0
M-03,2026-01-10 15:00:00,72.1216083927616,4.595946388204533,5.64067250331032,1615.9680988198775,0.628271919470608,0
M-03,2026-01-10 16:00:00,74.40898603027546,4.3889067515230025,5.701546074994279,1566.590547273884,0.6021469012658666,0
M-03,2026-01-10 17:00:00,75.266671022222,4.430353010542951,5.760967903723061,1563.8991559828542,0.611357028568209,0
M-03,2026-01-10 18:00:00,76.68162090030813,4.042271302615254,5.89351693760281,1602.6597240953572,0.7221616779528361,1
M-03,2026-01-10 19:00:00,76.61784737791514,3.6730491542681096,5.509962547939054,1597.4237421245916,0.6156372455361471,1
M-03,2026-01-10 20:00:00,74.6737037542878,3.5123839353676365,5.79581296145198,1642.1042452115155,0.6652925680522446,1
M-03,2026-01-10 21:00:00,80.8443572120585,4.159853104332386,5.601243506663671,1693.3895916994168,0.891143020041063,0
M-03,2026-01-10 22:00:00,78.64838054313229,3.75889964255618,6.272448176607778,1738.5780936746592,0.8881380323824826,0
M-03,2026-01-10 23:00:00,75.68925434876648,4.924471975253118,5.999422719195802,1792.2807978038588,0.9584310598837675,0
M-03,2026-01-11 00:00:00,74.42643286044877,4.4228436749552476,5.717860776522207,1684.0401757675913,0.8350105783841612,0
M-03,2026-01-11 01:00:00,81.54815412618636,3.594610097644443,6.430179319184006,1630.9985454772795,0.6973228903963358,0
M-03,2026-01-11 02:00:00,75.8184561308495,4.717729401099334,5.9679176220307575,1590.8999143330843,0.6167427767705318,1
M-03,2026-01-11 03:00:00,77.16914800503548,5.038311090937394,5.913386536675249,1598.755648351325,0.5749156379500947,0
M-03,2026-01-11 04:00:00,78.66941620258784,4.5973068932493,6.005283887571953,1735.6444070847858,0.9390070867766661,0
M-03,2026-01-11 05:00:00,76.93145619187564,4.452650209481901,5.818972621527423,1587.8543787900715,0.5815903518286977,1
M-03,2026-01-11 06:00:00,80.56130745690992,4.891179104441944,5.62959264497079,1627.7002133112464,0.7044519712970575,0
M-03,2026-01-11 07:00:00,79.78021279768444,4.15051939153686,5.981339409119047,1715.3496458077293,0.861069340728525,1
M-03,2026-01-11 08:00:00,87.73579628979958,5.191896612300775,5.500948270275729,1690.2021185896567,0.782122113533004,1
M-03,2026-01-11 09:00:00,78.07428601875735,4.619460148651108,5.806616356035465,1703.9941691540607,0.8751569395249756,1
M-03,2026-01-11 10:00:00,87.28991881268001,4.921718645635539,5.458903446246655,1643.7229486947708,0.6501729360147717,0
M-03,2026-01-11 11:00:00,73.694839717009,5.9935500090215745,5.197684630041915,1665.584248345561,0.7794133326678574,1
M-03,2026-01-11 12:00:00,83.75178297891485,3.9340965635002054,5.624227175135687,1728.661824010462,0.8242995406128978,1
M-03,2026-01-11 13:00:00,83.8614139438611,4.761813433271231,5.488379661657512,1696.7475083345594,0.966684631424788,0
M-03,2026-01-11 14:00:00,78.6587321059144,4.529069452251702,5.664856280036752,1570.476170501767,0.5835719386709586,1
M-03,2026-01-11 15:00:00,84.82920862567781,4.468236902323401,5.715153020796225,1728.4702108665265,0.9562517897134659,1
M-03,2026-01-11 16:00:00,85.46712214501179,5.087122921472268,5.590600531420822,1703.465670196697,0.6606906229432234,1
M-03,2026-01-11 17:00:00,85.98802380738339,4.689111164042353,5.87350747244448,1718.0923455442335,0.894405858311722,1
M-03,2026-01-11 18:00:00,81.43796345359146,5.673840629550793,5.751150758739015,1633.9656696859254,0.6503100958069515,1
M-03,2026-01-11 19:00:00,86.48612516277409,4.940369845683116,5.03814767097126,1672.6033166211753,0.9201593085836499,1
M-03,2026-01-11 20:00:00,87.18229338848376,5.67713551512069,5.525497529028202,1730.23733596795,0.8026435521105706,1
M-03,2026-01-11 21:00:00,86.98320200718604,5.852541283706708,5.5742602833743,1707.0601149679878,0.8639577227384383,1
M-03,2026-01-11 22:00:00,89.93685913306533,4.476509361639486,5.873665487056013,1675.7730206087397,0.7379564671295474,1
M-03,2026-01-11 23:00:00,91.64303032050172,6.073646105722329,5.502437108552807,1617.0635344560371,,1
M-03,2026-01-12 00:00:00,84.09803446010034,5.463662354401841,5.972781001885141,1593.0380985490574,0.5610988290809207,1
M-03,2026-01-12 01:00:00,89.48511939521372,5.183114536996751,5.576547314191933,1678.2987552891116,0.9570896101388879,1
M-03,2026-01-12 02:00:00,86.86863559557624,5.431072770116344,5.932935396976851,1599.1656247715114,0.5518957248613658,1
M-03,2026-01-12 03:00:00,93.70896931728032,5.528328107043051,5.581918302385907,1755.3751831594618,0.8934933072679951,1
M-03,2026-01-12 04:00:00,87.87356575029807,5.594882716119249,5.771149060234384,1713.4425508057777,0.7609590202861503,1
M-03,2026-01-12 05:00:00,85.6731579515552,6.085719770341054,5.245160345831874,1652.95228772406,0.6409604814665684,0
M-03,2026-01-12 06:00:00,60.74210485813211,0.8923192331177345,-99.0,1683.5530543721932,0.778262997496002,0
M-03,2026-01-12 07:00:00,57.773164834678695,1.389798363945469,6.062321134393383,1544.9115814740587,0.5709397643097203,0
M-03,2026-01-12 08:00:00,53.90459398685761,1.7339329338923677,5.887852767722761,1695.0660585235398,0.9412007213402838,0
M-03,2026-01-12 09:00:00,54.93434845592485,1.654062418663383,6.180217484281147,1634.1732270915288,0.6752661440555577,0
M-03,2026-01-12 10:00:00,55.94655638301638,1.3498155823437519,6.545687155968352,1735.3024622315538,0.8809952957459914,0
M-03,2026-01-12 11:00:00,58.32529664799736,2.6917139449374496,6.018706793934432,1735.4796649469574,0.9746357673902819,0
M-03,2026-01-12 12:00:00,56.57102326711529,2.297508093144402,6.378070234604853,1705.7969885577443,0.7891251492190473,0
M-03,2026-01-12 13:00:00,61.59648057901828,2.4322101754279557,6.834552911824337,1641.473942704774,0.568191422444349,0
M-03,2026-01-12 14:00:00,62.41703547264318,2.7670047902138672,5.997635954259051,1762.6659514894695,0.9803933246877616,0
M-03,2026-01-12 15:00:00,58.905905149242095,2.1558877584359473,5.879390094169634,1719.2194653865001,0.8327329672344101,0
M-03,2026-01-12 16:00:00,65.41577087868353,1.8017011990482408,6.310802610539243,1682.236282115946,0.7963623075702065,0
M-03,2026-01-12 17:00:00,61.4803926043521,1.7795407019770142,6.680762376512459,1729.7528148664858,0.9729197761624264,0
M-03,2026-01-12 18:00:00,57.09557128896401,1.2651145642219817,6.114226444095269,1699.2695201446647,0.8620773683692426,0
M-03,2026-01-12 19:00:00,61.56602185247213,1.7315430232131757,6.414535810380599,1676.0240854574024,0.6495169605241335,0
M-03,2026-01-12 20:00:00,57.82194870475222,2.66217718128623,6.627671423617588,1707.032187013714,0.8449395801344994,0
M-03,2026-01-12 21:00:00,61.925425483691555,2.0861543770463093,6.332324421729827,1759.7729369575509,0.9999762658545401,0
M-03,2026-01-12 22:00:00,58.289299963257065,2.048976463968687,6.0244321568628525,1617.8365916975695,0.6410372696549012,0
M-03,2026-01-12 23:00:00,63.48828398192945,2.3586953480081885,5.818536617237289,1624.5236539568134,0.6194953235893161,0
M-03,2026-01-13 00:00:00,58.8075176851026,2.5240735251414677,5.931229040558825,1730.5364761746162,0.9453414504758219,0
M-03,2026-01-13 01:00:00,63.14639698684899,2.7391417396398547,5.975063616935341,1706.3795061259827,0.850816179025486,0
M-03,2026-01-13 02:00:00,60.978238361307035,2.3130971854960727,6.386180765457062,1604.632410569015,0.6938484918900019,0
M-03,2026-01-13 03:00:00,62.81922019141893,1.8488333514140511,6.457162758806195,1657.2627227678545,0.8449963795532889,0
M-03,2026-01-13 04:00:00,64.3849744751029,2.1454737576562697,6.289859306703491,1740.3590644971703,0.9613721175612242,0
M-03,2026-01-13 05:00:00,69.77397931364055,1.734389115248245,5.705420059274422,1683.5112423697128,0.6347236362846799,0
M-03,2026-01-13 06:00:00,66.57853489643223,2.895718989691171,6.167206786483794,1664.9585042676438,0.8536147470700641,0
M-03,2026-01-13 07:00:00,70.4355923387491,3.474205607013289,6.166559595429263,1682.4318803462481,0.929703131323927,0
M-03,2026-01-13 08:00:00,66.37645590562558,2.6143577665874727,5.96636605575843,1692.9234570932815,0.7604941509705099,0
M-03,2026-01-13 09:00:00,63.4219816742264,2.7167724473749186,5.8685950186811215,1658.4420489392078,0.7583130129097688,0
M-03,2026-01-13 10:00:00,64.31052405071314,1.8824786225635641,6.400973310609726,1624.5594103559363,0.5966723779000732,0
M-03,2026-01-13 11:00:00,63.50310500890296,3.7525191224764107,6.056881726407511,1594.2138173168337,0.7286717352533868,0
M-03,2026-01-13 12:00:00,67.6754858913391,2.5073502876223737,5.7896179584717835,1652.9759917996505,0.8145204407709254,0
M-03,2026-01-13 13:00:00,61.27022374603982,3.11683203612669,6.066464842494051,1612.0198003641963,0.650660404871751,0
M-03,2026-01-13 14:00:00,70.11643315377384,3.1062849699237822,6.140680079203149,1643.4314697794505,0.6710426041261317,0
M-03,2026-01-13 15:00:00,68.00449441483909,3.5738185761389185,6.363725889215249,1658.4825988634198,0.860730909814317,0
M-03,2026-01-13 16:00:00,72.676072020616,3.8899520150056057,5.803446505582022,1650.8901739729372,0.5893244566735241,0
M-03,2026-01-13 17:00:00,69.79197719719754,2.566780072276413,6.130380710870683,1642.3308818553865,0.5918042890413178,0
M-03,2026-01-13 18:00:00,65.09695610053659,3.4919230865916226,6.035328051124737,1674.6028731204583,0.876798028958032,0
M-03,2026-01-13 19:00:00,67.69070397573424,3.2392757415137514,5.534902631372278,1710.3319128807111,0.7517204385454079,0
M-03,2026-01-13 20:00:00,61.45115519451285,3.770582967898409,6.098028439294234,1615.8991891818587,0.5957862548869768,0
M-03,2026-01-13 21:00:00,72.14341869310164,3.2593159189991376,5.840972136993154,1733.2532682776714,0.9100579926885414,0
M-03,2026-01-13 22:00:00,74.30384195821865,3.5857783816762407,6.031600788404634,1700.7554109307016,0.6187902273553215,0
M-03,2026-01-13 23:00:00,70.1555781659591,4.435823500310313,5.909577526602014,1729.7222160256179,0.9648125923342588,0
M-03,2026-01-14 00:00:00,69.42987619165646,3.6682734210714845,5.632696877045509,1793.092718330901,0.9433520685945229,0
M-03,2026-01-14 01:00:00,68.69713096146963,4.229848028900582,5.462778421985395,1672.5058469611606,0.757780586527315,0
M-03,2026-01-14 02:00:00,69.86951513439533,3.174831626217918,5.587787141412124,1610.8837173130828,0.6467675873019548,0
M-03,2026-01-14 03:00:00,74.94040278794574,4.155958792563355,5.524252641614549,1725.1573699119704,0.9723179974622185,0
M-03,2026-01-14 04:00:00,71.70107914306858,4.086783036046517,5.753891297597507,1710.4416858747807,0.9647126014958882,0
M-03,2026-01-14 05:00:00,70.5501634374248,3.4875832636479047,5.6049159800465045,1586.8241935098306,0.5733582346339736,0
M-03,2026-01-14 06:00:00,75.76845541951506,4.019911139847103,5.709402388678348,1561.8415950843073,0.6273186848621599,0
M-03,2026-01-14 07:00:00,73.65349137268714,4.282981549266283,6.094342600276543,1825.7687537160255,0.995294189446694,0
M-03,2026-01-14 08:00:00,81.00565719232826,3.804054174041993,5.956674276203162,1781.5892964229429,0.966181807722859,0
M-03,2026-01-14 09:00:00,73.41880372273664,2.880796322800099,5.849055172882427,1653.069910364195,0.7940438195001857,0
M-03,2026-01-14 10:00:00,72.35393546628968,4.3408214960616975,5.945282719818046,1720.1526290340762,0.954741118409943,0
M-03,2026-01-14 11:00:00,76.87607387740897,4.095574845126053,5.883210301316789,1634.3146919930086,0.6192815105841399,0
M-03,2026-01-14 12:00:00,77.7818488278128,4.34576802910084,5.678991350587215,1635.4756449331944,0.6318765370389798,0
M-03,2026-01-14 13:00:00,73.15204445840389,3.399010889178861,5.476905543175956,1593.7942940818548,0.5848705843865253,0
M-03,2026-01-14 14:00:00,75.79484899906957,3.8569949384348616,5.660146314410212,1714.9567153266075,0.9009990139132558,0
M-03,2026-01-14 15:00:00,77.44935888708754,5.286430603087174,5.492443241470341,1771.5084042853862,0.9024659664900412,1
M-03,2026-01-14 16:00:00,82.38759671006241,4.029826138726478,5.678218058080629,1682.3990251577927,0.8989841392066831,0
M-03,2026-01-14 17:00:00,77.92745524613676,3.5335284398715836,6.342458668832444,1672.3499506711335,0.8040944019195447,0
M-03,2026-01-14 18:00:00,76.2153951344197,4.135860465949015,5.759886270341903,1621.5482943162124,0.6344541176605611,0
M-03,2026-01-14 19:00:00,81.32009403665677,4.344601124628559,,1702.310152102597,0.887873859990033,0
M-03,2026-01-14 20:00:00,77.9714081955391,4.324605575873429,5.710857137403946,1649.681120713977,0.7103302382436596,0
M-03,2026-01-14 21:00:00,82.41511066178784,4.83069749795168,6.174351549214186,1691.6680894045844,0.8937003693632888,0
M-03,2026-01-14 22:00:00,80.64101093170008,3.829217234088855,5.476981386938511,1615.4502990104393,0.5823497499853871,0
M-03,2026-01-14 23:00:00,77.51339049463219,4.855069573724084,5.481429825423414,1625.8013569142736,0.6505622204630351,0
M-03,2026-01-15 00:00:00,81.43885455419961,3.742844077452908,5.967533177431247,1585.8896533518323,0.5921888859368306,1
M-03,2026-01-15 01:00:00,82.24848457618414,5.769244300901067,5.727563935966944,1682.2044595764885,0.8522832276974595,0
M-03,2026-01-15 02:00:00,85.91120204263447,4.823943014568953,5.421146400195442,1659.3862225923576,0.8427353221338971,0
M-03,2026-01-15 03:00:00,79.35142956685151,5.227206126950998,5.65185722738862,1707.1926769335644,0.9707177011680359,1
M-03,2026-01-15 04:00:00,77.82784279375925,4.455684029704348,5.901138724182707,1683.1857927385945,0.787456560622049,1
M-03,2026-01-15 05:00:00,85.68287584356841,4.968090480313359,5.503107917208077,1678.6728987167514,0.8420387440312971,1
M-03,2026-01-15 06:00:00,87.1567822575274,5.636461354588476,5.5867378346030625,1712.5881320677418,0.8574984995218959,0
M-03,2026-01-15 07:00:00,89.06624033360667,4.15186937240769,5.5545393272342904,1754.144403790983,0.9617723285402008,1
M-03,2026-01-15 08:00:00,88.94253760853823,4.63524740623791,5.578916801062701,1665.5198218181442,0.8335834759565184,1
M-03,2026-01-15 09:00:00,88.36600917725634,4.672972760840273,4.951256226856959,1679.8900199643706,0.9601400795502554,1
M-03,2026-01-15 10:00:00,85.39527700977841,4.611000091169243,5.297843382703571,1660.3940913159224,0.8369278598107035,1
M-03,2026-01-15 11:00:00,82.2237857164932,5.4395494479674795,5.346722877666741,1626.4769610856715,0.6828366945063243,1
M-03,2026-01-15 12:00:00,84.45105165613637,5.64056741544621,5.298356678015483,1666.8650869476257,0.7674083378366984,1
M-03,2026-01-15 13:00:00,84.12842929400453,5.972092957666105,5.368317705976415,1625.1770098995617,0.6561083836110955,1
M-03,2026-01-15 14:00:00,83.47888867314151,5.015180917161195,5.475069585288347,1687.052098573007,0.8427513545736571,1
M-03,2026-01-15 15:00:00,88.97318230805426,4.67314879336904,5.474341761054416,1759.9012455213617,0.9990048969243694,1
M-03,2026-01-15 16:00:00,80.94518411508848,5.729692114796616,5.645472221877999,1635.4205139941603,0.6670634996323688,1
M-03,2026-01-15 17:00:00,83.71159122982833,6.012483707463957,6.0012236946346595,1586.0521467985027,0.6009213328932128,1
M-03,2026-01-15 18:00:00,87.79212098261715,5.733167079642984,5.7219804492299176,1685.4062389736378,0.871676854623191,1
M-03,2026-01-15 19:00:00,82.81417232957827,5.068447423755747,5.354137545971202,1640.220654406658,0.593492741795905,1
M-03,2026-01-15 20:00:00,89.39492468836573,5.724436357782993,5.581657208476188,1692.5297180431626,0.7950394888668726,1
M-03,2026-01-15 21:00:00,86.99388647076543,5.1195146129027975,5.780280383129559,1783.1131614874473,0.9291990224629165,1
M-03,2026-01-15 22:00:00,88.76951766761606,6.093083925566418,5.619144787257223,1710.9375014490693,0.7443533559230628,1
M-03,2026-01-15 23:00:00,88.62397207307707,5.904253566577922,5.431568055450438,1691.1871081632344,0.7661899939654028,0
M-03,2026-01-16 00:00:00,48.85219852101147,0.8426939644448644,6.467340735108108,1619.323615764399,0.8225780826095921,0
M-03,2026-01-16 01:00:00,50.269947143668475,1.6206859426841778,6.107092042116805,1687.9114514833052,0.7522881725090244,0
M-03,2026-01-16 02:00:00,54.03934105748825,1.5055649469486656,6.053725411022753,1669.162756210262,0.92637791165609,0
M-03,2026-01-16 03:00:00,56.97084513353726,0.920494338119731,6.433061410740347,1709.3755978187019,0.8680191238267075,0
M-03,2026-01-16 04:00:00,52.051502018397585,1.3516536949510611,6.423605422813204,1715.0662200362212,0.9441903766990929,0
M-03,2026-01-16 05:00:00,55.43321052407978,0.7916194755091354,6.392767647808206,1623.8663892928641,0.7307614114088143,0
M-03,2026-01-16 06:00:00,56.88382191707669,1.6754372940353017,6.643659699740322,1650.2516152169096,0.6098324058859066,0
M-03,2026-01-16 07:00:00,59.47166554053181,1.3114235460635644,6.00420936165377,1683.2950829434112,0.7086678493288782,0
M-03,2026-01-16 08:00:00,54.35424244293539,1.4067508968885878,6.71837988895475,1551.119721895504,0.5856172684908532,0
M-03,2026-01-16 09:00:00,49.7591351905592,1.8731463373022597,6.184602007565307,1746.8198298936677,0.900376995531536,0
M-03,2026-01-16 10:00:00,,1.1741312644802129,6.338831632950233,1642.9979312206888,0.6023629851568653,0
M-03,2026-01-16 11:00:00,51.55513823202637,1.6457835386190174,6.170701079923206,1623.5346320631131,0.6458444360621541,0
M-03,2026-01-16 12:00:00,56.515209222039,1.862623690869369,6.788700365561792,1652.9800558001723,0.647003387960613,0
M-03,2026-01-16 13:00:00,50.528566961585256,1.640975966975296,6.505012894627401,1622.1228910041498,0.5645206596244849,0
M-03,2026-01-16 14:00:00,61.580167038365154,1.8510770289815621,5.893972894301102,1726.337788485845,0.8600407967152484,0
M-03,2026-01-16 15:00:00,60.88230590961959,1.9491103053915537,5.900696447463033,1677.0484476521806,0.8058696202702353,0
M-03,2026-01-16 16:00:00,62.33990093524669,1.267204603993545,6.086962462438478,1636.0733894286154,0.7627323304796897,0
M-03,2026-01-16 17:00:00,57.884880167640425,2.184783117246472,6.508116034612612,1732.8081350309556,0.8407044596698025,0
M-03,2026-01-16 18:00:00,64.35347000818281,2.617890281741653,6.1967094325335905,1693.7744460378744,0.9145398074392401,0
M-03,2026-01-16 19:00:00,59.91355674835803,2.3527682981067297,6.5523926177096286,1678.4357922710735,0.8440865466964456,0
M-03,2026-01-16 20:00:00,57.553340083720876,2.334973167988262,6.3099348857366095,1666.3685009566077,0.7468705423640609,0
M-03,2026-01-16 21:00:00,61.106150022540646,1.6928333581111132,6.4300513695125465,1635.3682270299144,0.646944036888842,0
M-03,2026-01-16 22:00:00,60.647863544383085,2.58096248410359,5.939629126102758,1679.4320745363989,0.6658789204528638,0
M-03,2026-01-16 23:00:00,60.15924650835127,1.6909463801860412,5.756458904772773,1745.5602876326247,0.9195751194858646,0
M-03,2026-01-17 00:00:00,59.66528485676582,2.5346522697831233,6.1693028058985995,1766.4571698403854,0.9635785610307291,0
M-03,2026-01-17 01:00:00,60.541997039382174,1.1703666873706786,5.885667528110711,1687.243175713388,0.7258668503306668,0
M-03,2026-01-17 02:00:00,62.27882487990192,1.2621840083536344,6.005765367346723,1673.2077899941112,0.6481281180425968,0
M-03,2026-01-17 03:00:00,60.28836005799407,1.7487891368802886,6.142492447142611,1605.6748075176954,0.5861616053703892,0
M-03,2026-01-17 04:00:00,63.86980183548034,2.405471345575384,6.245485001658506,1753.9539063897253,0.9486528667930584,0
M-03,2026-01-17 05:00:00,65.70115235821623,1.6856221456835527,6.54461871916527,1532.9637940243829,0.5709644240807495,0
M-03,2026-01-17 06:00:00,63.502234889652655,1.889480408806612,6.230228044431612,1674.6476248841327,0.7780070654889024,0
M-03,2026-01-17 07:00:00,64.47114480726795,2.285047288040785,6.719250764528421,1691.5827346116619,0.8570952426435683,0
M-03,2026-01-17 08:00:00,68.59793425025381,1.833545354589274,6.195633015546398,1616.528757214376,0.6425825892287144,0
M-03,2026-01-17 09:00:00,66.07295535073186,2.2185307584241567,6.163389440601131,1763.6219485469824,0.8660045301227426,0
M-03,2026-01-17 10:00:00,63.11170913267698,2.527522205362193,6.000750262691823,1715.5434653709153,0.8863513736910233,0
M-03,2026-01-17 11:00:00,64.70668183514394,2.1860849122450077,6.367537049894308,1688.2689363720506,0.6973230748134704,0
M-03,2026-01-17 12:00:00,66.42428381350318,2.638562208225396,5.559363142929392,1644.1345804443624,0.6411799444009314,0
M-03,2026-01-17 13:00:00,63.80909028781712,2.87855996037535,6.12659277581569,1682.3424431282635,0.7981544386818005,0
M-03,2026-01-17 14:00:00,66.20708807123535,3.179146628888836,6.355903848427893,1603.7842931636967,0.6578740796799256,0
M-03,2026-01-17 15:00:00,64.04800047507867,2.1745981037966557,6.045693165826367,1633.3021939942803,0.6186456601719857,0
M-03,2026-01-17 16:00:00,67.02161367102406,3.595076253360274,5.923044389511913,1553.2797641484906,0.5551033947147906,0
M-03,2026-01-17 17:00:00,63.20588632843168,3.308117611144389,6.306366997694626,1535.4130832537385,0.623447945521536,0
M-03,2026-01-17 18:00:00,67.39425041327767,2.757314769069168,5.862691987557096,1669.0280548913993,0.8015084349915598,0
M-03,2026-01-17 19:00:00,67.22304047229306,3.626088196494141,5.698346430118584,1605.513516397251,0.7620873177478763,0
M-03,2026-01-17 20:00:00,68.92119266557349,3.079010836446158,6.046507466769611,1724.3292673515684,0.9790601722877463,0
M-03,2026-01-17 21:00:00,68.18805113380759,2.170396720051651,6.279657276729986,1671.7094000162542,0.793921341130975,0
M-03,2026-01-17 22:00:00,71.64776371250156,3.2285201137372943,6.070653027865644,1663.4635234896612,0.8488813655173695,0
M-03,2026-01-17 23:00:00,67.92294557182517,3.912971273013115,6.0594836283166025,1654.4319289760551,0.7985965075150687,0
M-03,2026-01-18 00:00:00,69.96087105296283,3.4217816839304627,5.977264442293569,1629.772622230009,0.7955588812184615,0
M-03,2026-01-18 01:00:00,72.87259045538454,3.181136579797403,6.2603004992811035,1710.233524388606,0.8910701681830498,0
M-03,2026-01-18 02:00:00,73.10386849328444,2.867321746428301,5.94250477062901,1666.7366742213526,0.6398274347413476,0
M-03,2026-01-18 03:00:00,66.61111821784291,4.300271174057198,5.7347932583019325,1584.207844584805,0.725750641560176,0
M-03,2026-01-18 04:00:00,67.87319010183637,4.637785249774195,5.827698820648757,1601.8737559803235,0.7195608767417602,0
M-03,2026-01-18 05:00:00,74.56136601881771,3.140330710361384,5.9795582553167685,1631.9930102652183,0.7775430758735838,0
M-03,2026-01-18 06:00:00,71.77973593200153,3.4777526979649482,5.759683222037854,1630.3471301295729,0.7342260054938169,0
M-03,2026-01-18 07:00:00,70.4436024918364,2.679305123063269,5.600999343569915,1672.5251275297524,0.6858707595136647,0
M-03,2026-01-18 08:00:00,75.89093470642155,3.340901571316458,6.039979123243927,1609.4480427880505,0.6652112943731888,0
M-03,2026-01-18 09:00:00,72.21530965714865,4.096598128010739,6.061498605494492,1640.19268674436,0.702807617810058,0
M-03,2026-01-18 10:00:00,77.07823442305028,3.611338973670251,5.699258351664302,1776.4423971442739,0.9730599554322826,0
M-03,2026-01-18 11:00:00,73.63607977986126,3.9801794595776387,5.840193539944109,1665.4184066017824,0.6379696178922214,0
M-03,2026-01-18 12:00:00,78.26134352193282,3.876184985357214,6.018110463312151,1683.070722804809,0.7083278618408317,0
M-03,2026-01-18 13:00:00,76.95581368116014,4.824590287610065,5.696299526569042,1660.1265231519765,0.7587407163330966,0
M-03,2026-01-18 14:00:00,70.96602217174964,4.619177399076607,5.563392237936851,1742.365142302678,0.961204629990184,0
M-03,2026-01-18 15:00:00,77.13515492592765,3.701254976048273,5.525072880528463,1638.5791310567367,0.6622203137139343,0
M-03,2026-01-18 16:00:00,76.69399031858285,4.467834130932847,5.5938321026726,1621.1037863405534,0.7308443512293022,0
M-03,2026-01-18 17:00:00,82.74003137114202,3.6700133512982562,5.7100858905763205,1787.8961324434727,0.9906960616166822,0
M-03,2026-01-18 18:00:00,74.82658226545054,4.360979081757412,5.637667406615133,1639.7841741624857,0.7610208159152398,0
M-03,2026-01-18 19:00:00,72.45322859957344,4.895408005877318,5.6320761638789705,1632.7234285370014,0.63034488940847,1
M-03,2026-01-18 20:00:00,77.71622561394476,4.59730393994529,5.7218834674703585,1729.032260769864,0.8879570686687216,0
M-03,2026-01-18 21:00:00,73.53394938507384,3.872590252824111,5.402032897049761,1642.387199647846,0.6981777990563369,1
M-03,2026-01-18 22:00:00,75.05309859965705,5.021390959241857,5.5012225807661626,1621.537458686102,0.7616187379669115,0
M-03,2026-01-18 23:00:00,79.35928412171955,4.386317911383218,6.061941045410039,1744.6156550912472,0.8967932235819184,1
M-03,2026-01-19 00:00:00,81.83014238210623,3.8461226553792014,5.572386012994269,1779.8244266305892,0.942066382420444,0
M-03,2026-01-19 01:00:00,73.5749232665967,3.9763589888728568,5.546120157553427,1644.116284853369,0.714645002714926,1
M-03,2026-01-19 02:00:00,86.3010807206054,4.754781449380864,5.759825596281367,1674.5831887235354,0.8862789382548071,1
M-03,2026-01-19 03:00:00,75.49692636825507,4.678101430523431,5.78710433859889,1625.2353172643263,0.7400584731800106,0
M-03,2026-01-19 04:00:00,86.75560789334436,5.046137755982834,5.636399254381277,1680.1782025925263,0.7266987258767355,1
M-03,2026-01-19 05:00:00,87.439936408869,4.513804781464558,5.53448549111934,1723.7164454409055,0.9603969270897508,0
M-03,2026-01-19 06:00:00,80.30631717158559,5.063366442410026,5.709244472421303,1630.5697919911843,0.6206893828243796,0
M-03,2026-01-19 07:00:00,86.48358282537066,5.309186026644998,5.754744890976428,1744.262629804722,0.8897182528554094,1
M-03,2026-01-19 08:00:00,87.87590364931535,4.8751419492111365,5.4090648160238795,1725.9144887630864,0.9572982790847296,1
M-03,2026-01-19 09:00:00,82.25361071993451,5.490618964733141,5.281781401016383,1668.924897984462,0.9316093650158184,1
M-03,2026-01-19 10:00:00,78.97866964451387,4.724278998932005,5.427436446993433,1623.639070442862,0.6379553395704698,1
M-03,2026-01-19 11:00:00,,5.497440915226916,5.979479924693003,1708.350832003298,0.8662256209038735,1
M-03,2026-01-19 12:00:00,86.57698922342207,5.248237073269602,5.936934248570755,1651.502161739106,0.9074480678844167,1
M-03,2026-01-19 13:00:00,84.46031075759427,4.7007510584896,5.27048254560331,1695.8278472488996,,1
M-03,2026-01-19 14:00:00,89.00366673729964,5.367146621857808,5.558910612304025,1715.4463754540293,0.9927305177161869,0
M-03,2026-01-19 15:00:00,81.41094933432925,4.515478410447966,5.41920500167574,1714.112495390706,0.9001286412241947,1
M-03,2026-01-19 16:00:00,89.39748260152108,5.40561241108208,5.704074793437282,1694.0059377261425,0.8128070097294684,1
M-03,2026-01-19 17:00:00,83.59923866822952,4.741358692285379,5.51301939987518,1692.5816178766747,0.8127196765222046,0
M-03,2026-01-19 18:00:00,51.16928865344423,0.8760439817488606,6.192225908591733,1597.656729932987,0.6767811639287531,0
M-03,2026-01-19 19:00:00,56.8825924597482,1.2169807553797638,6.235267661763562,1710.7942613367088,0.7006453397378225,0
M-03,2026-01-19 20:00:00,61.81885623996119,1.8201501029123004,6.242275936738318,1792.4928870242259,0.9787180414666712,0
M-03,2026-01-19 21:00:00,53.35672263497593,1.2640318039566638,6.079220421458103,1646.6790629473574,0.5937965392958389,0
M-03,2026-01-19 22:00:00,50.36158762295492,1.5904780244509553,6.0156958454115514,1552.682873689656,0.5542853642629686,0
M-03,2026-01-19 23:00:00,58.134163475370464,1.8674935604446308,6.259842827668271,1663.54295665333,0.7865439026674232,0
M-03,2026-01-20 00:00:00,59.83421752898124,2.2420726549976315,6.072473997760595,1657.8815479438235,0.8062489722599593,0
M-03,2026-01-20 01:00:00,55.53916335194526,2.3203365243349485,6.011669285898929,1689.8767841107617,0.6956997723082102,0
M-03,2026-01-20 02:00:00,56.23542618911223,2.7235126069470135,6.095107419620988,1652.869981804488,0.7368838572807528,0
M-03,2026-01-20 03:00:00,61.20417217516866,2.052693724095263,6.509374001637817,1567.7752218819342,0.6109167069045294,0
M-03,2026-01-20 04:00:00,53.67371814033149,1.986185678907778,6.301386400068118,1624.6544199225016,0.636535192577232,0
M-03,2026-01-20 05:00:00,62.26565596827567,1.3875891420694462,6.610855363101142,1679.4069031512447,0.6100742886054271,0
M-03,2026-01-20 06:00:00,54.095518993629085,1.7759285593542091,6.72678306142198,1609.393914339182,0.5965603266630587,0
M-03,2026-01-20 07:00:00,57.1546348384096,1.4444692150154024,6.430705155166496,1631.4419701017034,0.6704696461910606,0
M-03,2026-01-20 08:00:00,61.86064607651948,1.9774122072829712,5.929970539233192,1593.4227696589915,0.6399945827728937,0
M-03,2026-01-20 09:00:00,61.04560474631366,2.5740353605484407,6.2248965770304885,1731.6048258577953,0.9767241951707459,0
M-03,2026-01-20 10:00:00,61.836964687170024,2.586036659106814,6.005136552725725,1764.1854022871667,0.9789189434707728,0
M-03,2026-01-20 11:00:00,63.92042920624252,2.477017644755334,6.6505894643342955,1693.3655435699586,0.8010312251733558,0
M-03,2026-01-20 12:00:00,58.573277346577335,1.7336642930710047,6.481262346083663,1588.592229033279,0.6396708772293371,0
M-03,2026-01-20 13:00:00,63.59854876377333,2.0910716104618485,5.957779117254337,1616.4258425380795,0.5805223662988226,0
M-03,2026-01-20 14:00:00,68.21912221914228,2.0240169271904964,5.895561701629018,1649.6422869703272,0.7374772538760153,0
M-03,2026-01-20 15:00:00,65.99832160825447,2.0367864637850057,6.196741402138995,1611.9934787899363,0.6732963498579121,0
M-03,2026-01-20 16:00:00,60.49226008379038,2.37979130818093,6.139352788123844,1620.9324568092252,0.6134679301072803,0
M-03,2026-01-20 17:00:00,59.43544286378367,2.4152963414708095,6.2579812350349036,1617.5338901066032,0.6885136809424806,0
M-03,2026-01-20 18:00:00,62.501820106234426,3.1385070623451314,5.665238676763467,1583.6588731065058,0.5922717272736245,0
M-03,2026-01-20 19:00:00,70.89536167199046,2.679273142178329,6.203151714198667,1657.8339234415794,0.6549255699666605,0
M-03,2026-01-20 20:00:00,69.57848170971334,2.9150064555055373,6.208934336415994,1714.6155255550536,0.9907384252758751,0
M-03,2026-01-20 21:00:00,60.57158341550349,2.004052061784008,5.9646382428161795,1588.7678423151158,0.565724924972528,0
M-03,2026-01-20 22:00:00,65.21527024582224,2.662519868281189,5.835592441421792,1641.990634894802,0.6036949042350269,0
M-03,2026-01-20 23:00:00,66.43122650699756,2.494632551166181,5.922458017652064,1690.0964237563924,0.8850927563472824,0
M-03,2026-01-21 00:00:00,66.63151563772657,3.5586286712696813,6.350412905429336,1683.9449984711155,0.6156292468797295,0
M-03,2026-01-21 01:00:00,64.87529946718064,3.289060346650091,5.872500038933804,1588.4699395404004,0.6855310939821592,0
M-03,2026-01-21 02:00:00,70.0596775881088,2.5728127017690907,6.307874541789138,1783.7746326504327,0.9702039518527383,0
M-03,2026-01-21 03:00:00,67.74193160016972,4.0123250797523,6.205152013697111,1641.698124694758,0.7806212265188208,0
M-03,2026-01-21 04:00:00,68.03502744093355,2.323960792680232,6.102781447063889,1652.944248455457,0.8612731506239326,0
M-03,2026-01-21 05:00:00,67.25386775161421,2.742052741938277,5.218277132883765,1684.400175881479,0.897656218685245,0
M-03,2026-01-21 06:00:00,70.33790960145461,3.8063576584143135,6.113159786743731,1712.8535822881763,0.7912279485560193,0
M-03,2026-01-21 07:00:00,71.47027266061097,3.685987875476296,5.863376467195513,1674.7076697918249,0.8639417215511,0
M-03,2026-01-21 08:00:00,66.34434920573258,2.994289477922716,6.073762586415626,1660.3481522669176,0.7219606114641987,0
M-03,2026-01-21 09:00:00,66.73241923831014,3.5938602672616433,5.748713297708382,1608.5793180336104,0.6562913002169002,0
M-03,2026-01-21 10:00:00,74.87773253133676,2.926395003374054,6.197510899788183,1644.7840991760747,0.7053229986020657,0
M-03,2026-01-21 11:00:00,68.67569423701792,3.283321411935381,6.039726789061943,1761.6635449754472,0.8484321304914204,0
M-03,2026-01-21 12:00:00,69.11678260890399,2.8902570144336766,5.951692367231619,1695.9489492318014,0.845420427257891,0
M-03,2026-01-21 13:00:00,66.9898894657534,3.5148049398669574,6.235477630050279,1632.7182643595113,0.6186025306338668,0
M-03,2026-01-21 14:00:00,72.2611262185617,3.7993498869453943,6.026864488315296,1671.1993117942836,0.7847770529364503,0
M-03,2026-01-21 15:00:00,69.94207868699594,3.9234764301680585,6.109493329539079,1658.5005846368892,0.7292132398786042,0
M-03,2026-01-21 16:00:00,71.40211787183154,3.09136176947866,6.251633210837846,1665.935928932682,0.682785194092205,0
M-03,2026-01-21 17:00:00,67.61892907554221,3.0908659485748005,-99.0,1628.6037212177532,0.561317275490605,0
M-03,2026-01-21 18:00:00,68.5915023233855,3.6994611803017357,5.91827110567035,1635.0799630034026,0.5933844704646619,0
M-03,2026-01-21 19:00:00,74.57731172204427,4.3011877852395575,6.024028332766222,1688.1341859255149,0.9419338382858392,0
M-03,2026-01-21 20:00:00,75.42300615888335,3.951692151532078,6.269579055362038,1604.0154733516163,0.7462326390603968,0
M-03,2026-01-21 21:00:00,79.32491299545242,3.934691438988629,5.533164032595429,1722.3819163547905,0.9707431705886846,0
M-03,2026-01-21 22:00:00,72.22757284113978,3.626614992703714,5.998703371816153,1692.1567128350136,0.6596699622288995,0
M-03,2026-01-21 23:00:00,76.91694732925141,4.235687698962541,5.716017195597535,1715.3276675149355,0.9012877053854982,1
M-03,2026-01-22 00:00:00,72.99225773840733,4.579366554113878,5.4226510565176325,1657.3770069898442,0.6912589667824867,0
M-03,2026-01-22 01:00:00,81.97374103669118,3.686139555207817,5.51434135851129,1640.0869463057445,0.7046599740827519,0
M-03,2026-01-22 02:00:00,78.68875962258112,4.279586310488084,5.754229251998636,1706.956354642172,0.9472343264297138,0
M-03,2026-01-22 03:00:00,74.8604115993941,4.872184886118654,5.7484344655971835,1663.1076192204248,0.6425373947658402,0
M-03,2026-01-22 04:00:00,80.84611134298774,4.257788663036227,5.752374830011179,1716.8581971336785,0.9297211465159814,1
M-03,2026-01-22 05:00:00,79.75057776445419,4.657349234114865,5.733576949267812,1749.7826082049282,0.9328963643901567,0
M-03,2026-01-22 06:00:00,70.51164383276242,4.265875961614916,5.561601983107521,1624.8623260697043,0.7328019762876259,0
M-03,2026-01-22 07:00:00,75.55506013776042,5.511791480070594,,1698.1473781229613,0.9601659570734593,0
M-03,2026-01-22 08:00:00,78.50862320899888,4.98289848287877,5.720757598590323,1747.880516800663,0.8084235165293545,0
M-03,2026-01-22 09:00:00,83.46528365080755,4.96585228499842,6.062361304781571,1729.2332433091328,0.9678675835426787,1
M-03,2026-01-22 10:00:00,78.1211762055437,4.981398830996366,5.9461422297783955,1626.2994864607667,0.6552186734174851,0
M-03,2026-01-22 11:00:00,77.33237627339159,4.317955026944239,5.433658182231749,1674.3724902637455,0.7216818975832049,0
M-03,2026-01-22 12:00:00,79.95821939857963,4.545955015507622,5.160977747905716,1734.3993945304353,0.9178042863844248,1
M-03,2026-01-22 13:00:00,80.06955140377019,4.507153271333552,6.136440892298847,1622.762573210974,0.7425771917012777,0
M-03,2026-01-22 14:00:00,79.27240443465675,4.806287329959576,5.630815492124607,1664.4040380566748,0.756039194354713,0
M-03,2026-01-22 15:00:00,82.73602510776367,4.57440843715162,5.653236270290149,1622.0754411330256,0.5983701329212878,0
M-03,2026-01-22 16:00:00,82.9120963908516,4.962584039938989,5.588352823010973,1650.0450739913963,0.8212916069268275,1
M-03,2026-01-22 17:00:00,87.32704379861127,3.7862445910634692,5.9620323495511105,1650.4157164894302,0.7975603768138333,0
M-03,2026-01-22 18:00:00,82.08674166484943,5.473244870278015,5.834515613085566,1690.2233218341282,0.8629360370237313,0
M-03,2026-01-22 19:00:00,86.44918908742683,4.687581958008934,5.633185874432018,1676.2949191227824,0.7610605441662579,0
M-03,2026-01-22 20:00:00,80.79864647191661,5.002965431234787,5.501327434320582,1589.4959125037226,0.6987284988738942,1
M-03,2026-01-22 21:00:00,83.87421564026411,4.909465674952192,5.865423606322273,1659.2572643519763,0.7610944422600692,1
M-03,2026-01-22 22:00:00,84.88645541986817,5.087551392813303,5.489487763188955,1556.1686148165131,0.5950990169856751,1
M-03,2026-01-22 23:00:00,84.23164203324328,6.07432409296928,5.8172465383224825,1740.9009901759869,0.8128878701915491,1
M-03,2026-01-23 00:00:00,84.52938156435646,5.228582903010614,6.11243537052694,1677.1660099638984,0.8197674680261087,1
M-03,2026-01-23 01:00:00,87.78496206999637,4.851716246758767,5.854877933757169,1646.6315162574358,0.8696527991957302,1
M-03,2026-01-23 02:00:00,88.0163365857889,5.159320683615548,5.4530808090029375,1701.5406722392734,0.9002007395140948,1
M-03,2026-01-23 03:00:00,82.58274608257358,5.082170993861089,5.665838618667449,1751.9626624168498,0.8442581543604336,1
M-03,2026-01-23 04:00:00,86.2991961871893,4.300406079073127,5.273645579601996,1657.3907616806664,0.7729388261183202,1
M-03,2026-01-23 05:00:00,87.29386368925486,5.374481708910273,5.603548075698731,1598.7002242534106,0.6371140415537535,1
M-03,2026-01-23 06:00:00,86.50486592503556,5.511971925827607,5.358601995909832,1733.6239230241329,0.9434626773414082,1
M-03,2026-01-23 07:00:00,90.4983499222107,5.466773563446385,5.560249933414122,1664.7644527018774,0.8013487564784485,1
M-03,2026-01-23 08:00:00,87.62553049456278,5.34410317535882,5.894489161708299,1785.3695490644295,0.9695759415322358,1
M-03,2026-01-23 09:00:00,84.52958545593766,5.755457233961282,5.731848456104772,1652.2008990643121,0.5963647161118323,1
M-03,2026-01-23 10:00:00,82.26880372364388,6.062620659944194,5.517881098645029,1692.5023703702027,0.836093857999149,1
M-03,2026-01-23 11:00:00,93.14998722659486,5.321657496470076,5.695631020696534,1739.9175417631668,0.9677374636947798,0
M-03,2026-01-23 12:00:00,54.49914757790156,1.8156254880054568,6.662259689510616,1656.0576134616877,0.681828673515487,0
M-03,2026-01-23 13:00:00,62.40523113577266,2.2161665395848344,6.3296083607799885,1722.4842745585277,0.8483562581206823,0
M-03,2026-01-23 14:00:00,59.06610070225706,1.8019826224586946,6.120186879883908,1627.4861947229906,0.6695042843558259,0
M-03,2026-01-23 15:00:00,62.2237148452961,2.1162410810533716,5.635092955760059,1630.7288958247277,0.716863870782253,0
M-03,2026-01-23 16:00:00,64.27279314874205,2.450404950253011,5.885218869556616,1720.6659146762292,0.9305207375312523,0
M-03,2026-01-23 17:00:00,55.48558451611068,1.6533913251554258,6.056548443429,1685.8930083516611,0.7885141889946954,0
M-03,2026-01-23 18:00:00,61.56967215497758,1.9293517751386977,6.360884090193149,1631.0027294309511,0.6748452965331723,0
M-03,2026-01-23 19:00:00,53.69438221427016,1.2334630169647651,6.300384948382786,1684.436141695766,0.8391729254125765,0
M-03,2026-01-23 20:00:00,58.973919898376714,2.5335335896378126,6.496706178180329,1781.948695059614,0.9273257293615496,0
M-03,2026-01-23 21:00:00,55.36968652061949,1.58261104534322,5.821530054380188,1662.8193505749618,0.6220267296371753,0
M-03,2026-01-23 22:00:00,61.22307592806231,2.231932375676798,5.888217968070527,1631.6774998127764,0.6106184347722996,0
M-03,2026-01-23 23:00:00,63.79216390410998,2.107816484630367,6.2169866875197375,1669.3227393751465,0.7819914572016495,0
M-03,2026-01-24 00:00:00,58.499068981431456,2.470696927421551,6.243513085752423,1635.0869386597694,0.6205436701954545,0
M-03,2026-01-24 01:00:00,63.35803773691916,1.5866412926003708,6.117441986252177,1602.9748209491172,0.6073940483353852,0
M-03,2026-01-24 02:00:00,64.23533714254634,1.6388452904019866,6.045731374688927,1608.2876767635457,0.6797436346392024,0
M-03,2026-01-24 03:00:00,65.2465353521788,,5.726690045147624,1731.0429031042866,0.9984404070665588,0
M-03,2026-01-24 04:00:00,56.69218484787138,2.2757546090566945,6.36902526354497,1677.898387017206,0.7351730987464381,0
M-03,2026-01-24 05:00:00,67.38990289178703,2.5795480728379987,6.498149466321109,1627.659051663173,0.6501239899149739,0
M-03,2026-01-24 06:00:00,63.46303136958165,2.4628435050125708,5.73029652620688,1733.5968705891348,0.7909139660683526,0
M-03,2026-01-24 07:00:00,64.68003516711951,2.25917197257712,6.414550830798595,1715.4585909621778,0.9086437347919593,0
M-03,2026-01-24 08:00:00,64.2443566470218,2.895586916160854,5.754670242454906,1670.9237480487536,0.827976620985049,0
M-03,2026-01-24 09:00:00,71.63650788859832,,5.895217555519659,1841.6998619506383,0.9873625423707851,0
M-03,2026-01-24 10:00:00,64.08639125534184,2.6672369324981826,6.081082110154488,1663.5111836625056,0.6608094484192605,0
M-03,2026-01-24 11:00:00,70.0528893119974,2.954388750639983,6.141969931893376,1730.6298268330215,0.8337829804674852,0
M-03,2026-01-24 12:00:00,63.84681146899602,2.728432441978104,5.739751424994729,1563.306402076881,0.5848048010151006,0
M-03,2026-01-24 13:00:00,65.72036676646684,3.104360241251655,6.085428088209187,1716.885793191472,0.8053635243053872,0
M-03,2026-01-24 14:00:00,68.09926090718413,3.237153182781313,6.1771729113431615,1730.3756667306607,0.9459395394900785,0
M-03,2026-01-24 15:00:00,70.27805912026137,3.597869044961719,5.9611520694218445,1626.9048184290714,0.6221939418199091,0
M-03,2026-01-24 16:00:00,68.19652052371441,3.996285253994846,6.077178302585298,1691.9590749158665,0.9470903939442475,0
M-03,2026-01-24 17:00:00,61.556279743280626,3.2043037810076935,5.901901328697537,1642.3339280293449,0.8565824641561084,0
M-03,2026-01-24 18:00:00,67.7695564896761,2.9995720776907557,5.733407740651285,1568.6575204171525,0.6273589131231171,0
M-03,2026-01-24 19:00:00,66.13801462975769,3.6102252909125396,6.0335552055160235,1608.6584201671235,0.603084247707869,0
M-03,2026-01-24 20:00:00,72.69237848932269,3.4758831184562307,5.850954197489269,1623.1540452760755,0.898723201649853,0
M-03,2026-01-24 21:00:00,66.89920369566418,3.104201781254101,6.166111355315411,1653.6683461183577,0.7284963484909589,0
M-03,2026-01-24 22:00:00,68.5217979361843,2.4799640959423117,5.842850808376276,1584.2418762380137,0.6309711062098067,0
M-03,2026-01-24 23:00:00,73.34402063474217,3.2145332176427535,5.683522527917725,1605.0760069830822,0.6910877479769355,0
M-03,2026-01-25 00:00:00,72.9467164313302,3.268099146947208,5.88545836119303,1699.6851161014758,0.8593732220365395,0
M-03,2026-01-25 01:00:00,73.36800396961384,3.525419889097813,5.999630246875456,1746.2897948490188,0.9399718469260319,0
M-03,2026-01-25 02:00:00,76.17440755008516,3.554046443553589,6.148351140994503,1783.8412087097256,0.9320732928644287,0
M-03,2026-01-25 03:00:00,81.0649809976689,3.6767861563990163,5.630637878303793,1619.9188802106262,0.6564621809618453,0
M-03,2026-01-25 04:00:00,70.4232564228213,4.148373592194506,5.821998533470007,1659.9805474163654,0.7538261427444076,0
M-03,2026-01-25 05:00:00,69.91738416979297,3.0834543493513165,6.023754503604513,,0.9222238906347855,0
M-03,2026-01-25 06:00:00,71.5796934879329,4.248214774485826,5.661889112408064,1588.0639041313898,0.6035938425706556,0
M-03,2026-01-25 07:00:00,73.20505668805637,3.951909264536052,6.388837545518054,1693.0776332314058,0.8155865150934514,0
M-03,2026-01-25 08:00:00,76.67441940546419,3.576795955736195,6.428166353917279,1683.737891287903,0.813118024623404,0
M-03,2026-01-25 09:00:00,75.37959546055217,4.5851094214097285,5.692786721134275,1675.0451084290448,0.7075049420548574,0
M-03,2026-01-25 10:00:00,75.163291240362,3.776624810655686,6.016156027671585,1719.2174551416545,0.8762505461243003,0
M-03,2026-01-25 11:00:00,79.221808476415,3.9626416920020926,5.7037355065221576,1755.5451678549302,0.9794302470410141,0
M-03,2026-01-25 12:00:00,78.19516626631915,4.320767313311446,5.226464310562986,1739.4257341034756,0.9501688458496876,0
M-03,2026-01-25 13:00:00,79.37106929562454,3.9404374737542582,5.542454903298642,1640.0581838873259,0.8658549585688995,0
M-03,2026-01-25 14:00:00,78.64032670363696,3.8005554028837434,5.995585302783619,1543.4015564936465,0.5599868280346694,0
M-03,2026-01-25 15:00:00,78.34164793006,4.930787039635003,5.7249376960341305,1607.207436533883,0.6785962194185723,0
M-03,2026-01-25 16:00:00,85.33870968350081,4.5537359585003285,6.05550439319265,1730.1598303565465,0.9672123597366941,0
M-03,2026-01-25 17:00:00,77.43131855883445,4.113396804862373,5.602426850172364,1723.9793552940132,0.9704045708157492,0
M-03,2026-01-25 18:00:00,79.88986126409125,4.420729861386895,5.716654224108176,1695.567891034878,0.9272256742274216,0
M-03,2026-01-25 19:00:00,78.82887482772986,4.82443763964965,5.440708914860371,1768.414526384614,0.8352642988381308,0
M-03,2026-01-25 20:00:00,77.75084508944332,4.89499171960657,5.712394078174767,1724.2620182403377,0.9658747402380252,1
M-03,2026-01-25 21:00:00,79.25825989595765,4.491367657585023,5.727314497362179,1599.820008006197,0.6420564503841159,0
M-03,2026-01-25 22:00:00,79.60464079575864,4.781170082071716,5.922630421629497,1607.8780864999533,0.5940840793537473,0
M-03,2026-01-25 23:00:00,73.31482615575612,4.440450841196417,5.618644764362733,1565.6722656763855,0.577253850946864,0
M-03,2026-01-26 00:00:00,77.05378582531668,4.245459993141821,6.093912812832392,1630.4562056012103,0.8187169343057749,1
M-03,2026-01-26 01:00:00,78.52635507229412,4.526797364134179,5.449950145850341,1702.839197841516,0.8078617894391167,0
M-03,2026-01-26 02:00:00,84.76238662076848,4.041633362533761,5.626729360925871,1725.7813334989728,0.8840617032617222,1
M-03,2026-01-26 03:00:00,83.9989454437544,5.137559348495491,6.331571001566391,1639.3063641627364,0.6741015608756601,1
M-03,2026-01-26 04:00:00,78.5117643663076,4.804099775468873,5.233554037180957,1624.847136639183,0.6953722940544467,1
M-03,2026-01-26 05:00:00,85.15393231206716,4.400673802158055,6.172148062231689,1652.5055131723698,0.7066069755056776,1
M-03,2026-01-26 06:00:00,80.72065251854747,5.363205575729623,5.684287643570272,1666.5008056482295,0.750649400655368,0
M-03,2026-01-26 07:00:00,83.92324864058787,5.577708144441043,5.90288500860495,1718.6879407427257,0.9230569177622047,0
M-03,2026-01-26 08:00:00,80.57277700057607,5.831264371280503,5.765966419265188,1657.228722159775,0.7638279403810175,0
M-03,2026-01-26 09:00:00,84.74046989073682,5.1182738824129315,5.619081361151118,1633.1635041042275,0.7821570618189028,1
M-03,2026-01-26 10:00:00,82.27767333192345,5.6360789918642435,6.149221365324328,1793.3540119092659,0.9296065925730814,1
M-03,2026-01-26 11:00:00,83.11530504416055,5.29123136251981,5.493195993092345,1658.9928041182893,0.6080984343257293,1
M-03,2026-01-26 12:00:00,87.29097638114185,4.763906944026332,5.531117020145092,1697.474100694605,0.7905616603602653,1
M-03,2026-01-26 13:00:00,80.59022994574262,4.786497001534151,5.193173920160544,1588.5151900861263,0.6852526743586509,1
M-03,2026-01-26 14:00:00,84.38564201631644,5.263019921629319,5.331353711039686,1678.7069716098567,0.7329519256645609,1
M-03,2026-01-26 15:00:00,92.44151379831243,5.4833443112424005,5.560345207058804,1739.6264328590469,0.9303488535076092,1
M-03,2026-01-26 16:00:00,88.34828425357865,5.594035627481892,5.444517564915673,1718.5338424945458,0.8261889791951189,1
M-03,2026-01-26 17:00:00,96.41945830049048,4.285661418388138,5.595777372638069,1722.9684309965737,0.8956046536166069,1
M-03,2026-01-26 18:00:00,88.30958991102321,5.346609991874152,5.583492639038613,1690.6970685400702,0.8793241235533189,1
M-03,2026-01-26 19:00:00,88.48957490399181,5.210957378212206,5.7508810329719555,1649.8989573565186,0.6406502422834912,1
M-03,2026-01-26 20:00:00,85.26642845360566,6.297492041477987,5.3213887334938885,1673.1277755653657,0.7162748560226517,1
M-03,2026-01-26 21:00:00,85.76059830974418,5.132252720592689,5.328776926828637,1635.3315202344047,0.7277560317644015,1
M-03,2026-01-26 22:00:00,86.45984602422148,5.616897305851616,5.208229955765009,1748.0008361485982,0.9299323667816116,1
M-03,2026-01-26 23:00:00,88.32486901391644,6.443564860084391,5.449577449844889,1570.402807880964,0.5812909603792724,1
M-03,2026-01-27 00:00:00,88.68339004316739,5.441717109752203,5.3022925155998255,1662.4967286058388,0.77499941272399,1
M-03,2026-01-27 01:00:00,93.30549055185486,5.893791173448631,5.407084492984917,1636.8470399538062,0.912488327979442,1
M-03,2026-01-27 02:00:00,82.74065751607847,5.704073204046626,5.530779581327474,1589.0205359805502,0.5851671646130698,1
M-03,2026-01-27 03:00:00,92.04630172688263,5.724566433721687,5.799217487939538,1743.0588081692774,0.8236566885843839,1
M-03,2026-01-27 04:00:00,88.9441805085549,5.632111549278877,5.082368673103934,1700.1197863028888,0.8617267917025906,1
M-03,2026-01-27 05:00:00,90.5193117342471,5.054810627394062,5.114568779610524,1580.1440528165108,0.5653820992449915,0
M-03,2026-01-27 06:00:00,54.429191893112886,1.1443672296755814,5.965219745961426,1648.4604199820585,0.7633619919736228,0
M-03,2026-01-27 07:00:00,55.665844207016,1.6950051188323227,6.489131044300471,1631.7475184410398,0.7254908505255384,0
M-03,2026-01-27 08:00:00,58.05180228607786,1.1100415969020898,6.381498333137033,1756.297180654469,0.911192471400242,0
M-03,2026-01-27 09:00:00,60.67853327805463,1.0375357104652658,6.294652983499453,1720.5079683735246,0.949238317421416,0
M-03,2026-01-27 10:00:00,58.42781097944369,1.2009198874382285,5.979564211007365,1782.3571539833545,0.927871005105619,0
M-03,2026-01-27 11:00:00,55.617646156305895,1.7935529071220377,6.038657002663996,1666.787916940045,0.7235313556869065,0
M-03,2026-01-27 12:00:00,56.445751824100256,0.26499321112225305,6.187146113302206,1684.9377785188365,0.90399458107154,0
M-03,2026-01-27 13:00:00,62.91769264439599,1.915096856976266,6.347932596594807,1676.8502017030808,0.7414391927725916,0
M-03,2026-01-27 14:00:00,59.375955066231434,2.149755032186673,5.647402611025573,1757.7800375294096,0.8133235203275733,0
M-03,2026-01-27 15:00:00,55.190554085422285,2.4187746158161083,6.0717074909949655,1730.5163389348381,0.890948295299187,0
M-03,2026-01-27 16:00:00,54.48872289924572,1.9483472823288916,5.705992486234834,1662.4044531771212,0.7538492542971218,0
M-03,2026-01-27 17:00:00,59.64530634992105,2.4827394377327314,5.969898093012456,1738.0600459475136,0.9940820058687991,0
M-03,2026-01-27 18:00:00,59.94074866918695,2.331873078496072,6.285333299066323,1652.1785849175244,0.6543787599601862,0
M-03,2026-01-27 19:00:00,65.36126583799313,1.283365602248764,6.334379519227596,1724.7747559813652,0.8602498964386601,0
M-03,2026-01-27 20:00:00,60.254408919064225,2.2784518281487838,6.019256763325812,1640.126616029177,0.7248728530334236,0
M-03,2026-01-27 21:00:00,63.157279670700355,1.7064646209823358,6.264096195039963,1773.4314642908275,0.9510122698315022,0
M-03,2026-01-27 22:00:00,51.874617754095986,2.341911272022458,5.965485085276624,1709.9931592684143,0.823461990168848,0
M-03,2026-01-27 23:00:00,65.17144556911006,2.7497495667119147,6.61870941648058,1657.7727361411085,0.5985874975082055,0
M-03,2026-01-28 00:00:00,57.10413663355949,3.3376435860940856,6.191613839488605,1693.3617899711294,0.7153057363772322,0
M-03,2026-01-28 01:00:00,53.624095423502894,2.082621002531783,6.141933123455486,1647.2123654289364,0.6600601672521567,0
M-03,2026-01-28 02:00:00,62.51446406405007,2.8601051882508566,6.7448568859357,1618.2179347930573,0.5528170153106964,0
M-03,2026-01-28 03:00:00,66.70465495908782,2.6807611661136934,6.144714633085566,1554.5758449380946,0.6036271006738814,0
M-03,2026-01-28 04:00:00,62.15865128016224,1.5032705485239124,6.302329189113694,1538.314434678002,0.5520277439020015,0
M-03,2026-01-28 05:00:00,63.0856476798472,2.8821154698297446,6.221065618665458,1785.5496607104535,0.9690776983222228,0
M-03,2026-01-28 06:00:00,61.420326798985954,2.6087154183960686,6.546411679117144,1590.0550772265092,0.5932909233675594,0
M-03,2026-01-28 07:00:00,59.41796395699915,2.6552398108882347,6.200224680323019,1742.3028699825638,0.989013326894431,0
M-03,2026-01-28 08:00:00,64.05559802386414,2.208407351441587,5.7599553800450956,1600.6558244292828,0.5985411482828332,0
M-03,2026-01-28 09:00:00,63.77174682899108,2.7285704105562143,6.308390776909629,1702.887942381803,0.9826606920175467,0
M-03,2026-01-28 10:00:00,62.018096152376636,3.2483185342672476,6.4791305224216025,1683.0347562139484,0.8308912845569415,0
M-03,2026-01-28 11:00:00,66.82526401152941,1.7227446192959883,6.038971024405849,1762.9862418741961,0.990063151392533,0
M-03,2026-01-28 12:00:00,64.18498900550168,3.2487696316446635,6.043168072091439,1562.5492432968917,0.6173002088157818,0
M-03,2026-01-28 13:00:00,68.76508503154045,2.2450847989836857,6.015145250678001,1633.1960709790653,0.6153008861438916,0
M-03,2026-01-28 14:00:00,59.09982108401174,3.600907851772739,6.098921841776086,1677.674169676313,0.6766746652246377,0
M-03,2026-01-28 15:00:00,64.77600319963325,3.1715190064229732,6.387909458615608,1599.456589789159,0.561574877998792,0
M-03,2026-01-28 16:00:00,62.511610261118356,3.4469377970687636,5.8148534757627734,1727.2120167462772,0.7305577843750575,0
M-03,2026-01-28 17:00:00,70.0847520130538,2.6380676500899805,5.59460854381788,1692.7953559449727,0.6870286929238767,0
M-03,2026-01-28 18:00:00,70.89735115052262,3.0876567075651717,6.106117840726984,1701.922365518759,0.8161062365086873,0
M-03,2026-01-28 19:00:00,72.96644718081485,3.818238727287557,6.020493157451682,1626.6261342612281,0.7075026794163964,0
M-03,2026-01-28 20:00:00,71.57241025314877,3.5490270365044045,5.769668393743419,1749.631818541902,0.9015695042330982,0
M-03,2026-01-28 21:00:00,71.36404510280649,2.791374429915314,6.181311849575109,1532.363667575379,0.5764165287401513,0
M-03,2026-01-28 22:00:00,69.18472014694304,3.5092813363455475,5.933317438498954,1733.524661014513,0.847458040168054,0
M-03,2026-01-28 23:00:00,,3.1524704659676064,5.87156003822332,1688.2101714820126,0.7986360487836616,0
M-03,2026-01-29 00:00:00,69.5871247752168,3.5698038912077217,5.589205232988828,1628.1042027768246,0.5574032664420323,0
M-03,2026-01-29 01:00:00,76.26724301689681,3.780160335119133,6.1710277997180505,1685.8493558699242,0.7712628270519089,0
M-03,2026-01-29 02:00:00,74.88646126283714,4.037385775875412,5.897403621644902,1778.8946528406127,0.875301864503099,0
M-03,2026-01-29 03:00:00,67.06058547448185,2.839951143851181,5.7966570399775,1653.3570303754905,0.7470790317555369,0
M-03,2026-01-29 04:00:00,74.61942304828352,3.664174263201495,5.8945858588274715,1616.6634812202637,0.6767900051730267,0
M-03,2026-01-29 05:00:00,74.0690216870074,3.616236846977422,6.07584273842321,1668.3336897970028,0.7687506252498779,0
M-03,2026-01-29 06:00:00,77.40846177150551,3.7580427369045077,6.361020785177892,1658.1792403614886,0.7104302642986423,0
M-03,2026-01-29 07:00:00,76.75733746302882,3.5224636184163822,5.898987472514834,1728.6183792025877,0.9380959534537544,0
M-03,2026-01-29 08:00:00,75.16953034547777,3.893694025216911,6.242038495199557,1662.5724380371166,0.7079500842020849,0
M-03,2026-01-29 09:00:00,77.74279920716975,3.5814016281108993,6.1885725594519245,1645.4035199513025,0.7715813078240253,0
M-03,2026-01-29 10:00:00,76.38414381297825,3.8629921259496283,5.628956690011337,1644.4401179217384,0.7255595658990306,0
M-03,2026-01-29 11:00:00,70.51245956489117,4.511283331398604,5.593449231750065,1627.623611472233,0.5760172468291364,0
M-03,2026-01-29 12:00:00,82.47818352265055,3.6778683787508983,5.962547334980346,1759.713684659712,0.9017945234987963,0
M-03,2026-01-29 13:00:00,74.04359497481474,4.239201804221034,5.448766543889541,1617.3281739962017,0.5657974409033156,0
M-03,2026-01-29 14:00:00,77.88878212386226,4.986031422276299,5.9621722441892695,1646.6600742642495,0.7352191144385265,1
M-03,2026-01-29 15:00:00,76.5728525878758,4.717340874646856,5.551129634120871,1720.4804641007731,0.713568268813254,0
M-03,2026-01-29 16:00:00,84.09313134419052,3.890939582386495,5.822728002446354,1682.9680556940377,0.9361272642827876,0
M-03,2026-01-29 17:00:00,74.5196322205581,3.9981008844666,6.093836562140212,1751.9787234223331,0.9101690068844914,0
M-03,2026-01-29 18:00:00,77.52239836671261,4.503905005279389,6.170169107992271,1649.2754946366388,0.7368775862822469,1
M-03,2026-01-29 19:00:00,79.17624648422066,4.392196531345683,6.002346318500447,1593.7290884670042,0.5736375949576491,1
M-03,2026-01-29 20:00:00,78.19879090941637,5.0955645969295915,5.838470589750162,1598.3618695431103,0.5971384121867365,1
M-03,2026-01-29 21:00:00,81.55494692859129,4.757170615096936,5.358746022506772,1590.8912053828947,0.7946547056351605,1
M-03,2026-01-29 22:00:00,79.70542342798376,4.8156227035879615,6.2011911156991,1726.7086382613452,0.7921001355906311,1
M-03,2026-01-29 23:00:00,76.81963194898525,3.4834778784223226,5.8669063714636716,1660.3581757907684,0.6330177825132219,0
M-03,2026-01-30 00:00:00,79.6599654462742,4.353383016168644,5.492197226171667,1647.4652817157419,0.7233861469614971,1
M-03,2026-01-30 01:00:00,78.49287133412341,4.5873427958507955,5.200742042552092,1749.9720116310646,0.9702645471018063,1
M-03,2026-01-30 02:00:00,,4.710652529865482,5.5419758367262295,1685.380234942459,0.8290588887722647,1
M-03,2026-01-30 03:00:00,83.53400426336414,4.555167993337439,5.471055694102577,1680.2957550439353,0.803140785756108,1
M-03,2026-01-30 04:00:00,83.54762141146261,4.421365636586685,4.9723529967240765,1667.8633160998277,0.8443068934783878,1
M-03,2026-01-30 05:00:00,86.91224310622803,4.7000260563344005,5.059492011650077,1608.0682852106825,0.7053517152339086,1
M-03,2026-01-30 06:00:00,81.62675799124241,4.666587488150766,5.8738890129513885,1593.2745179599776,0.6023475758571751,1
M-03,2026-01-30 07:00:00,81.08051772259407,4.577289378930683,5.518392957939563,1675.3289742690615,0.599292033927544,1
M-03,2026-01-30 08:00:00,80.69381370259417,4.360914530183463,5.892548613335943,1671.1772140542537,0.6843153141100158,1
M-03,2026-01-30 09:00:00,80.43733326287172,5.461842834469626,5.902231251841617,1679.0850724819293,0.8652951642260598,1
M-03,2026-01-30 10:00:00,81.46942010505929,5.896426421058821,5.5735671950288825,1607.8812839372742,0.6326026962217348,1
M-03,2026-01-30 11:00:00,87.94756847869289,5.554471146933584,5.860855256362776,1662.5621232569201,0.7317255209503656,1
M-03,2026-01-30 12:00:00,85.25816646146195,5.84108326461542,5.834345464213033,1741.1136009954016,0.9837625952440111,1
M-03,2026-01-30 13:00:00,85.76701443081429,5.153798656415704,5.964938377228892,1655.050287339143,0.7797099880210725,1
M-03,2026-01-30 14:00:00,82.40966633331387,5.390374100632864,5.37975517659215,1688.6761573046047,0.8818611941014118,1
M-03,2026-01-30 15:00:00,83.66454614446208,5.0453944474586825,5.348356176206955,1663.7147097718698,0.7287491815862019,1
M-03,2026-01-30 16:00:00,94.8963989869123,5.295179089280852,5.698200581403993,1760.8353255428308,0.9590831130459185,1
M-03,2026-01-30 17:00:00,86.84536204907386,5.519443736533302,5.387712310970338,1640.5489946937803,0.7367039729402116,1
M-03,2026-01-30 18:00:00,93.1197514048825,6.445869417149784,5.567890903171143,1755.474749363041,0.9490952233121592,1
M-03,2026-01-30 19:00:00,88.89975591640695,5.3072352959752385,6.092854416760083,1589.5037376894734,0.5602652075412219,1
M-03,2026-01-30 20:00:00,95.51117748867625,5.302453782198254,5.804669920858695,1744.7841349237597,0.9224297401084046,1
M-03,2026-01-30 21:00:00,85.46251709746782,4.400640273176052,5.775724904541127,1620.3221185173156,0.6783756782267587,1
M-03,2026-01-30 22:00:00,91.17962247473864,5.979412544047379,4.880114022880576,1643.0395891533474,0.6329092645276214,1
M-03,2026-01-30 23:00:00,90.55128153087092,5.928446561462331,5.4205172021973755,1634.0975377981301,0.7601107272054365,0
M-04,2026-01-01 00:00:00,54.45167190004572,1.0754756945191264,6.58803143047472,1636.40794155482,0.6009124962766869,0
M-04,2026-01-01 01:00:00,52.720875693778126,0.742317942296572,6.229094614156596,1647.977768606817,0.7786569464561552,0
M-04,2026-01-01 02:00:00,51.618597047773115,1.5042622406177912,6.702903644832753,1658.8148092598683,0.6070414471149707,0
M-04,2026-01-01 03:00:00,48.80594233627692,1.6378427030549538,6.721731740965123,1711.947506994082,0.73567934669062,0
M-04,2026-01-01 04:00:00,54.79273201798443,1.4946472469553318,6.684078984035429,1726.952643115157,0.7911875395021246,0
M-04,2026-01-01 05:00:00,51.11556047478352,1.5210777714878279,6.165737171759511,1739.4573183933621,0.822364341868226,0
M-04,2026-01-01 06:00:00,55.68043178828183,1.2285177573017323,6.124408379885663,1625.3040695409088,0.8499035432183315,0
M-04,2026-01-01 07:00:00,57.27273269999352,1.0373658818853884,6.455262469568659,1585.7873754073669,0.6600450529366566,0
M-04,2026-01-01 08:00:00,60.64956753656347,1.395282874563821,5.629622166575677,1599.5574138448317,0.6419389871126494,0
M-04,2026-01-01 09:00:00,53.45233685063253,1.1879788969730596,6.118665657539032,1582.296502193663,0.6367154443246359,0
M-04,2026-01-01 10:00:00,55.81476164324502,1.5413361250317983,6.028562761442591,1701.7008330709402,0.8549003103690438,0
M-04,2026-01-01 11:00:00,58.43316221636985,1.7587916088258324,6.032490621346781,1746.0544643724402,0.8694222896912189,0
M-04,2026-01-01 12:00:00,59.431850997773275,2.550598866291954,6.581081500801686,1741.0095154108583,0.9515939383597942,0
M-04,2026-01-01 13:00:00,60.01216886796098,1.7980758642045485,6.126009615702501,1746.3427482175682,0.9062447144320477,0
M-04,2026-01-01 14:00:00,55.99985462395762,2.234150077222396,6.3883713270130755,1764.4730488117928,0.9215946015875033,0
M-04,2026-01-01 15:00:00,58.92583473086375,2.61934591923669,6.183961488140357,1760.5003080707029,0.9551575103182239,0
M-04,2026-01-01 16:00:00,55.57486066075744,2.0716252019180126,6.417490764155252,1711.5820455394226,0.8493130749049054,0
M-04,2026-01-01 17:00:00,61.32173181113545,2.098430547485318,6.041718627890487,1636.049350647345,,0
M-04,2026-01-01 18:00:00,62.15164224450102,2.028131943806627,6.070266788458408,1723.512767290807,0.9421087696157464,0
M-04,2026-01-01 19:00:00,62.02297369849125,2.078122175023164,5.8512681123892625,1802.164061412247,0.9771036641269351,0
M-04,2026-01-01 20:00:00,54.82633169107808,2.1189305269066767,6.168114756097914,1756.2185988133933,0.949485881351064,0
M-04,2026-01-01 21:00:00,61.542735102366386,1.784220443993105,6.0500231873110675,1628.0589629935434,0.6322643731483132,0
M-04,2026-01-01 22:00:00,63.771003041455415,2.20941573817159,6.5575848708708016,1583.9288867254666,0.6996293473800359,0
M-04,2026-01-01 23:00:00,63.73964235737265,2.6002022870853936,6.165363213950798,1710.8811326347673,0.9091886438352399,0
M-04,2026-01-02 00:00:00,64.00643977555697,2.441195390068181,6.666201236153881,1709.5425130022256,0.8743797254261034,0
M-04,2026-01-02 01:00:00,59.30062678344724,2.0287567472529617,6.231839252591645,1740.582543298379,0.9313754726261891,0
M-04,2026-01-02 02:00:00,58.4361010508315,2.5939447329392675,6.453010200286899,1665.4885484061813,0.880722514156598,0
M-04,2026-01-02 03:00:00,60.22016979230916,1.474423499455002,5.878869182082213,1632.4014663221658,0.7235299481827815,0
M-04,2026-01-02 04:00:00,58.43791936319333,2.4699576553440057,5.815477921160478,1619.5517440691817,0.5758566923198841,0
M-04,2026-01-02 05:00:00,63.363246172969035,3.2319932128084554,6.680569278949482,1587.6879864624013,0.6402379404705292,0
M-04,2026-01-02 06:00:00,67.6819319769791,1.5010741954226765,6.146851833579144,1691.7634501280522,0.8823241551651104,0
M-04,2026-01-02 07:00:00,61.12252507382938,2.53557933429789,6.370203200004879,1640.0495765431688,0.6504211214722758,0
M-04,2026-01-02 08:00:00,61.78816509191742,2.466768205748221,6.283988199869307,1701.507548566866,0.7581939218297962,0
M-04,2026-01-02 09:00:00,65.9352063990361,2.8132053304448843,6.4085569921701016,1673.409336788779,0.8490458209781859,0
M-04,2026-01-02 10:00:00,63.54790714820844,2.4480050728065086,6.40346237653264,1620.380014837105,0.7667577458769887,0
M-04,2026-01-02 11:00:00,67.03358845849687,2.6443122374482857,6.149186154155093,1625.1638008871928,0.6696037953681555,0
M-04,2026-01-02 12:00:00,63.34208438987692,3.567353152412987,6.077075808099125,1618.8571133263313,0.6928755941771865,0
M-04,2026-01-02 13:00:00,64.76966950796727,3.74395644498625,6.156487740321074,1689.8215688129437,0.813773105149594,0
M-04,2026-01-02 14:00:00,60.04050202324296,2.9670122468084634,5.9795873855114685,1665.1761928853357,0.7789556038949801,0
M-04,2026-01-02 15:00:00,67.45545207577788,2.92851939616361,5.7037846046271605,1672.2491133806755,0.7397180058779851,0
M-04,2026-01-02 16:00:00,,3.58463102544633,6.234263326813295,1762.2635091250438,0.9518565230973235,0
M-04,2026-01-02 17:00:00,72.47035646754595,3.400270077868952,5.8700973101261935,1661.852072386521,0.7521169220758632,0
M-04,2026-01-02 18:00:00,67.17539856308592,2.8181786794021964,6.401403241724383,1593.5633100875136,0.660270000273363,0
M-04,2026-01-02 19:00:00,65.18535666692678,3.697016567364181,6.313065914596175,1633.924313519455,0.6757597349306741,0
M-04,2026-01-02 20:00:00,63.81526479029239,4.158134935248686,6.331687634908456,1607.969729876026,0.5587572876842457,0
M-04,2026-01-02 21:00:00,67.58381370331698,3.2748621155696376,6.051290772219471,1668.7350827347511,0.801927071480325,0
M-04,2026-01-02 22:00:00,71.88127617403391,3.48388968956857,5.858712995585038,1682.3950918480396,0.9630442310987486,0
M-04,2026-01-02 23:00:00,73.23727973213362,3.7270391926518878,6.14739651300082,1752.3016474027995,0.9077489018448548,0
M-04,2026-01-03 00:00:00,73.87411062691176,3.600188413872136,5.4694009188763095,1662.2344860716198,0.7646934170448272,0
M-04,2026-01-03 01:00:00,70.23223933676849,3.7116898872377266,6.177430327190084,1786.7350476565457,0.9846002744166867,0
M-04,2026-01-03 02:00:00,66.29025567693259,4.790279474566757,6.177828401812516,1603.1134117705562,0.5578792365254597,0
M-04,2026-01-03 03:00:00,65.80959922495524,3.1886443551819696,5.884799610921327,1631.0098683319447,0.7316141827801662,0
M-04,2026-01-03 04:00:00,70.68638736121837,3.7114777756712902,5.963369316860678,1648.1688979671817,0.6501080443296394,1
M-04,2026-01-03 05:00:00,74.85832332556085,3.0715056643440994,5.862978073688553,1700.0647930054395,0.8745428120827201,0
M-04,2026-01-03 06:00:00,75.21514880846506,3.952985117939843,5.960630593384681,1670.3494895449162,0.763863342219858,0
M-04,2026-01-03 07:00:00,75.45518758347576,3.348223776784011,5.931872299341946,1695.637571231197,0.7798849268382544,0
M-04,2026-01-03 08:00:00,75.89986374906728,4.271242154522817,5.7743260726219745,1713.095184457743,0.8533573479197607,0
M-04,2026-01-03 09:00:00,70.1352533909585,4.260235369889696,5.845886512157592,1714.9264366530258,0.803251085936016,0
M-04,2026-01-03 10:00:00,74.79271294733427,4.122669982650427,5.57262503621246,1671.8397097388854,0.7130633761598087,0
M-04,2026-01-03 11:00:00,69.36556965377609,4.357816786250682,5.92300908309883,1614.6021138442804,0.5675450320080705,0
M-04,2026-01-03 12:00:00,77.17755341375145,4.072447942379993,5.789893784102732,1686.0765681382031,0.6866990400441197,0
M-04,2026-01-03 13:00:00,79.37393548764273,4.223388616987607,5.886820904353302,1710.3756536517083,0.8620698089586749,0
M-04,2026-01-03 14:00:00,82.59655778970391,3.8014737096545588,5.73679003894092,1736.2548896519338,0.9827575461501914,0
M-04,2026-01-03 15:00:00,76.84532672026876,3.863214777252073,5.820194310617765,1663.494179983062,0.7561451835331564,0
M-04,2026-01-03 16:00:00,73.71419240774703,4.555307972722628,5.614279454568785,1573.3293201937224,0.5855668553794298,0
M-04,2026-01-03 17:00:00,76.59327213826285,4.195797248421866,5.504803003954255,1645.189591909906,0.6232257984458072,0
M-04,2026-01-03 18:00:00,75.38226401120448,4.810350480619512,6.140636116762281,1673.9970923757799,0.9957667325298446,0
M-04,2026-01-03 19:00:00,76.72575582241112,5.0997910335166345,5.69771332749706,1711.0857245996606,0.8573526469417183,1
M-04,2026-01-03 20:00:00,81.74043080968906,5.211427337088362,6.093090216875568,1677.4102204905537,0.7935156343947339,1
M-04,2026-01-03 21:00:00,81.69406063145541,4.0192082326892455,5.343906275366417,1655.878566664891,0.8755844047502113,1
M-04,2026-01-03 22:00:00,82.29936264782293,4.2239071897238905,5.686047722827883,1722.9136223921626,0.9483849899846819,1
M-04,2026-01-03 23:00:00,81.46462090118183,4.6807545029041835,5.498639816716138,1748.0719366727503,0.8356906447153951,0
M-04,2026-01-04 00:00:00,83.84484439362048,4.638484886586077,5.799314702791466,1667.2616789996955,0.8820727771611416,0
M-04,2026-01-04 01:00:00,76.8413140035299,4.823316537967374,5.4908880611080795,,0.731204941529512,1
M-04,2026-01-04 02:00:00,77.12350819918721,4.266379827478468,5.8645476141948905,1598.6262799685478,0.7037528768247427,1
M-04,2026-01-04 03:00:00,81.48292729561501,4.950536017977332,5.554214298597742,1664.5302395678427,0.663786029866442,1
M-04,2026-01-04 04:00:00,83.7291314490917,5.093462594837394,5.950865411720474,1699.1336360538737,0.900200766092984,1
M-04,2026-01-04 05:00:00,77.70308928873641,4.785470535459341,5.6201874984644755,1694.12830685097,0.9489749033971537,0
M-04,2026-01-04 06:00:00,83.97886673883437,4.332603299692934,5.529347708556741,1611.6469067772052,0.5641051787692318,1
M-04,2026-01-04 07:00:00,82.27231261416412,,5.924449036288534,1646.8092809705536,0.7787140559808087,1
M-04,2026-01-04 08:00:00,80.54450622543824,4.889609703577994,5.299282806092487,1699.8502746289723,0.7404095466531828,1
M-04,2026-01-04 09:00:00,81.57187304007313,5.528369063864366,5.913276921860502,1605.4305230500622,0.6983854917608575,1
M-04,2026-01-04 10:00:00,82.3479422629914,5.270367496139959,5.4256785194688915,1665.4341345900912,0.8124093162216122,1
M-04,2026-01-04 11:00:00,78.68494120760066,5.547074322360134,5.408148876247461,1753.8945908332507,0.7976409940782123,1
M-04,2026-01-04 12:00:00,92.01341325997382,5.623346497144463,,1568.8731391998458,0.7406786574093581,1
M-04,2026-01-04 13:00:00,86.11882166370984,5.153737015202058,5.282693108424471,1613.605594217572,0.6530043642066082,1
M-04,2026-01-04 14:00:00,84.37162485593652,4.635452803165329,5.578964721886315,1596.0555063296458,0.6713517836620266,1
M-04,2026-01-04 15:00:00,85.07672747320699,6.3448001314645035,5.469154938948946,1624.36885791824,0.6851113613797083,1
M-04,2026-01-04 16:00:00,89.99530831556285,5.845515859237523,5.67146436828218,1524.6484693666916,0.6938482332524638,0
M-04,2026-01-04 17:00:00,91.69360521352009,5.906072800661855,5.630518410178364,1690.9872266235136,0.951703195781183,0
M-04,2026-01-04 18:00:00,58.11247792653943,1.2563586074512432,6.519315119256552,1653.9338118869775,0.7715556152761893,0
M-04,2026-01-04 19:00:00,56.983773463082194,1.2514390851044666,6.37393122603439,1674.9662566750553,0.7261048599245631,0
M-04,2026-01-04 20:00:00,54.725575586261456,0.36860191096562767,6.5817264619631946,1673.4504445697694,0.9251574642304543,0
M-04,2026-01-04 21:00:00,50.421177082612864,1.4017351547681185,6.91175768218684,1719.1394272692305,0.943087488172936,0
M-04,2026-01-04 22:00:00,55.66410690254877,0.9701332942046158,6.427191142500568,1656.515555624696,0.6848235691881999,0
M-04,2026-01-04 23:00:00,46.2271543759746,0.9057352967339675,6.34428785030215,1664.8942762936967,0.8583694956643317,0
M-04,2026-01-05 00:00:00,54.30589253271112,1.013090468822108,6.351173590466102,1722.0610188251392,0.9727028077815418,0
M-04,2026-01-05 01:00:00,54.25718788901722,1.1703267635573218,6.686696862650061,1600.9379867821094,0.5683370920752221,0
M-04,2026-01-05 02:00:00,54.770558435703734,1.9427943939670054,6.1257268027391865,1704.62713426381,0.8107752923540728,0
M-04,2026-01-05 03:00:00,56.60686684922863,1.1912701867852453,6.502997983285796,1686.5675947829523,0.7417623574331237,0
M-04,2026-01-05 04:00:00,56.71620007022648,1.5934865198162427,5.927881539011214,1628.3510836832127,0.6269795677672607,0
M-04,2026-01-05 05:00:00,54.63569465990415,2.2141953952970086,6.59463898204123,1652.9857221121426,0.6281411386910991,0
M-04,2026-01-05 06:00:00,56.620813136918954,1.203439523235035,6.053482046280582,1604.7076792171097,0.6455971760332269,0
M-04,2026-01-05 07:00:00,55.62149464999259,1.7862987802293555,6.166893658653405,1722.7187368063032,0.9375635876623629,0
M-04,2026-01-05 08:00:00,58.11860583147667,1.9256221038607075,6.310394243175304,,0.7640733011109294,0
M-04,2026-01-05 09:00:00,64.0779915323518,1.3564178290259834,5.865762777752871,1725.9968132970441,0.9252060085588314,0
M-04,2026-01-05 10:00:00,61.445910625039254,1.3126379877934364,6.092053119492228,1613.4871702566916,0.8295745741698377,0
M-04,2026-01-05 11:00:00,63.13402985241473,2.659750929578406,6.263144619211564,1609.8296709681829,0.750770656391173,0
M-04,2026-01-05 12:00:00,61.58748793536082,2.535057611367505,6.098345708946627,1666.795793882197,0.8493947015896154,0
M-04,2026-01-05 13:00:00,66.40235235781714,2.0980885340037347,6.429644035974249,1640.253129964893,0.7325883670250299,0
M-04,2026-01-05 14:00:00,57.198884254354375,2.256962595525583,6.310774172445978,1681.153489770205,0.7959005546898396,0
M-04,2026-01-05 15:00:00,57.268271072984525,2.5311252244825373,6.32948767930835,1628.373987264751,0.6546373497805064,0
M-04,2026-01-05 16:00:00,57.417004128506434,1.5170347294003532,6.1570763802454485,1662.2838987232474,0.7751873004377974,0
M-04,2026-01-05 17:00:00,62.33743435064827,2.480489860807192,6.289473865354729,1773.9322212761042,0.8580221030563886,0
M-04,2026-01-05 18:00:00,62.57342580448531,1.108070673523307,6.154542832745926,1712.5599479407772,0.783730175577336,0
M-04,2026-01-05 19:00:00,64.5167894149344,2.8136029275127363,6.512880855360994,1707.259560994171,0.8331388699543997,0
M-04,2026-01-05 20:00:00,64.09542611982742,2.6128305238366947,6.181966993335963,1571.567732522438,0.5589986710121039,0
M-04,2026-01-05 21:00:00,62.914128631918295,2.4017274662310175,6.247078463270029,1629.898695324067,0.7717166163146328,0
M-04,2026-01-05 22:00:00,60.11191293276852,2.883852554869065,5.8741439780324916,1635.1888733214346,0.5836239693887662,0
M-04,2026-01-05 23:00:00,68.84956168088539,2.6685977082376153,6.212734760278659,1751.466774780144,0.9034665540276501,0
M-04,2026-01-06 00:00:00,66.89208921941749,2.745560138699406,6.0185777793402675,1655.1805040265087,0.8874307846509676,0
M-04,2026-01-06 01:00:00,67.65826660301025,2.1396585034352054,6.370380588536306,1726.5823650820503,0.9640394568486348,0
M-04,2026-01-06 02:00:00,60.6827181001526,3.4490392796722005,6.3774010477955265,1598.88541933573,0.5910239826112589,0
M-04,2026-01-06 03:00:00,68.10974691961147,2.8042688463578407,6.802872731510613,1670.7700916065924,0.7618707320660436,0
M-04,2026-01-06 04:00:00,59.76117243982859,2.6222142451463313,6.079256965787512,1640.100566675772,0.6530752606326482,0
M-04,2026-01-06 05:00:00,64.21113564226339,3.060505096217467,6.296416693812916,1696.6419387718863,0.8870993054963667,0
M-04,2026-01-06 06:00:00,69.55634016164204,2.892968714355138,6.422191068095202,1709.9626086268433,0.877281280822001,0
M-04,2026-01-06 07:00:00,65.02374952218696,3.226607514499342,6.39157314389543,1606.4468842105514,0.5874972189981281,0
M-04,2026-01-06 08:00:00,65.97541955096075,2.3496265669047816,5.905946504991542,1686.6206615396952,0.9457819185726666,0
M-04,2026-01-06 09:00:00,65.796402669801,3.7755673355231507,5.6942998492635954,1589.0957446212888,0.5539878396503989,0
M-04,2026-01-06 10:00:00,76.67203603199823,3.4040949877109887,6.336366915165599,1783.0719296752343,0.9610017452980397,0
M-04,2026-01-06 11:00:00,67.44469930150689,2.659192015832724,5.98284695072778,1638.07214440429,0.6806467317938958,0
M-04,2026-01-06 12:00:00,76.38863567194751,2.1648549412000695,5.688409117964545,1687.9421494051187,0.858226388209733,0
M-04,2026-01-06 13:00:00,66.10252129458456,3.087363977739031,5.681066440760058,1687.4551985892474,0.9606631442128302,0
M-04,2026-01-06 14:00:00,69.75934607179728,3.2233140137900143,5.904097219844757,1616.5134900331582,0.7026760747520722,0
M-04,2026-01-06 15:00:00,73.17073507347115,3.744476499177264,5.651607183090643,1643.0879064110727,0.5956836336365472,0
M-04,2026-01-06 16:00:00,69.59473459506776,3.6041938977782473,5.962430303928561,1620.5648159665714,0.582160855060246,0
M-04,2026-01-06 17:00:00,64.06364866726602,3.675200639445676,6.028657347962978,1639.0111259016403,0.6185945918023721,0
M-04,2026-01-06 18:00:00,70.78878987587117,2.928522523893996,5.653833553635917,1665.0735748644347,0.7448825641574833,0
M-04,2026-01-06 19:00:00,74.90588147443529,4.323988204120495,6.349974220329716,1664.8758514772953,0.7919787935581464,0
M-04,2026-01-06 20:00:00,70.23710582087006,4.320586007606456,5.707828891129643,1645.0262859651052,0.7210672022438189,0
M-04,2026-01-06 21:00:00,77.02306876825219,2.8804059595012887,5.568445857115787,1771.0521422019372,0.9114869737923852,0
M-04,2026-01-06 22:00:00,78.89357382435021,3.0164339831138434,6.1266639763998985,1723.9491503225881,0.9323928118080809,0
M-04,2026-01-06 23:00:00,71.09381671113493,4.004317819498393,5.869615585944888,1658.6280426761184,0.6134074875088249,0
M-04,2026-01-07 00:00:00,77.28369586127133,3.2693118117981044,5.8903018587785265,1767.1463810689556,0.9833768352662533,0
M-04,2026-01-07 01:00:00,71.08679401143709,3.4889838447300052,6.046603199471817,1590.7649166394954,0.6286399133383285,0
M-04,2026-01-07 02:00:00,75.92493654349654,3.1652721484347146,6.069985160332813,1727.881842729088,0.9774653881645958,0
M-04,2026-01-07 03:00:00,77.99033372765416,3.4638261605836265,5.538880949108608,1736.0679247578237,0.8962537876980397,0
M-04,2026-01-07 04:00:00,77.50173692851143,4.820118745035658,6.177582431635824,1711.7109736026687,0.7714970722022148,0
M-04,2026-01-07 05:00:00,76.47954395135044,4.141687683212984,5.516951218023327,1718.0901541099129,0.9857672025032547,0
M-04,2026-01-07 06:00:00,76.54405409362293,3.682498795587869,6.029881262335186,1677.696525494828,0.8978786808637682,0
M-04,2026-01-07 07:00:00,78.82048959514121,3.6424132610310265,5.8779126407358095,1664.2478384108708,0.8328745481089626,0
M-04,2026-01-07 08:00:00,78.55182191726995,4.19872015120346,5.877126866108749,1673.461286189738,0.8891677942528096,0
M-04,2026-01-07 09:00:00,79.4855024814467,3.800480707784356,6.024043446436651,1665.1258089785742,0.8892257975450376,0
M-04,2026-01-07 10:00:00,,4.052587744689389,5.838688688612891,1568.5695074563869,0.6642043823444388,0
M-04,2026-01-07 11:00:00,72.32079700487465,5.173756458849407,5.822110003052139,1670.6784126546036,0.7607839649157666,0
M-04,2026-01-07 12:00:00,80.95819179185592,3.595502342849587,6.087724077193452,1715.1496030817461,0.7758449079746921,1
M-04,2026-01-07 13:00:00,69.34780652502843,3.7822202977016466,5.881309054927317,1728.0195287889342,0.8171369070516796,0
M-04,2026-01-07 14:00:00,83.64583078389715,4.8351273013672555,5.644983735113365,1706.6651865271433,0.6579751820250682,0
M-04,2026-01-07 15:00:00,79.32008000084221,4.109953976178975,5.638498685120627,1766.566159969442,0.9675228159868654,0
M-04,2026-01-07 16:00:00,81.25050327086495,3.458615364263057,5.341352505800141,1730.552312381198,0.9829663047749366,1
M-04,2026-01-07 17:00:00,83.82755865268805,4.5096139859473015,5.380834693614405,1625.753679229229,0.7243204908099783,1
M-04,2026-01-07 18:00:00,82.72034290077782,3.9080103724756228,5.774475682918333,1705.6138264464244,0.8348126513604281,1
M-04,2026-01-07 19:00:00,79.63607864220441,4.383856879814189,5.39938579280057,1705.316727712722,0.7357347242038096,0
M-04,2026-01-07 20:00:00,,4.890630068618961,6.262667955930371,1636.1602373503506,0.5874866671951452,1
M-04,2026-01-07 21:00:00,79.75014586555956,5.407887988102408,,1599.3695688857279,0.6525815350789478,1
M-04,2026-01-07 22:00:00,74.79067503510942,4.418319136796009,5.744012567818155,1543.1949721817498,0.6015746223307318,1
M-04,2026-01-07 23:00:00,83.86346618076625,5.130449635005622,6.037910494792841,1656.9421194901558,0.7258939526114951,1
M-04,2026-01-08 00:00:00,82.15486780720843,5.267682925455083,5.818321603500468,1684.9813033173518,0.7877703945195842,0
M-04,2026-01-08 01:00:00,82.14572608331743,5.594803220973038,5.442436341378077,1591.6264435447868,0.5548332288677258,1
M-04,2026-01-08 02:00:00,81.39789636479686,4.868912816759276,5.152339421147167,1727.3877359291669,0.8759559226692051,1
M-04,2026-01-08 03:00:00,86.18289587362263,5.455206137051666,5.779428265336988,1667.7641149041021,0.7036007660468265,1
M-04,2026-01-08 04:00:00,83.22306443262384,5.158809829598696,5.5106336428691485,1575.4812559860034,0.6580059807063503,1
M-04,2026-01-08 05:00:00,89.35542333853185,5.197665496965891,6.272513137894744,1712.3284404252618,0.9843432156591319,1
M-04,2026-01-08 06:00:00,87.55584660522433,5.548382846781495,5.836842941663944,1608.438460661233,0.589999024266324,1
M-04,2026-01-08 07:00:00,85.00208570220178,5.443290022788099,5.1734589524477625,1801.7672589388712,0.9957275567874895,1
M-04,2026-01-08 08:00:00,86.50267262802657,4.498274548215272,6.212622900735566,1702.6873872041913,0.8517122515789655,1
M-04,2026-01-08 09:00:00,93.81433027490807,5.311548791262533,5.514660203364619,1722.6111518663888,0.8979415247185243,1
M-04,2026-01-08 10:00:00,92.63886890153668,5.3963783601852935,5.319436504045683,1656.4845961533365,0.7780173215030032,1
M-04,2026-01-08 11:00:00,88.25299457150881,6.63245278190136,6.022874787495806,1674.7326026481157,0.7276300151984629,0
M-04,2026-01-08 12:00:00,58.02323713818834,2.1621167519908546,6.717953846601456,1667.4241627326708,0.8904452606914726,0
M-04,2026-01-08 13:00:00,58.60532907823557,1.8204987951911769,6.315134731604256,1690.2712850336766,0.7977893088826988,0
M-04,2026-01-08 14:00:00,56.49928270579011,1.4748233844908367,6.1313317624708805,1609.6712219470073,0.5729440238464035,0
M-04,2026-01-08 15:00:00,60.62455682108306,2.430219857635684,6.0771686910362375,1661.3791942465245,0.8299044643120377,0
M-04,2026-01-08 16:00:00,59.82436499839856,2.2666559327492313,6.394910567720301,1686.7406045872851,0.9448352439227153,0
M-04,2026-01-08 17:00:00,66.1080932326264,1.4203363662632429,6.2952630721467,1725.7319154904312,0.9492247357807941,0
M-04,2026-01-08 18:00:00,55.94086979425216,1.9420560140528262,6.481407649131449,1727.7603439238374,0.989461723226182,0
M-04,2026-01-08 19:00:00,58.74424029827601,1.9570199091752531,6.5108887649351965,1568.0662580485312,0.5969171822255468,0
M-04,2026-01-08 20:00:00,57.766016876435245,3.0092960805130087,6.123710157006963,1709.5454620449343,0.7969628677014329,0
M-04,2026-01-08 21:00:00,61.2364518402033,2.259217529123116,6.342460745472093,1677.7289064475174,0.8921536456747068,0
M-04,2026-01-08 22:00:00,59.54353105027538,2.4929725293323455,6.102721991291311,1638.4256037180578,0.6970025717453636,0
M-04,2026-01-08 23:00:00,60.72269859895183,2.2375601872279103,6.022348950520301,1612.6327855177517,0.6745313135989376,0
M-04,2026-01-09 00:00:00,66.23009123022311,2.2605131520626927,6.382243588844797,1672.8888147837158,0.938401708092211,0
M-04,2026-01-09 01:00:00,,2.8951623832964835,6.241315788824076,1670.4457828418097,0.6435881982040701,0
M-04,2026-01-09 02:00:00,62.720888011652065,3.112268174955565,5.906776114594364,1603.500369515526,0.6776357969441829,0
M-04,2026-01-09 03:00:00,60.41544276594356,2.828761301792331,6.456685190903608,1647.4210947421284,0.5868712442005855,0
M-04,2026-01-09 04:00:00,69.78421064972186,2.588623212413693,6.338750371925293,1754.7302729534595,0.8176869176627553,0
M-04,2026-01-09 05:00:00,60.49990923874351,2.512971627327329,6.267993807593411,1657.6544379306697,0.6916769502603691,0
M-04,2026-01-09 06:00:00,65.00475375940883,2.16746341363638,6.37961587246717,1718.1547834464154,0.909619789910583,0
M-04,2026-01-09 07:00:00,62.18921499499632,2.557363404771326,6.071767937224918,1617.5801209556448,0.7121752932781984,0
M-04,2026-01-09 08:00:00,64.81564717123408,2.3608278332030572,5.936421445666768,1681.2864661827475,0.8931454618423881,0
M-04,2026-01-09 09:00:00,70.02846425668773,3.7312096857576007,6.212892621468307,1675.0742109236621,0.7409676144614182,0
M-04,2026-01-09 10:00:00,65.86186514466708,2.8978590194358933,5.782371382526048,1640.5032869031456,0.603260292864218,0
M-04,2026-01-09 11:00:00,71.28841625696948,2.690010926450019,6.337334930429846,1638.8487962433678,0.9384993277742655,0
M-04,2026-01-09 12:00:00,67.86399251892311,3.2099632348055747,6.2974040234526,1590.378026799196,0.5768069001567158,0
M-04,2026-01-09 13:00:00,67.63672699500931,2.1226914424986703,6.0223773322448935,1649.1247530315727,0.8193701575280907,0
M-04,2026-01-09 14:00:00,74.09534727502704,2.997641423208558,6.105013452827944,1647.9769006825993,0.7298125811676625,0
M-04,2026-01-09 15:00:00,71.36277735505895,3.439046982465568,5.913052751559766,1626.879759518633,0.7939034960305472,0
M-04,2026-01-09 16:00:00,73.0811331098311,3.111509458594454,5.551934312507604,1742.2826552413362,0.9245744252390059,0
M-04,2026-01-09 17:00:00,70.41788927650768,3.2479685772028897,6.070627882498862,1678.320450615116,0.8548943943518734,0
M-04,2026-01-09 18:00:00,68.88393726995577,3.2300158707973385,6.43826857331077,1775.5064580708977,0.9686122218156425,0
M-04,2026-01-09 19:00:00,67.21283476075355,4.506123274448232,5.827789304009621,1690.3392258806027,0.6291600558222326,0
M-04,2026-01-09 20:00:00,76.03837010045555,3.3084613598345824,5.790763791062825,1715.7288285419647,0.8496185552462578,0
M-04,2026-01-09 21:00:00,70.07897080573322,3.5529856236590684,6.259180655174287,1759.275861174932,0.9878506669565603,0
M-04,2026-01-09 22:00:00,68.76778058187038,3.1308202551658217,5.8107709632624385,1763.577780786773,0.9601086347789672,0
M-04,2026-01-09 23:00:00,70.39132824781412,3.198071443714066,6.28148597725929,1568.1645100548144,0.5502493741748068,0
M-04,2026-01-10 00:00:00,74.54043325823177,3.3303250165883975,6.162610458234559,1739.6947509362399,0.832728639662806,0
M-04,2026-01-10 01:00:00,71.79558726999042,4.938473903626819,5.638389143631504,1708.4817443692712,0.7932534573116186,0
M-04,2026-01-10 02:00:00,75.10128602088359,3.4674449247207626,5.987355523564642,1749.5619925993412,0.967066101687825,0
M-04,2026-01-10 03:00:00,74.43840230067376,4.007180361187103,6.3302486456343825,1601.3012329697087,0.6721890363874806,0
M-04,2026-01-10 04:00:00,74.62979140275561,4.197002242534154,5.6080351759834475,1661.7716725278326,0.6044110625651655,0
M-04,2026-01-10 05:00:00,74.84600224082682,4.561391594303777,5.636649899267403,1686.9575816613906,0.7907540922102618,0
M-04,2026-01-10 06:00:00,76.54891326029406,4.1704281388765745,6.030775520744173,1653.5607735029778,0.779931625326163,0
M-04,2026-01-10 07:00:00,73.87905535850363,4.573020767849144,5.669040424829166,1645.1040181438261,0.6682693756267439,0
M-04,2026-01-10 08:00:00,81.34187856088528,3.9885121342535603,5.942340178195132,1595.7295133519015,0.5587072005006943,1
M-04,2026-01-10 09:00:00,75.05555771946852,3.383509874299309,5.872193788862659,1620.263767661375,0.6335543377123355,0
M-04,2026-01-10 10:00:00,75.11440692915424,4.489339369666375,5.934157632418639,1710.380969460319,0.7471980398930566,0
M-04,2026-01-10 11:00:00,79.77503911403765,3.269891785318955,6.313686430787397,1731.3728990158354,0.9193416970960586,0
M-04,2026-01-10 12:00:00,72.48773175678872,4.3855410177657195,5.866450478478309,1605.5055479101277,0.553334230870956,0
M-04,2026-01-10 13:00:00,73.13466416023198,4.413887675843886,5.4420580148551885,1606.7533865620908,0.7284245913798467,0
M-04,2026-01-10 14:00:00,85.06777986837542,4.7862552240324305,6.1091866892686255,1729.867851867045,0.8771134080086779,0
M-04,2026-01-10 15:00:00,74.72980330321116,4.1921559044973025,5.660583148229454,1704.9491842420728,0.7819276814129468,1
M-04,2026-01-10 16:00:00,80.19008254329911,4.812572578630183,5.929492515130449,1687.771346520037,0.668371883536846,1
M-04,2026-01-10 17:00:00,78.89731347395256,4.070729814987793,6.160229682229261,1714.968881131287,0.9811229676822418,1
M-04,2026-01-10 18:00:00,83.16557168029779,3.800007574168824,5.933562174928864,1651.5211832244033,0.7244351527112435,1
M-04,2026-01-10 19:00:00,84.44415290422512,4.920979099276703,5.669634962202541,1680.0549193205127,0.9140676587512497,1
M-04,2026-01-10 20:00:00,76.8444997494501,4.5838370134138176,6.362866725220225,1685.168367414115,0.7688106802033189,1
M-04,2026-01-10 21:00:00,78.8548041684039,5.029797689299852,5.615076448249739,1789.2410996476988,0.9947552794084857,0
M-04,2026-01-10 22:00:00,80.43192781628586,4.9136199601585275,5.4737614299484765,1726.662854674817,0.8201144408628059,1
M-04,2026-01-10 23:00:00,82.03112952654084,5.470943303528597,5.9962037452524415,1654.698300888415,0.859148995036321,0
M-04,2026-01-11 00:00:00,81.38654238465992,5.0061948573614465,5.926002034002163,1574.816239291047,0.6226911400328334,1
M-04,2026-01-11 01:00:00,88.06000907079172,5.417371088059162,5.842246255527648,1730.5456398195702,0.9483321086372773,1
M-04,2026-01-11 02:00:00,84.91409602218997,5.413048191071279,6.077678886448921,1652.4859779357905,0.7170209668461557,1
M-04,2026-01-11 03:00:00,88.59379355958212,4.818320227674496,5.365173817183906,1737.942497792488,0.8336465470762118,1
M-04,2026-01-11 04:00:00,83.2652089946767,5.104452058117086,5.343341121222907,1662.9282943827557,0.7290372643987271,0
M-04,2026-01-11 05:00:00,89.36398907242005,5.295349150940661,5.881730937842971,1561.429729567448,0.60684909763107,1
M-04,2026-01-11 06:00:00,,4.68250409451437,5.628449122614931,1633.9326507880232,0.7918886267211267,1
M-04,2026-01-11 07:00:00,83.48019164275424,4.611017141934957,5.248319997674091,1592.489821316354,0.7385717279931494,1
M-04,2026-01-11 08:00:00,87.80401685519477,4.831774723702077,5.823307056095258,1719.6935475439363,0.8427322690887327,1
M-04,2026-01-11 09:00:00,83.48163326046745,5.358924843475612,5.969821547687962,1692.2931576422716,0.7213376459876965,1
M-04,2026-01-11 10:00:00,83.2499359499288,5.634972787377483,5.35099720282463,1719.2932265513653,0.8432408054475617,1
M-04,2026-01-11 11:00:00,94.9157400515507,5.556621999763454,5.36542638563229,1635.1911282516803,0.7515202688210993,1
M-04,2026-01-11 12:00:00,86.08524122858134,5.296895494032243,5.650003390626928,1723.4986586208668,0.9251539492952081,1
M-04,2026-01-11 13:00:00,85.21395667966566,5.737314877763763,5.512329352775467,1723.5343544476284,0.9742884044562383,1
M-04,2026-01-11 14:00:00,80.08157042603592,5.604905250461111,5.484681986268147,1600.1477137299796,0.7071353357050809,1
M-04,2026-01-11 15:00:00,87.92918423683507,5.547828715561137,6.0610135992040926,1637.1839158335622,0.5754620816464782,1
M-04,2026-01-11 16:00:00,83.43939436574037,5.853996201583122,5.608362335367764,1657.791839741451,0.6115819099810154,1
M-04,2026-01-11 17:00:00,92.17520811980673,6.03931256517764,5.394719377675616,1721.307587938148,0.8661601626636725,1
M-04,2026-01-11 18:00:00,85.3254373808006,5.333853190072308,5.42470886425027,1625.4284264574953,0.6931748932137739,1
M-04,2026-01-11 19:00:00,94.40542406676725,5.4984099576134025,5.5577587369699435,1565.077503775231,0.6475472064108097,1
M-04,2026-01-11 20:00:00,88.49958359778111,5.5759926827551745,5.682991231530723,1569.4795555001754,0.7795368443035514,1
M-04,2026-01-11 21:00:00,88.95763761704035,6.937658796477321,5.3735479498235605,1668.024122630051,0.6667605083082654,1
M-04,2026-01-11 22:00:00,88.77079474286232,5.303268573399031,5.630097473259919,1734.6728358260293,0.7917055799944391,1
M-04,2026-01-11 23:00:00,97.3085338511446,6.3090860933846455,5.158388250469747,1595.5146960256257,0.5535073406656279,1
M-04,2026-01-12 00:00:00,95.41044414759088,5.934874418832592,5.510587650651234,1636.3920225746187,0.7104798828190103,1
M-04,2026-01-12 01:00:00,86.05929047230025,5.836646116906786,5.104625358572986,1605.8517718916191,0.628858780429176,1
M-04,2026-01-12 02:00:00,96.83056237937488,6.326053374162024,5.088303491253899,1745.01500931866,0.9955706472032406,1
M-04,2026-01-12 03:00:00,93.96336175077167,6.567461164855879,5.514008351055945,1686.695729377052,0.6932834989616019,1
M-04,2026-01-12 04:00:00,95.63804130714463,6.583377692806953,5.253864385873582,1683.9319888612922,0.7733360280323998,1
M-04,2026-01-12 05:00:00,93.59575191052483,5.6628860223205075,5.452971851508193,1551.867499483105,0.5874377715964204,0
M-04,2026-01-12 06:00:00,61.219735237024345,1.3878622896902173,6.025668448261046,1732.3024975007372,0.9130011989456042,0
M-04,2026-01-12 07:00:00,55.230489299535,1.7875188899947627,6.898864770575424,1717.8778365724831,0.9321502861105293,0
M-04,2026-01-12 08:00:00,55.81905207501833,1.965110352497753,6.185878357058744,1727.1102359393642,0.8731573780523908,0
M-04,2026-01-12 09:00:00,59.57198350236216,1.2298632110807397,6.07095523642398,1608.7066305197548,0.5733561670744497,0
M-04,2026-01-12 10:00:00,58.68794875346197,1.8996373782959544,6.418454360978649,1711.9145719700127,0.7727814363749849,0
M-04,2026-01-12 11:00:00,63.32254876280716,2.6707356010500076,6.371890030818846,1714.9078839556237,0.8839931202665182,0
M-04,2026-01-12 12:00:00,59.69075164045808,1.9771832387925885,6.207300672893641,1766.4982386739337,0.9873660255011849,0
M-04,2026-01-12 13:00:00,66.26822078561874,2.417878207610632,6.380075779136254,1729.9259897033248,0.9035774473643936,0
M-04,2026-01-12 14:00:00,62.77143766599056,0.9276436220998157,6.132723761460772,1748.0999773330796,0.9949372827590321,0
M-04,2026-01-12 15:00:00,65.14084729891741,2.55533517664276,5.970554329184263,1704.4125250293657,0.677608538815928,0
M-04,2026-01-12 16:00:00,62.12029789366766,2.546661655738507,6.047219695510154,1749.904808743955,0.98567476951545,0
M-04,2026-01-12 17:00:00,61.18882662073138,1.7122161269814602,6.4024321467765,1688.7036040046937,0.9156729825711317,0
M-04,2026-01-12 18:00:00,58.853336825362355,1.7039034610366681,6.100456210497285,1714.6957283728902,0.8810924904969262,0
M-04,2026-01-12 19:00:00,62.83844136719281,1.9580633302859694,6.294380467261462,1729.5223925141102,0.9682561831482408,0
M-04,2026-01-12 20:00:00,67.3280923476721,1.7860873807331412,6.04732687816516,1655.9941583343514,0.7206520356279924,0
M-04,2026-01-12 21:00:00,55.85027060485805,2.0780052464211676,5.902316934760209,1657.3652117205868,0.5674067170732301,0
M-04,2026-01-12 22:00:00,59.94289922484559,2.7667427633901527,5.887806294006608,1704.7882890835008,0.9257407884551833,0
M-04,2026-01-12 23:00:00,62.25413246397905,1.908232377498961,5.944634933645634,1691.8894077189332,0.731975311553466,0
M-04,2026-01-13 00:00:00,57.251335060616135,2.9642882590495616,5.941062904916454,1711.6286269008378,0.7779706499941956,0
M-04,2026-01-13 01:00:00,59.835575483478266,3.5804283674862236,6.300462280933128,1722.955742838269,0.8364232538547256,0
M-04,2026-01-13 02:00:00,68.3079040022637,2.4170994997131743,6.277902960068452,1627.4984613663582,0.713005274646351,0
M-04,2026-01-13 03:00:00,61.40828040570295,2.8313597096970473,6.005386685605744,1607.7117107801607,0.7922180940792274,0
M-04,2026-01-13 04:00:00,69.52076439135439,2.875328321214899,6.432470243237248,1757.5208886517726,0.9694772937282956,0
M-04,2026-01-13 05:00:00,63.9192315677598,2.9953992563640375,6.079793242643184,1605.844608290915,0.6509834156556498,0
M-04,2026-01-13 06:00:00,62.513469364255826,2.9612889455639206,5.661602225397283,1677.8776948384932,0.6833791366529626,0
M-04,2026-01-13 07:00:00,61.72634612346617,3.3722862245492156,6.281498426575671,1592.535471854623,0.5683245528768545,0
M-04,2026-01-13 08:00:00,63.768622230731296,2.5513461397867605,5.728175772689337,1780.3922197007607,0.9272626650716835,0
M-04,2026-01-13 09:00:00,69.29955605693473,3.0792001635635726,6.147657050762346,1755.4158412499116,0.9208338003976373,0
M-04,2026-01-13 10:00:00,65.79967375844103,3.543174601336122,6.553558863814011,1599.4149991518466,0.6891505164499852,0
M-04,2026-01-13 11:00:00,69.18988984536917,3.866513733585432,6.207297799279439,1643.4413161377033,0.5559685216675745,0
M-04,2026-01-13 12:00:00,71.54027815194755,2.4499334925044205,6.01252397687461,1734.5700644083731,0.9259106078322925,0
M-04,2026-01-13 13:00:00,71.70636395788893,2.754511400467069,6.2007459590912966,1613.2751819613,0.5777135002586483,0
M-04,2026-01-13 14:00:00,62.410830694486066,3.3390789086664494,5.98007494761184,1588.6088876213405,0.6214602790586501,0
M-04,2026-01-13 15:00:00,67.6250080802243,2.8601890936736094,5.742719787636011,1616.418904928883,0.6421972447105637,0
M-04,2026-01-13 16:00:00,67.01603094828693,3.19027382421138,6.2381008560176845,1733.9178406114256,0.9500242140510802,0
M-04,2026-01-13 17:00:00,67.7518404721818,2.8671237704785875,5.54805096174447,1739.413456332227,0.8516301487390759,0
M-04,2026-01-13 18:00:00,70.6517704021416,3.4670884976020715,5.773503373576095,1641.146815844857,0.7215171353432074,0
M-04,2026-01-13 19:00:00,74.02401398554616,3.4251838129679335,6.291568711823119,1741.7047676980874,0.852330511829408,0
M-04,2026-01-13 20:00:00,69.73733583710695,3.6862610524391073,5.8817871185974555,1611.4374721896893,0.6139601749079,0
M-04,2026-01-13 21:00:00,67.00328312245864,3.2858657081714115,5.463445930325632,1629.3576998712651,0.7582716582327265,0
M-04,2026-01-13 22:00:00,69.59576848192499,4.046128952154471,6.250443594546328,1598.20996661056,0.573236923843883,0
M-04,2026-01-13 23:00:00,72.63037141655637,3.044316317358313,6.352629995670938,1634.7274834578168,0.5566514264637964,0
M-04,2026-01-14 00:00:00,72.68506325218925,3.4879178038206864,6.028123727084749,1592.434655665848,0.5857529366040334,0
M-04,2026-01-14 01:00:00,81.21712188461916,3.9515724021483583,5.546575211748449,1788.6527976221757,0.901786906287463,0
M-04,2026-01-14 02:00:00,75.92936394806866,3.20524786533463,5.420842190533461,1691.8843754461755,0.8381303291677792,0
M-04,2026-01-14 03:00:00,79.60994836691769,4.392181252513237,5.865625796681012,1736.5004259502657,0.8430540962966078,0
M-04,2026-01-14 04:00:00,73.32939060336858,3.9156158654090385,5.246540413846855,1657.3857223616749,0.7073445880186299,0
M-04,2026-01-14 05:00:00,75.49789548724198,3.858200730884992,5.345191507530469,1720.2783879776032,0.748821632417101,0
M-04,2026-01-14 06:00:00,78.8324579354438,4.344362373988652,5.907477031357723,1693.2745550404595,0.7609903278056389,0
M-04,2026-01-14 07:00:00,78.09910880326585,3.645509135455557,5.5803720829387355,1623.3997804683358,0.6304246917687187,0
M-04,2026-01-14 08:00:00,72.22874221387377,2.86464796564157,6.047934479395347,1665.5086022887265,0.8668942038596941,0
M-04,2026-01-14 09:00:00,80.53715335566399,4.220377611108138,5.885003553957637,1748.9515293157997,0.9666588610547593,0
M-04,2026-01-14 10:00:00,74.32430329995286,3.7635761446982396,5.73202003424653,1642.3870644744943,0.6679144996592471,0
M-04,2026-01-14 11:00:00,76.80500165796576,4.453509966371803,5.562316145335824,1671.500119493742,0.794997904501765,0
M-04,2026-01-14 12:00:00,80.14699399866838,4.209786621797954,5.7085998739588115,1688.3062121780192,0.9410030102807282,0
M-04,2026-01-14 13:00:00,74.26417119569766,4.467704445789227,6.095825011663233,1646.718376733439,0.7709189546062272,0
M-04,2026-01-14 14:00:00,72.02466869846408,5.157212600419299,5.656739486605956,1610.9084350115927,0.6884409463459743,0
M-04,2026-01-14 15:00:00,76.6615215142412,4.9617729171791005,5.444887549356678,1647.652789361725,0.8614328213051905,0
M-04,2026-01-14 16:00:00,78.29108627093605,,5.779146126825339,1686.2938584519716,0.8226642114059473,0
M-04,2026-01-14 17:00:00,76.73278501039684,3.9332834391154265,5.803051917126808,1600.2494208306045,0.7520126934441324,0
M-04,2026-01-14 18:00:00,78.95582574255107,4.659175239696925,5.642436687331735,1628.5208303276283,0.7196658584749822,0
M-04,2026-01-14 19:00:00,83.01999345598043,4.378322528721059,5.711006625988348,1613.4220441149098,0.6236520036499155,0
M-04,2026-01-14 20:00:00,79.23073430432238,5.2701183648424745,5.965962536856252,1641.5664900311635,0.584616137155657,0
M-04,2026-01-14 21:00:00,80.37839922912892,4.999628703051877,5.559656784570296,1590.7231981727473,0.6146819097263271,0
M-04,2026-01-14 22:00:00,83.53440583270122,4.4965270733154385,5.55095893324896,1663.1616208446899,0.6570012848042266,1
M-04,2026-01-14 23:00:00,79.09820616439261,4.322192793284268,5.545549977158582,1673.914311066444,0.6951039621868291,0
M-04,2026-01-15 00:00:00,78.81499472085586,4.6969761706780995,5.625116335179215,1612.6119400145199,0.6295371729195021,1
M-04,2026-01-15 01:00:00,79.28073536138236,5.422174558491295,5.660607036546115,1604.0317689547219,0.5955427406216999,1
M-04,2026-01-15 02:00:00,82.03689020486242,5.212591419656634,5.457962919923246,1662.1269690715947,0.9735587845122349,1
M-04,2026-01-15 03:00:00,82.02470519503593,5.320632027440372,4.95453374454519,1770.099325161275,0.8998022368209397,1
M-04,2026-01-15 04:00:00,81.7666346904372,5.183567690646123,5.761485284962666,1641.1260852641406,0.7523198579404142,1
M-04,2026-01-15 05:00:00,85.16400677096468,5.090728030532534,5.659914978749995,1618.4701599352477,0.5620687541081986,1
M-04,2026-01-15 06:00:00,83.21106044254165,4.880985239470186,5.562509591422078,1695.8981191369928,0.7683438032200838,0
M-04,2026-01-15 07:00:00,83.8733975831214,5.195968131560919,5.802728838404899,1792.4228244606675,0.9580757279315054,1
M-04,2026-01-15 08:00:00,88.59484269160754,5.410577191517655,5.58056455033323,1732.5037155806583,0.9899638097887883,1
M-04,2026-01-15 09:00:00,85.82137307299018,5.211281055874817,5.468968918439618,1657.9662078445251,0.6705654454975339,1
M-04,2026-01-15 10:00:00,86.0177944912889,5.645403547296812,5.308897663745378,1727.7410771114996,0.9154753957076731,1
M-04,2026-01-15 11:00:00,85.95166606572221,4.602252046051528,5.585508168538948,1660.0167169223573,0.8793782038321851,1
M-04,2026-01-15 12:00:00,83.69988568000863,5.861960352683736,5.294096057932141,1598.7139687582528,0.6425224870356847,1
M-04,2026-01-15 13:00:00,93.11998800060002,4.634615643732161,5.338510303062116,1712.4198473263684,0.8856467770673904,1
M-04,2026-01-15 14:00:00,87.19311540291869,5.630623845889281,5.290313524749704,1695.1483456374108,0.8240150225110354,1
M-04,2026-01-15 15:00:00,82.0224816267701,5.302240231002842,5.379958220841797,1690.9472910884417,0.7369200388645388,1
M-04,2026-01-15 16:00:00,87.01609041900367,4.562006221969441,5.016742394566665,1624.9765272755974,0.6746578412683586,1
M-04,2026-01-15 17:00:00,85.8211530045202,5.451479051231053,5.426304625499778,1714.0836281986628,0.8194814699650851,1
M-04,2026-01-15 18:00:00,86.78299730065089,5.71787418838266,5.607444196940955,1657.0456324491608,0.569156283632844,1
M-04,2026-01-15 19:00:00,83.84501959203702,5.363869111834616,4.955879429170672,1601.2302369957574,0.5598128802726192,1
M-04,2026-01-15 20:00:00,89.48961849316689,5.993314660394001,5.612525398256676,1605.8148286626379,0.7076284796110018,1
M-04,2026-01-15 21:00:00,92.57544386779321,5.689099859129828,5.566112159761667,1770.6454395492142,0.9480633901365343,1
M-04,2026-01-15 22:00:00,94.7623040354088,5.738572953446767,5.178945653123305,1744.9007957829183,0.917826532678453,1
M-04,2026-01-15 23:00:00,,4.788536801120396,5.292360275458584,1627.8226295066365,0.7093818473562701,0
M-04,2026-01-16 00:00:00,52.54985206343595,2.507668424911098,6.224682512172898,1653.2613082167245,0.8002938691094146,0
M-04,2026-01-16 01:00:00,57.33577762981084,1.1897580231295097,6.438304435296326,1608.717130523574,0.6996904330288488,0
M-04,2026-01-16 02:00:00,54.56309607707438,2.0376948513722395,6.16266648905723,1707.850120268304,0.9016173940232644,0
M-04,2026-01-16 03:00:00,55.96049022123178,2.1186079757567406,6.5661953004162426,1730.4544321223184,0.9887496154440061,0
M-04,2026-01-16 04:00:00,58.31295315325437,1.5536593129812983,6.187395553440949,1668.937067855852,0.7637737061212866,0
M-04,2026-01-16 05:00:00,59.62339643104369,1.7419614198226725,6.521946751690186,1688.5878134740915,0.8622664187120532,0
M-04,2026-01-16 06:00:00,56.307957193260556,2.627290194080893,6.340358138727227,1648.710422503628,0.769154828733045,0
M-04,2026-01-16 07:00:00,56.17879423164856,2.1258881144448134,6.156391849569024,1676.2623215675658,0.8851380935787309,0
M-04,2026-01-16 08:00:00,58.23405676096331,1.5351988913229484,6.179414732067857,1764.1218576625708,0.8197598521954594,0
M-04,2026-01-16 09:00:00,52.65512625343972,1.8086588267839745,6.08347175485016,1653.9443706463887,0.6711713251205828,0
M-04,2026-01-16 10:00:00,57.20557959013401,1.634672418037315,6.388717032505999,1733.500678913521,0.8808517652891168,0
M-04,2026-01-16 11:00:00,58.914791529784495,2.0828578693375603,6.406637360122692,1665.5712285366978,0.6957583679526265,0
M-04,2026-01-16 12:00:00,60.274507742746586,1.654118318762254,6.020689540936633,1733.7517596550426,0.899180828676954,0
M-04,2026-01-16 13:00:00,59.76414934752997,2.425325221327773,6.367938229882312,1692.8084793860862,0.7523026629116097,0
M-04,2026-01-16 14:00:00,61.042924735948695,1.3977114178384078,6.626261675373584,1672.4480219519119,0.5518276152511977,0
M-04,2026-01-16 15:00:00,61.53991337892301,1.9752339931753777,6.16830164779599,1664.1244518910794,0.6582008015813164,0
M-04,2026-01-16 16:00:00,58.43775138252591,,5.973439931228553,1603.4453266897672,0.6038139686624989,0
M-04,2026-01-16 17:00:00,54.26437370154388,1.7413810052312166,6.244559299735237,1704.8742347968923,0.8224548954490876,0
M-04,2026-01-16 18:00:00,59.87739701534033,1.8511866029784365,6.26787235936818,1678.6335497002722,0.817270863310186,0
M-04,2026-01-16 19:00:00,65.17340276703177,2.0509686647897705,6.434791562179704,1723.1267096319812,0.7197515806632577,0
M-04,2026-01-16 20:00:00,59.55845064405161,2.734290263647385,6.435871576981008,1657.4099832648892,0.784902413449202,0
M-04,2026-01-16 21:00:00,63.17832601925086,2.723014734986098,6.278203706921525,1642.391592848426,0.7064461907556437,0
M-04,2026-01-16 22:00:00,60.40537174066766,2.412999356094931,5.695065006041597,1648.3000984936193,0.6510690480857906,0
M-04,2026-01-16 23:00:00,63.662803834979684,2.3850144459151283,6.027205438703053,1667.60975245745,0.741382164050912,0
M-04,2026-01-17 00:00:00,61.112048373121596,2.774199180995906,6.177986586594216,1662.5458438180688,0.7932547740758314,0
M-04,2026-01-17 01:00:00,67.44263227409066,2.36711627742793,6.265646877491476,1639.636355399858,0.755196029673281,0
M-04,2026-01-17 02:00:00,69.21759736243322,3.296081620654033,6.166286446091433,1777.8824509340463,0.9558694753595229,0
M-04,2026-01-17 03:00:00,61.81047512706904,1.9917287838702467,6.352327210550603,1552.29320699816,0.5859766753050056,0
M-04,2026-01-17 04:00:00,60.38096133480695,2.8262560484510733,5.808107351647582,1629.120992387028,0.8236596980204589,0
M-04,2026-01-17 05:00:00,59.34961855260965,2.4354959820550297,6.050008009983397,1622.7949736352452,0.6722393948762605,0
M-04,2026-01-17 06:00:00,72.06824397552114,2.6853300176702506,5.7242667495826485,1632.694336931213,0.6882992725219903,0
M-04,2026-01-17 07:00:00,69.61413819787433,3.8842750718832137,5.613936603870937,1705.7890900959073,0.9243910812631158,0
M-04,2026-01-17 08:00:00,68.49214851172039,3.201546104009876,6.345691806162765,1696.0939747140676,0.6546488104813835,0
M-04,2026-01-17 09:00:00,66.4614399797286,3.9356937725521677,5.676056551136749,,0.9638430925486599,0
M-04,2026-01-17 10:00:00,71.28828069585586,3.0090054330825,5.927324939866108,1695.7417741567403,0.9264121000261782,0
M-04,2026-01-17 11:00:00,66.95894094454741,2.3549285545074747,6.019593708269848,1684.8556799999126,0.7557485698873092,0
M-04,2026-01-17 12:00:00,68.41027674474952,2.789074444320416,6.012138481684339,,0.7484056332374922,0
M-04,2026-01-17 13:00:00,66.69657503877335,3.4531806484365823,6.1029896067881,1634.499648796401,0.7409698758056653,0
M-04,2026-01-17 14:00:00,71.91417104177303,2.3805223934946182,6.3908603600751555,1641.6080187901339,0.5738926575238517,0
M-04,2026-01-17 15:00:00,71.33460687041936,2.9415158637842835,5.929622189797169,1654.6312724054046,0.8750206163021967,0
M-04,2026-01-17 16:00:00,69.84330823776071,3.363365522096709,5.9579757091931524,1635.0498533867042,0.7543484116243865,0
M-04,2026-01-17 17:00:00,69.82741784487237,2.96210430231197,6.0797530923511145,1697.2211861820044,0.8303669199046269,0
M-04,2026-01-17 18:00:00,70.41146883270916,3.2871614707471144,6.317980931788258,1657.847078618868,0.8311074598019629,0
M-04,2026-01-17 19:00:00,67.68880525705264,2.9496145890193426,6.154425000312826,1590.0068757316435,0.557353626180612,0
M-04,2026-01-17 20:00:00,66.46635622869553,3.4201693949581746,5.455845871986319,1680.7239206754468,0.7750025214017682,0
M-04,2026-01-17 21:00:00,72.12804668461969,4.103735758888591,5.813379068981916,1644.466336377676,0.8589296824079518,0
M-04,2026-01-17 22:00:00,65.37918423418262,3.083115221467499,5.7241096194896635,1663.072074297348,0.5960961589523499,0
M-04,2026-01-17 23:00:00,72.56541507920905,2.7083116335008675,5.753559756325422,1611.2477009697536,0.5634653220127456,0
M-04,2026-01-18 00:00:00,72.61114876109366,3.835260795092432,5.881038441363473,1683.1940091778447,0.7230253448157802,0
M-04,2026-01-18 01:00:00,73.80446822585854,4.510248704890436,6.079046773203887,1668.8112662770504,0.5939363447249035,0
M-04,2026-01-18 02:00:00,75.04702514252301,3.706610542765138,6.223227756993348,1700.5902583818136,0.9718337529280083,0
M-04,2026-01-18 03:00:00,74.81197995106159,3.779871803343,5.9382300843815035,1710.5279811971793,0.7793130403293151,0
M-04,2026-01-18 04:00:00,72.72192743436482,4.602071279957485,5.5682854507930335,1746.5311192202666,0.8110310277463919,0
M-04,2026-01-18 05:00:00,77.65509406949549,3.0110006547611747,5.567895557666476,1696.0386936737916,0.8151360169986699,0
M-04,2026-01-18 06:00:00,78.02796826685939,3.9503469928248807,5.509877764701362,1719.7410727438232,0.824980050811353,0
M-04,2026-01-18 07:00:00,79.54450524045261,4.103006648511926,6.14079320408021,1741.7334223542382,0.9612604181706437,0
M-04,2026-01-18 08:00:00,76.70472904670712,3.91556377130361,5.586316936952127,1659.0604872087658,0.6243227626559612,0
M-04,2026-01-18 09:00:00,78.20043233831686,4.433826976487723,5.605940052214574,1596.8774912326412,0.6460375125038628,0
M-04,2026-01-18 10:00:00,76.84997879388423,4.553913387982035,5.848292123760999,1643.9193516762632,0.8029032448911853,0
M-04,2026-01-18 11:00:00,73.50864721871291,3.5436918768195342,5.924406806452956,1617.6921386102515,0.577337823938486,0
M-04,2026-01-18 12:00:00,77.23098305416546,3.6875812707473195,5.512055269651513,1604.4697456131676,0.5808260532056452,0
M-04,2026-01-18 13:00:00,74.76941874740875,4.186645534348811,5.9894152211103195,1618.2151239310085,0.7047820579466463,0
M-04,2026-01-18 14:00:00,79.28687692788799,4.5022635398284,5.407439894327732,1716.1832592405908,0.9689594605435972,0
M-04,2026-01-18 15:00:00,82.72342236401501,4.931305583149508,5.276296466455986,1692.0770113557926,0.9293753352601932,1
M-04,2026-01-18 16:00:00,80.06974734966305,4.838821369901508,5.813870120049496,1751.468510756279,0.9685833989448194,1
M-04,2026-01-18 17:00:00,79.45448681563056,4.023509163055055,5.0320042342972595,1685.7088465206366,0.6881267418553888,1
M-04,2026-01-18 18:00:00,82.02096085307224,4.815767936442932,5.886510537397968,1713.478858121369,0.7840823101669314,0
M-04,2026-01-18 19:00:00,79.62389442116485,5.034090173434374,5.161469833424993,1657.7465968372362,0.7235982144972639,0
M-04,2026-01-18 20:00:00,83.26671404121481,5.181161054197154,4.992642159353744,1722.3985404355064,0.7597918180013623,1
M-04,2026-01-18 21:00:00,78.16794794979558,3.9750928266515717,6.113731439908117,1636.438342128516,0.7681903038291401,1
M-04,2026-01-18 22:00:00,83.05335661382315,5.2864594511537595,5.715612118154734,1569.365161454881,0.5893313836055639,1
M-04,2026-01-18 23:00:00,76.84959372296323,5.504656589391061,5.024981414730518,1694.440102848059,0.7378158730493551,1
M-04,2026-01-19 00:00:00,85.27799110473046,4.894755545817453,5.750479521280073,1709.760444372139,0.8936747066046573,1
M-04,2026-01-19 01:00:00,79.44637000522796,3.541581717054364,5.520831920338212,1656.0644165090198,0.7800152085886017,1
M-04,2026-01-19 02:00:00,85.66545587949743,4.409002965502597,5.7265735323005424,1652.5134769598865,0.6576205152425426,1
M-04,2026-01-19 03:00:00,87.48262961786908,5.12358885905213,5.513478950161281,1698.9705650715946,0.8055645706277839,1
M-04,2026-01-19 04:00:00,78.53679697578153,5.075436332472244,5.322052824787934,,0.6013958744586569,1
M-04,2026-01-19 05:00:00,82.72516964864354,5.481231313210208,5.544169876253067,1700.5359239028721,0.71602740208159,1
M-04,2026-01-19 06:00:00,86.96238858243915,,5.628539923584544,1683.1687339293821,0.8569729145540812,1
M-04,2026-01-19 07:00:00,85.69478699775848,5.528813534649059,5.202125871653313,1631.8126175728994,0.7072143572507643,1
M-04,2026-01-19 08:00:00,85.75276989223077,5.496368496506054,5.233101430995703,1595.0784370914785,0.6485456368862628,1
M-04,2026-01-19 09:00:00,86.71926775143926,5.055387977526983,5.47338771131697,1669.2386551534098,0.6180694661506326,1
M-04,2026-01-19 10:00:00,85.59497936788114,5.154225937841802,5.526599002447551,1743.1854548810686,0.9529351612287666,1
M-04,2026-01-19 11:00:00,87.82184748387859,5.269800461079773,6.03178768741113,1717.232405944182,0.9620250348904511,1
M-04,2026-01-19 12:00:00,87.49867661869807,5.962553682734373,5.368100884977841,1753.8007875986548,0.8631079389446878,1
M-04,2026-01-19 13:00:00,86.34054924131485,5.233965914003233,5.529168737519065,1710.3896686400924,0.8385721580514888,1
M-04,2026-01-19 14:00:00,90.64928458932759,4.996390027097853,5.407642121103541,1661.790414733406,0.7998408664299924,1
M-04,2026-01-19 15:00:00,88.45139651586403,4.77471447861815,5.425470454058724,1680.2342640711095,0.9071099290432872,1
M-04,2026-01-19 16:00:00,81.77792686910051,5.386805803765167,5.561301208798139,1561.7259486131504,0.6029616524148714,1
M-04,2026-01-19 17:00:00,89.98693028591478,5.4429036892701,4.884125311820494,1725.674181075007,0.8490951307381958,0
M-04,2026-01-19 18:00:00,55.45793626478843,1.099399778913376,6.5111852772047465,1651.2608749431045,0.7305750917383582,0
M-04,2026-01-19 19:00:00,57.42488548179065,2.1240169351672886,6.554179872537625,1664.5253960575976,0.8080556143500068,0
M-04,2026-01-19 20:00:00,57.7968441501441,1.21759764117076,6.3828804372491,1736.1734838022403,0.994082361490944,0
M-04,2026-01-19 21:00:00,58.452167137441485,1.6921022018603753,6.69268387321744,1681.0102754059203,0.7290716095264689,0
M-04,2026-01-19 22:00:00,61.1021030298709,1.8963677040592377,5.978692644458812,1736.1282909447843,0.87089526157872,0
M-04,2026-01-19 23:00:00,63.74320324332199,2.8066279289567566,6.677392004699503,1707.475466038076,0.8444351533613879,0
M-04,2026-01-20 00:00:00,58.65134586751874,2.148128555882426,6.247984760482429,1589.0424498575767,0.7289433851746037,0
M-04,2026-01-20 01:00:00,57.42456210662164,2.0173846100815944,6.3393420402748415,1777.1148081216288,0.9656741162449358,0
M-04,2026-01-20 02:00:00,60.10423579474628,2.0697807424675556,6.387743791883757,1697.2574445394878,0.7955666758344014,0
M-04,2026-01-20 03:00:00,59.85700026210857,2.2356015348592146,6.157939375707846,1534.3998780653108,,0
M-04,2026-01-20 04:00:00,65.51425030164756,2.2232113253948427,6.010262751331975,1620.4445448370695,0.8351060571568563,0
M-04,2026-01-20 05:00:00,61.08417872096092,2.351484247515645,6.116966311775047,1781.9958861337143,0.9846952900080818,0
M-04,2026-01-20 06:00:00,55.310653985770614,3.0615436455777716,6.423555713465136,1561.6413926204245,0.5880706508469264,0
M-04,2026-01-20 07:00:00,57.36323588704052,2.070629515962988,6.165550634493976,1641.084623311084,0.6978570483467111,0
M-04,2026-01-20 08:00:00,59.50060630199025,1.731591430346949,6.269133927934212,1697.814575406469,0.6877507754313531,0
M-04,2026-01-20 09:00:00,60.06167952697329,2.3127867694258923,5.868871498668794,1697.7475758332214,0.8496241534755651,0
M-04,2026-01-20 10:00:00,68.35891484416896,2.1636625752038112,5.652334610240973,1698.696658938528,0.8736294144566088,0
M-04,2026-01-20 11:00:00,63.09087228906728,3.06611265146788,6.17472544934505,1705.8327954731624,0.8842876135781248,0
M-04,2026-01-20 12:00:00,65.19011419839308,2.5570305030976916,5.8658488766364805,1719.930907624697,0.9185255434543164,0
M-04,2026-01-20 13:00:00,60.07609804820164,2.683664586616498,6.063271507688549,1591.5655998347702,0.6064296443849766,0
M-04,2026-01-20 14:00:00,66.35748121375194,2.657258155427637,6.047865470100026,1654.2906414043982,0.69569564727001,0
M-04,2026-01-20 15:00:00,65.93416212694808,2.9094500654219875,,1705.2756174363926,0.8538092677413126,0
M-04,2026-01-20 16:00:00,64.88569579751979,2.8182416275107927,6.015624642529476,1654.2189136130294,0.622757646319907,0
M-04,2026-01-20 17:00:00,64.38982464652207,2.0261708915875447,6.160590373325482,1699.8984526703102,0.9320605088857346,0
M-04,2026-01-20 18:00:00,63.51919741975503,2.420180592483905,6.196844176981154,1725.4689049446322,0.8319271788398648,0
M-04,2026-01-20 19:00:00,59.00324345764302,2.571911980441623,6.329665355994845,1747.6450245198926,0.692294485286328,0
M-04,2026-01-20 20:00:00,64.83544422398087,2.908697718199293,5.87664641839905,1624.840665269548,0.7348842683681176,0
M-04,2026-01-20 21:00:00,66.02155053684032,2.5414049746257636,5.864859128145025,1626.7533245949523,0.6892524966669066,0
M-04,2026-01-20 22:00:00,69.58133778948977,2.858785077949921,5.589142358128718,1723.4228896506452,0.8215705290953459,0
M-04,2026-01-20 23:00:00,67.0528481967869,2.658829022470446,6.186171728160617,,0.8323996072509985,0
M-04,2026-01-21 00:00:00,64.58164115281204,3.6845746816440577,6.175153233083213,1694.0852486373299,0.914981927640215,0
M-04,2026-01-21 01:00:00,69.4151034661926,3.800084198327836,6.729553747614012,1708.161834908215,0.8930745590431812,0
M-04,2026-01-21 02:00:00,61.94291760227949,3.714542573769596,5.901051087360728,1688.668604492818,0.7372318666610443,0
M-04,2026-01-21 03:00:00,66.74473120125045,3.9946084895087,5.960583834700398,1659.948869772744,0.8087398102054251,0
M-04,2026-01-21 04:00:00,74.68075710885347,3.5664606154525105,6.013837881845878,1750.2465158579778,0.8418522366636881,0
M-04,2026-01-21 05:00:00,79.53479016027573,3.1747981745076377,6.2372794053848555,1722.1112403970055,0.959617490209943,0
M-04,2026-01-21 06:00:00,70.75166804494356,4.401783692183818,6.192718443797984,1644.578580709102,0.6511118336141632,0
M-04,2026-01-21 07:00:00,66.85249150285888,3.7864081146117905,6.1580156583414345,1622.630206610096,0.6540498491916332,0
M-04,2026-01-21 08:00:00,71.49601689981291,3.71354570456329,5.78107255555097,1649.2012568408618,0.7392216437035494,0
M-04,2026-01-21 09:00:00,69.91076775748157,2.750138410439837,6.064742759462108,1638.0497384070263,0.5779292826817332,0
M-04,2026-01-21 10:00:00,69.77719664993144,2.896286476382705,5.7629331874761975,1658.3024089016064,0.5928132525131656,0
M-04,2026-01-21 11:00:00,73.9494570525418,3.2316850939341553,5.715882086160809,1715.150887657699,0.6971904907326731,0
M-04,2026-01-21 12:00:00,73.58042742324133,3.659217485155341,6.218715495705853,1726.9265810629329,0.7435412854473652,0
M-04,2026-01-21 13:00:00,71.0911100763404,3.4284592033609522,6.140938365518068,1611.372801264366,0.5782335210748539,0
M-04,2026-01-21 14:00:00,75.91026648032343,3.1094258615993997,5.688668566877095,1595.8588531901244,0.6319658688873324,0
M-04,2026-01-21 15:00:00,69.20834037360996,3.1836361200526726,6.570607593143103,1610.830631070629,0.6165964225969806,0
M-04,2026-01-21 16:00:00,77.67094239018218,2.9316217320572955,5.6292949710166065,1712.1515876730264,0.9649990690129893,0
M-04,2026-01-21 17:00:00,77.28308141486754,3.9927790998657273,5.694333411904162,1653.9394901268895,0.6257796926556911,0
M-04,2026-01-21 18:00:00,76.86162555620561,2.718466858868254,6.039256683078588,1644.855445681332,0.7708964670823144,0
M-04,2026-01-21 19:00:00,73.72600366407899,4.278667695519864,5.920109960135898,1729.9843405459412,0.904513299024875,1
M-04,2026-01-21 20:00:00,80.9671955973739,4.325549604830473,5.713711245664585,1709.8188270499738,0.9897842627831536,0
M-04,2026-01-21 21:00:00,79.23350777823683,4.225605912071928,5.420631008964944,1710.901374064481,0.8129117321313598,0
M-04,2026-01-21 22:00:00,81.54183816841653,3.4383735180976274,5.984639817460417,1621.2895772317204,0.7342780707940723,0
M-04,2026-01-21 23:00:00,81.99106915534631,4.324325604028724,5.699107147842892,1662.3799325341613,0.7987639713397066,0
M-04,2026-01-22 00:00:00,79.23389072704988,4.71312042641688,5.4180414983895915,1595.3375149836518,0.5542711713593121,0
M-04,2026-01-22 01:00:00,78.54972905608746,4.848615667615602,6.004705687869716,1722.403231369066,0.7864452507317026,0
M-04,2026-01-22 02:00:00,74.3757446961109,4.361946426891684,5.851522148250726,1655.547558832327,0.6341520818379864,0
M-04,2026-01-22 03:00:00,74.05637103167919,3.708864434541203,5.886536576478912,1647.4254074253938,0.5568776246150037,1
M-04,2026-01-22 04:00:00,84.51061851897892,4.589765245689339,5.788878739388943,1614.1252629108455,0.7285835805601966,0
M-04,2026-01-22 05:00:00,80.19951392336479,4.103496975472529,5.723844442632401,1639.1838802574716,0.7449831852250243,1
M-04,2026-01-22 06:00:00,76.60821479729543,3.9183672279939126,5.800618055662079,1604.1409317231414,0.6325415438949888,1
M-04,2026-01-22 07:00:00,75.7878021114473,4.580025273562985,5.651915647057344,1715.7499357970512,0.6524912351037914,0
M-04,2026-01-22 08:00:00,76.21346387111555,4.745375485542719,5.607543554188931,1751.1409089823774,0.8701122449991845,0
M-04,2026-01-22 09:00:00,78.50151787314225,4.287924655397302,,1694.4225711348322,,0
M-04,2026-01-22 10:00:00,81.80569310737896,4.820202319846688,6.054639453970491,1726.475731610364,0.908230262240523,0
M-04,2026-01-22 11:00:00,81.0677629417751,5.064636842997157,-99.0,1687.429372675557,0.8121489530837787,1
M-04,2026-01-22 12:00:00,83.33152615969179,4.565554404976068,5.524605204360908,1633.2050997714377,0.6306184632148548,1
M-04,2026-01-22 13:00:00,83.85320642237744,4.7672224741683475,5.624647911410392,1721.6438414101024,0.8668753625707399,0
M-04,2026-01-22 14:00:00,79.42828796784829,4.566431129615295,5.795481944407885,1693.0708259895575,0.8237049507685237,1
M-04,2026-01-22 15:00:00,84.12684447775294,4.79685328596045,5.828859821000359,1675.8068078742576,0.7000858713254516,1
M-04,2026-01-22 16:00:00,82.62044857756482,5.083964009356746,5.080118165733225,1580.8895992900584,0.6139195563753694,1
M-04,2026-01-22 17:00:00,84.46910462034066,5.066406760123262,5.692127913926848,1673.7118736327218,0.8505283837915363,1
M-04,2026-01-22 18:00:00,84.07637268714552,4.759458287122408,5.437045251528772,1726.5651564161922,0.9244965213932147,1
M-04,2026-01-22 19:00:00,81.2040348410726,5.552289711612328,5.921807680260448,1787.4289989591182,0.9469510382302542,0
M-04,2026-01-22 20:00:00,84.50079021499054,4.475338144619425,5.208234486542436,1731.0910958486572,0.9204482885113194,1
M-04,2026-01-22 21:00:00,84.31494949771698,4.562725968627591,5.55476957736322,1638.8247859487349,0.7106024511934397,1
M-04,2026-01-22 22:00:00,82.00755790328144,5.281769749517346,5.738301795480736,1733.0615545898288,0.8096306646620287,1
M-04,2026-01-22 23:00:00,84.42868966430818,5.1147699160055495,5.90662165243567,1629.3332186511093,0.7923962100709789,1
M-04,2026-01-23 00:00:00,85.01684048093853,5.179122973787601,5.492138193232439,1653.5515381275895,0.7127177885941027,1
M-04,2026-01-23 01:00:00,85.85139092751676,5.847254227225994,5.634312366461407,1668.6484172826686,0.681654889739827,1
M-04,2026-01-23 02:00:00,87.9698470527498,4.184724178611974,5.950589116386341,1687.0519631460522,0.8196429730105119,1
M-04,2026-01-23 03:00:00,90.11862775247401,5.072149518397733,5.3813884779484145,1721.8855609423301,0.9749608416449695,1
M-04,2026-01-23 04:00:00,89.71261619625537,5.649819282214164,5.6126909355750305,1657.943269515565,0.6759205486927427,1
M-04,2026-01-23 05:00:00,95.15579447020838,6.000035987535743,5.906677674893394,1780.164539156533,0.9827305554939496,1
M-04,2026-01-23 06:00:00,85.19868190939754,5.894211110255725,5.473007782318471,1676.4933385421807,0.8319659531549475,1
M-04,2026-01-23 07:00:00,82.24962109378163,5.6333969984496415,5.221694508965011,1695.738982666149,0.9174067799798752,1
M-04,2026-01-23 08:00:00,87.75290598499335,5.777568272116903,5.6992790979468575,1725.9811388034689,0.9716452718363049,1
M-04,2026-01-23 09:00:00,83.74364760892556,5.0575181629346595,5.056914686464787,1606.9911894529332,0.5577485019209402,1
M-04,2026-01-23 10:00:00,92.42549525935183,6.169471007930087,5.722975829889997,1765.4626762829864,0.9566506286272698,1
M-04,2026-01-23 11:00:00,90.47249353249983,5.620146930604397,5.494419147797281,1561.749545609673,0.5873033818809482,0
M-04,2026-01-23 12:00:00,59.26661927991425,2.0861561064297476,6.471612963346596,1602.7857550267827,0.5714178676276158,0
M-04,2026-01-23 13:00:00,53.41629233114333,1.2441595270248507,6.44260098656676,1677.0360840057915,0.697036891439393,0
M-04,2026-01-23 14:00:00,57.04432585010164,1.219182980368163,6.275216463405603,1641.407736596809,0.7622200993198448,0
M-04,2026-01-23 15:00:00,57.96630038770232,2.0210167015623317,6.09294908796004,1753.2792631899247,0.9129716648175599,0
M-04,2026-01-23 16:00:00,57.86591289550172,2.1185545273292052,5.927156365746321,1644.8525175004188,0.8526577337088891,0
M-04,2026-01-23 17:00:00,57.39860709502874,1.491006347161081,6.490623901042771,1668.8658498529414,0.738266521395972,0
M-04,2026-01-23 18:00:00,59.67189398251747,1.312247574723702,6.377661031220623,1667.3369195998491,0.8630410621610315,0
M-04,2026-01-23 19:00:00,57.69133000170981,2.3869591249558493,6.295084515705684,1619.4055263755504,0.6710550231512229,0
M-04,2026-01-23 20:00:00,59.09430803594522,2.0167264220852994,5.972616225820068,1663.7635704219924,0.7429563652026717,0
M-04,2026-01-23 21:00:00,55.35731014828543,2.5170873199831396,5.611257274802223,1687.0154406246127,0.6526016218176505,0
M-04,2026-01-23 22:00:00,61.894835962339094,2.3323338365529964,6.1383712246585995,1749.5596168300558,0.9094811571458006,0
M-04,2026-01-23 23:00:00,59.37433125287228,1.859329825226948,5.716133764120762,1662.5217221253079,0.7525287698660149,0
M-04,2026-01-24 00:00:00,56.90387774496544,1.839830245897621,6.49536009803509,1687.3252430572159,0.7916003797493244,0
M-04,2026-01-24 01:00:00,63.67353027235351,2.9996318999907854,6.206853284033214,1697.5349908892651,0.9512343016536025,0
M-04,2026-01-24 02:00:00,60.04162482790251,2.3947935602552333,5.969018999302254,1599.4266278981136,0.6208198402051582,0
M-04,2026-01-24 03:00:00,63.56057704211092,1.8170839216856962,5.920447937752331,1684.3910737188767,0.621940338335544,0
M-04,2026-01-24 04:00:00,68.74286382080236,2.3170383631238747,6.490711764330291,1740.2954282884398,0.9070251658121833,0
M-04,2026-01-24 05:00:00,57.48735965175998,2.249893041793497,6.199355968709416,1732.9764810518866,0.9281950834647044,0
M-04,2026-01-24 06:00:00,65.52896307204342,2.9463171769206817,6.270708577564703,1700.0811375128199,0.8659795852817255,0
M-04,2026-01-24 07:00:00,61.54536024357127,2.6797868768987443,6.081441436997573,,0.6511697685688352,0
M-04,2026-01-24 08:00:00,69.01241021526546,2.4263632969536006,6.575261632589942,1702.5613649051738,0.8480938978533181,0
M-04,2026-01-24 09:00:00,62.21969878478267,1.7032657877326867,6.3211405106096725,1686.6369787096214,0.5996914799184926,0
M-04,2026-01-24 10:00:00,65.69855941707974,3.1823463855966807,6.0779138371604775,1747.1330606754211,0.9650867349672276,0
M-04,2026-01-24 11:00:00,65.0046858602306,3.1379198437572415,6.307800022893487,1537.9901634704443,0.5521757014473303,0
M-04,2026-01-24 12:00:00,64.10125736375883,3.1668491770054756,5.65960144687216,1697.9267766433252,,0
M-04,2026-01-24 13:00:00,61.57874049002882,1.9186821861776764,6.102072987631598,1620.5456779528402,0.5774874811821383,0
M-04,2026-01-24 14:00:00,67.38188819843519,3.082945432340272,6.377731822700488,1595.0646932517034,0.5628664866092891,0
M-04,2026-01-24 15:00:00,68.5782669903177,3.1429436664605443,5.654878156938602,1730.821665775714,0.97640924083997,0
M-04,2026-01-24 16:00:00,67.64434126699616,3.812734312049273,5.7615214666827725,1779.282662300393,0.9603492784312629,0
M-04,2026-01-24 17:00:00,67.03154667923461,2.982113207022827,6.065783011715624,1626.294114673236,0.7060087490958818,0
M-04,2026-01-24 18:00:00,66.42948535264746,2.8878337076276224,5.454259000465771,1652.3170362493147,0.7111409090622397,0
M-04,2026-01-24 19:00:00,68.2092780942715,2.8964184977937744,6.3252412591911975,1706.9587632463454,0.9309480336896432,0
M-04,2026-01-24 20:00:00,65.32291597313396,3.1146315468216774,6.424971885475532,1603.968153936373,0.5598685385889985,0
M-04,2026-01-24 21:00:00,71.4550949543566,3.1468824228072108,5.529029945736889,1681.3753448773052,0.8394528101905825,0
M-04,2026-01-24 22:00:00,65.93056446997426,3.4271470671556834,5.988793003714636,1595.5780698946573,0.6835953857711932,0
M-04,2026-01-24 23:00:00,72.18942243610917,2.842375242387181,5.695946916972648,1696.1707207597194,0.651103565283379,0
M-04,2026-01-25 00:00:00,66.26838014010835,3.394535541028016,6.3892366314980755,1604.1558744067204,0.5578659714192221,0
M-04,2026-01-25 01:00:00,66.77603575902678,3.0496963870735048,5.669118878522723,1647.433641668324,0.685174603550829,0
M-04,2026-01-25 02:00:00,69.99999535062895,3.046302909385341,6.028533306128361,1632.1760993123473,0.7871734890289264,0
M-04,2026-01-25 03:00:00,71.48674662312756,3.3019316719880787,5.890576284152695,1757.088654305341,0.9476661913406659,0
M-04,2026-01-25 04:00:00,70.61036910742708,3.4047266702129773,5.997049628654581,1728.3288258535451,0.9416333539313498,0
M-04,2026-01-25 05:00:00,71.61836254055869,3.1881758579930537,6.188893095255328,1643.7316212016178,0.7446072060952345,0
M-04,2026-01-25 06:00:00,71.71857233311069,3.079915883899401,5.660298356088124,1763.0888650340123,0.7951781625433567,0
M-04,2026-01-25 07:00:00,74.95629225928033,4.069662155853654,5.84479151281082,1714.8620023009928,0.7389655196688267,0
M-04,2026-01-25 08:00:00,72.96559770440021,3.5966516344414066,5.901423551846688,1633.9879270835215,0.6728970080330214,0
M-04,2026-01-25 09:00:00,68.90256712220115,4.196924937885328,5.79136832021091,1687.2025661205896,0.6936124455180614,0
M-04,2026-01-25 10:00:00,74.46189101327509,2.9559752696641097,6.307795874036631,1710.0281214360596,0.9800699940266523,0
M-04,2026-01-25 11:00:00,68.35195448798734,3.67505784355091,5.718166030200228,1560.3271378123532,0.5749590387373659,0
M-04,2026-01-25 12:00:00,73.36436385030545,3.7482066446799833,5.238797748728911,1598.8867908548104,0.6205589641758714,0
M-04,2026-01-25 13:00:00,74.50659545220454,4.057594269540874,5.592991918245996,1592.9756127972405,0.5525871240369996,0
M-04,2026-01-25 14:00:00,75.59968031840344,4.451577848600376,5.618797934708424,1743.3380413568946,0.9350500038680578,0
M-04,2026-01-25 15:00:00,78.1433276075413,2.899485378456962,5.690114742934646,1752.575017071111,0.9644239989131081,0
M-04,2026-01-25 16:00:00,74.15196759999561,4.31847847888344,5.73226445924034,1768.1051201355592,0.9971941945101263,0
M-04,2026-01-25 17:00:00,80.99216341473858,3.8056030550474116,6.103007897625239,1795.757956031422,0.9986077641778811,0
M-04,2026-01-25 18:00:00,83.6499440878513,4.1740098561757035,5.859128149794506,1647.3912458198151,0.7090382654375682,0
M-04,2026-01-25 19:00:00,74.89660115309235,4.588400367158658,6.074973195991262,1671.9766582466857,0.7167440283641733,1
M-04,2026-01-25 20:00:00,67.87533625252648,4.1562371061762535,5.978948036616751,1593.5565413441661,0.5767691974629532,0
M-04,2026-01-25 21:00:00,80.73343211283185,4.215332985605825,6.236519534980577,1628.4720191796214,0.7098505481445336,0
M-04,2026-01-25 22:00:00,84.25431378770877,4.364884074215593,6.295215697475019,1663.2315892496065,0.7941030104891078,0
M-04,2026-01-25 23:00:00,79.37877482347417,,5.83768970572959,1557.1936235167211,0.5560366824182729,0
M-04,2026-01-26 00:00:00,78.87762622911053,4.904467898869769,5.874599973316,1640.2285197904587,0.8097622043603991,0
M-04,2026-01-26 01:00:00,84.9521083629872,,6.250000333752008,1711.4969621755201,0.8906406493183859,1
M-04,2026-01-26 02:00:00,80.96685236647971,4.597412775942924,6.082733809934884,1565.2730160569733,0.5920210939754567,0
M-04,2026-01-26 03:00:00,81.20871857653809,4.418366638517119,5.611217177833727,1741.7847545719972,0.9590632877776692,1
M-04,2026-01-26 04:00:00,83.16469935379224,4.108486463952175,5.237266757477396,1643.3059004642798,0.5934632101734421,1
M-04,2026-01-26 05:00:00,80.35358259556928,4.417451536463031,5.314927574162903,1698.5477776284338,0.909946409140425,1
M-04,2026-01-26 06:00:00,83.47367865299941,4.51648854829682,5.897766408266082,1674.3250188781087,0.8346219557575212,1
M-04,2026-01-26 07:00:00,84.4348570883881,4.5524076781852685,5.95898852009732,1645.2348189858653,0.7857401301586696,1
M-04,2026-01-26 08:00:00,82.59078139309841,4.735468830704139,5.626104837248584,1736.0652727767,0.7973569549525349,1
M-04,2026-01-26 09:00:00,83.27362366201685,4.595401911249254,5.496201184555509,1658.1055659191177,0.7312837475053269,1
M-04,2026-01-26 10:00:00,81.62646116558525,5.054137396121753,6.11620815386371,1662.6685080077434,0.7449998026097775,1
M-04,2026-01-26 11:00:00,85.42926341140154,5.054195092246092,6.02364439050001,1750.7837165761666,0.9062314603804819,1
M-04,2026-01-26 12:00:00,87.604316730875,4.671811093162656,5.8470782773331464,1665.4724194700345,0.7867345173729785,1
M-04,2026-01-26 13:00:00,89.39176914875273,4.925430353247606,5.989010198492907,1648.638504508308,0.8759898185987492,1
M-04,2026-01-26 14:00:00,83.65374475282366,4.835499396488951,5.626277545661435,1655.517386420033,0.7829087212688443,1
M-04,2026-01-26 15:00:00,83.00992754677421,5.114544243533177,5.426164755184759,1633.5292286721283,0.7877884093106553,1
M-04,2026-01-26 16:00:00,88.31760390340175,5.368448917082494,5.415782553267027,1648.4815684646435,0.7386392108886843,1
M-04,2026-01-26 17:00:00,83.45252421309814,5.5935401961244295,5.282792298005972,1626.658621366774,0.6052572326233722,0
M-04,2026-01-26 18:00:00,86.1238110566222,5.023826442693146,5.663689306312117,1685.9157149983328,0.749923174263253,1
M-04,2026-01-26 19:00:00,88.68227287722046,4.837898505935879,5.5388864948445775,1706.0549209831343,0.9540909560525843,1
M-04,2026-01-26 20:00:00,87.90223182306421,6.207970840938236,5.450125705631024,1589.0762749700725,0.5951186637070062,1
M-04,2026-01-26 21:00:00,82.73836840981782,5.754614113821002,5.176191415311973,1627.7868449283003,0.7583108134390066,1
M-04,2026-01-26 22:00:00,91.1601440224752,5.557129050606746,,1737.197917452928,0.866259320319772,1
M-04,2026-01-26 23:00:00,89.10200439734784,5.269865689896465,5.316310502758002,1736.033138230412,0.7731432145270692,1
M-04,2026-01-27 00:00:00,90.46958166646222,6.035774408281054,5.316125623010064,1725.2101345951833,0.9822568100731952,1
M-04,2026-01-27 01:00:00,92.97725989231523,4.955556766767176,5.422980768368592,1663.1330089434007,0.9116918842978785,1
M-04,2026-01-27 02:00:00,91.51309591189319,6.254149947987083,5.110541946498012,1577.7771837476184,0.6130404265276478,1
M-04,2026-01-27 03:00:00,88.78204295120167,5.544011892192639,5.17625778561786,1785.2571797602695,0.9349102702569019,1
M-04,2026-01-27 04:00:00,89.62781249690318,6.363471941739661,5.208694811306608,1653.3559686391009,0.6070481126891017,1
M-04,2026-01-27 05:00:00,86.22935177336251,5.8495968798282565,5.847029920791942,1724.5077209548733,0.8574393061893585,0
M-04,2026-01-27 06:00:00,48.60014990249985,1.5416872837264561,6.550743039961758,1686.702739690292,0.7301257601293492,0
M-04,2026-01-27 07:00:00,54.31039603368599,1.0776761684288507,6.385316539143257,1656.64338896457,0.8746675312671977,0
M-04,2026-01-27 08:00:00,48.564640331351036,1.541560968953679,6.478773677047445,1614.0313878696352,0.5851783671465929,0
M-04,2026-01-27 09:00:00,51.58931392113284,0.9761259364269999,6.903718196454182,1575.3358112478757,0.5743395427946176,0
M-04,2026-01-27 10:00:00,53.65042037024791,1.6434231168767865,6.324428868535769,1690.0251969235321,0.7684597855681543,0
M-04,2026-01-27 11:00:00,55.98312364785053,1.4564086476881655,6.2840876891951,1684.5174589340124,0.7025476478019416,0
M-04,2026-01-27 12:00:00,51.5042608217653,1.5283095646928784,6.26203532718994,1680.0558575117661,0.7243112811946559,0
M-04,2026-01-27 13:00:00,58.58012154658981,0.9070376850509467,6.019267823000509,1677.5545974238466,0.7074032218298354,0
M-04,2026-01-27 14:00:00,54.585706433417826,0.6585684080677798,6.12274153603463,1626.5444598568563,0.8106787528568055,0
M-04,2026-01-27 15:00:00,56.37716424172617,1.1952229138244554,6.234680208551264,1718.4144535306466,0.8588209848299739,0
M-04,2026-01-27 16:00:00,51.50834995545116,1.3806084480627512,6.182363675615113,1608.5797273472208,0.5796433305802372,0
M-04,2026-01-27 17:00:00,54.86125840580478,1.5793132396468441,6.331278578841725,1734.7132270239642,0.9056933452058826,0
M-04,2026-01-27 18:00:00,57.278487045361544,1.0640713794020953,6.4669286231592435,1724.5189745294979,0.9557435888807639,0
M-04,2026-01-27 19:00:00,61.344547854962414,1.692427161371355,6.334161839133823,1684.4767931279323,0.8820279194944232,0
M-04,2026-01-27 20:00:00,53.29386769398931,1.5000791882983102,6.350298670928871,1719.7201518442255,0.9953367178916275,0
M-04,2026-01-27 21:00:00,57.219917523072766,2.195486132761366,5.964131076425939,1774.6062298107415,0.8669232678264194,0
M-04,2026-01-27 22:00:00,56.754985877973915,0.8992682684527111,6.020659811104122,1619.8326478318756,0.6805208674834241,0
M-04,2026-01-27 23:00:00,,1.814998686363587,6.39005095029806,1670.718645514346,0.7292097566435528,0
M-04,2026-01-28 00:00:00,58.260899999842565,2.4491984117437955,6.172816068545895,1560.404971332865,0.5727685665423038,0
M-04,2026-01-28 01:00:00,56.5965173283019,2.472005940978643,6.483488919391677,1625.741651329948,0.6265423400365688,0
M-04,2026-01-28 02:00:00,55.76414857250795,1.5520908491010983,6.290091709797693,1612.5840340764023,0.5862387464004833,0
M-04,2026-01-28 03:00:00,60.633633789719724,2.0895124579177935,6.420491819349348,1720.9896646245631,0.9938102994327683,0
M-04,2026-01-28 04:00:00,64.90907458560298,1.5884266485240073,6.581422402852615,1680.6537066820295,0.8922661358139826,0
M-04,2026-01-28 05:00:00,62.53757534688898,1.8581043493120561,6.3945192459219005,1648.4996819372689,0.714051597961906,0
M-04,2026-01-28 06:00:00,66.26366916665914,2.1107108741222262,5.468547485997641,1606.4972760921066,0.5597313567595283,0
M-04,2026-01-28 07:00:00,59.831440975639524,2.1137520129943326,6.496112388858078,1742.2514959963928,0.9678654051502484,0
M-04,2026-01-28 08:00:00,61.423427833281416,1.443897463256579,6.133205659322211,1753.6627298600208,0.9578167024177002,0
M-04,2026-01-28 09:00:00,62.70770922494731,2.422856541907664,6.114373822912816,1640.4803093014211,0.6350982505048591,0
M-04,2026-01-28 10:00:00,64.18412801105882,3.041752597166245,5.882882277200657,1774.211336177363,0.9690652370364452,0
M-04,2026-01-28 11:00:00,64.71471734991621,2.148238723099553,6.150822375148124,1699.375843501568,0.8878550253835928,0
M-04,2026-01-28 12:00:00,61.906147394076406,2.1110494627101315,6.072368822284902,1692.2532792181962,0.9429629211879003,0
M-04,2026-01-28 13:00:00,64.06343570945248,2.905669002267306,6.207474439637831,1670.3675614441397,0.8199257199429435,0
M-04,2026-01-28 14:00:00,63.526564615147194,2.3860200769314153,6.200839811939466,1732.5273310194834,0.8981391805026229,0
M-04,2026-01-28 15:00:00,59.86595918408819,2.204939142179719,6.33592649864657,1596.402796197465,0.6035094701181439,0
M-04,2026-01-28 16:00:00,60.41505805597717,2.5621563613382903,6.233531738377336,1633.7042539272513,0.6674046022383687,0
M-04,2026-01-28 17:00:00,65.38071384869596,3.215020946782026,6.293010560154846,1578.877709883712,0.723478569295867,0
M-04,2026-01-28 18:00:00,60.99339294030504,2.99971727160212,6.203635891821012,1645.0953528411917,0.6922389261651382,0
M-04,2026-01-28 19:00:00,64.76029408541808,1.9947843438721238,6.388194587853981,1661.8277572707323,0.7261508071910889,0
M-04,2026-01-28 20:00:00,73.47924782338113,2.6236920969671926,6.071387566475566,1725.1415640673179,0.8569928329392144,0
M-04,2026-01-28 21:00:00,57.28454348405289,2.764671881301137,6.034767013548848,1672.496863059634,0.792483987233483,0
M-04,2026-01-28 22:00:00,66.21785890553241,2.9493493624646003,6.03886391358497,1750.3820631444119,0.951055188198654,0
M-04,2026-01-28 23:00:00,70.70372063168385,2.9673747878356074,5.913061309416819,1733.148679644254,0.9660091240681475,0
M-04,2026-01-29 00:00:00,67.92481137023005,2.5704906824166267,5.978927485057794,1645.6717798756504,0.8545110409808958,0
M-04,2026-01-29 01:00:00,72.73010004875592,3.5962484397019665,5.763592348124013,1666.521697127736,0.741313621288925,0
M-04,2026-01-29 02:00:00,67.82586947753366,2.854694402684568,6.485382764287615,1686.1415888722547,0.8591658221212647,0
M-04,2026-01-29 03:00:00,69.43423492394402,3.5873295340714764,5.7461095185632685,1598.4945041109763,0.6183158296116313,0
M-04,2026-01-29 04:00:00,70.55962428407143,2.9566976130219933,6.468625128346753,1690.2024341685676,0.8961238251240945,0
M-04,2026-01-29 05:00:00,71.02286177684348,2.6507358489820514,6.223630439035175,1689.883327031213,0.767844234163975,0
M-04,2026-01-29 06:00:00,71.02939846718259,3.1295445989567368,5.852974552871022,1749.777166720205,0.8914684140407538,0
M-04,2026-01-29 07:00:00,67.69133614747264,3.469370934890536,5.542176496275816,1658.2848532235473,0.7877239086808898,0
M-04,2026-01-29 08:00:00,71.79999317888185,3.605229908900096,5.783735119600353,1681.4779814169633,0.7508906087568732,0
M-04,2026-01-29 09:00:00,68.34564843396716,1.9649103563989503,6.183113918292463,1589.5957111755213,0.5876119518539696,0
M-04,2026-01-29 10:00:00,66.34286345824844,3.3656143654478354,6.08722019737089,1700.7835038038627,0.8229750204933002,0
M-04,2026-01-29 11:00:00,66.45043692388418,3.0838260653547622,5.912937481133211,1626.3633111856104,0.6172054817459878,0
M-04,2026-01-29 12:00:00,70.76766416383734,3.4649791697706087,5.998847422559659,1637.368749293086,0.6049058334555039,0
M-04,2026-01-29 13:00:00,74.54250599043725,3.5426574152075343,6.0934524874907785,1643.9695178770544,0.7376501179663284,0
M-04,2026-01-29 14:00:00,67.61526137948034,3.773381805571906,6.236352858943867,1606.7474706679359,0.5605099365236538,0
M-04,2026-01-29 15:00:00,77.22348478947558,2.974748930739107,6.432523155882031,1786.8779590868428,0.9177618448085161,0
M-04,2026-01-29 16:00:00,70.14141438174967,3.7717773178594642,6.124861938144731,1580.9536857880867,0.5820881214021367,0
M-04,2026-01-29 17:00:00,70.54335226994823,4.210306306437081,5.735511143358787,1675.5982750404057,0.7778594963128536,0
M-04,2026-01-29 18:00:00,73.85593101082802,3.855344384409039,5.6292701275375165,1714.3552097322988,0.7958520773998919,0
M-04,2026-01-29 19:00:00,79.09209713547328,3.416494352393623,6.022299499536765,1690.1611990677716,0.8212758248549017,0
M-04,2026-01-29 20:00:00,70.73003269919816,4.030406283929115,5.7895520969835745,1611.6828818620772,0.7357504660240879,0
M-04,2026-01-29 21:00:00,72.86212715478912,4.07962924929817,5.669953575249558,1701.4015705690972,0.7636031888094721,0
M-04,2026-01-29 22:00:00,75.4239279271479,4.535097430076241,5.495709784857244,1753.7433414982968,0.8450585642817907,0
M-04,2026-01-29 23:00:00,77.32244694437284,3.815805945688045,5.8992358480074465,1575.3514950905703,0.5551457224415168,0
M-04,2026-01-30 00:00:00,77.12198460896782,4.337687865698585,6.0756323308815965,1712.2338133558428,0.9742121137650106,0
M-04,2026-01-30 01:00:00,69.91516202623198,3.732948481438227,6.014749569480663,1680.049285311881,0.8013625030745883,0
M-04,2026-01-30 02:00:00,78.0611559531539,4.4104147580133315,5.390960436688712,1733.8913288062204,0.9642105208440812,0
M-04,2026-01-30 03:00:00,71.43388559305424,4.018565141208285,5.785594284867459,1595.9046818147074,0.5585230598221821,0
M-04,2026-01-30 04:00:00,75.07251872245135,4.373691263839082,6.0832839574519,1529.4459048260544,,0
M-04,2026-01-30 05:00:00,79.84214782458862,4.829067506129397,5.572103880173466,1718.0705110462284,0.8143424209137852,0
M-04,2026-01-30 06:00:00,76.72121261581097,4.3711509071051875,5.502676399487252,1637.5990085519577,0.6351659645434304,0
M-04,2026-01-30 07:00:00,79.74964782689456,4.783161324402393,5.66621113397527,1737.4419473829928,0.8280805575100278,0
M-04,2026-01-30 08:00:00,75.13411052152203,4.493398140346121,5.733469240441799,1643.3622072437713,0.6317304676405741,0
M-04,2026-01-30 09:00:00,81.90919810244581,5.099856875664813,5.883028330881494,1792.2970540861802,0.9361075010994007,0
M-04,2026-01-30 10:00:00,82.30961373232925,5.187096084206043,6.0259086677082125,1658.6483187150004,0.8474830196394492,1
M-04,2026-01-30 11:00:00,80.62446707241314,3.7683157896287316,5.321732990518016,1711.1186894662094,0.9253572633433369,1
M-04,2026-01-30 12:00:00,81.40333179965015,4.35311131765237,5.717957318046281,1569.7504182453895,0.5919963908147339,0
M-04,2026-01-30 13:00:00,75.0073427147273,4.309696095028138,5.373598447448715,1612.4118207782183,0.5559694368274096,1
M-04,2026-01-30 14:00:00,81.45012956316805,4.857234040028765,5.763321254186032,1679.6202589624863,0.848472774988458,1
M-04,2026-01-30 15:00:00,81.91230733452551,5.699706787426133,5.569546374676442,1715.2539728886627,0.8717591056133129,1
M-04,2026-01-30 16:00:00,81.41319864928735,5.438816334327053,5.6159561441771295,1835.4947797785915,0.9941362764027638,1
M-04,2026-01-30 17:00:00,81.3838921117888,5.492662645846723,5.662117001593005,1630.1449432003703,0.6635195213321974,0
M-04,2026-01-30 18:00:00,82.637171703695,4.495104627605884,6.068163563826581,1642.5939039484942,0.8153865677775937,1
M-04,2026-01-30 19:00:00,83.62763350811113,4.41696623804614,5.374068093868905,1699.2356371291833,0.8027072713905758,1
M-04,2026-01-30 20:00:00,85.63630073833596,4.627152203903097,5.773849793415923,1698.8014931073035,0.8738806815575813,0
M-04,2026-01-30 21:00:00,80.05949811644602,4.693823915275617,5.541963426872426,1597.5857810865712,0.6789650955815459,1
M-04,2026-01-30 22:00:00,80.55492323652736,4.8780868196646505,5.619370669206535,1667.6885421532015,0.8094334515031931,1
M-04,2026-01-30 23:00:00,91.62824739310997,5.685045254630582,5.177456341105514,1631.647045680276,0.6978719504435135,0
M-05,2026-01-01 00:00:00,53.8187640335554,1.5677227953141748,6.556653487766273,1601.261938432097,0.692049251750352,0
M-05,2026-01-01 01:00:00,56.374010511295175,2.165118617577825,6.085111142283761,1785.316918395423,0.8723378657547873,0
M-05,2026-01-01 02:00:00,63.144944625851664,1.782126160725567,6.5766256585314595,1666.2678103736098,0.9560810192429257,0
M-05,2026-01-01 03:00:00,62.32877431455825,2.0887545686230293,6.440529803502098,1784.4063986045617,0.9921982117775805,0
M-05,2026-01-01 04:00:00,62.90314412059112,1.4031416708594535,6.342388067755227,1713.1255166217259,0.8765438570882113,0
M-05,2026-01-01 05:00:00,53.44653987893989,1.37110052983681,6.462125401750049,1673.6308032103962,0.9264644811432637,0
M-05,2026-01-01 06:00:00,56.65683385006138,1.6239948688551025,6.2667820681692215,1739.501267906175,0.9417393486760557,0
M-05,2026-01-01 07:00:00,60.52099920137921,1.3556153724353188,6.2879996223640084,1659.7190907984448,0.8137128681128803,0
M-05,2026-01-01 08:00:00,58.056247252176405,2.375592062063893,6.424792471085424,1665.2032190861757,0.6669404735774096,0
M-05,2026-01-01 09:00:00,62.409405183170946,1.2858762204124528,6.0147536587566774,1730.8546121912034,0.9664245986349622,0
M-05,2026-01-01 10:00:00,56.806247343971506,2.9707063850225124,6.181027929035366,1624.3710884204454,0.6418290322356281,0
M-05,2026-01-01 11:00:00,59.07262102174629,2.1083123844001124,6.179091064173194,1682.1411612730126,0.6406020093334338,0
M-05,2026-01-01 12:00:00,64.20517896867935,2.0568663392512123,6.328065574728846,1679.659675912578,0.9269321192988447,0
M-05,2026-01-01 13:00:00,61.4331447087288,1.7983535586136365,6.217979991442843,1738.7524924415375,0.946954254701181,0
M-05,2026-01-01 14:00:00,61.451869716834096,1.7735820535316709,6.022378311814479,1655.5617906946227,0.6767830307859127,0
M-05,2026-01-01 15:00:00,59.23990906973854,1.8230214729235454,6.131267813388158,1746.7726571590626,0.7881977681308152,0
M-05,2026-01-01 16:00:00,64.97883144943384,1.9713406956443524,6.156217722008686,1687.113158525606,0.8792093705215368,0
M-05,2026-01-01 17:00:00,62.261632329314615,2.056283899665485,6.331771097528438,1620.4388171161934,0.6004798097542653,0
M-05,2026-01-01 18:00:00,60.3747994741395,3.7439779224748784,6.2725191808958005,1620.822180795069,0.6859867114401914,0
M-05,2026-01-01 19:00:00,66.62671787229188,2.6863992777174124,6.36898321172237,1777.5280535944555,0.9918344807381816,0
M-05,2026-01-01 20:00:00,68.0817181344329,2.8525604685043655,6.131248926258371,,0.5768635080872667,0
M-05,2026-01-01 21:00:00,56.71556172490013,3.2161473637850824,6.408857648412352,1584.1001867548694,0.6936692128285822,0
M-05,2026-01-01 22:00:00,64.18995847252074,2.7941300168033396,5.66983293507582,1700.0205879670127,0.85832659812453,0
M-05,2026-01-01 23:00:00,60.62067732173789,2.815017764361592,6.362172632937014,1694.8516449287504,0.8017001248163409,0
M-05,2026-01-02 00:00:00,61.59418587164085,2.986237614034621,6.1531815206556155,1723.5526531302905,0.7232048568334867,0
M-05,2026-01-02 01:00:00,67.66826226948244,2.2312978872571274,5.861271281607911,1704.8899804601665,0.8986810175492577,0
M-05,2026-01-02 02:00:00,64.5258322863784,3.3845913630626026,5.570972269284833,1595.107561742487,0.6870321894232092,0
M-05,2026-01-02 03:00:00,66.93634186947267,3.2493652092848286,6.0297786349672915,1761.3238800088052,0.9300355760296042,0
M-05,2026-01-02 04:00:00,68.1250020628731,3.032749661471113,6.465028028847654,1647.5556691499296,0.8697443631810083,0
M-05,2026-01-02 05:00:00,65.8388938923153,2.7476470204638272,5.900981854954877,1657.5740075654585,0.5829242703602189,0
M-05,2026-01-02 06:00:00,67.28714229105987,2.8260793239242976,6.166884844411487,1596.3587856527436,0.5501318148212108,0
M-05,2026-01-02 07:00:00,60.70142887445597,3.160107372176996,6.229390791023336,1606.1896649878142,0.5605227835748187,0
M-05,2026-01-02 08:00:00,63.83143123446099,3.1691048301273153,6.340685773209981,1692.624649075143,0.8188937304478487,0
M-05,2026-01-02 09:00:00,70.23065105269299,3.9031828374116633,5.511883637675174,1692.6024832852245,0.7998838831904269,0
M-05,2026-01-02 10:00:00,70.48898210903204,3.025089163988787,6.151898718278423,1714.1686020929621,0.7836350057600416,0
M-05,2026-01-02 11:00:00,73.33556478142059,3.573950222700473,6.120731600685004,1638.3434687373986,0.7500780041615852,0
M-05,2026-01-02 12:00:00,69.0236012455266,3.309534851982325,5.700299709160589,1627.387386928725,0.7216324485228744,0
M-05,2026-01-02 13:00:00,69.11280985828448,3.4886793855899008,5.732840936629781,1662.5251485444694,0.7668275079607795,0
M-05,2026-01-02 14:00:00,67.00355248658506,3.446183387401716,5.874722800511962,1740.170752850691,0.9538200278240114,0
M-05,2026-01-02 15:00:00,70.92467069508895,3.520837106831813,5.467854157746902,1668.294750007705,0.890829756216837,0
M-05,2026-01-02 16:00:00,74.0348656707529,3.547942056738375,5.691023300890314,1678.1339927921035,0.9052950457944551,0
M-05,2026-01-02 17:00:00,70.79493552145323,4.2839777196981945,5.746449173979209,1598.8078183562468,0.55008534408321,0
M-05,2026-01-02 18:00:00,77.40392921327665,3.112380043362493,6.114321077382948,1757.8032535681975,0.8781910355583005,0
M-05,2026-01-02 19:00:00,76.91860980029206,3.7547632011078056,6.086468873761507,1576.4777494808775,0.6816170773157362,0
M-05,2026-01-02 20:00:00,70.29913317873687,3.27892395992574,6.0284260797070734,1708.1448104949336,0.9106849347029365,0
M-05,2026-01-02 21:00:00,74.62344283354834,3.7013214607698717,5.937565827839583,1729.5970294460508,0.8614125611656728,0
M-05,2026-01-02 22:00:00,78.3825792619723,4.104624717114111,5.954576011038796,1702.9578826845025,0.8564242327859172,0
M-05,2026-01-02 23:00:00,74.71841512823498,4.5997598450131925,5.902661166334423,1647.9750607259202,0.700152441631932,0
M-05,2026-01-03 00:00:00,75.41836939706675,4.484875876387463,5.624956882300787,1716.0725685300351,0.9482949749410894,0
M-05,2026-01-03 01:00:00,74.22266163830706,3.6798695477776504,5.312050482422381,1627.0981492355374,0.7399890535122808,1
M-05,2026-01-03 02:00:00,75.00073894287546,3.7123535803247725,6.288888019984234,1839.9312296373735,0.9873083941369811,0
M-05,2026-01-03 03:00:00,80.61748691656233,5.033162797532519,5.737196914883082,1609.7789376342398,0.6871951895146857,1
M-05,2026-01-03 04:00:00,72.4731155376904,3.6109817650056972,5.774447440974011,1573.08508634756,0.6929664052810265,0
M-05,2026-01-03 05:00:00,73.85489344840144,4.579656444081485,5.801347824825329,1741.7007856184284,0.9185857668161841,0
M-05,2026-01-03 06:00:00,78.47368431536252,4.347113734719629,5.711670494442002,1549.0687672902138,0.5943017497977232,0
M-05,2026-01-03 07:00:00,76.9229691539117,4.2449059559993465,5.438026483070741,1604.387443454558,0.5581244200523982,0
M-05,2026-01-03 08:00:00,77.8548679134884,3.9399758718264892,5.921192172408708,1643.2056830483216,0.7636389595667278,0
M-05,2026-01-03 09:00:00,79.50414781115833,4.533662274477964,5.716026658734096,1552.5122489866144,0.6296958532105947,0
M-05,2026-01-03 10:00:00,81.1252682552306,5.281773372455925,5.790933254097112,1735.680644532316,0.9299642513467701,0
M-05,2026-01-03 11:00:00,86.35756335249705,4.013416414160179,5.499250218769117,1686.6873685396426,0.8518568739387407,0
M-05,2026-01-03 12:00:00,81.32709311315546,4.901089583002867,5.930918757093083,1759.7882065674692,0.9261589203221803,0
M-05,2026-01-03 13:00:00,76.71458345683946,4.532001280006643,5.642086078866757,1696.2397152482824,0.594243988252757,0
M-05,2026-01-03 14:00:00,75.16211340222837,4.563957104694256,5.647386270584256,1695.208967370621,0.7758856539030454,1
M-05,2026-01-03 15:00:00,83.08859869028353,4.499008950510324,5.478134230681236,1603.307344768799,0.6635887628731229,1
M-05,2026-01-03 16:00:00,80.83648651303946,4.328170864793785,6.065515257298967,1614.0032021955028,0.7587061027905686,1
M-05,2026-01-03 17:00:00,79.94874964224307,5.154020503941827,5.629448400270147,1685.10891943064,0.8044491790815791,0
M-05,2026-01-03 18:00:00,82.09163846731732,4.739392126158864,5.411987263941596,1670.3159197835969,0.8187627388368592,0
M-05,2026-01-03 19:00:00,,5.605000416271133,,1641.4621451350276,0.7312232987113731,1
M-05,2026-01-03 20:00:00,80.6222870877007,4.888295406697928,5.784179023725546,1654.8286731214416,0.8454576728983689,1
M-05,2026-01-03 21:00:00,80.99951173095566,5.2586259682849406,5.82356103761765,1664.2801574132807,0.7907835466356501,0
M-05,2026-01-03 22:00:00,75.13144285064998,5.008365755292288,5.214445032031692,1595.9109311793727,0.6428903704994977,1
M-05,2026-01-03 23:00:00,84.0351614479701,4.333023650776224,5.8637863360357025,1603.8161789817689,0.7514265890740894,1
M-05,2026-01-04 00:00:00,87.37730105714749,4.54073469569356,6.11739827528389,1628.0870452647575,0.7474433835877391,1
M-05,2026-01-04 01:00:00,87.71327323691374,5.344124400913574,5.9130889032448195,1723.6256848148566,0.8435927939685774,1
M-05,2026-01-04 02:00:00,83.56177612999133,4.71983687076412,5.656995328888418,1636.5059245948607,0.6813637934397296,1
M-05,2026-01-04 03:00:00,81.51336690938892,4.777461806180768,6.075842278540191,1590.6772866870838,0.6090608901106259,1
M-05,2026-01-04 04:00:00,85.5524507832784,5.2539581403182405,5.901176332376924,1675.390660321765,0.6779925756031392,1
M-05,2026-01-04 05:00:00,90.86748972393207,4.905375829849572,5.014668619661174,1647.7795761130749,0.8937981916881641,1
M-05,2026-01-04 06:00:00,91.47763117794048,4.342594065842437,5.372246005582695,1630.5967742155985,0.6499453468514609,1
M-05,2026-01-04 07:00:00,89.10350185897829,5.214504239861651,6.206381527899282,1730.796268984466,,1
M-05,2026-01-04 08:00:00,86.2779681987167,5.819882801251332,5.2517548882357215,1639.0562641773336,0.8832141376906177,1
M-05,2026-01-04 09:00:00,86.50730063798721,5.513212491482538,5.228967570343395,1767.9580834247693,0.9450424787556395,1
M-05,2026-01-04 10:00:00,88.74567681250454,4.85496120423288,5.186362654512218,1704.8766435231637,0.8832752667292301,1
M-05,2026-01-04 11:00:00,85.58442397095378,5.851342686134461,5.872013396692729,1614.188799760211,0.6208347409813112,1
M-05,2026-01-04 12:00:00,87.7075894542332,5.629515249618152,5.935173811406085,1705.0755705457677,0.7801168495490672,1
M-05,2026-01-04 13:00:00,86.92911433835194,5.772500257330871,5.811494466713561,1792.6174196247407,0.9494236162174061,1
M-05,2026-01-04 14:00:00,88.5277868589386,6.030852860925681,5.060647133240715,1596.8159176022239,0.5860217768256768,1
M-05,2026-01-04 15:00:00,79.20505338507294,5.812431278882725,5.475263560140043,,0.6254795046007809,1
M-05,2026-01-04 16:00:00,92.04327398282584,6.170062095941807,5.301817311850461,1738.5783699116066,0.8729168952183168,1
M-05,2026-01-04 17:00:00,90.91214034433837,6.156973312514941,5.544246335047212,1586.5073362417165,0.6409336362510816,0
M-05,2026-01-04 18:00:00,54.83580387219547,1.329237938387776,6.455133433893251,1635.1018994234655,0.672422368285121,0
M-05,2026-01-04 19:00:00,55.70582866718691,1.5654919947401624,6.294252805224141,1699.6947921772821,0.8125700717270713,0
M-05,2026-01-04 20:00:00,51.753147099650946,1.816343813285786,6.320401509664921,1628.1538000145024,0.5650015487033411,0
M-05,2026-01-04 21:00:00,54.97651552089595,1.4092576240732928,-99.0,1750.177748142006,0.9839128013069548,0
M-05,2026-01-04 22:00:00,51.01075493187889,0.44731892393771544,6.32422695447166,1645.0906260268566,0.7747792397551159,0
M-05,2026-01-04 23:00:00,54.8361497353673,2.3437291956486312,6.296476406829553,1632.4345131407078,0.664373418041655,0
M-05,2026-01-05 00:00:00,53.05443402614947,1.0062622761498108,6.491181085253336,1553.2174249633836,0.6285702100656504,0
M-05,2026-01-05 01:00:00,54.05832731955025,1.260122644240179,6.678391418620016,1602.5104931035225,0.553700338124748,0
M-05,2026-01-05 02:00:00,56.705019480254116,2.6271199758924224,5.981028531464647,1765.9766619657985,0.9373593875199931,0
M-05,2026-01-05 03:00:00,58.8085528863634,1.603862067528657,6.554537163682377,,0.843223251697161,0
M-05,2026-01-05 04:00:00,57.615459422491476,1.4385588533599292,6.133140614917094,1720.8510512758253,0.8716632485998248,0
M-05,2026-01-05 05:00:00,54.02480243058429,1.9019169104937308,6.097328195914224,1622.0740609691356,0.7631706082927592,0
M-05,2026-01-05 06:00:00,57.483455725700956,1.8383987450358639,6.234545166919357,1759.080765086368,0.9889139637281386,0
M-05,2026-01-05 07:00:00,52.7621594090488,1.277907333703729,6.401690110576351,1707.6179486176568,0.8577671904255533,0
M-05,2026-01-05 08:00:00,,1.696517745085454,6.295663203700966,1599.1816644620353,0.5655027324379865,0
M-05,2026-01-05 09:00:00,63.28674933458648,2.64078975593194,5.96457669549927,1698.167686143559,0.8473965536695292,0
M-05,2026-01-05 10:00:00,58.24166802427366,2.0522358839815142,5.836626084223125,1687.5713048701687,0.8235464874738618,0
M-05,2026-01-05 11:00:00,55.206089493610655,2.049329231470958,6.304606037040319,1629.9676818835221,0.649464130757864,0
M-05,2026-01-05 12:00:00,63.84144435615032,1.8132150359291574,6.2244997635630295,1683.7083330732512,0.8662741177980295,0
M-05,2026-01-05 13:00:00,58.01099106713794,2.0780929073858485,6.144764721420318,1723.9314120891984,0.7862601091651978,0
M-05,2026-01-05 14:00:00,62.77719206429282,2.9349386539985414,6.49299286058973,1662.9822160960634,0.861671126152992,0
M-05,2026-01-05 15:00:00,59.90211613422051,2.334381365794133,6.101385042074035,1590.6618893993384,0.636310638484763,0
M-05,2026-01-05 16:00:00,60.15762950503726,1.6885395785349175,6.33366490143876,1743.1490373889512,0.9697786901698062,0
M-05,2026-01-05 17:00:00,57.76915332410004,2.021933450066525,6.130037902304229,1685.0524525209503,0.7935259478542802,0
M-05,2026-01-05 18:00:00,59.55458459125383,1.9724563633480632,6.460668701605167,1619.9357883548819,0.8467076512735539,0
M-05,2026-01-05 19:00:00,61.008349390058996,2.0972250853976457,6.46558629457585,1812.5867281456074,0.9825268688760611,0
M-05,2026-01-05 20:00:00,61.59887651487812,1.6272375359417897,6.139189549712047,1766.503520368309,0.9666670517274578,0
M-05,2026-01-05 21:00:00,60.033823046585816,2.5510105860571834,6.1987934943407925,1630.6469960153602,0.7365074945371775,0
M-05,2026-01-05 22:00:00,62.11114719088947,1.8806283243890825,6.092483845431316,1651.5905621368508,0.7988791034195952,0
M-05,2026-01-05 23:00:00,63.43239631837772,3.2760914153941005,6.219734954385354,1690.5716560205315,0.8670201398504254,0
M-05,2026-01-06 00:00:00,63.89213930557759,2.6706772512067167,5.634955770447321,1633.8496617979606,0.8045402435491588,0
M-05,2026-01-06 01:00:00,64.9716922857223,2.6736505739028775,6.071086727097795,1714.6792307927585,0.844066084412322,0
M-05,2026-01-06 02:00:00,61.1093932510341,2.761340665923191,6.112324679343271,1600.7132566248026,0.693319946343954,0
M-05,2026-01-06 03:00:00,66.05915263747742,2.8124544306968517,5.905843294716114,1709.8129683225638,0.8088154436997685,0
M-05,2026-01-06 04:00:00,60.66279220555028,2.41602747479613,5.7105488700566305,1618.74610888085,0.604188231309296,0
M-05,2026-01-06 05:00:00,61.59486386826371,3.1233271119733748,6.087272180508345,1541.580416030214,0.6441095089820472,0
M-05,2026-01-06 06:00:00,70.7662410756119,2.4092497613702175,6.200530228715907,1722.4695614955274,0.9320504377716348,0
M-05,2026-01-06 07:00:00,71.92934030076898,2.7808646879110834,6.274690477905583,1742.9566221698524,0.8947706345699177,0
M-05,2026-01-06 08:00:00,63.73705899547563,3.552948910176071,6.077994604771506,1629.0624631319465,0.8278462934749475,0
M-05,2026-01-06 09:00:00,64.20967616636555,3.0050265327088317,6.656415956965434,1665.5848565773497,0.6772137680999313,0
M-05,2026-01-06 10:00:00,69.31342750106226,3.63559272651412,5.95893927668241,1611.7617016289605,0.626895126591612,0
M-05,2026-01-06 11:00:00,70.51739990472961,2.190424414483397,5.908231971094988,1594.3705346834904,0.676688986987079,0
M-05,2026-01-06 12:00:00,64.65677112438955,3.615996443037209,5.956518912818248,1674.5978914419754,0.7905560203299373,0
M-05,2026-01-06 13:00:00,67.1878277662292,3.002151849067887,5.8858846840628445,1677.8357562470046,0.6856655568871005,0
M-05,2026-01-06 14:00:00,72.0769425520574,4.0535845925860805,5.9926667455283456,1733.9739288846256,0.9811559478525129,0
M-05,2026-01-06 15:00:00,73.59329175257652,3.0378757146507933,5.817406103166775,1622.4715291668192,0.8190483858133071,0
M-05,2026-01-06 16:00:00,63.797611208385455,3.8310692992738393,5.877614685773263,1626.4257752140243,0.6683388303961304,0
M-05,2026-01-06 17:00:00,71.13577279597241,3.2959657965632325,5.851928477440984,1736.4254251043562,0.6985687364477854,0
M-05,2026-01-06 18:00:00,73.50153188612147,2.8949710467142524,5.6776544672192655,1757.8536289695267,0.9092870752699995,0
M-05,2026-01-06 19:00:00,71.0529212186013,3.086242971396153,5.8772898240995834,1653.5199151321349,0.732250096189526,0
M-05,2026-01-06 20:00:00,69.88969552553225,3.8102375123811756,5.509384785538272,1730.4691274392835,0.9762396918628142,0
M-05,2026-01-06 21:00:00,75.98736537527112,2.8316142268622464,5.71651796745138,1620.8773519530089,0.5800379713053478,0
M-05,2026-01-06 22:00:00,77.22037254933156,3.8172695767286147,5.798292004329658,1722.8311844727289,,0
M-05,2026-01-06 23:00:00,72.30796389424117,3.7495621303860354,5.9929379940228635,1664.1421221987205,0.7639144331111429,0
M-05,2026-01-07 00:00:00,73.53082746179108,2.6819340704991235,5.689866131558505,1658.598570453625,0.7869202194655813,0
M-05,2026-01-07 01:00:00,82.09919620176471,2.5679897533064846,5.961209751242705,1647.2627614044336,0.6995064205574243,0
M-05,2026-01-07 02:00:00,73.13284286286942,3.539774769673462,5.886826654222719,1662.68564183784,0.6948737387776648,0
M-05,2026-01-07 03:00:00,73.45805620939686,5.0281819065591975,5.957964805975479,1773.2791239463631,0.990265459970281,0
M-05,2026-01-07 04:00:00,75.81721032433599,2.9323145313264987,5.6822964226908015,1710.8125128994027,0.9615500864326945,0
M-05,2026-01-07 05:00:00,74.9795838910908,4.467421212131517,5.884900207758068,1655.612388809988,0.8484481564528719,0
M-05,2026-01-07 06:00:00,70.79171983502091,4.0410730723783495,6.177461240522502,1660.1433676513168,0.8008571859913015,0
M-05,2026-01-07 07:00:00,72.44645951158279,4.016326761594504,5.6679701195162355,1606.0661250217574,0.669600402454019,0
M-05,2026-01-07 08:00:00,,4.311845960789278,6.194286931498107,1655.9724232390163,0.798801326155861,0
M-05,2026-01-07 09:00:00,78.28199693699248,4.773236846005887,5.937924861685991,1742.5334283993946,0.8124857765896101,0
M-05,2026-01-07 10:00:00,72.6240828433982,4.08589936736,5.873369667998511,1631.3703494160848,0.6584546349255744,0
M-05,2026-01-07 11:00:00,77.4177791413827,4.062327682052886,5.50524788856569,1589.105636378386,0.7300304228212704,0
M-05,2026-01-07 12:00:00,74.20146195665599,3.980670907206303,5.749243552746651,1633.6350839337804,0.7341293944307985,0
M-05,2026-01-07 13:00:00,80.16191110816953,4.1661930655819575,5.607748668176107,1641.5393791036227,0.6313549106855089,0
M-05,2026-01-07 14:00:00,82.71170646447935,3.2847326578198226,5.704333607898792,1654.8704731477535,0.7091941898013119,0
M-05,2026-01-07 15:00:00,84.66217351754358,4.640744317926206,5.168348649247483,1553.421197585265,0.5837145517117996,0
M-05,2026-01-07 16:00:00,78.74333074390286,4.119489309885889,5.456259856559317,1581.7638374688079,0.6157841873053311,0
M-05,2026-01-07 17:00:00,80.83181725517066,4.861947899323257,5.661467037739418,1574.2816238603916,0.6383917610280374,0
M-05,2026-01-07 18:00:00,75.09156256600215,5.279653327431231,5.514788631048369,1652.1044094329134,0.8675134013384747,0
M-05,2026-01-07 19:00:00,82.73564258256414,4.27483361283311,5.638297373500544,1637.1597672204962,0.6440765116960875,0
M-05,2026-01-07 20:00:00,80.88924713071658,4.59194770357063,5.6123051844210154,1715.6651995055204,0.8186328103388827,1
M-05,2026-01-07 21:00:00,84.42723264265528,4.268656003773925,6.306410975852168,1648.8361095796163,0.7822216036021766,1
M-05,2026-01-07 22:00:00,80.98052068549181,4.676229083759363,5.895780325538325,1624.0688321910513,0.6149336591526742,1
M-05,2026-01-07 23:00:00,79.42661157274092,4.422876942661328,5.803601870182562,1738.0544804082826,0.9172747753581221,1
M-05,2026-01-08 00:00:00,84.7076060610132,5.566988547496158,5.688237780076536,1744.3171572745234,0.8027028121842255,0
M-05,2026-01-08 01:00:00,82.32018727668324,4.780881930666812,5.886718198931105,1632.1730566443987,0.7067100903464947,1
M-05,2026-01-08 02:00:00,84.42983420090347,4.76072215095966,5.715173279106173,1705.2225901961403,0.7962968652873654,1
M-05,2026-01-08 03:00:00,82.16816673247075,4.454481399841439,5.488606486530784,1633.4228625422738,0.6208057879291458,1
M-05,2026-01-08 04:00:00,81.17033081647318,4.79564834124704,5.35369560244559,1655.6295815744606,0.86951310103037,1
M-05,2026-01-08 05:00:00,83.33488977050129,5.747452864116349,5.601215622982147,1687.349722255209,0.8178774856287647,1
M-05,2026-01-08 06:00:00,79.06453909078054,4.242209292564787,5.339244964929414,1649.6578895336963,0.7047807468139562,1
M-05,2026-01-08 07:00:00,85.61773772807467,4.280721017720316,5.644722957617114,1748.0168270623096,0.9095262480086943,1
M-05,2026-01-08 08:00:00,82.30514029067055,4.739333631352563,5.595407084736439,1662.9491141328376,0.5859368604443467,1
M-05,2026-01-08 09:00:00,84.87329370238884,5.11256993982313,5.658409432102273,1604.3980583993157,0.6086661680426133,1
M-05,2026-01-08 10:00:00,77.46264692340556,5.367842593217351,5.470317391038556,1528.0136388228536,0.5562745001626557,1
M-05,2026-01-08 11:00:00,85.52895989687275,5.526964940907985,5.783211971450849,1619.5059123843523,0.7818312459923,0
M-05,2026-01-08 12:00:00,50.6397486978788,1.1151173105671752,5.959066069936904,1598.8840602349171,0.6672616710413437,0
M-05,2026-01-08 13:00:00,58.72710161073133,0.363704642853393,6.823144114670099,1695.9169056456712,0.9065474345718112,0
M-05,2026-01-08 14:00:00,51.763161789731626,1.259362679664858,6.268388046374704,1692.297814590749,0.755025973628947,0
M-05,2026-01-08 15:00:00,42.508579963704484,0.8797007112127366,6.729585180147239,1623.9177751043517,0.5702973530148489,0
M-05,2026-01-08 16:00:00,57.738020356993445,1.229124015292139,6.235109660880667,1715.6591359103008,0.816369157947241,0
M-05,2026-01-08 17:00:00,51.457935037462434,1.2803027768202306,6.737603155372177,1678.5949650444818,0.7482306149631811,0
M-05,2026-01-08 18:00:00,49.73541027574973,0.8560849475300645,5.853072827863456,1666.018335148266,0.5709946333594568,0
M-05,2026-01-08 19:00:00,47.38648907416679,1.6175351241495985,6.351755370570185,1647.241913374528,0.7414968272926556,0
M-05,2026-01-08 20:00:00,50.85587904821879,0.3682384254246279,6.044467234028486,1552.478115873439,0.5699989073119651,0
M-05,2026-01-08 21:00:00,58.41699567906379,0.5777500898016178,6.51237700754871,1644.0704167166393,0.7588511669822686,0
M-05,2026-01-08 22:00:00,60.48743675582222,1.7187764009379911,6.443936352753398,1701.925729265499,0.9029032378289604,0
M-05,2026-01-08 23:00:00,55.19083123867486,2.1126370780323462,6.248706876137944,1567.4406775124546,0.5506368167481661,0
M-05,2026-01-09 00:00:00,59.02617323808354,2.0467247887622735,6.670404186356554,1683.0467737911858,0.7671644066753066,0
M-05,2026-01-09 01:00:00,53.68064694299255,1.3214543473185443,6.7437451072399295,1694.996517460534,0.9503077450535319,0
M-05,2026-01-09 02:00:00,56.578834642320466,2.0663149855895093,6.691604120688347,1703.6943569828175,0.8197317307801324,0
M-05,2026-01-09 03:00:00,54.385989122916556,2.668956805664477,6.788408450353386,1553.5891588685054,0.5665200899279869,0
M-05,2026-01-09 04:00:00,57.24587890132988,2.2049342902131324,6.753466752245642,1638.4786185221087,0.6776258639322317,0
M-05,2026-01-09 05:00:00,56.784878426138576,0.8915155760996435,6.543481054097009,1691.3206161107662,0.7718252462374635,0
M-05,2026-01-09 06:00:00,62.851865580833994,1.763233025787714,5.995731970392135,1615.2932032833585,0.7453554759328929,0
M-05,2026-01-09 07:00:00,55.68005304007269,1.9273650962576745,6.443064830902611,1660.6780487719075,0.7308019029629002,0
M-05,2026-01-09 08:00:00,60.15696607628364,2.0212192094060337,6.058414392528742,1619.3121934143242,0.7597095162484984,0
M-05,2026-01-09 09:00:00,62.887076545013535,2.087147474013396,6.142551325737952,1720.4803766392272,0.9960789589686389,0
M-05,2026-01-09 10:00:00,61.41547384596786,1.6336415632072547,6.150935072533566,1726.798870207433,0.7282119477082464,0
M-05,2026-01-09 11:00:00,63.74428432157429,,6.128558225374978,1679.838717467719,0.8315635425468961,0
M-05,2026-01-09 12:00:00,60.50346697677554,2.2624756593765314,6.122370114379315,1717.9608029725512,0.8710371746704066,0
M-05,2026-01-09 13:00:00,60.09559467106559,2.087837137239919,6.032600160416697,1589.6138391861532,0.5842380390890944,0
M-05,2026-01-09 14:00:00,65.8204705411874,3.0224389469752793,5.522125439277166,1701.5361330801134,0.8127143691179367,0
M-05,2026-01-09 15:00:00,64.28362763110196,2.875274757862578,5.85085964286561,1717.2898156789652,0.8931661418888303,0
M-05,2026-01-09 16:00:00,59.97649534726476,2.0008160929338583,6.4424542115846775,1666.7652798128597,0.6430619190313989,0
M-05,2026-01-09 17:00:00,57.60036658632534,2.887509159547057,6.082276816154379,1724.0459190856968,0.9400779889476261,0
M-05,2026-01-09 18:00:00,66.12679866007784,2.582923748376551,6.208668927770517,1732.0734610617912,0.9177370444723802,0
M-05,2026-01-09 19:00:00,67.352045316267,1.9607800573332035,5.96814736414355,1718.1411259016913,0.9969370741713106,0
M-05,2026-01-09 20:00:00,63.3085883139494,1.426714285536594,6.300886760740528,1595.3432860408407,0.6023326798610693,0
M-05,2026-01-09 21:00:00,60.334742474402525,2.4045481058262013,6.022290410493234,1671.8915015176156,0.7460613666566948,0
M-05,2026-01-09 22:00:00,65.66749459775114,2.998325696950463,6.265144863962007,1641.116235018256,0.7537808120908795,0
M-05,2026-01-09 23:00:00,66.27050737486839,2.181422327941839,6.3304712645862535,1671.180014149658,0.7111097246818473,0
M-05,2026-01-10 00:00:00,65.04841266981994,1.9500996793909833,6.250330851583019,1620.6613801075277,0.6189137468182724,0
M-05,2026-01-10 01:00:00,63.458925094337175,2.4217197489600286,6.369019689664259,1607.4796563486298,0.6333082871667225,0
M-05,2026-01-10 02:00:00,62.597241585741,2.375988980887034,6.233969043749017,1624.635278151889,0.7437223109691664,0
M-05,2026-01-10 03:00:00,63.82907895182929,2.7521630538264548,6.388707360567406,1675.2574407833583,0.7792953561937285,0
M-05,2026-01-10 04:00:00,70.54940089712359,2.5839764866092825,6.080858914386693,1701.6451961415878,0.9551402178094393,0
M-05,2026-01-10 05:00:00,61.39358065073082,2.9401464717517656,5.970623107557508,1619.795644522467,0.6045295626667819,0
M-05,2026-01-10 06:00:00,70.93086201064422,,6.516868118683147,1625.16910812076,0.6390972094581432,0
M-05,2026-01-10 07:00:00,67.57631679854643,2.147007007050383,6.238784133600838,1724.2632498569153,0.9499066161201795,0
M-05,2026-01-10 08:00:00,66.12976965546343,3.0039207195884123,6.02624203204305,1676.7147621738718,0.6537116317016102,0
M-05,2026-01-10 09:00:00,66.51788637547008,3.6242908922724677,5.867833437556001,1712.0987791618775,0.9260937813568038,0
M-05,2026-01-10 10:00:00,74.02247754903111,2.361734794096117,6.1205013882435315,1739.230164976039,0.9422173483215133,0
M-05,2026-01-10 11:00:00,74.33660462000091,3.6399561485127148,6.209710107395473,1752.169738566122,0.9855078331978173,0
M-05,2026-01-10 12:00:00,64.23047367082012,3.1128427174393414,5.987993931389225,1696.6483298504095,0.7172482469436698,0
M-05,2026-01-10 13:00:00,66.88259819217882,3.753736843826785,5.983660096112383,1739.05757325985,0.9967915307503245,0
M-05,2026-01-10 14:00:00,66.74622117793251,3.2551288662549442,6.643208852031048,1730.803862266934,0.7472722135371169,0
M-05,2026-01-10 15:00:00,74.33749036426157,3.055199819362942,6.282672855023271,1645.3453233781818,0.7732534867788685,0
M-05,2026-01-10 16:00:00,70.4713386534626,3.6503199194811824,5.616209107519016,1802.961036855292,0.9140754447500197,0
M-05,2026-01-10 17:00:00,72.59544628711033,3.9999500865172926,5.855358993347011,1621.0701965416301,0.7387760547181959,0
M-05,2026-01-10 18:00:00,72.48091960702843,3.428513761802287,6.034456649058385,1696.5864594519915,0.8109029413878053,0
M-05,2026-01-10 19:00:00,70.84998996625234,3.5917744734988553,5.9019640691033395,1743.5066725529834,0.9561524344297112,0
M-05,2026-01-10 20:00:00,68.60492681496075,3.387661926106735,6.185093328749666,1623.0722998775134,0.7504809241237491,0
M-05,2026-01-10 21:00:00,68.15839400289182,2.977628624853859,5.919228213438264,1701.2927758087292,0.787876927266362,0
M-05,2026-01-10 22:00:00,76.39895457326496,3.3301966401206027,5.6689742778187,1726.3159947954439,0.8535521815493143,0
M-05,2026-01-10 23:00:00,77.44453673460606,2.883532060760791,5.967944489185639,1665.4201128533982,0.7687239063587263,0
M-05,2026-01-11 00:00:00,70.89820895621028,4.005663338996477,5.874181481538878,1673.7346004598915,,0
M-05,2026-01-11 01:00:00,71.62751005348137,3.3527254240044746,6.271606948280196,1703.2342997325263,0.7093464144580517,0
M-05,2026-01-11 02:00:00,78.46907645350113,4.503892947877336,5.682134050440032,1725.468413648675,0.9269302230573992,0
M-05,2026-01-11 03:00:00,78.97587068216654,4.427343867332154,5.865352227844253,1536.090398033346,0.658153020332833,0
M-05,2026-01-11 04:00:00,73.67994971425827,4.007681072434997,5.882060798139716,1590.5323077548294,0.5977460980659552,0
M-05,2026-01-11 05:00:00,74.51444215986794,4.857654242015075,5.695524902196012,1631.5842680537414,0.8870902585675731,0
M-05,2026-01-11 06:00:00,79.08767524253878,3.7456429072120008,5.951911173845165,1686.895632049413,0.8245165418549861,0
M-05,2026-01-11 07:00:00,73.07065063378545,4.193340272232256,5.708840799357453,1543.236932404483,,0
M-05,2026-01-11 08:00:00,72.58824427325581,4.228890117126425,5.735192453579955,1808.7257651684001,0.9841459109630193,1
M-05,2026-01-11 09:00:00,78.45704622808941,4.089935777814674,5.593988060561623,1640.8984413215394,0.6905008776100509,0
M-05,2026-01-11 10:00:00,80.34866584166707,4.3956893567260815,5.915069310477925,1693.6419887980296,0.8059474925682211,0
M-05,2026-01-11 11:00:00,76.17850794955889,4.636855044851874,5.442334118664937,1555.8378090067793,0.6705564796399831,1
M-05,2026-01-11 12:00:00,78.7801562503204,3.750217062077087,5.44185123755439,1645.5581822246018,0.7728891955125465,0
M-05,2026-01-11 13:00:00,78.46699187211142,4.021487044811418,6.040143616279282,1751.5098993121198,0.9174609971262218,0
M-05,2026-01-11 14:00:00,78.76722600262576,4.257074044991561,5.72577806524318,1724.0715570494635,0.8615953379395007,1
M-05,2026-01-11 15:00:00,86.9782462610018,4.538606741104125,5.737689080996931,1678.8124146315588,0.805023666006696,1
M-05,2026-01-11 16:00:00,83.98332588235962,4.95223782253691,5.556730293505726,1630.826323999436,0.6563490598434613,0
M-05,2026-01-11 17:00:00,79.95818411404503,4.682424352797154,5.447011761848786,1630.0368524272253,0.7054025003926319,1
M-05,2026-01-11 18:00:00,72.94703641782068,4.564780609767083,6.296359920995679,1710.5610060761696,0.8024293939394657,0
M-05,2026-01-11 19:00:00,82.02763081861715,3.907211565836279,5.466480278088169,1624.3348297101177,0.6011219687816476,1
M-05,2026-01-11 20:00:00,85.29439316524258,4.424522336804369,4.820828243621428,1640.113249899446,0.6116567728305672,1
M-05,2026-01-11 21:00:00,85.21666064250836,4.8811929373018135,5.596315121647345,1720.5810429841902,0.9380146748307089,1
M-05,2026-01-11 22:00:00,77.1939935465816,4.284807728196428,5.612895414605291,1610.4260248677685,0.8253039119756765,1
M-05,2026-01-11 23:00:00,83.62794290449432,4.736489712224026,5.04952324321412,1793.9807675898376,0.970419813643572,1
M-05,2026-01-12 00:00:00,78.83224365495619,5.52360353953788,5.737547100277004,1628.6980107612985,0.7007472000042774,1
M-05,2026-01-12 01:00:00,79.03824929279828,5.173417537967079,5.482421829249331,1646.249058391175,0.6516048200658267,1
M-05,2026-01-12 02:00:00,78.70441217845176,4.944560874586431,5.246505291275567,1713.6266580528936,0.8882126972760735,1
M-05,2026-01-12 03:00:00,81.13893217826542,5.647438969332447,5.483902658514363,1778.294695714877,0.8455069013786075,1
M-05,2026-01-12 04:00:00,85.33747191863331,5.330929621073209,5.857727364737244,1718.7507512944494,0.8002937991953107,1
M-05,2026-01-12 05:00:00,85.96383337347386,5.261934531793332,5.9989811224431095,1676.6543776761678,0.6151643972388718,0
M-05,2026-01-12 06:00:00,49.1812637664345,1.5567722694283401,6.7164249476470355,1570.015752330123,0.6886250685264377,0
M-05,2026-01-12 07:00:00,49.15799224041987,1.4737820369562589,6.594835909947911,1701.9313273306882,0.8977958009772817,0
M-05,2026-01-12 08:00:00,51.1343253978992,1.83416766287482,5.979256394695851,1636.609946495304,0.6344279137926367,0
M-05,2026-01-12 09:00:00,58.23621086255326,0.9786639994305757,6.481234219037976,1592.1142278076516,0.6855545322169976,0
M-05,2026-01-12 10:00:00,54.7752424224087,2.1379324921195964,6.808068002847613,1601.6050444901332,0.6115035457365103,0
M-05,2026-01-12 11:00:00,56.81566742193499,1.371150150232703,6.349545122520711,1633.1573616298758,0.6771819825406226,0
M-05,2026-01-12 12:00:00,56.83670073929807,1.3272971802562978,6.034162881506668,1776.0087135873325,0.988052581944753,0
M-05,2026-01-12 13:00:00,58.61356300697633,1.3622155975451808,6.153421622100669,1746.9691938805126,0.9866039472093693,0
M-05,2026-01-12 14:00:00,52.34290793614588,1.2504706621653687,6.307901193389668,1720.383824054963,0.8413539884608083,0
M-05,2026-01-12 15:00:00,58.496545721371554,1.4513925270935635,6.142349055192051,1694.047245591353,0.9137673615416606,0
M-05,2026-01-12 16:00:00,59.97097202444825,1.1838364314916714,6.235329937284777,1556.2570496216451,0.6657996934364951,0
M-05,2026-01-12 17:00:00,63.54310441992041,0.9223184325641701,6.002740168132805,1746.066128484493,0.9743466869109882,0
M-05,2026-01-12 18:00:00,59.62032797224548,1.1854245364234548,6.300745540071651,1630.3370292452448,0.779326891345062,0
M-05,2026-01-12 19:00:00,55.690196110823635,1.2456350772303817,6.3567276837094875,1696.927673113671,0.7125712301145326,0
M-05,2026-01-12 20:00:00,55.651614722973186,2.5463648133290384,5.77356125148699,1691.8403415106666,0.7052702248933103,0
M-05,2026-01-12 21:00:00,57.56184900250384,2.0070100758499216,6.057712375428466,1696.5551856901554,0.7414622168845337,0
M-05,2026-01-12 22:00:00,61.201147804693036,1.783935997246224,6.244036725645131,1725.5743330713774,0.7776972904688417,0
M-05,2026-01-12 23:00:00,61.6818766496535,1.8981421407427175,6.314759931183083,1720.037551557675,0.8895518121188111,0
M-05,2026-01-13 00:00:00,56.787233562928016,1.9091435093481084,6.54953443271345,1693.0367263399794,0.7791450093801542,0
M-05,2026-01-13 01:00:00,59.38956655543702,2.4025343395309227,6.04376933584187,1554.046675444956,0.5638765407905835,0
M-05,2026-01-13 02:00:00,62.49362511031914,1.7324348627215067,6.632546755077035,1723.7798470386188,0.9349668312425488,0
M-05,2026-01-13 03:00:00,63.83258234645342,2.423450676852619,6.265441942249215,1608.897168670215,0.7120145356746699,0
M-05,2026-01-13 04:00:00,64.90850453031938,2.2239676461755815,6.1598238219928385,1693.8901919379348,0.8578955508545263,0
M-05,2026-01-13 05:00:00,59.49654669936537,2.0723264847412315,6.038659899250426,1790.7419969976934,0.990421022060437,0
M-05,2026-01-13 06:00:00,63.82702598047127,2.8379928947981865,6.344830854606781,,0.9881953722934946,0
M-05,2026-01-13 07:00:00,63.97333997026237,1.6793402307983505,5.73361621385233,1676.6776849244407,0.692881311754555,0
M-05,2026-01-13 08:00:00,58.955498080915056,2.9087486383022343,6.321470534012477,1632.3031858133809,0.6668354261897955,0
M-05,2026-01-13 09:00:00,60.142332003203485,2.2290835136886593,6.222312574498928,1649.8107138470334,0.7562582883140333,0
M-05,2026-01-13 10:00:00,67.10889696282646,2.912917151940969,6.266662327099575,1775.8498482621064,0.9920259842346411,0
M-05,2026-01-13 11:00:00,55.66356926652135,2.989626063948333,5.90312552375042,1564.3454682229717,0.582646168851502,0
M-05,2026-01-13 12:00:00,64.7739014520849,2.024157802940608,5.950568854555232,1665.433470834534,0.7584538428207593,0
M-05,2026-01-13 13:00:00,59.8053272935555,2.7036810849921125,5.955010019526547,1631.81330042219,0.5576322134205549,0
M-05,2026-01-13 14:00:00,65.8953800209957,2.792233845429549,5.977328853319115,1659.069660398484,0.6671898242877703,0
M-05,2026-01-13 15:00:00,67.63166151135252,2.5580124151901593,5.666509837043151,1709.8795220153684,0.8667054034163817,0
M-05,2026-01-13 16:00:00,56.491766271650945,3.019659909327133,5.849150149879219,1704.545201097761,0.801556864839178,0
M-05,2026-01-13 17:00:00,65.36848025412446,2.7626446927805772,6.2018169571737864,1597.114110917701,0.5528386635850769,0
M-05,2026-01-13 18:00:00,71.16845500189564,3.0046328661361943,,1700.9064844655875,0.8198265224765878,0
M-05,2026-01-13 19:00:00,65.78485741955224,3.0790349938308124,6.372854150496934,1719.6968208899216,0.646111878306862,0
M-05,2026-01-13 20:00:00,61.98350358493687,2.504972463053739,5.844042320278675,1502.1281198478734,0.5819028713686638,0
M-05,2026-01-13 21:00:00,68.1805647008983,2.850607738495869,5.621114075588794,1737.6870999991331,0.8597792877532793,0
M-05,2026-01-13 22:00:00,60.97855710802811,2.7808575319188322,6.1280885645467,1667.6238156341747,0.76749621097058,0
M-05,2026-01-13 23:00:00,68.78215281159983,3.343028493124532,5.798977781773046,1642.8298914914105,0.8160768656157609,0
M-05,2026-01-14 00:00:00,70.27158295834137,3.177145531153019,,1685.9448885042696,0.7958867950046253,0
M-05,2026-01-14 01:00:00,76.11938446526901,2.7308013332869168,,1602.8443368500116,0.7052373573257198,0
M-05,2026-01-14 02:00:00,69.61270645838748,3.641277996596049,5.988281124878384,1679.0274811588124,0.699913331842943,0
M-05,2026-01-14 03:00:00,70.60980027770631,3.273971102393276,5.8480597382577075,1608.0404478243815,0.6354574327424236,0
M-05,2026-01-14 04:00:00,70.23187215315114,,6.476807915782539,1678.0460743035223,0.6539647013766944,0
M-05,2026-01-14 05:00:00,69.8510001837514,3.147560617630742,6.166587913193529,1688.9843633748221,0.8564206154747764,0
M-05,2026-01-14 06:00:00,74.35550053643492,3.260957018738207,6.2107822891900755,1615.169311268983,0.6851517784959655,0
M-05,2026-01-14 07:00:00,70.76486214799402,2.768599765030849,5.6651838902750296,1762.467087358224,0.9499493814950988,0
M-05,2026-01-14 08:00:00,70.6645327812432,3.8201832213538345,6.245514916393755,1708.646020551632,0.8887257269518402,0
M-05,2026-01-14 09:00:00,78.17749027868051,3.0651049759400237,5.7357837144380035,1624.1265954709352,0.6910090347570055,0
M-05,2026-01-14 10:00:00,73.70567252214525,3.679784976902982,5.895443151877802,1682.2233712123902,0.795612831739622,0
M-05,2026-01-14 11:00:00,73.35175004459327,3.121682258630563,5.942927783184842,1705.5895230472468,0.8926658090661779,0
M-05,2026-01-14 12:00:00,71.13246647083302,3.607310375415766,6.307190073992095,1570.9144133498505,0.6453349563791585,0
M-05,2026-01-14 13:00:00,72.33061556237813,3.980243238616947,5.853991343297638,1707.179622348712,0.8520575735904281,0
M-05,2026-01-14 14:00:00,69.54336603264753,3.8652429227136893,5.421947525111172,1622.8726957282345,0.7039752288150827,0
M-05,2026-01-14 15:00:00,82.17017083172134,3.6180596526512225,5.641564053858363,1740.0664699006777,0.919390130344489,0
M-05,2026-01-14 16:00:00,69.91114973221178,3.777169925298914,6.064512008854966,1636.8496338693642,0.5847421243831189,0
M-05,2026-01-14 17:00:00,75.29808646659544,4.320363386651578,5.60656387619598,1653.1555873297698,0.5902780881740016,0
M-05,2026-01-14 18:00:00,77.69330076078823,4.324901271476499,6.040988137891726,1707.4875700875205,0.7209386090917045,0
M-05,2026-01-14 19:00:00,66.88933029044426,4.524561913995075,6.070408264290226,1668.7602732490639,0.6322830645188526,0
M-05,2026-01-14 20:00:00,78.22968112442177,3.757581244334561,6.07389236272754,1644.6805986146023,0.6527833535098525,0
M-05,2026-01-14 21:00:00,75.31400008908871,3.3650668401630615,5.887791078544008,1720.7999786649686,0.9231044379239426,0
M-05,2026-01-14 22:00:00,78.29044946492434,4.385918207217641,6.043848540174183,1593.9387201612253,0.642751363536097,0
M-05,2026-01-14 23:00:00,78.21570010541352,4.303598287657081,5.628794052880901,1615.511862552429,0.6495415327130775,0
M-05,2026-01-15 00:00:00,80.75448200552951,4.7809753459273825,5.920244385646091,1801.3748780830945,0.9496845408218992,0
M-05,2026-01-15 01:00:00,77.40046791801144,4.428484187230426,5.940963712847222,1731.2418101162632,0.9460551293247244,0
M-05,2026-01-15 02:00:00,79.39692814825383,3.6071299284974776,5.6474598832357845,1637.6155693251824,0.9220756737310646,0
M-05,2026-01-15 03:00:00,77.0717063926194,5.141864653685291,6.0933050701843925,1621.4523748824045,0.5847424995778634,1
M-05,2026-01-15 04:00:00,79.58574101951439,4.316508260891189,5.881045482555638,1654.6751305884227,0.6653978688693517,0
M-05,2026-01-15 05:00:00,79.30360332639222,,5.486377712755024,1701.5089948129516,0.8885159443934403,1
M-05,2026-01-15 06:00:00,82.12218203478447,4.312809650011797,5.163058490916644,1743.0839450894066,0.924342800783906,0
M-05,2026-01-15 07:00:00,82.73135929594892,4.658466088771944,5.791495348298663,1626.5734967234955,0.734146840162123,1
M-05,2026-01-15 08:00:00,73.93299935323809,4.98259506327974,5.981178699161254,1694.119516557782,0.69222923032353,1
M-05,2026-01-15 09:00:00,81.62504273002955,5.151763727934287,5.466137764518628,1571.410491124324,0.6569412034696959,1
M-05,2026-01-15 10:00:00,78.87553572754813,4.9259136498332685,5.820046548601538,1654.935381860873,0.7039602915725888,1
M-05,2026-01-15 11:00:00,81.7781273549619,5.509324967719375,5.9556121294884345,1731.4041571625667,0.9854983280558864,1
M-05,2026-01-15 12:00:00,76.45215665965667,4.772307425270303,6.067310521483934,1611.6410440873544,0.6866725476739675,1
M-05,2026-01-15 13:00:00,79.46469788971862,4.462358908185513,5.345597080213674,1686.658529324701,0.8808517779693914,0
M-05,2026-01-15 14:00:00,85.2926181267343,5.363565144076244,5.368419066488526,1658.756082177949,0.8224543331795922,1
M-05,2026-01-15 15:00:00,84.47693576155568,5.688549974095008,5.269403301221703,1622.9140627833403,0.6725907385224628,1
M-05,2026-01-15 16:00:00,80.19149741861138,4.74996307647731,5.621903829886732,1607.9749627419526,0.5777256990993501,1
M-05,2026-01-15 17:00:00,87.37265694497229,4.744460120138923,5.317505259661966,1675.9321520787933,0.8188529808091726,1
M-05,2026-01-15 18:00:00,89.77089877752104,5.17283853911983,5.799806820993023,1790.5178179601542,0.9788872574337226,1
M-05,2026-01-15 19:00:00,91.81242228672315,5.486299381564314,5.727490205668461,1655.8935692963523,0.6417553992712914,1
M-05,2026-01-15 20:00:00,81.44929680887454,5.338767701675192,5.497679692211217,,0.7261483978371611,1
M-05,2026-01-15 21:00:00,88.01086741524425,4.399758512634251,5.399538933312907,1634.6566116509953,0.8019946898587977,0
M-05,2026-01-15 22:00:00,88.20881193106247,4.519490395957597,5.436310367229215,1565.195345818604,0.6468911316331315,1
M-05,2026-01-15 23:00:00,86.92424952849629,4.299769901689304,5.7070133958607805,1585.8593227937088,0.6282906374606555,0
M-05,2026-01-16 00:00:00,58.198690077925356,1.4818287318480852,6.0413106663253915,1691.5148781184657,0.8429977518813311,0
M-05,2026-01-16 01:00:00,59.88004739774864,2.053457987614773,6.295402857161672,1722.671782465071,0.8096533100154075,0
M-05,2026-01-16 02:00:00,54.80520522733809,0.7223452697991933,6.634179321282286,1705.0333060517517,0.9425371736966959,0
M-05,2026-01-16 03:00:00,62.768450852230345,2.4829420295515297,6.674013667200965,1611.7249211048006,0.5960925722862815,0
M-05,2026-01-16 04:00:00,61.32556781435843,1.5478358359949458,6.669654094003886,1678.7736379344997,0.8425833397091909,0
M-05,2026-01-16 05:00:00,57.45555144689176,1.6265120974823246,6.381573846941948,1596.5950824984545,0.6097989340500051,0
M-05,2026-01-16 06:00:00,57.91890837129098,2.860324548216159,6.529466985203979,1704.3209238795225,0.6556647027640025,0
M-05,2026-01-16 07:00:00,57.983873190316096,1.6306962428408744,6.00123208712626,1657.2344791679907,0.9545461193955866,0
M-05,2026-01-16 08:00:00,62.519212213354564,2.929795496442852,6.036157079875127,1711.6744812088052,0.8517414686260398,0
M-05,2026-01-16 09:00:00,57.31311860113604,1.9535812749692911,6.497717613775973,1727.9521751745851,0.941893267767316,0
M-05,2026-01-16 10:00:00,54.95896885902774,2.072745173414946,6.358198112421043,1621.6136670571514,0.6211968740540597,0
M-05,2026-01-16 11:00:00,60.05782880415056,2.3766069547161277,6.251404427622427,1682.6334287019406,0.8030871407450175,0
M-05,2026-01-16 12:00:00,60.113933221347565,1.9249872349431316,5.715459286121265,1642.6851340542742,0.5793660362216563,0
M-05,2026-01-16 13:00:00,60.19327526949361,1.8490544816964065,5.924720564747118,1775.8532146058603,0.9790366316579655,0
M-05,2026-01-16 14:00:00,60.71248620665286,1.4625240776804826,6.373976674715252,1692.6812297714,0.9038877919770727,0
M-05,2026-01-16 15:00:00,59.86612496510373,1.5758412837956493,5.823026715144984,1641.6178435643951,0.6566823786214925,0
M-05,2026-01-16 16:00:00,63.72793873416841,2.7812518137345195,5.949992143224538,1738.619193140301,0.9442116262217872,0
M-05,2026-01-16 17:00:00,65.24900784219709,1.5978848045956435,5.942222797593643,1584.6569254517499,0.6979599926901197,0
M-05,2026-01-16 18:00:00,63.85563910419328,2.3282592727453535,5.9915285853769555,1544.5780796869537,0.5680025072954782,0
M-05,2026-01-16 19:00:00,65.96921944689538,2.251670632729325,6.434689529181844,1646.8674461507967,0.8003273003387632,0
M-05,2026-01-16 20:00:00,62.85769189276962,3.1527883988668473,6.160504342874267,1630.0404063296198,0.8371015827246822,0
M-05,2026-01-16 21:00:00,63.496634999501126,2.0873112748104874,6.337864689454847,1774.6427921428613,0.873981513879274,0
M-05,2026-01-16 22:00:00,67.38408003085398,2.7353722117051174,5.870646641699101,1769.7187989628785,0.9274576410132942,0
M-05,2026-01-16 23:00:00,61.51293108474328,2.7892515012972994,5.874266008798807,1689.6157144681429,0.8027067720600851,0
M-05,2026-01-17 00:00:00,60.46904547278878,3.07852807249708,6.0867564126566025,1700.3708735895852,0.7410761733549884,0
M-05,2026-01-17 01:00:00,67.75570163588817,2.771333244310733,5.637464536075919,1802.659434257733,0.8681957008287706,0
M-05,2026-01-17 02:00:00,65.91035056157982,2.8950432780060544,6.328095291953835,1690.0664123517038,0.7360466880418362,0
M-05,2026-01-17 03:00:00,67.48368005423148,2.0111388976902287,6.373765926368675,1669.2425702925202,0.8425402831015598,0
M-05,2026-01-17 04:00:00,64.29427203864003,2.430263251458719,6.240880447954952,1640.491939354855,0.7492545248001137,0
M-05,2026-01-17 05:00:00,67.00689557360798,2.85889794048096,6.089876657978889,1705.5528778471223,0.9654286558756613,0
M-05,2026-01-17 06:00:00,67.67635761837701,2.8918456584247587,6.186783799147124,1618.1764572255186,0.6644954811566396,0
M-05,2026-01-17 07:00:00,64.4527878474539,3.6202709359700185,6.044150768836075,1553.0955595860564,0.574779012311073,0
M-05,2026-01-17 08:00:00,69.61653356928029,3.3489806553459154,6.004561698287267,1619.6864856019658,0.5986683028084434,0
M-05,2026-01-17 09:00:00,69.98657752574609,3.3613343102003546,5.962769456295076,1670.7114393790944,0.8366172358390886,0
M-05,2026-01-17 10:00:00,72.69017140330526,3.8075794354673524,6.041341358474239,1686.3241086047028,0.9150679909620973,0
M-05,2026-01-17 11:00:00,62.373649919974454,3.8242129681622816,5.793676842493029,1696.463692927939,0.6547001258156484,0
M-05,2026-01-17 12:00:00,77.09649678719111,3.0482541894705037,5.893902604234747,1684.0202276738075,0.8809702846897136,0
M-05,2026-01-17 13:00:00,67.73738118177162,2.68234682757047,-99.0,1677.852733800495,0.7488862967725254,0
M-05,2026-01-17 14:00:00,74.3507697417735,2.65557012086108,6.444044986605519,1655.2283370926416,0.7966261775617909,0
M-05,2026-01-17 15:00:00,76.15996066239768,3.544685193300515,5.779720445221371,1699.6422557447202,0.9344018579762461,0
M-05,2026-01-17 16:00:00,67.94186195620266,3.512866997078893,5.685613760890451,1557.1990227772342,0.564774454768729,0
M-05,2026-01-17 17:00:00,71.36278170553518,2.76124486966896,5.916262924207853,1779.3888747645044,0.929041196949522,0
M-05,2026-01-17 18:00:00,60.98750806836425,3.1206222909084613,5.446066810586482,1709.6259902884003,0.7610253143106551,0
M-05,2026-01-17 19:00:00,72.50562612243263,4.093256733448082,6.248800424338009,1636.6920642003201,0.7168421066696651,0
M-05,2026-01-17 20:00:00,74.97820363644811,4.5404729654615466,5.887224632162077,1664.3614951937213,0.8160007362675985,0
M-05,2026-01-17 21:00:00,69.24093448991127,3.5871226485914898,6.141855696144949,1677.4963978770966,0.799884269509767,0
M-05,2026-01-17 22:00:00,68.18380753966329,3.380340915965559,5.8072464255476435,1641.5942527600466,0.6568744115129653,0
M-05,2026-01-17 23:00:00,71.10577325594105,3.600862106670778,5.693904757995014,1696.9879113033796,0.7405980550275932,1
M-05,2026-01-18 00:00:00,80.81659943580829,3.4713445388411603,6.1194096535929825,1755.736751674061,0.8709384629687003,0
M-05,2026-01-18 01:00:00,66.92575263778224,4.231092960007506,5.572559064829252,1720.8270145783338,0.8599016516813052,0
M-05,2026-01-18 02:00:00,76.9492673937706,3.956734554045117,5.738564510722509,1628.6947176515303,0.6608524120046317,0
M-05,2026-01-18 03:00:00,73.8683657740504,3.610910209472327,5.391579989137322,1596.0864591504082,0.6879406379044486,0
M-05,2026-01-18 04:00:00,73.93300764001573,4.189614871718587,5.143880344509158,1630.1610860855535,0.6339316251177864,0
M-05,2026-01-18 05:00:00,74.53981284213386,4.533669476715607,5.5642912143439,1660.1081699480878,0.7352810922765073,0
M-05,2026-01-18 06:00:00,79.91161682287941,4.2817781533163535,5.737012319778569,1777.0337155572624,0.8409151401147148,0
M-05,2026-01-18 07:00:00,74.6535305538182,5.276766919239192,5.541099081766888,1616.6607228142045,0.612397257328855,0
M-05,2026-01-18 08:00:00,78.4540461558222,4.548938098065457,5.782943785217476,1578.6921092940213,0.5897803229709013,0
M-05,2026-01-18 09:00:00,75.59284559589331,4.918766015127419,5.674420268922598,1700.8980576415017,0.6890956958779134,0
M-05,2026-01-18 10:00:00,72.7727885123647,5.25738568488409,5.757817489724031,1600.4161484722158,0.7996955465138833,0
M-05,2026-01-18 11:00:00,76.7021211571075,4.77735032407006,5.1111533432627265,1696.4844289119515,0.9185078877524822,0
M-05,2026-01-18 12:00:00,86.2428480105364,4.281158855655501,5.856725084391921,1805.776330517837,0.8845221148573621,1
M-05,2026-01-18 13:00:00,74.16760988653708,5.328947050118759,5.5522915483026125,1614.4544833320365,0.5858699657163845,1
M-05,2026-01-18 14:00:00,76.73724953720625,4.596464012995379,6.161763428254094,1676.695336605818,0.5624647069967534,1
M-05,2026-01-18 15:00:00,76.6472035624241,5.724957075933518,5.7489695139610095,1676.2229109438922,0.6777040600254973,0
M-05,2026-01-18 16:00:00,80.5573715711555,4.0536848898970055,6.174489812129998,1765.893094249061,0.9550781962474565,1
M-05,2026-01-18 17:00:00,82.36041397682588,5.325222790764686,5.757894477881888,1715.082342882894,0.8100403829095084,1
M-05,2026-01-18 18:00:00,82.0069663008593,4.501261189923365,5.7507619364664935,1733.9841225944606,0.9998205909097385,1
M-05,2026-01-18 19:00:00,82.08500998327509,4.821871837688981,5.534112707127227,1664.912831730377,0.7850914417283076,1
M-05,2026-01-18 20:00:00,80.20827374580661,4.821927227233808,5.485978992720355,1665.7143705102321,0.9642511955884068,1
M-05,2026-01-18 21:00:00,85.30810560678958,4.602105063460249,6.076679020513831,1562.3370047408227,0.5789897998870329,1
M-05,2026-01-18 22:00:00,89.82560281782092,4.785304377821616,5.847618729948155,1647.9500559364544,0.6633709886151282,0
M-05,2026-01-18 23:00:00,87.32097787101453,5.234399991882451,5.673872253742147,1696.8663264250104,0.796257210273623,1
M-05,2026-01-19 00:00:00,76.91894503693283,4.4977043269566215,5.366243170307542,1586.7335947720064,0.6216525201287788,1
M-05,2026-01-19 01:00:00,85.28984546873517,5.136728591289753,5.431385258652051,1740.075560542202,0.8722544519125255,1
M-05,2026-01-19 02:00:00,87.75904410590034,4.9042331191423925,5.934067593806656,1735.9045980460237,0.9323688143573539,1
M-05,2026-01-19 03:00:00,84.38220950533469,5.153884135820908,5.565673849061023,1654.9403443193873,0.8136956125938313,1
M-05,2026-01-19 04:00:00,86.73634859094159,5.623784783399835,5.791943179562244,1733.0474876528688,0.9795255599355912,1
M-05,2026-01-19 05:00:00,81.34639365294511,4.250961803680326,5.193147216558756,1670.5533453245619,0.6355354222540287,1
M-05,2026-01-19 06:00:00,86.44315772534583,4.631820877568653,5.527984584566549,1738.8303356189208,0.9069027484295453,1
M-05,2026-01-19 07:00:00,89.80581475960737,6.162844999444347,5.461041115955111,1781.6348572905677,0.8098541017341689,1
M-05,2026-01-19 08:00:00,87.07285632075005,5.600399934374231,5.503923432729163,1654.95566245578,0.7780213438483218,1
M-05,2026-01-19 09:00:00,82.5158938217073,6.182551509309324,5.747952179687433,1638.343901526166,0.5715108536142758,1
M-05,2026-01-19 10:00:00,89.30051262120034,4.80864266067504,5.58261635073967,1769.2809451994149,0.9897481214774297,1
M-05,2026-01-19 11:00:00,89.82206044561062,5.114556805990369,5.757400404538577,1683.9848837287288,0.7439275884740906,1
M-05,2026-01-19 12:00:00,92.73353636172754,5.610474681311267,5.299355039691447,1739.406483582785,0.951957229729938,1
M-05,2026-01-19 13:00:00,84.93318642526485,5.841471325563417,5.7044812335981065,1720.3509105671656,0.7003125811318639,1
M-05,2026-01-19 14:00:00,94.81320020903665,6.143786119280618,4.984873839044911,1621.0155681977274,0.7345020532203621,1
M-05,2026-01-19 15:00:00,82.45228602071123,5.6684786022401585,5.670846375968058,1581.506935363805,0.8020024854474976,1
M-05,2026-01-19 16:00:00,86.29819719266538,5.273812160123438,5.245868324869562,1521.2677418181931,0.6136890507625679,1
M-05,2026-01-19 17:00:00,87.0675969853514,6.299738890003029,5.473178479593493,1690.454358906212,0.8038678220595463,0
M-05,2026-01-19 18:00:00,61.81292439628194,1.5504300915121245,6.463495246598923,1720.5576857100648,0.8386763562459494,0
M-05,2026-01-19 19:00:00,56.73431781029985,1.60844202060199,6.066132403435651,1741.8095940385786,0.9040966756361202,0
M-05,2026-01-19 20:00:00,63.04481651360415,2.6368934181776007,6.173303613064553,1615.8630784770355,0.7534924597954904,0
M-05,2026-01-19 21:00:00,58.61078577329826,1.89940289893796,6.0494900789007815,1602.1049635171394,0.6187712984999818,0
M-05,2026-01-19 22:00:00,61.642610140370486,1.9160687644196064,5.97376740380982,1799.9008483993935,0.9804607882890806,0
M-05,2026-01-19 23:00:00,59.75347885896916,1.157689662966077,6.1038069131114305,1555.1688681617786,0.5960696773620517,0
M-05,2026-01-20 00:00:00,59.669092972906334,2.530567887286057,5.845621392792438,1624.1989335613089,0.7204934788407615,0
M-05,2026-01-20 01:00:00,57.01656676975858,2.5686583713320217,6.599761544473004,1740.9505213787718,0.9315856460687777,0
M-05,2026-01-20 02:00:00,59.98756302732194,1.941227137170329,6.54409992111309,1608.8464415419971,0.6082979847551853,0
M-05,2026-01-20 03:00:00,,2.5365813665994796,6.578243509523082,1643.94291593486,0.607074558069507,0
M-05,2026-01-20 04:00:00,57.63620416627119,1.0677607778284903,6.230341469621888,1660.124120664148,0.7819787371380266,0
M-05,2026-01-20 05:00:00,61.01599837779831,3.0467320250704297,6.0379379654432475,1646.0533514560714,0.8001046918308379,0
M-05,2026-01-20 06:00:00,65.53783548933748,1.9735055521657494,5.905807673371842,1751.3352316716246,0.8507873254271299,0
M-05,2026-01-20 07:00:00,59.664455803798184,2.454195170820494,6.434129978555974,1665.3380568290318,0.7104831148284912,0
M-05,2026-01-20 08:00:00,61.67875924601461,3.9882949940877834,5.727478189889524,1537.9090239396967,0.5660184800084788,0
M-05,2026-01-20 09:00:00,64.20680744378141,1.8664524732056424,6.161388412573517,1653.1655252711917,0.6775983240917878,0
M-05,2026-01-20 10:00:00,57.20851757151159,2.5674992657641735,6.5033962101731495,1555.4079851102067,0.5677806110523888,0
M-05,2026-01-20 11:00:00,59.22851720276175,2.83949377619831,6.141592454309704,1649.658429194734,0.7550919919819965,0
M-05,2026-01-20 12:00:00,63.77881865351348,1.5421402347845987,6.2958953954744015,1595.1674237765076,0.6647072033719232,0
M-05,2026-01-20 13:00:00,70.38828639364255,2.421250229664338,-99.0,1762.176588993112,0.8878258834336825,0
M-05,2026-01-20 14:00:00,70.33035174179668,3.3693932807732825,5.878276624259929,1696.9905256591198,0.9876433343002284,0
M-05,2026-01-20 15:00:00,62.91797889499191,2.114210972039401,6.24218171417814,1628.1553567499054,0.611659330475792,0
M-05,2026-01-20 16:00:00,68.13434179752487,2.792211997892966,6.364031938702149,1570.8811595806678,0.6985331368041501,0
M-05,2026-01-20 17:00:00,64.74010862602901,3.1286508339483126,6.171645625649745,1640.5351846419753,0.6854311612826545,0
M-05,2026-01-20 18:00:00,63.828085904097584,3.236995886964542,5.94713249365163,1764.3375730757018,0.9269225900250129,0
M-05,2026-01-20 19:00:00,67.44302069069049,2.60230557841568,6.022510128285932,1715.2236692334986,0.8366004648941836,0
M-05,2026-01-20 20:00:00,65.69947140782782,2.8021900800290664,6.032380774779782,1712.1901659001064,0.8959551605813181,0
M-05,2026-01-20 21:00:00,69.49051140494693,1.975331104182036,5.715736703734867,1748.592449193437,0.9063918906373837,0
M-05,2026-01-20 22:00:00,66.57320486200409,3.2658835119514626,5.7305032598191685,1738.6325609534572,0.9812552070208076,0
M-05,2026-01-20 23:00:00,64.71624554171122,3.321894342034494,6.131939566762303,1667.6889807646348,0.8218832173526021,0
M-05,2026-01-21 00:00:00,69.11637380995562,2.7678963821183187,6.196679746114161,1755.8054549197727,0.952242768497359,0
M-05,2026-01-21 01:00:00,72.11223336145811,3.151352899259316,,1639.6338317509872,0.7277549376905346,0
M-05,2026-01-21 02:00:00,62.58413909606318,3.3737776828705424,6.116699173406265,1612.7540824635091,0.6805887048911816,0
M-05,2026-01-21 03:00:00,67.70405398723317,2.845465383459659,6.105292713745984,1623.4966238082486,0.632901837312564,0
M-05,2026-01-21 04:00:00,68.91749936757472,3.9284555242427155,6.1892287908951475,1733.1575623824535,0.9641066840568624,0
M-05,2026-01-21 05:00:00,69.76437692281054,3.6751783512665375,6.322566189332243,1653.5188461413497,0.7734277669887866,0
M-05,2026-01-21 06:00:00,70.97077927555627,3.1651898900561983,6.006037826340124,1646.7174957016275,,0
M-05,2026-01-21 07:00:00,66.36014421724748,3.243257316386812,5.859528200172076,1555.5090220220059,0.5808374371685397,0
M-05,2026-01-21 08:00:00,75.19949449349365,3.353025576992977,5.82572732046177,1638.237961826481,0.7711441624175559,0
M-05,2026-01-21 09:00:00,74.46408696061692,3.5215686321528468,6.445197406588071,1721.3429073889104,0.8725008661276685,0
M-05,2026-01-21 10:00:00,73.05407985899213,,6.064916936423853,1686.2434197753514,0.7282744377146478,0
M-05,2026-01-21 11:00:00,73.76519687380944,3.6991899018689915,5.757227285899043,1612.8502294995858,0.6240836274391973,0
M-05,2026-01-21 12:00:00,74.05168149180462,4.254155983438507,6.140287011269854,1708.720630861466,0.8738603259670343,0
M-05,2026-01-21 13:00:00,72.31400022213117,2.9592818808885952,5.95257338725766,1745.663831751442,0.9193611047015875,0
M-05,2026-01-21 14:00:00,74.54344419619157,4.322848841805277,6.1006844563008364,1718.599421226587,0.9132314970400225,0
M-05,2026-01-21 15:00:00,73.84776655247273,3.6783182400612384,6.03553954766283,1706.8689926592185,0.9680661871686449,1
M-05,2026-01-21 16:00:00,74.91012571236341,3.5939801640207856,5.6524887219633655,1569.0983432879566,0.6816846702714278,0
M-05,2026-01-21 17:00:00,77.44252389768823,4.042041901003316,5.266884038184792,1680.715749576823,0.877155116292931,0
M-05,2026-01-21 18:00:00,71.16131743291572,3.510067244568244,5.842309631798825,1723.8709185382872,0.9204055833859738,0
M-05,2026-01-21 19:00:00,78.75956451051505,3.925777046170915,6.269126747234098,1667.8364609707883,0.9234406741382996,1
M-05,2026-01-21 20:00:00,79.08421185670754,4.13857049464849,5.5253753973681405,1671.8468144163885,0.8494146375863127,0
M-05,2026-01-21 21:00:00,80.86530051227999,4.024408317188476,6.244604711454505,1633.8742349035183,0.7572135375738838,0
M-05,2026-01-21 22:00:00,77.89663970266602,4.229125493744728,6.043355115002435,1626.4451989899298,0.5915665215773921,0
M-05,2026-01-21 23:00:00,75.20663698397023,3.815023079307033,5.960585066189442,1632.2324970115935,0.571365565252402,0
M-05,2026-01-22 00:00:00,73.16626485751368,3.4202542607726105,5.712946632079912,1691.1506076288845,0.7526534307249151,0
M-05,2026-01-22 01:00:00,76.22017178914673,4.199525671179872,5.689731098868622,1650.1334813208482,0.6165078321083692,1
M-05,2026-01-22 02:00:00,76.75111044401281,4.101958822236739,5.757855698221484,1663.8292241450317,0.7651301123497269,0
M-05,2026-01-22 03:00:00,81.00162787057455,4.483225499584662,6.089842613325983,1684.0527844222559,0.8418178809388916,0
M-05,2026-01-22 04:00:00,78.51923730768542,4.679677057904597,6.313398441430201,1646.938628560641,0.8034342050146803,1
M-05,2026-01-22 05:00:00,84.72452415752251,4.823858554411477,5.8670543309169005,1714.2355307499183,0.912912116858736,0
M-05,2026-01-22 06:00:00,81.40395452872595,4.471073739785167,5.756987785157226,1688.3498354164055,0.9649221827720986,0
M-05,2026-01-22 07:00:00,82.498538713178,4.605171730583575,6.341640339316132,1615.183917303937,0.6725465227890285,1
M-05,2026-01-22 08:00:00,79.03857354264493,5.43828594967778,5.601875786152591,1595.4920455281222,0.7113318208245231,0
M-05,2026-01-22 09:00:00,84.58360933959506,4.539309275332207,5.433622581741111,1718.9638372507775,0.929687579598158,1
M-05,2026-01-22 10:00:00,84.05328918660007,4.4823493596772055,5.781490614391479,1744.798659826524,0.9854404218718094,1
M-05,2026-01-22 11:00:00,80.83954076501755,5.029671467369735,5.88789973644319,1706.7557001171517,0.8262910783223724,1
M-05,2026-01-22 12:00:00,79.8301001521939,4.422215303147539,5.528176931631979,1697.1525849295458,0.7564825381062377,0
M-05,2026-01-22 13:00:00,84.55324519600151,4.97090682778745,5.647199716413439,1739.9099137213109,0.8563487118003853,1
M-05,2026-01-22 14:00:00,78.70908873872462,4.431391000561549,5.303266892735027,1595.4947499107543,0.6571421434295641,1
M-05,2026-01-22 15:00:00,81.88990452249014,4.781384163219793,6.079984142983459,1618.771587915142,0.7387796946372616,1
M-05,2026-01-22 16:00:00,83.57866477313904,5.183270047494446,5.784322312105312,1732.1306221945338,0.8544808032045463,1
M-05,2026-01-22 17:00:00,89.55913924349194,3.7475786743929542,5.635595266807259,1737.7991233814832,0.9221396580691291,1
M-05,2026-01-22 18:00:00,82.55321487433756,4.460648911547989,5.156116207696279,1644.8935894200501,0.7201485390342139,0
M-05,2026-01-22 19:00:00,84.01726888009028,5.43928615272632,5.542700456519585,1734.3847096210961,0.8997275067194512,1
M-05,2026-01-22 20:00:00,89.27815546084476,4.624644988704908,5.750026175594386,1760.3372729303378,0.9261677382364023,1
M-05,2026-01-22 21:00:00,85.40738069980372,5.353598427830251,5.687239186254369,1708.2484954419067,0.8691223920400867,1
M-05,2026-01-22 22:00:00,86.32279896050974,4.5158475312197375,5.720243207303525,1751.4512632884762,0.9486845217944747,1
M-05,2026-01-22 23:00:00,97.38042192824281,5.79774272827646,5.635665108887771,1731.2995664021523,0.9210806821530514,1
M-05,2026-01-23 00:00:00,88.9464073322133,4.491142952991522,5.594171466610465,1749.3044952321304,0.9879118866828984,1
M-05,2026-01-23 01:00:00,85.63882124948888,5.551880515794692,5.552378802198584,1709.7854121960725,0.8981612400153998,1
M-05,2026-01-23 02:00:00,84.67248056894883,5.398850706052769,5.703784829685111,1588.3878551836117,,1
M-05,2026-01-23 03:00:00,88.1663122781259,6.710548796778578,5.574933604720502,1680.693519379482,0.9261711871689606,1
M-05,2026-01-23 04:00:00,86.79397732532472,5.846310391311896,5.222438588302177,1699.9925125015943,0.8902420399237926,1
M-05,2026-01-23 05:00:00,90.07006335340905,4.894484452612939,5.396982023103484,1601.0436679575441,0.6630050186227767,1
M-05,2026-01-23 06:00:00,95.1186454393753,4.963299184005897,5.76374080870087,1685.8144833945237,0.7287851011382145,1
M-05,2026-01-23 07:00:00,95.54202210729359,6.879466414801156,5.414676795018583,1687.3661670221952,0.805269254113572,1
M-05,2026-01-23 08:00:00,91.49236480802776,5.922681930798607,5.055374308512701,1686.970656961264,0.7743159642275026,1
M-05,2026-01-23 09:00:00,89.01550095716858,6.069863986888498,5.846387795484381,1703.0320574066313,0.825966315339121,1
M-05,2026-01-23 10:00:00,89.69566002732209,6.187761650558178,5.097582958285843,1678.514278139371,0.7750349105678525,1
M-05,2026-01-23 11:00:00,91.66993514898196,5.986524629637877,5.272358459691007,1600.1549365106928,0.6896819237979603,0
M-05,2026-01-23 12:00:00,59.26008980966618,1.417777752367984,6.213838433273578,1654.686533076253,0.7716470477329926,0
M-05,2026-01-23 13:00:00,59.639841804604345,2.6366116828194723,6.088868614453143,1688.8221822332046,0.7600882002606021,0
M-05,2026-01-23 14:00:00,54.4807806716737,1.7934706474239617,6.816059395949994,1709.5359680622237,0.857483769725919,0
M-05,2026-01-23 15:00:00,56.089759114759715,1.1873384340939634,6.284544222214762,1661.8304844866905,0.6797462957667236,0
M-05,2026-01-23 16:00:00,59.8321443672629,1.5358142589879502,6.080029959079926,1708.8943368831297,0.9584854085739787,0
M-05,2026-01-23 17:00:00,59.373690030426275,2.2162596966481716,6.194810709491501,1585.8247689530738,0.583014508795474,0
M-05,2026-01-23 18:00:00,52.11031491287763,2.717826959557618,6.4272878826264455,1599.5787144438864,0.6165734025638961,0
M-05,2026-01-23 19:00:00,58.3148584502193,1.900228208012228,5.693535149050717,1706.4163532914974,0.9226999593072698,0
M-05,2026-01-23 20:00:00,,1.9807928366590284,6.608838352246505,1590.6221993289867,0.596136273950379,0
M-05,2026-01-23 21:00:00,57.54488006349656,1.3976272987150282,6.4543860307521195,1629.27088687774,0.6646702598570208,0
M-05,2026-01-23 22:00:00,56.82333878449726,1.9217343481132172,6.537312452348429,1636.329738527473,0.6563060664264987,0
M-05,2026-01-23 23:00:00,64.43266280878827,2.3155404157905233,6.542914647932587,1722.4155948654015,0.928012844759959,0
M-05,2026-01-24 00:00:00,62.74977954495112,1.8710661706923277,5.7620038639287765,1622.7644913434863,0.5709774965250886,0
M-05,2026-01-24 01:00:00,65.83882697243966,2.6738051442870985,6.086578948038461,1590.0189104946671,0.8474574855699849,0
M-05,2026-01-24 02:00:00,64.18208499442493,2.48450652121631,6.120128216900993,1698.1671493348094,0.8929530553333573,0
M-05,2026-01-24 03:00:00,61.65823424392093,2.4787804599575236,6.352113470860792,1544.7785864449095,0.5542962296653244,0
M-05,2026-01-24 04:00:00,59.56445257777384,2.4800343309792656,5.8132628505030794,1703.9869104722543,0.7505108156617202,0
M-05,2026-01-24 05:00:00,63.34638176292967,1.9566397430396265,6.657387420729555,1615.366975363516,0.5887889838625804,0
M-05,2026-01-24 06:00:00,64.20686670278621,2.7099060298080504,5.909063161104652,1633.4993342220628,0.6884960999732075,0
M-05,2026-01-24 07:00:00,66.44179946986286,2.5858123128153987,5.980065560006953,1696.3734628916827,0.9069405135962884,0
M-05,2026-01-24 08:00:00,61.155367469300195,2.4804831970109147,6.166081432564135,1613.5935451096022,0.6098738549189517,0
M-05,2026-01-24 09:00:00,66.13363821524143,2.4839873820359912,6.073447832560079,1746.9773130398974,0.8755669024359645,0
M-05,2026-01-24 10:00:00,66.12748569864408,3.3931917791621475,6.008465352583384,1750.7291484294303,0.9980951569092769,0
M-05,2026-01-24 11:00:00,62.80409832257193,2.3765129242250627,6.075264829118452,1624.7374400818962,0.5763050372261729,0
M-05,2026-01-24 12:00:00,70.2395583675392,2.606650801602606,6.303919691998226,1617.172584418812,0.6942466260603464,0
M-05,2026-01-24 13:00:00,63.57823709093142,3.020176856645438,6.07093112664655,1596.063179733919,0.5852039765913469,0
M-05,2026-01-24 14:00:00,68.41104246123828,4.235455566055597,6.050891719087721,1710.032535075974,0.9553917543608341,0
M-05,2026-01-24 15:00:00,68.25316784189847,2.968353294357538,6.411009203397209,1745.917451247912,0.852610853766471,0
M-05,2026-01-24 16:00:00,69.26610177320751,2.6613507965826235,6.250589255492538,1722.364308786611,0.8786352546247695,0
M-05,2026-01-24 17:00:00,64.08926964601623,2.7677728073957364,5.541266873575052,1580.9623331161752,0.7308099181395259,0
M-05,2026-01-24 18:00:00,71.60693247015588,3.561009133627897,5.9441369559547015,1596.6989570436526,0.59482826415896,0
M-05,2026-01-24 19:00:00,65.46808608472546,2.613398567653649,5.926541017149,1682.0133079462823,0.7626331378806623,0
M-05,2026-01-24 20:00:00,73.71105217954737,2.4879242806826456,5.884453366103049,1586.207768355684,0.6707213868514136,0
M-05,2026-01-24 21:00:00,66.13291173263926,3.416413963951816,6.021254258961939,1643.2233055301197,0.6650218220228798,0
M-05,2026-01-24 22:00:00,67.32091609684245,3.1149625994816916,6.0793806122094844,1550.5837818030193,0.6225884451359118,0
M-05,2026-01-24 23:00:00,69.48800581612552,2.556321411010626,5.87852983073591,1721.3503918453625,0.8903555733891988,0
M-05,2026-01-25 00:00:00,70.46404082313668,3.7991108260257773,5.839335174713365,1637.4235766958218,0.678261764768135,0
M-05,2026-01-25 01:00:00,71.2189602304382,3.787252444404441,5.7987221298036555,1760.8816464489676,0.7641518112499444,0
M-05,2026-01-25 02:00:00,75.21315819985095,2.8465659440217093,6.020028685756858,1660.9009249264038,0.8383553203449281,0
M-05,2026-01-25 03:00:00,69.98453678221937,4.220357434121837,5.676755601082943,1596.0839552425612,0.7162039422856783,0
M-05,2026-01-25 04:00:00,73.17471033039018,3.7362907843637716,6.069327016902514,1611.863083683364,0.6538074404043563,1
M-05,2026-01-25 05:00:00,73.23589837548028,3.9654584784364904,5.597235163857156,1657.4622736035165,0.8235411879258665,0
M-05,2026-01-25 06:00:00,66.97446495444991,3.521167490957399,5.85749222400368,1557.7369045567323,0.6081154509246612,0
M-05,2026-01-25 07:00:00,67.83956979732847,4.23809604503805,6.016412250784315,1675.380978369138,0.7522021302072532,0
M-05,2026-01-25 08:00:00,69.43677819299336,3.8192029050818803,5.7258125420347445,1603.3523410838818,0.5621317814701456,0
M-05,2026-01-25 09:00:00,76.01902807887791,2.981744343983096,5.893986286297657,1673.0992411131688,0.9324503388266593,0
M-05,2026-01-25 10:00:00,83.19630348107113,4.112287552338265,6.21535341621884,1746.226929184166,0.9283781438166759,0
M-05,2026-01-25 11:00:00,70.8322715557477,4.018278358336928,6.152965096944593,1629.410331033873,0.5855159164672308,0
M-05,2026-01-25 12:00:00,79.32165358664864,3.7549646117752156,6.3796893273036055,1682.8792809444492,0.7508657747447254,0
M-05,2026-01-25 13:00:00,71.9941016027744,3.4825019608740155,5.81497725626681,1600.6293090735546,0.700622430924333,0
M-05,2026-01-25 14:00:00,76.68442035764095,3.428915477181482,5.6370726640413,1654.6498888535364,0.9496078455179716,0
M-05,2026-01-25 15:00:00,71.96308270564188,4.625313944894469,5.919013981012525,1697.9111169182552,0.8391009410204354,0
M-05,2026-01-25 16:00:00,77.57922669619553,3.334473701874246,5.997484600757435,1757.1363383078387,,0
M-05,2026-01-25 17:00:00,74.63971056653392,4.2386063312570945,5.571438841737375,1624.1707921085604,0.8757722277436064,0
M-05,2026-01-25 18:00:00,77.64668945240346,4.359230217644979,5.898327996503376,1747.0138191250796,0.9904185188834819,0
M-05,2026-01-25 19:00:00,75.13167024231323,4.53215428492579,5.487923736458152,1689.690143373486,0.9071641451907682,1
M-05,2026-01-25 20:00:00,76.50859821575126,5.2758562080315725,6.033737662968885,1640.5675750286457,0.7610531249470196,0
M-05,2026-01-25 21:00:00,82.22318812608209,3.827525418906825,5.498804437882245,1718.028475337655,0.8373174809910711,0
M-05,2026-01-25 22:00:00,79.068393929884,4.3292380687504135,5.409953592947392,1730.7810920439774,0.9097147944979658,0
M-05,2026-01-25 23:00:00,82.71456201680897,4.536301997967606,5.492089403265053,1679.9501163709292,0.6377794207172279,0
M-05,2026-01-26 00:00:00,78.16558172725837,4.703831229171718,5.615025461173063,1687.381365081909,0.8631752459741104,1
M-05,2026-01-26 01:00:00,81.16399323490833,3.904046478978798,5.716702390281024,1602.5373696069807,0.5697316919539854,0
M-05,2026-01-26 02:00:00,73.91648993375017,4.785255107964833,5.402823468324826,1581.7325782832866,0.5701135899055885,1
M-05,2026-01-26 03:00:00,78.35827357393643,5.310561261787511,5.765673810102943,1680.7022996292458,0.7580279683546833,0
M-05,2026-01-26 04:00:00,84.37468817347252,5.012943367653147,5.367700007885661,1598.1618500501654,0.6125908997081853,1
M-05,2026-01-26 05:00:00,89.77552044930424,4.464353776658308,5.672886528219471,1705.2681467128052,0.9322175036446556,0
M-05,2026-01-26 06:00:00,83.30145809477209,4.640321432334982,5.40374690904112,1784.602900920082,0.977981794363497,1
M-05,2026-01-26 07:00:00,73.74138767521494,4.717989957285704,5.564676270123132,1553.9048354241115,0.6223285422490503,1
M-05,2026-01-26 08:00:00,88.42923460293098,5.438966293069045,5.479530577270597,1754.0653362359467,0.8746838811613249,1
M-05,2026-01-26 09:00:00,80.58128115313876,3.8643391436316343,5.748260649933548,1706.1971688595197,0.9721816411336691,1
M-05,2026-01-26 10:00:00,81.3395891522122,4.634298515103308,5.317651855719399,1699.4830026286002,0.9118610498337596,1
M-05,2026-01-26 11:00:00,84.13221949690697,4.449806306411791,5.908834278473628,1702.653321377128,0.8806806387423785,1
M-05,2026-01-26 12:00:00,83.77146091278362,4.756190204964132,5.778283777977533,1678.5301360213678,0.7924437135163112,1
M-05,2026-01-26 13:00:00,80.9257232825056,5.314320883637963,5.758626589426681,1646.0431017870003,0.6571690999941169,1
M-05,2026-01-26 14:00:00,83.39244464047933,4.83304605255668,5.389025137508834,1701.6596605614093,0.8723344730363258,1
M-05,2026-01-26 15:00:00,84.28749699140043,5.240657816525146,5.518717187769182,1632.4221138328246,0.6571733530161248,1
M-05,2026-01-26 16:00:00,82.49536015062078,5.361864781807671,5.254831509887259,1628.8975101906215,0.5827854030650665,1
M-05,2026-01-26 17:00:00,81.08959312998283,4.699870914780041,5.450045053819029,1668.5773445490534,0.6175010720947129,1
M-05,2026-01-26 18:00:00,88.73287303488236,4.818481311214122,5.7597225436509545,1729.1273200549444,0.9824714474682619,0
M-05,2026-01-26 19:00:00,88.94949785349641,4.784427567048096,5.276125904945787,1644.2730222698876,0.876275914797672,1
M-05,2026-01-26 20:00:00,89.68778766288439,5.142290743744083,5.273673253533691,1646.9463432860919,0.7034049032097389,1
M-05,2026-01-26 21:00:00,90.41063635514178,5.783821960818789,5.388994905414985,1672.9125310211293,0.9237455303989953,1
M-05,2026-01-26 22:00:00,85.22788046616553,5.478939154072631,5.2374431582352825,1554.635456421253,0.5681807005398581,1
M-05,2026-01-26 23:00:00,86.99430241296535,5.35595995828533,5.5779403321139,1643.3852422120242,0.7519143080431383,1
M-05,2026-01-27 00:00:00,86.73715875670949,5.610169917920912,5.461523418037223,1673.2185747253939,0.58944109516456,1
M-05,2026-01-27 01:00:00,91.56227119901669,6.584888543055292,5.55636077076468,1661.7799169034643,0.970290954799782,1
M-05,2026-01-27 02:00:00,84.40236159453917,6.441340036273432,5.854874130064654,1695.8331543312927,0.9357553358947059,1
M-05,2026-01-27 03:00:00,87.12967592800638,5.6731193701652005,5.294923992379438,1671.685537751246,0.8162846249862503,1
M-05,2026-01-27 04:00:00,93.5291457486999,5.752125121879323,5.451495990630006,1689.0226603442889,0.7628633276916373,1
M-05,2026-01-27 05:00:00,85.74616719403393,6.234931170031285,5.421947951089645,1596.5174356097637,0.6735996368242352,0
M-05,2026-01-27 06:00:00,54.54290707985764,1.743946152024025,6.193439485292262,1619.9376269552906,0.659422704128707,0
M-05,2026-01-27 07:00:00,61.52303185581613,1.5734104034809295,6.314475041481405,1624.8185788420412,0.7233906186271154,0
M-05,2026-01-27 08:00:00,53.344078925252504,1.0864570909982219,6.617949887402437,1564.9060033474657,0.6363498459369872,0
M-05,2026-01-27 09:00:00,54.774598737804986,1.484894334466853,6.5261093390892215,1677.7903519573786,0.8158865038251999,0
M-05,2026-01-27 10:00:00,57.25584803993286,2.818252161721256,6.1254904194824356,1740.190333414504,0.9306012029273191,0
M-05,2026-01-27 11:00:00,57.27462184215122,1.572020873579452,6.3290249366121705,1613.4970581492914,0.5998991756067222,0
M-05,2026-01-27 12:00:00,63.39281337485046,2.1125106941194405,5.853114454476596,,0.6875258125295858,0
M-05,2026-01-27 13:00:00,59.43507705398428,1.9004261097487336,6.029689971291111,1694.5400741809017,0.8730994677146756,0
M-05,2026-01-27 14:00:00,61.590996820098354,1.224524386211581,6.1888710983150625,1682.2528539204052,0.7811053797590626,0
M-05,2026-01-27 15:00:00,55.560263717275454,2.63590127348279,5.9299341291518255,1678.271341218824,0.7903049050711659,0
M-05,2026-01-27 16:00:00,59.58795022084775,2.3453867065354173,6.230848219666506,1699.3687977735929,0.917904888205861,0
M-05,2026-01-27 17:00:00,59.191850431009115,1.4654762624638704,6.330911922077773,1601.9086536820084,0.6449785526964992,0
M-05,2026-01-27 18:00:00,57.75759493073097,1.9433587336152633,6.49164435819505,1564.3891617852917,0.5670020927437711,0
M-05,2026-01-27 19:00:00,62.35587633593477,2.581057338164087,6.480969994568983,1747.7056568514465,0.7757927319770495,0
M-05,2026-01-27 20:00:00,62.725614487714765,2.602782987842441,5.986381440740216,1648.7967692265468,0.6623674629528862,0
M-05,2026-01-27 21:00:00,64.78653307424835,2.9169090512843807,6.804461091848081,1716.4504289647705,0.8795741196269197,0
M-05,2026-01-27 22:00:00,60.52796530735081,2.064350620617301,5.695613986348215,1550.458247918826,0.5901840856217305,0
M-05,2026-01-27 23:00:00,60.05397266601276,2.995319592145169,5.883605364884828,1740.1488622180639,0.9461269961007637,0
M-05,2026-01-28 00:00:00,64.32722702577392,2.668940763789754,6.3313331946528715,1660.6320656763685,0.6866474820479527,0
M-05,2026-01-28 01:00:00,58.140271104592976,2.337266963008367,6.055171808797963,1614.3182227995849,0.5773254501651118,0
M-05,2026-01-28 02:00:00,66.61484102251984,1.8716057989725172,6.1284894286935785,1557.1294678681174,0.5603540531928085,0
M-05,2026-01-28 03:00:00,63.456292658480976,1.9231294371747434,6.439039226309507,1651.8903510001594,0.7124077254510794,0
M-05,2026-01-28 04:00:00,59.88831591002291,2.273670534781785,6.152427425651408,1590.2852529413028,0.7198709855816872,0
M-05,2026-01-28 05:00:00,61.26230283932454,2.466388461978806,6.22638264178278,1702.0598126293248,0.7880400033751626,0
M-05,2026-01-28 06:00:00,66.66271260803427,2.6367761640865255,6.170472582758751,1754.7357031187423,0.9736938395067831,0
M-05,2026-01-28 07:00:00,65.21126276465893,3.3584411414142705,6.090916590575703,1579.708429162617,0.5746094246800926,0
M-05,2026-01-28 08:00:00,63.042400206830486,2.429028412742233,5.794031829847316,1734.6863555492296,0.9218507039771594,0
M-05,2026-01-28 09:00:00,62.54265958713233,3.557723717976037,6.230167254489992,1636.5915835247738,0.6305423026234054,0
M-05,2026-01-28 10:00:00,66.37869554592798,2.4471704130535006,5.935411373904148,1672.3348857437495,0.8252250154274254,0
M-05,2026-01-28 11:00:00,66.04617724781153,2.4618072527544212,5.976089187108958,1628.6687728440895,0.8139046351454319,0
M-05,2026-01-28 12:00:00,69.72172078701973,3.387815447587407,6.200715657547117,1679.642269959839,0.7724193300563578,0
M-05,2026-01-28 13:00:00,69.43453457540652,3.202955514677384,5.920420260917309,1708.9738224935718,0.8301819416905374,0
M-05,2026-01-28 14:00:00,69.30959096103078,3.1732968738517005,5.96610201006517,1635.2216187695924,0.7068283833927108,0
M-05,2026-01-28 15:00:00,64.98101348537456,2.4411682532228625,6.020869796099049,1686.6307914370466,0.7100832723253392,0
M-05,2026-01-28 16:00:00,66.97638719674376,2.731618909322034,6.505732523188253,1718.8475513813348,0.9041867742957375,0
M-05,2026-01-28 17:00:00,66.63760922265348,3.112685637610497,5.868946435717622,1750.652187818595,0.9885575857454475,0
M-05,2026-01-28 18:00:00,65.06275859866534,2.698801947134664,5.955865956095728,1722.3911400268773,0.9858578637656039,0
M-05,2026-01-28 19:00:00,66.53957500174586,3.336762399196739,6.1059479640302445,1630.9001354315476,0.6532067658517666,0
M-05,2026-01-28 20:00:00,67.34254654643905,3.7049831751601108,5.743224878526672,1588.6567966795042,0.6390253250487842,0
M-05,2026-01-28 21:00:00,68.04732081936746,4.161138151837441,6.0253167031872135,1608.3577090381916,0.6855960282206239,0
M-05,2026-01-28 22:00:00,68.48680599697893,4.341621839085756,6.052397070459582,1723.7488690182859,0.8689995714864247,0
M-05,2026-01-28 23:00:00,62.188838061572234,2.8728993198487784,6.195660334725747,1645.5161701026998,0.5514167805381994,0
M-05,2026-01-29 00:00:00,72.26826070296275,3.700819606011398,5.96036879077998,1683.2441424084507,0.8152318859043088,0
M-05,2026-01-29 01:00:00,70.29900616898175,3.2697923145110526,5.43701531223818,1652.7010796870331,0.6635294314876166,0
M-05,2026-01-29 02:00:00,72.71938052489439,3.3228489428709653,5.788910106080199,1752.541918841033,0.9579460366994175,0
M-05,2026-01-29 03:00:00,76.8268987271941,3.5041964068251694,6.614224279273229,1794.9002423703585,0.9732912109895762,0
M-05,2026-01-29 04:00:00,67.55577003284401,3.63046202874261,6.314784471847368,1815.7277199039509,0.9096630384030334,0
M-05,2026-01-29 05:00:00,74.52983028992423,4.533564404472019,5.645716856043316,1761.5585479518886,0.7674731178477459,0
M-05,2026-01-29 06:00:00,71.63352228784007,3.320097842307354,5.987929903932137,1587.3634622148986,0.7005635915202459,0
M-05,2026-01-29 07:00:00,78.81758089408893,4.0623163363966865,6.224109900356014,1684.8381384960824,0.8743900201167726,0
M-05,2026-01-29 08:00:00,74.41679514786796,3.966359014168973,5.9808439482333435,1655.91687538729,0.8885987896783466,0
M-05,2026-01-29 09:00:00,74.25977124678782,4.148792869140096,5.80128509371995,1741.8101751480738,0.9666678043632106,0
M-05,2026-01-29 10:00:00,77.00434494710396,3.7282529919388865,6.559245952913279,1595.702685712756,0.6357983103811782,0
M-05,2026-01-29 11:00:00,76.09060887188178,4.216853957235535,5.5862450386269185,1612.3648385267038,0.6198169779554249,0
M-05,2026-01-29 12:00:00,76.00131439217695,4.123736692746885,5.814875472574151,1580.088680409764,0.6876521256391254,0
M-05,2026-01-29 13:00:00,79.95118075094823,4.107916933844238,5.835392150598638,1733.5708081831247,0.9158053486880477,0
M-05,2026-01-29 14:00:00,73.52322836902314,3.8747095339207984,6.135501634444292,1615.9856569741837,0.5923676575184232,1
M-05,2026-01-29 15:00:00,76.70284158433847,4.040692348067956,6.031793485233163,1549.196992443751,0.5533325582339386,0
M-05,2026-01-29 16:00:00,78.95113139343088,3.1494291126456573,5.756771587395897,1638.6354645509166,,0
M-05,2026-01-29 17:00:00,80.61592111555503,3.6460789240461944,5.878910965449328,1667.3689378347485,0.7631171907509549,0
M-05,2026-01-29 18:00:00,80.9129093060766,5.142858054327627,5.844872983728451,1672.9422774955121,0.7897857046634438,1
M-05,2026-01-29 19:00:00,70.42469885527116,4.282830281726584,5.820341186632174,1708.5851734804742,0.897256971968712,0
M-05,2026-01-29 20:00:00,74.55205695520264,5.126346667194966,5.690031313248691,1644.2008135192505,0.9039870153736258,0
M-05,2026-01-29 21:00:00,80.32429950127103,3.9442441468278995,5.579342077688809,1727.5718581939998,0.9646043193140361,1
M-05,2026-01-29 22:00:00,79.58949577046694,3.7882033936675152,5.97958445162915,1761.7496356994986,0.9264598028228923,0
M-05,2026-01-29 23:00:00,76.59986842271941,4.421943117384667,5.7969867108928295,1625.199836530085,0.597122832787532,0
M-05,2026-01-30 00:00:00,80.94300675578127,3.8912799589084477,5.322225313212014,1794.3896124096027,0.9632487765292301,1
M-05,2026-01-30 01:00:00,82.00403233021125,4.613583926446372,5.820004643729514,1693.224140834852,0.875042101383861,1
M-05,2026-01-30 02:00:00,77.86439380786533,3.8228154245937853,5.6438297202461145,1729.5971427762968,0.8149558660777247,0
M-05,2026-01-30 03:00:00,81.89589027093048,4.325856858818506,6.0832993006284255,1732.1462751337865,0.8415295809837786,0
M-05,2026-01-30 04:00:00,79.63845747297113,4.133135439033759,5.674943876493495,1751.7067208089127,0.9230530687870875,1
M-05,2026-01-30 05:00:00,74.35290008706865,4.413561523683926,5.815315506849754,1606.341182150523,0.7237403278796372,1
M-05,2026-01-30 06:00:00,81.80600674633565,4.589220930320346,5.372154104837481,1659.119306121842,0.6963112691590037,1
M-05,2026-01-30 07:00:00,74.06482075472736,5.386513939841161,5.661476208706299,1668.2714004615214,0.655832776848839,0
M-05,2026-01-30 08:00:00,79.77017523295676,4.21974089213203,5.843204035355966,1632.7490729765582,0.651977476995023,1
M-05,2026-01-30 09:00:00,84.45558110906218,5.181429318852669,5.385619991200514,1743.2132401674778,0.8828476114217427,1
M-05,2026-01-30 10:00:00,87.58510819807415,5.248683783918219,5.6042485097607475,1772.912459735685,0.9945072483612465,1
M-05,2026-01-30 11:00:00,82.98494953063584,5.326950656262663,5.487250140880505,1659.2000383837392,0.5891725832556494,1
M-05,2026-01-30 12:00:00,84.11559033869347,4.7643190458274445,5.685754938476304,1696.193435391042,0.9588145188385684,1
M-05,2026-01-30 13:00:00,81.08648732928785,4.616735352893706,5.6521659311411545,1687.6064177336173,0.7202782114895664,1
M-05,2026-01-30 14:00:00,83.26676408576753,5.453171125858729,5.5127665475034755,1722.7124182487519,0.8992280686100629,1
M-05,2026-01-30 15:00:00,92.55898413141263,5.155338268609406,5.17420350964683,1706.769031918226,0.9457676998292318,1
M-05,2026-01-30 16:00:00,80.13235030333048,5.29647407784967,5.3889797091094405,1725.425556053756,0.8646733077922131,1
M-05,2026-01-30 17:00:00,82.08184003395208,6.333137260148696,5.685317477290282,1635.0583265119753,0.6519157742628707,1
M-05,2026-01-30 18:00:00,83.85318837649484,6.143889581944386,5.471660780314201,1618.3921371427118,0.6302601164259924,1
M-05,2026-01-30 19:00:00,86.7120531913425,4.837791687383469,6.184480266049797,1653.724954975866,0.8624307867881645,1
M-05,2026-01-30 20:00:00,84.6869621996909,4.99099582706048,5.391417874162637,1676.8612646840636,0.6926288595981935,1
M-05,2026-01-30 21:00:00,89.57370657067898,5.750840802330917,5.547189790797121,1606.4023330514265,0.5620570323931506,1
M-05,2026-01-30 22:00:00,90.70370629605135,5.254870810654169,5.708307242613323,1658.356573399518,0.7995216727883168,1
M-05,2026-01-30 23:00:00,83.07086547759992,5.599692408136349,5.848768369300877,1655.97096731266,0.6777171787762887,0
M-06,2026-01-01 00:00:00,62.68627616623618,1.5784720748233556,6.739319042353592,1740.7534927612846,0.9571225766123269,0
M-06,2026-01-01 01:00:00,53.69980103862666,2.4959805384454334,6.146821608714823,1573.5208994838729,0.5612549063422323,0
M-06,2026-01-01 02:00:00,61.709110372318136,1.823998018838073,6.042813797944685,1687.2653301085732,0.8214359645979874,0
M-06,2026-01-01 03:00:00,54.12608490105724,1.9148510294486887,6.131253795931115,1604.9406708950546,0.556371385670761,0
M-06,2026-01-01 04:00:00,56.93106274854564,2.149334562969253,6.315626742322971,1706.2632822483472,0.8347881375256417,0
M-06,2026-01-01 05:00:00,55.63951732873679,1.7936488752045345,6.595090388428853,1684.920784544136,0.7707339004246804,0
M-06,2026-01-01 06:00:00,58.85485660070274,1.65591500588764,6.253385008286657,1746.046101994215,0.9123319564209422,0
M-06,2026-01-01 07:00:00,60.87819620326113,2.0502142901910974,6.571941744967699,1701.1740129726584,0.7169122081622167,0
M-06,2026-01-01 08:00:00,58.6127313976123,1.3351828210536296,6.047780373642887,1736.4606111257801,0.9913928667102261,0
M-06,2026-01-01 09:00:00,59.49557265252219,3.0033465481358714,5.808224199429549,1745.6837303658444,0.8739501093131643,0
M-06,2026-01-01 10:00:00,54.16172167918472,2.292544588879169,5.869897906024347,1750.0734427390987,0.9174204459552981,0
M-06,2026-01-01 11:00:00,64.11794007221545,1.9950325511121274,5.6997318746444945,1685.040391153631,0.9348828030765571,0
M-06,2026-01-01 12:00:00,54.40483465628408,2.0674697570292477,6.415248497110008,1661.0145783796859,0.6458983862857433,0
M-06,2026-01-01 13:00:00,65.01369275846673,2.4724594074530533,6.4250884604713505,1748.250374779013,0.9836504092338049,0
M-06,2026-01-01 14:00:00,59.459248281246396,,5.81066039469227,1706.3999287640177,0.9258593990890998,0
M-06,2026-01-01 15:00:00,62.58680268488944,2.8681727185990504,6.199812238888038,1616.329773123743,0.6898836510508002,0
M-06,2026-01-01 16:00:00,62.6100557719746,1.7505610821463748,6.130000443504962,1707.0216873137651,0.7149386190439696,0
M-06,2026-01-01 17:00:00,60.8614419896299,1.2782794920686174,6.148660585774873,1728.4598528869274,0.7736885864400517,0
M-06,2026-01-01 18:00:00,60.558874048004995,2.7570805719549525,6.577661752287882,1694.6248426616064,0.7969640496861583,0
M-06,2026-01-01 19:00:00,66.98690414766546,2.2652476135077815,6.174087540422639,1617.2897994672414,0.5967720380779269,0
M-06,2026-01-01 20:00:00,64.2637186433356,1.5531362850228891,5.797291202596434,1561.0903797398823,0.5572282403417933,0
M-06,2026-01-01 21:00:00,64.13852689402862,2.3982294574426075,6.141787297177199,1662.070137711289,0.6991782790740553,0
M-06,2026-01-01 22:00:00,64.60713703148564,2.644938264925958,6.058123091138064,1637.2812159239554,0.7210698717219295,0
M-06,2026-01-01 23:00:00,,2.2761191196960207,6.3056581816043105,1760.580740855105,0.8518548651595785,0
M-06,2026-01-02 00:00:00,63.41604704442003,2.633478408446513,6.172029065798264,1666.9093560696313,0.7665978791619846,0
M-06,2026-01-02 01:00:00,63.8397284283848,2.400997124280326,6.291619243096516,1669.6604006221467,0.6858147075424855,0
M-06,2026-01-02 02:00:00,65.9345641608755,2.5832345455762193,5.601850942026069,1616.7830229375365,0.7131652073706242,0
M-06,2026-01-02 03:00:00,61.280042443285076,2.774647676660172,6.265184779982508,1685.1336041890588,0.8393152451290866,0
M-06,2026-01-02 04:00:00,68.79435894083667,3.790017538785032,6.711112613665871,1658.1533461518823,0.6644138773549406,0
M-06,2026-01-02 05:00:00,72.37971716573472,2.445645330121332,6.41239596216006,1728.0117044193257,0.9541687043327161,0
M-06,2026-01-02 06:00:00,63.56851358908944,2.7733859473583435,6.365980493431703,1682.8709799288474,0.8783988558252127,0
M-06,2026-01-02 07:00:00,64.66430768451278,3.079677274433932,6.1966598764340315,1703.8162937320462,0.8492377618680809,0
M-06,2026-01-02 08:00:00,67.7550556239176,2.813495574254758,5.731721888649836,1698.0213971266164,0.7241261371330132,0
M-06,2026-01-02 09:00:00,72.17660872741152,4.018577211668462,6.063990837653968,1698.5693044454183,0.8667549828648027,0
M-06,2026-01-02 10:00:00,67.83060648974264,2.96393189120268,6.223351610497874,1683.1606405911045,0.8178474609456099,0
M-06,2026-01-02 11:00:00,67.79515208103533,3.7252393191735096,5.99534839144147,1670.3085504145604,0.7849535707512252,0
M-06,2026-01-02 12:00:00,70.37158632689547,3.740710759682935,5.925655306526793,1729.4196074627282,0.8322584877420697,0
M-06,2026-01-02 13:00:00,72.4869262126179,2.8006197363117735,5.993119696720069,1713.1118937162757,0.7988856153628788,0
M-06,2026-01-02 14:00:00,69.38876479701622,3.9725924446635905,5.799798727365043,1579.6130396841145,0.6626566303522865,0
M-06,2026-01-02 15:00:00,66.86057406621444,2.6573990578906703,5.526105720293397,1694.1837634519288,0.7669306100149181,0
M-06,2026-01-02 16:00:00,70.93537076403346,3.0232489312577813,5.696315795864145,1745.1944596116625,0.9656408005370556,0
M-06,2026-01-02 17:00:00,72.40544531663868,3.686607016896927,6.171398210646982,1691.4630152917944,0.8162786377335571,0
M-06,2026-01-02 18:00:00,74.1132980560297,3.39748997689689,5.852185891766402,1792.188912689006,0.8730220120036147,0
M-06,2026-01-02 19:00:00,74.64603501818954,3.3653826807111824,5.874080404172498,1643.7648861718933,0.7366177664211842,0
M-06,2026-01-02 20:00:00,71.51515827263043,4.984900139932094,5.789788866393552,1709.6486665735943,0.7469589593579891,0
M-06,2026-01-02 21:00:00,77.07980987163728,2.901197466273666,6.002048259252802,1649.8103208590487,0.7853817677158115,0
M-06,2026-01-02 22:00:00,70.22524707947349,2.9104986079140507,5.98636412082643,1681.866675912767,0.8119203480920381,0
M-06,2026-01-02 23:00:00,76.26505014838067,3.605675366446627,6.6375805663554495,1780.7911807792416,0.9861759306390127,0
M-06,2026-01-03 00:00:00,75.82459088360332,3.2219929771435694,5.781537592284562,1711.6504433653336,0.9488257656499725,0
M-06,2026-01-03 01:00:00,75.08123771565077,3.188189841313713,5.984962546059359,1710.7224771899294,0.9778010472659575,0
M-06,2026-01-03 02:00:00,75.78560289501142,3.077640140629785,5.715721741648263,1724.1711501638358,0.954924571250767,0
M-06,2026-01-03 03:00:00,77.00741079064147,4.921772816719026,5.91617312571493,1587.286424092959,0.6211084279387267,0
M-06,2026-01-03 04:00:00,78.55002435794879,4.09891657263978,5.431675458859637,1734.7684220533545,0.8466876570942878,0
M-06,2026-01-03 05:00:00,75.93680313151802,4.173625497535654,5.516168371633625,1747.237804249705,0.9972324929456645,1
M-06,2026-01-03 06:00:00,78.51950086709898,4.1786997828101855,5.686920937734762,1772.2956491722684,0.9239547141707862,0
M-06,2026-01-03 07:00:00,72.28900730167064,4.3856420970214876,5.670375349976723,1697.1857905581937,0.753381161790176,0
M-06,2026-01-03 08:00:00,69.22929043422597,4.483881950484811,5.73495107856437,1610.0538008178614,0.560218365707712,0
M-06,2026-01-03 09:00:00,76.96851493204181,4.355274234739887,5.910368898768399,1706.6882054492235,0.845867652891225,0
M-06,2026-01-03 10:00:00,79.45913685265523,4.020967162865766,5.865848812946754,1701.581809770283,0.8360635857288625,1
M-06,2026-01-03 11:00:00,82.31725932642047,5.131337159555196,5.240237913131577,1759.678737010677,0.904599976717915,0
M-06,2026-01-03 12:00:00,82.2472354543661,3.223340643922378,5.9400964232288604,1677.3009621970193,0.6640387572466128,0
M-06,2026-01-03 13:00:00,83.39218486566676,3.6907232889072876,5.828442534841347,1656.9888849727702,0.6319431224259183,0
M-06,2026-01-03 14:00:00,78.99895252019965,4.73224609467487,5.538078494371032,1649.8287974892598,0.7716910096144872,1
M-06,2026-01-03 15:00:00,83.31279274916903,3.4703262158703985,5.793372169497568,1750.4107450582467,0.9554863622219127,0
M-06,2026-01-03 16:00:00,80.03969007000572,4.899339653558328,5.784127802323251,1669.7123499460204,0.8817600250204873,0
M-06,2026-01-03 17:00:00,83.13561918951245,4.233639803962209,5.7234045032445815,1774.92416423691,0.9794373966305485,1
M-06,2026-01-03 18:00:00,85.23858954417683,4.789970585829509,5.466629816711182,1590.3852963572322,0.6278321741383813,1
M-06,2026-01-03 19:00:00,82.05452325245939,4.971292074224928,5.96030346449372,1680.3675399814815,0.9554514889595298,0
M-06,2026-01-03 20:00:00,82.16596537823123,4.865267859608143,5.651770574303832,1720.774374180058,0.7772773168898172,1
M-06,2026-01-03 21:00:00,82.44158525674968,4.688539763916869,5.403389493815318,1646.1447466148093,0.7552145270789017,1
M-06,2026-01-03 22:00:00,86.6327191000064,4.628495592433491,5.469730063250341,1817.7825650773325,0.9980180672384682,1
M-06,2026-01-03 23:00:00,83.87653330279362,4.639464937545229,5.330051717952653,1611.3742943121297,0.672818496711757,1
M-06,2026-01-04 00:00:00,,4.913168747588944,5.79377042291071,1711.3694807064517,0.8276559785689074,1
M-06,2026-01-04 01:00:00,83.19461099525718,4.407888219408292,5.63808390629864,1658.3123177811826,0.6240340373525951,1
M-06,2026-01-04 02:00:00,85.91309335575343,4.831816560138493,5.7189407586722245,1626.4785057302106,0.7934209252096986,1
M-06,2026-01-04 03:00:00,84.88171615663286,5.112287150450881,5.893372896425767,1672.392745087057,0.788171834784869,1
M-06,2026-01-04 04:00:00,77.8410974280382,5.21839887195503,5.634183998785287,1742.9551791443535,0.980900694229349,1
M-06,2026-01-04 05:00:00,87.65863934541696,4.989610760098544,5.203115010263058,1692.1168295172124,0.839254841423257,1
M-06,2026-01-04 06:00:00,89.22696171906362,5.986101782704345,5.848675971863058,1696.6331448857975,0.7517851140316468,1
M-06,2026-01-04 07:00:00,87.30594186993608,6.198239851743322,5.326100877999564,1696.7478836979349,0.7805902593604245,1
M-06,2026-01-04 08:00:00,81.03426153499173,4.8454269280653905,5.2210398049195454,1651.79509245854,0.6942013497757625,1
M-06,2026-01-04 09:00:00,87.76361142266299,5.770881611606462,5.5755697662131665,1746.6900827435754,0.9216532875565078,1
M-06,2026-01-04 10:00:00,85.30749699179033,4.393423754898434,5.625393435026969,1652.1834792082607,0.9010319598352483,1
M-06,2026-01-04 11:00:00,84.87341472138895,6.740663578513545,5.5103015877192005,1671.8807341202294,0.7978126835149575,1
M-06,2026-01-04 12:00:00,92.01372259482795,4.969040600191464,5.64025096039205,1682.0041452940293,0.8350447338522641,1
M-06,2026-01-04 13:00:00,84.15838397484843,6.040290997669772,5.422336607164035,1702.9041744484407,0.9131905940244192,1
M-06,2026-01-04 14:00:00,93.7947525188673,5.167425256061296,5.392349210939893,1736.857385270274,0.9841053391995503,1
M-06,2026-01-04 15:00:00,85.8276991256337,5.062874382083248,5.6125965948335175,1666.2000646218885,0.6058441052389753,1
M-06,2026-01-04 16:00:00,89.20450505369745,5.526409209518677,5.760806934572509,1668.7534868349712,0.7584621294078984,1
M-06,2026-01-04 17:00:00,92.36446671255506,6.076838602528859,4.769924641133067,1642.5976442329595,0.6934309586486043,0
M-06,2026-01-04 18:00:00,52.10225081000349,1.2826867918329963,6.478885856830197,1754.5842577275084,0.8927354407446404,0
M-06,2026-01-04 19:00:00,55.169959399900534,0.7351134678395385,6.1627939445866815,1748.977929696172,0.9966996626813378,0
M-06,2026-01-04 20:00:00,55.32548930521268,0.9453247933784226,6.38191419176224,1705.428890198878,0.9318655664462583,0
M-06,2026-01-04 21:00:00,,2.324490253232147,6.035607357900787,1711.2167004813384,0.8735070120413946,0
M-06,2026-01-04 22:00:00,55.166069722189405,0.6535213559092932,6.531194533848925,1718.2217123066227,0.9626555481359316,0
M-06,2026-01-04 23:00:00,53.40954656536254,0.6980308996174773,6.25745382975483,1587.291070309886,0.5931185855466737,0
M-06,2026-01-05 00:00:00,54.26719041250058,1.0359389596260806,6.375845956828156,1613.1408828309684,0.5975041538233082,0
M-06,2026-01-05 01:00:00,56.586118340433025,0.7120936395489899,6.54212942195782,1712.3396583692697,0.99888704094238,0
M-06,2026-01-05 02:00:00,52.941578566088964,1.3441678793912104,6.137319688835929,1632.7605760311042,0.6447484453089307,0
M-06,2026-01-05 03:00:00,54.35250783852616,1.0583726772643822,6.01761461917283,1595.0716930691106,0.7103737855339627,0
M-06,2026-01-05 04:00:00,52.04663956954085,1.4739644938877918,6.304626154915602,1707.366059000789,0.8063619864460427,0
M-06,2026-01-05 05:00:00,58.585016686830194,1.5341732334569622,6.203024084829436,1678.5355902879392,0.8461622559890988,0
M-06,2026-01-05 06:00:00,52.405630557118364,1.1558011861090352,6.0650974864196,1708.2379166922697,0.7460229173219253,0
M-06,2026-01-05 07:00:00,57.22504407674775,1.7716098467399337,6.05327845678232,1685.3129825576798,0.8370008437916909,0
M-06,2026-01-05 08:00:00,54.02363917443872,1.7397963497413944,6.419793984530571,1593.8170979912259,0.6874576646730106,0
M-06,2026-01-05 09:00:00,54.3225625589877,1.295014355911149,6.409092171770107,1562.0613700612123,0.7203412213677628,0
M-06,2026-01-05 10:00:00,48.89163319855344,2.008749113279156,6.428414527286735,1618.3198586740382,0.7675811077037994,0
M-06,2026-01-05 11:00:00,54.24132745410604,1.3580852424565752,6.2912595386859325,1742.242929763357,0.880069927531143,0
M-06,2026-01-05 12:00:00,56.3625404477995,1.7136463505334316,6.541150470081638,1730.5293112878903,0.933779777085603,0
M-06,2026-01-05 13:00:00,53.68826669623849,1.3012636065456455,6.571106499652796,1652.330989586395,0.5571747236331505,0
M-06,2026-01-05 14:00:00,61.83806944343329,1.2338831274015996,6.146232926533795,1721.2102576929926,0.9754482192474377,0
M-06,2026-01-05 15:00:00,56.33872942251435,1.1722561068432862,6.447460689078864,1732.5840535504585,0.8958454009882426,0
M-06,2026-01-05 16:00:00,60.39191348194034,1.5659994134945467,6.396732661635313,1641.6489191134006,0.6941374165484353,0
M-06,2026-01-05 17:00:00,58.72088218024752,2.0076131133788744,6.2057617697638605,1654.5207521894401,0.8426457828462199,0
M-06,2026-01-05 18:00:00,58.92388449332314,2.324885494175803,6.7308695024506635,1701.9554495310297,0.7390402238644689,0
M-06,2026-01-05 19:00:00,55.446813195832256,2.428270627660595,6.514786648875072,1731.8612234081936,0.8232043074044055,0
M-06,2026-01-05 20:00:00,56.483694406715145,2.2894384631700664,6.032970668142264,1624.0101702653153,0.5875111151521798,0
M-06,2026-01-05 21:00:00,64.11823086284116,2.3615278470796333,6.263752764831744,1652.675132043975,0.6306262590141485,0
M-06,2026-01-05 22:00:00,62.429916013535056,2.939634651986273,6.33540621581426,1559.4272979572545,0.6557442937090336,0
M-06,2026-01-05 23:00:00,59.58994489691103,2.9659626422073644,6.620920395840894,1581.7433472388657,0.5782912230051451,0
M-06,2026-01-06 00:00:00,60.612332202876566,3.04268331015416,5.890877679308005,1668.8618228651087,0.6939336162299686,0
M-06,2026-01-06 01:00:00,63.45432915549976,2.3399784656340805,6.5996494579443965,1623.4748190326814,0.6630250487876543,0
M-06,2026-01-06 02:00:00,58.81848626534888,2.3548447310966,6.085692252396036,1711.6873651058063,0.9048748438313543,0
M-06,2026-01-06 03:00:00,66.77673868180707,2.4101912022765393,6.0318841781135575,1662.3755379238507,0.8547132203302337,0
M-06,2026-01-06 04:00:00,68.8999432821451,2.332789612806023,6.59731659823972,1674.5659082044974,0.8206911635304783,0
M-06,2026-01-06 05:00:00,61.491193913087805,2.7818558536238,6.029300281564337,1651.212211591951,0.7809499632701291,0
M-06,2026-01-06 06:00:00,61.01840942564113,3.153466767087072,6.531526205917671,1661.065555518426,0.5593855602135638,0
M-06,2026-01-06 07:00:00,63.751242200031804,3.066881982700067,6.013086637342218,1701.5035879649142,0.8202471681634323,0
M-06,2026-01-06 08:00:00,72.18185597466285,2.284182153954318,6.173600437469159,1651.885530716211,0.6882992928474556,0
M-06,2026-01-06 09:00:00,70.56249306009789,3.8483081947968043,6.151401108896504,1579.1567042395939,0.7018869800288294,0
M-06,2026-01-06 10:00:00,67.57407884197733,3.000252453111518,5.918453663029484,1737.922983797566,0.9788638002106503,0
M-06,2026-01-06 11:00:00,63.7061847855871,2.717398126364168,5.633387737167456,1751.259646884826,0.8197665652176819,0
M-06,2026-01-06 12:00:00,66.82036398640325,2.888838970700246,5.827736153317058,1670.4098985182266,0.668971978348436,0
M-06,2026-01-06 13:00:00,67.50130459421564,2.7598468646410437,6.02201999211327,1727.3899323053533,0.9811134423266861,0
M-06,2026-01-06 14:00:00,65.25725469388586,2.7544973708678904,5.992440700045053,1799.406956081633,0.9846282419394408,0
M-06,2026-01-06 15:00:00,70.42027193989344,3.1156073001855877,6.257049135330845,,0.8175819276127351,0
M-06,2026-01-06 16:00:00,66.80748374075289,3.331465494487199,,1752.1512566009899,0.7661126024308955,0
M-06,2026-01-06 17:00:00,69.16397186681041,3.346904560375462,6.405339718364871,1694.6056643025647,0.7541029080020529,0
M-06,2026-01-06 18:00:00,76.10883449849007,3.421703873579711,5.554894624362415,1742.9274797789133,0.9949546969336872,0
M-06,2026-01-06 19:00:00,66.75685308557881,3.0273196909565505,6.219820755378944,1796.6049054771884,0.9829803657242115,0
M-06,2026-01-06 20:00:00,72.22715987415326,3.831717401182483,5.976614716776875,1690.5322980568717,0.7820974258406693,0
M-06,2026-01-06 21:00:00,67.68657119835179,3.756392783271256,5.823867130038592,1702.3568563071137,0.8268779019096493,0
M-06,2026-01-06 22:00:00,73.92604940010762,3.8407849601485613,6.1931806492526205,1690.319963789676,0.9444929772116352,0
M-06,2026-01-06 23:00:00,68.54064178891926,4.272004701976413,6.241665687430886,1615.2190635604331,0.7145732834910951,0
M-06,2026-01-07 00:00:00,,3.1513833581439132,5.482187455593633,1633.8758711288947,0.6768749391943564,0
M-06,2026-01-07 01:00:00,66.25007289116783,3.023315394186779,5.951924136046727,1662.0613747561101,0.6865245364024443,0
M-06,2026-01-07 02:00:00,76.40729642013167,3.1774330684462333,5.870646805308345,1619.4620251997615,0.7589886958208192,0
M-06,2026-01-07 03:00:00,74.17361394841812,4.2091490507717175,6.015304919625591,1713.7011520812152,0.9427002430071663,0
M-06,2026-01-07 04:00:00,70.73672793194476,3.779395778536274,5.834401185930318,1675.851189256523,0.8299411806624748,0
M-06,2026-01-07 05:00:00,71.04363061428815,3.6526044297572153,5.873199780952215,1738.50489524539,0.977829669232904,0
M-06,2026-01-07 06:00:00,72.6154565232377,3.701069564324124,5.694035599353372,1738.2566800439768,0.8566391007197722,0
M-06,2026-01-07 07:00:00,77.96016371618803,4.166541213476591,5.487470929476722,1524.0113390892561,0.6784853934714263,0
M-06,2026-01-07 08:00:00,78.54669908275022,3.250183088401111,5.985203680939891,1706.4233444903143,0.8134212855562953,0
M-06,2026-01-07 09:00:00,80.50825466440479,4.257087740806969,5.926265856333735,1685.8961702330093,0.8505746593918383,0
M-06,2026-01-07 10:00:00,74.2343184204559,4.317758520309951,6.157091529702869,1575.8653278999302,0.5502661831771309,0
M-06,2026-01-07 11:00:00,78.60446031921067,3.7750294140836136,5.974365320502747,1614.5722088593327,0.6225972309811079,0
M-06,2026-01-07 12:00:00,80.13056359804968,3.7131158091078844,5.4145690359406915,1643.5242758837471,0.6559093930555915,0
M-06,2026-01-07 13:00:00,81.89079288006415,4.679411739188761,5.774754884475871,1727.2045109546943,0.7684038645199829,1
M-06,2026-01-07 14:00:00,82.6161673740094,3.864930221774324,5.715705107308529,1632.1384069219396,0.8425989876143087,0
M-06,2026-01-07 15:00:00,75.72150945745217,4.231646845673179,5.613875444632738,1622.8875728578885,0.632654222509669,0
M-06,2026-01-07 16:00:00,80.39142871463466,4.467709219057959,5.839361563745943,1630.7774244657674,0.6624349561676596,0
M-06,2026-01-07 17:00:00,75.15182165803921,4.605535676090526,5.8686404219051695,1565.045867040887,0.5516065544381162,0
M-06,2026-01-07 18:00:00,82.37230695945115,4.9187931698123455,6.027530276382112,1721.804841674205,0.8823033213713445,0
M-06,2026-01-07 19:00:00,,4.19999767371387,5.705250965754177,1584.3197267766434,0.5532916821836092,0
M-06,2026-01-07 20:00:00,75.45975845461054,4.917912904330864,5.497884683096729,1584.48365018895,0.5947143455340452,0
M-06,2026-01-07 21:00:00,84.93544040458116,4.04942464660535,5.697381356563077,1698.6227736256635,0.9280664276442485,0
M-06,2026-01-07 22:00:00,80.3807907613481,5.200300157208877,5.51799363904374,1627.9458564110266,0.7208509137187711,0
M-06,2026-01-07 23:00:00,81.55279338990165,5.2618360196248855,5.6344831752752444,1740.1604295703153,0.8529232393007631,1
M-06,2026-01-08 00:00:00,77.1302542866224,4.039788380799904,5.937019427709485,1697.8380354998994,0.7451886743124682,1
M-06,2026-01-08 01:00:00,83.4127308248481,4.336071756112599,5.475491479617901,1651.4715352079415,0.7687147173372635,0
M-06,2026-01-08 02:00:00,81.65811533118188,5.211845561085172,5.934507298334471,1657.1259022444187,0.6653865030393897,1
M-06,2026-01-08 03:00:00,80.86097622657529,5.119155809551177,5.381952611790306,1671.9178523154435,0.764995277228215,1
M-06,2026-01-08 04:00:00,80.0848610292376,4.73868979040788,5.467223069983894,1656.8427058684365,0.8134921054185934,1
M-06,2026-01-08 05:00:00,79.56632158904178,5.334908847725279,,1724.0748035152449,0.9982646710575467,0
M-06,2026-01-08 06:00:00,82.83914492494638,4.6742429208028335,6.091301433761657,1716.433286442152,0.8805849306632176,1
M-06,2026-01-08 07:00:00,79.33105984473089,4.788168009786309,5.722652351285396,1712.1268907619185,0.8922019648664197,1
M-06,2026-01-08 08:00:00,88.44040062084612,5.46660111846056,5.634925387735847,1740.3370193633818,0.9399511397012805,1
M-06,2026-01-08 09:00:00,85.21922494163177,5.3672955791218175,5.7315108393986565,1630.9909550628008,0.6536645243455974,0
M-06,2026-01-08 10:00:00,90.51546529608817,4.7985174294522865,5.544424358448787,1722.11401949466,0.8522383946155665,1
M-06,2026-01-08 11:00:00,84.930034389011,5.355716530925666,5.514206527475856,1646.7083105906122,0.762562479931289,0
M-06,2026-01-08 12:00:00,44.998436464809735,0.8555588987696678,6.409384929076899,1582.7706989066182,0.5598873069640841,0
M-06,2026-01-08 13:00:00,51.46454092110857,0.5101412495242886,6.045783979378252,1603.0011061410985,0.5832233984706445,0
M-06,2026-01-08 14:00:00,59.02521584013028,1.457641195931432,6.370743726205327,1670.2918194138354,0.8763396031026447,0
M-06,2026-01-08 15:00:00,56.47514657251167,1.6907877581253397,6.571812167469508,1737.0354964742173,0.9500695002093735,0
M-06,2026-01-08 16:00:00,58.94863538142255,1.0227290269127074,6.2837459681280885,1742.0541112250041,0.8536356892428429,0
M-06,2026-01-08 17:00:00,54.44099232781561,2.117580778586481,5.754055864197584,1680.7257736963668,0.7918343212289896,0
M-06,2026-01-08 18:00:00,56.11225931900925,1.9789041355890704,6.324114678986938,1764.588616400405,0.9406282843788094,0
M-06,2026-01-08 19:00:00,56.25552426701651,1.7770767937343523,6.441077930354638,1673.3980973492128,0.8964664970368665,0
M-06,2026-01-08 20:00:00,55.70853229022779,1.3461830776375288,6.132148297583647,1719.5829868770202,0.7875301630989804,0
M-06,2026-01-08 21:00:00,58.34777078421075,1.202524658576905,6.325242768837679,1661.258871901234,0.8652458756787949,0
M-06,2026-01-08 22:00:00,59.29943940806997,2.40755475960016,5.833671891387594,1605.5709484190913,0.6334601239967665,0
M-06,2026-01-08 23:00:00,56.66931250580334,1.206582371571542,6.820408080481371,1644.7467807253731,0.7718838003561677,0
M-06,2026-01-09 00:00:00,58.47098280152668,1.8527643420711553,6.0445637507301555,1642.2225910607885,0.7405693215231473,0
M-06,2026-01-09 01:00:00,58.41639513105758,1.6098161341924841,6.190245573793754,1642.471455804657,0.6158045949095834,0
M-06,2026-01-09 02:00:00,62.52213688209031,1.7869648446262851,5.8284002729469515,1614.1261592475598,0.7940124978676706,0
M-06,2026-01-09 03:00:00,56.29250924679712,1.893710879011671,5.776575067173681,1620.9888846137499,0.5551927186104645,0
M-06,2026-01-09 04:00:00,58.93500634326671,1.401640167232963,6.3539969185258895,1557.3864809594202,,0
M-06,2026-01-09 05:00:00,51.46214289913686,2.4993211881136754,6.472523877188941,1579.2801658612552,0.5644073819925141,0
M-06,2026-01-09 06:00:00,60.548211949186864,2.8766010896072896,6.304183182066716,1594.2864742505578,0.590869924893351,0
M-06,2026-01-09 07:00:00,59.68537673309692,1.6829044167835796,6.492454341805655,1692.4951683145075,0.7822844321210819,0
M-06,2026-01-09 08:00:00,64.55013826626993,1.4944595997325079,5.992130569226051,1817.7413368134019,0.9273957147964167,0
M-06,2026-01-09 09:00:00,65.62956413433459,1.8378194278796278,6.237262667723703,1719.8095632892419,0.7078595672207016,0
M-06,2026-01-09 10:00:00,60.64128187633975,3.106598587061392,6.164587516641461,1686.974073122795,0.8526739299087849,0
M-06,2026-01-09 11:00:00,63.524387181434165,2.5670641583115135,5.698320993232575,1711.4607159557354,0.9697533784157764,0
M-06,2026-01-09 12:00:00,63.53076951801236,2.5138599663026535,6.242641886956597,1690.5899768244487,0.7344772347228021,0
M-06,2026-01-09 13:00:00,63.47434438833188,2.5430485954844984,5.6016016656789915,1648.8955139027375,0.8368693966525672,0
M-06,2026-01-09 14:00:00,67.78733311905275,2.336756060582713,5.948212669208156,1735.7693292786141,0.9064740961090969,0
M-06,2026-01-09 15:00:00,63.976942186870716,2.072097457042606,6.460360149927241,1735.772267527814,0.8356232425150607,0
M-06,2026-01-09 16:00:00,62.41156873121512,2.896015502447581,5.877590557978115,1643.118662116095,0.6074405286579464,0
M-06,2026-01-09 17:00:00,64.42760425951566,3.208162203519899,5.837463760181381,,0.6766686011692175,0
M-06,2026-01-09 18:00:00,61.172353212684435,2.57342696139065,6.513104960214294,1770.0996541590318,0.8511387493347368,0
M-06,2026-01-09 19:00:00,63.21841061589595,3.597374633177246,6.2732195368924994,1656.257526516759,0.5857558482172859,0
M-06,2026-01-09 20:00:00,63.12287177745711,2.519684814464963,5.922913781369488,1631.5449267693878,0.7293876329217822,0
M-06,2026-01-09 21:00:00,65.89225092167514,3.43117990704385,6.106503624415802,1587.661509084955,0.603803385853813,0
M-06,2026-01-09 22:00:00,60.62301900654993,3.219313719276341,6.288603865540527,1698.5037628192883,0.8456549516634113,0
M-06,2026-01-09 23:00:00,71.3511078054715,3.1905685474685317,6.099007389487282,1694.775807972625,0.842698972597026,0
M-06,2026-01-10 00:00:00,68.01688232834475,2.763346018744611,5.912873293561679,1710.7902034661058,0.7161874333894809,0
M-06,2026-01-10 01:00:00,65.10841514222187,2.622578781100655,5.970548661316246,1546.5915626002754,0.5612762757946834,0
M-06,2026-01-10 02:00:00,68.45301875656087,3.1776559811830998,5.978770269540375,1735.1619336350207,0.9710765281712377,0
M-06,2026-01-10 03:00:00,69.462448012023,3.239472281496591,6.273442765066387,1635.9575956428453,0.7288335163319313,0
M-06,2026-01-10 04:00:00,69.48043615066094,3.18620137816714,5.666717006593792,1670.3295887175518,0.8436913017927293,0
M-06,2026-01-10 05:00:00,71.89616985351138,3.3873706460269046,6.172915031904064,1656.238065664439,0.8320430546898113,0
M-06,2026-01-10 06:00:00,70.1394557380701,3.1466436129906814,5.719805000329855,1611.8332739759146,0.7267532224587322,0
M-06,2026-01-10 07:00:00,71.55539250730949,3.350532003953658,5.7685077000018214,,0.9837883737585571,0
M-06,2026-01-10 08:00:00,74.7339124009147,3.6776081597648607,5.558562881193508,1743.5636132401903,0.9766952757621976,0
M-06,2026-01-10 09:00:00,63.25284264882677,3.5455817032556136,6.106622581275111,1738.7946057360848,0.9790637304510109,0
M-06,2026-01-10 10:00:00,75.20988966345094,3.245106641641917,5.857927193099929,1614.130618077938,0.8099048491716216,0
M-06,2026-01-10 11:00:00,73.42378819747466,4.009990379568201,5.892770770481126,1604.6521070660401,0.6911656825893542,0
M-06,2026-01-10 12:00:00,71.94278624972715,3.1814732557028904,5.948130791127624,1625.7881785388006,0.6654003387914709,0
M-06,2026-01-10 13:00:00,77.8016637380943,4.422491210192325,6.148373599407564,1757.139540552716,0.933515368691118,0
M-06,2026-01-10 14:00:00,68.70705888358283,3.515506123081961,5.954066893664453,1593.2432253319632,0.5813858848087374,0
M-06,2026-01-10 15:00:00,73.47542765702494,4.1104026468867145,5.884773673209806,1618.5459472868288,0.8148731067414283,0
M-06,2026-01-10 16:00:00,74.20455145072567,4.204081215914679,5.741729118421202,1711.709761572805,0.8340244127414053,0
M-06,2026-01-10 17:00:00,73.18808108098018,4.032995693944701,5.650263766957202,1606.5331686743411,0.7365832460965754,0
M-06,2026-01-10 18:00:00,73.77566958828668,4.298584583768596,5.793583418139756,1620.2438011527356,0.6011330595079513,0
M-06,2026-01-10 19:00:00,76.95266515404127,4.937218458427361,6.02212556722824,1738.9044501109684,0.913437503921005,0
M-06,2026-01-10 20:00:00,75.46943182287146,4.355198032733605,5.852009678712642,1635.8898057214235,0.6782884764852258,0
M-06,2026-01-10 21:00:00,72.32320384432644,4.44907876648899,6.195556809917133,1699.191548273563,0.6613263880203744,0
M-06,2026-01-10 22:00:00,74.80912973416083,3.588032478486337,5.560118904439187,1706.3153455610893,0.9267361892312052,0
M-06,2026-01-10 23:00:00,79.24878461763326,4.698687256821167,5.874608777915702,1704.1660881187424,0.746132880861681,0
M-06,2026-01-11 00:00:00,77.71523619678779,4.208658146594036,6.155667563738548,1669.1086054112752,0.8687662647270251,0
M-06,2026-01-11 01:00:00,76.39727669526219,3.680063850441245,5.671013252863273,1719.3650160792863,0.9370241207910457,0
M-06,2026-01-11 02:00:00,80.3795523346564,4.7499575359905615,5.656352010960241,1724.7975389092512,0.9020036581409694,0
M-06,2026-01-11 03:00:00,78.66551695770823,3.935087128587114,5.9375023897612,1701.624822235062,0.8992309954199746,0
M-06,2026-01-11 04:00:00,79.76547601048401,5.16738254781648,5.575591918841203,1631.7919298573843,0.6570051846430102,0
M-06,2026-01-11 05:00:00,78.1477955526734,4.208957276318611,5.7642940819925865,1656.884217786105,0.7236785567608146,1
M-06,2026-01-11 06:00:00,80.56810003335323,4.732258647825378,5.574121195141311,1644.2472647497384,0.7712607007578398,1
M-06,2026-01-11 07:00:00,81.45277164092768,4.662626689505912,5.538206124088306,1691.271104554565,0.7654270492000455,1
M-06,2026-01-11 08:00:00,80.81686211759194,3.9804749208871373,5.477590294223592,1758.45370874328,0.8689412988289789,0
M-06,2026-01-11 09:00:00,81.09728436889611,4.843031386356991,5.670683105976396,1643.8578249670925,0.7317808925986138,1
M-06,2026-01-11 10:00:00,82.60922145235095,4.226984323860274,5.796925896731417,1633.547559980674,0.744293801559148,1
M-06,2026-01-11 11:00:00,77.20898073175513,5.615467050354371,5.829472871175529,1658.2507933727647,0.7844706862258388,1
M-06,2026-01-11 12:00:00,79.10511059624214,4.72882699053863,5.598600981889519,1616.3012117709136,0.7113002254291634,0
M-06,2026-01-11 13:00:00,76.78689008727315,4.15651921571249,6.091142465816357,1640.9361749030684,0.6478266707754319,0
M-06,2026-01-11 14:00:00,82.53747515017744,5.303989541879259,5.7669830805765425,1688.3994410182584,0.6599654002567241,1
M-06,2026-01-11 15:00:00,84.85789010862125,4.416067290173377,5.66358771987539,1628.6477469990434,0.8374214077137003,1
M-06,2026-01-11 16:00:00,83.14350597772035,4.689879097431806,5.7733414925130635,1717.7093422011844,0.9963240745846578,1
M-06,2026-01-11 17:00:00,79.51591394974884,5.219499868573189,5.883062719033062,1627.8585990195352,0.6141128193878088,1
M-06,2026-01-11 18:00:00,86.27907129902921,4.430650002854908,5.673866610936651,1703.4969673834587,0.8891659426735506,1
M-06,2026-01-11 19:00:00,79.5247580947717,5.064509106581189,5.404174373216899,1617.0366244353868,0.6550585859642097,0
M-06,2026-01-11 20:00:00,82.39484097874028,5.472088486913917,5.3772538684253455,1589.4168873933709,0.606033197816197,1
M-06,2026-01-11 21:00:00,86.18833833681369,5.434808675271045,5.389048224855627,1742.5717384615432,0.9177951675465965,1
M-06,2026-01-11 22:00:00,86.23399439046773,5.746979845018182,5.105062394759591,1761.8902192248074,0.8334515066028807,1
M-06,2026-01-11 23:00:00,85.38573174642328,5.607879886474224,5.503113498589775,1655.872738195551,0.6999050394132978,1
M-06,2026-01-12 00:00:00,95.66051892356032,5.867927981485229,5.5731149855795925,1716.3189239836427,0.8746146288303668,1
M-06,2026-01-12 01:00:00,86.827086796179,5.179885320650268,5.202656610015367,1648.6643008944764,0.5783415630032857,1
M-06,2026-01-12 02:00:00,86.73175821573533,5.893092428430586,5.7647502038783305,1604.2864011004976,0.6530724501783368,1
M-06,2026-01-12 03:00:00,89.6307463206153,5.05708844549153,4.461575719205113,1697.6853282339728,0.9282623606570685,1
M-06,2026-01-12 04:00:00,90.14113078022466,6.01212565515001,5.434498172563354,1678.7713683352658,0.8393845150341432,1
M-06,2026-01-12 05:00:00,85.27732575659304,5.815359404244379,5.426893032732717,1710.2088097809933,0.9397343365417434,0
M-06,2026-01-12 06:00:00,54.690837297032665,1.0268234806963368,6.670868254884409,1615.3271988131423,0.8345591868016458,0
M-06,2026-01-12 07:00:00,52.50823394939081,1.658132105004542,6.312665476618265,1755.1048825148987,0.965395730209827,0
M-06,2026-01-12 08:00:00,48.33151202363683,1.0667667846651845,6.497840785759724,1746.9630208528188,0.8806854705338294,0
M-06,2026-01-12 09:00:00,50.20460855478819,1.0210098990709364,6.151960539899177,1567.2202223027016,0.6934939016994356,0
M-06,2026-01-12 10:00:00,51.677359429609965,1.4089304250705528,6.598453162324192,1616.1580894509873,0.6625497410291588,0
M-06,2026-01-12 11:00:00,52.40786210183884,1.0763456661619957,6.686577270227529,1650.575666251015,0.670875678302584,0
M-06,2026-01-12 12:00:00,57.14871413622594,0.9202050361437475,6.1538443806971275,1719.5835167282185,0.9365092619222442,0
M-06,2026-01-12 13:00:00,55.03577205547414,1.233305112367973,6.276792397193203,1779.394916934651,0.9186844350636083,0
M-06,2026-01-12 14:00:00,54.42609375461944,1.9488693302838482,6.207958544202355,1631.748822560182,0.7586993125827226,0
M-06,2026-01-12 15:00:00,55.62545945125279,1.760790895842104,6.159197444506611,1593.3849622455723,0.6933734318258986,0
M-06,2026-01-12 16:00:00,52.824865017717585,0.5429183243443294,6.373438542913227,1684.4221754661012,0.8693431852886162,0
M-06,2026-01-12 17:00:00,54.07449259974558,2.2204441348108057,6.348960536495172,1685.6777341260051,0.7576136360131683,0
M-06,2026-01-12 18:00:00,55.145133802567415,2.0198204563042848,6.500269431222452,1654.9410965656614,0.8772660277025742,0
M-06,2026-01-12 19:00:00,58.02097802120128,0.798698647560877,6.5010585913268,1614.849675419681,0.5740204785243794,0
M-06,2026-01-12 20:00:00,61.868428037579,1.6949297036023683,5.930173988259905,1705.1849520654093,0.9930892630636925,0
M-06,2026-01-12 21:00:00,62.32920552143667,2.1871504860478588,6.244551482488304,1663.5683401478707,0.89569027265183,0
M-06,2026-01-12 22:00:00,56.63126786587434,2.3709644765295743,6.616556444683955,1612.6794805896063,0.6564892756187003,0
M-06,2026-01-12 23:00:00,62.29926307493528,1.9186274075907754,6.168209549556794,1686.0274276237283,0.8597577826170351,0
M-06,2026-01-13 00:00:00,65.33256006322453,2.6380429731472947,6.041588328255687,1638.5427769075588,0.8569379587581392,0
M-06,2026-01-13 01:00:00,59.42469697565921,2.297867963952511,5.944834619974943,1646.503187340739,0.5762730223635272,0
M-06,2026-01-13 02:00:00,57.034004865483205,2.3841166126343345,5.6356271122593915,1619.1633299269424,0.5523475983152286,0
M-06,2026-01-13 03:00:00,62.30402463746109,1.6421551445111209,5.979282313630157,1604.04748678464,0.6201906702819734,0
M-06,2026-01-13 04:00:00,61.58119773076159,2.11507523354532,6.326967417715473,1706.874741962768,0.9587420378208631,0
M-06,2026-01-13 05:00:00,59.014486636247184,1.9700966411909977,6.028847758351466,1660.3428827754717,0.7108328144857854,0
M-06,2026-01-13 06:00:00,60.90709854191631,2.117126971172854,6.489880823991348,1682.4294298391605,0.9383912285040803,0
M-06,2026-01-13 07:00:00,59.16863732314461,0.835900221401854,6.618284196691271,1764.1106901596934,0.9843452340658292,0
M-06,2026-01-13 08:00:00,63.64994607013473,2.0587332100211455,6.373795958412524,1716.4234312782828,0.8851603934426475,0
M-06,2026-01-13 09:00:00,65.7432615283357,2.3684795651282373,5.903961571117768,1651.8400736249826,0.6859239753574676,0
M-06,2026-01-13 10:00:00,63.02743484885318,1.8595534024296403,6.176398780514287,1670.9400777649691,0.8955626425641922,0
M-06,2026-01-13 11:00:00,66.58670668480536,3.0920377226150935,5.855006262216448,1713.9123746886394,0.8973545409777305,0
M-06,2026-01-13 12:00:00,64.2374937302056,2.2743684886087157,6.153700142898606,1700.4506682407089,0.8798956064815103,0
M-06,2026-01-13 13:00:00,63.68326093033525,2.7094946162661455,6.233587394045359,1633.0500854977554,0.6956463399730458,0
M-06,2026-01-13 14:00:00,66.45572022514799,1.5910991122345972,5.840296580459146,1618.331165594212,0.5574463360832621,0
M-06,2026-01-13 15:00:00,62.1939024097609,2.245347528888495,6.2594948475304095,1661.8738153495651,0.6577704225692216,0
M-06,2026-01-13 16:00:00,61.000165718624075,2.661284599491483,6.431561345248222,1731.309361659726,0.848912595813073,0
M-06,2026-01-13 17:00:00,67.85514066245743,2.4683853433159455,6.236701304903199,1726.8854060987396,0.8028706209410486,0
M-06,2026-01-13 18:00:00,69.68649571189312,2.9160427341427697,6.053953013229476,1612.9655354730453,0.6246736830094588,0
M-06,2026-01-13 19:00:00,63.72700090374898,2.7792789797547566,6.076440163122944,1535.447156836742,0.7247677582092965,0
M-06,2026-01-13 20:00:00,66.15850874587142,2.7246994545344023,,1632.587898211009,0.647256010440482,0
M-06,2026-01-13 21:00:00,67.08719789107488,3.690132203047065,5.866945409196122,1645.7203823153568,0.7395536956965025,0
M-06,2026-01-13 22:00:00,70.20769682752817,2.945190196148298,5.986204440131548,1741.4726488811161,0.8770113173341196,0
M-06,2026-01-13 23:00:00,68.9694119814808,2.4869487385338536,6.3508428519128515,1799.9316784582663,0.9673029343007777,0
M-06,2026-01-14 00:00:00,66.44438729576424,3.1422993459929236,5.785567247755519,1764.5437339082666,0.8070036454079612,0
M-06,2026-01-14 01:00:00,71.5982908034859,2.802299095053478,5.738295486951168,1633.4633116768025,0.8883633724296355,0
M-06,2026-01-14 02:00:00,70.82964971963928,3.0798117880644718,6.123685500737657,1752.4053836896337,0.925764184777981,0
M-06,2026-01-14 03:00:00,65.84193247054786,3.358571318108627,6.250424539450554,1628.837626453932,0.5509123657662802,0
M-06,2026-01-14 04:00:00,72.75366225096856,2.5132473429410807,5.744349913237982,1708.6116462135594,0.9096732334123616,0
M-06,2026-01-14 05:00:00,68.96538061708544,3.2567459066741686,5.962269554178928,1737.6293943651635,0.8577205595311521,0
M-06,2026-01-14 06:00:00,69.04285797251757,3.245399624550107,5.959174584470874,1773.5684124806103,0.815462692284654,0
M-06,2026-01-14 07:00:00,66.28528091170031,3.4546619882683065,-99.0,1611.7495307985,0.6623058387736842,0
M-06,2026-01-14 08:00:00,72.38624285475674,3.8996758642437657,,1649.345116954255,0.6438529524671739,0
M-06,2026-01-14 09:00:00,69.905674563592,3.412451267005246,5.633635175554367,1661.8661756721008,0.6451404197101829,0
M-06,2026-01-14 10:00:00,68.10123045182539,3.4743887415531254,6.3746130251267505,1799.5325645500857,,0
M-06,2026-01-14 11:00:00,68.87855728633414,4.560232169541578,5.893826730562432,1631.7570804882841,0.5546966784869695,0
M-06,2026-01-14 12:00:00,68.14525050789038,3.294018085411038,6.485236430903541,1757.2855558760311,0.9950545479265847,0
M-06,2026-01-14 13:00:00,70.22880668994586,3.9697056247423887,5.623363088556766,1600.2944194945865,,0
M-06,2026-01-14 14:00:00,74.95558049015798,3.952036123798446,6.108866221876564,1712.2278503794448,0.9148470528332564,0
M-06,2026-01-14 15:00:00,75.27491592385283,2.8250215551577025,5.691020846437504,1756.1606806222171,0.7860216242767434,0
M-06,2026-01-14 16:00:00,71.821077916946,3.2613981013047106,5.803151397640782,1700.7716660013475,0.8660604656094759,0
M-06,2026-01-14 17:00:00,75.43930786376296,3.8084382089183113,6.053761700759582,1687.9213783470693,0.9545120961138931,0
M-06,2026-01-14 18:00:00,73.38867890375263,3.2247074135570672,5.33324782980381,1653.8534670213362,0.6359089403770174,0
M-06,2026-01-14 19:00:00,72.2920845687747,3.8386702864837514,5.701121754177938,1599.8592517739826,0.5786774360770178,0
M-06,2026-01-14 20:00:00,74.47719882437944,4.170168775116151,6.009189629909013,1665.260628268381,0.8716365307260334,0
M-06,2026-01-14 21:00:00,75.75281291613344,4.5899757289843475,5.920803700894665,1773.455269509238,0.850590564845038,0
M-06,2026-01-14 22:00:00,75.07592097250435,4.0431351155884325,5.904922520348219,1620.4488878496202,0.729050700724578,0
M-06,2026-01-14 23:00:00,79.16551965382321,3.1613359083939945,5.853648396617955,1629.542016733854,0.8076513122715434,0
M-06,2026-01-15 00:00:00,71.63044464325054,4.484837571102311,5.178736437650903,1718.6082067966145,0.9134511108161136,0
M-06,2026-01-15 01:00:00,70.24244804251043,3.856953465052178,6.073080417031321,1648.2736666091766,0.5942292628731553,1
M-06,2026-01-15 02:00:00,75.58608301663578,4.292721693690033,5.708503908104425,1626.4191678588531,0.8444232836687368,1
M-06,2026-01-15 03:00:00,73.73465020151606,3.4921788648466245,5.899144280097857,1566.4683615516806,0.553476518702094,0
M-06,2026-01-15 04:00:00,74.92683305382224,4.005068782991522,5.535657737385969,1687.3161540652445,0.7059956786309918,0
M-06,2026-01-15 05:00:00,72.2223619905822,5.360823947702567,6.268634142813308,1746.3165801468701,0.8451657418264913,0
M-06,2026-01-15 06:00:00,77.92257683085624,3.8835931298573514,5.515484743208159,1662.747675497549,0.6048517881162918,0
M-06,2026-01-15 07:00:00,80.62454869454312,4.062603485255427,5.260989815639149,1610.2658052328784,0.7142406933611635,0
M-06,2026-01-15 08:00:00,80.12531028582454,4.9448762379872795,5.682265850695358,1697.255156286789,0.8958657537947825,0
M-06,2026-01-15 09:00:00,79.91126489793146,4.5639768917891415,5.614656722746398,1703.8807918075966,0.9844470199385116,1
M-06,2026-01-15 10:00:00,79.96022632816415,3.796493969556262,5.90843283932587,1610.1972591953795,0.7211493735033785,0
M-06,2026-01-15 11:00:00,82.44767824935698,4.599422734752055,5.663601012093367,1706.7835981655267,0.8812789667681489,1
M-06,2026-01-15 12:00:00,83.67148912067167,4.184788407343906,6.082416087483958,1672.316651227134,0.820313451045557,1
M-06,2026-01-15 13:00:00,81.16103712266687,3.887215926715573,5.565979059519242,1540.560245021799,0.6188056974840309,1
M-06,2026-01-15 14:00:00,81.94362045585548,4.354871401183016,5.5403621628957325,1704.4461482963297,0.7394573669701655,0
M-06,2026-01-15 15:00:00,83.61814209205316,,5.229173804418129,1578.0696102273882,0.5878873406185539,0
M-06,2026-01-15 16:00:00,78.67107810941404,4.870271437660777,6.300737117235943,1716.8306589756287,0.7459166535913335,1
M-06,2026-01-15 17:00:00,86.82318371450089,4.38996735254166,5.8993550894811,1796.116042961708,0.8581735722885844,0
M-06,2026-01-15 18:00:00,86.98716774739535,4.632746285684678,5.715859533379776,1692.3024278999014,0.9307933590525781,1
M-06,2026-01-15 19:00:00,85.18299759731121,5.4526469468959995,5.508414638035852,1641.4172251762277,0.7618630575693918,0
M-06,2026-01-15 20:00:00,82.90023494611789,4.595296286008534,5.407274437312473,1627.5205695026375,0.5953684802417003,1
M-06,2026-01-15 21:00:00,79.49550235970611,5.586712882870865,5.495934538014235,1759.9894679286542,,1
M-06,2026-01-15 22:00:00,81.676129812796,5.205168741877272,6.470014915605396,1588.1014442324556,0.5723295969206255,1
M-06,2026-01-15 23:00:00,88.35205596837278,4.2759750870809325,6.077157185016208,1685.3400259223024,0.7811546723019329,0
M-06,2026-01-16 00:00:00,54.95026560914188,0.9712879996643281,5.716613588310061,1684.7058848017236,0.6308395127903809,0
M-06,2026-01-16 01:00:00,53.2726472129816,,6.185717678016979,1632.9587342993116,0.6011598228780588,0
M-06,2026-01-16 02:00:00,60.06773284782279,2.1270959610070554,6.124021538642618,1704.5748446022146,0.8739895483685892,0
M-06,2026-01-16 03:00:00,62.51380077717826,1.5392097483163818,6.2004986511893,1639.8798718722853,0.7029025729686899,0
M-06,2026-01-16 04:00:00,59.32283083091599,1.9878805105475612,6.2704919284200065,1733.639978879277,0.959527725530594,0
M-06,2026-01-16 05:00:00,59.26977748504575,2.0229576895492807,6.339067727142787,1718.0910227683034,0.8694498606299519,0
M-06,2026-01-16 06:00:00,58.5924313275974,1.072797654536249,6.511988662243062,1594.334062954495,0.5850256894122524,0
M-06,2026-01-16 07:00:00,63.799669455420286,0.815484108337744,6.606251876912053,1609.8305923736532,0.5569999215526042,0
M-06,2026-01-16 08:00:00,60.56105157472973,0.9154178425669874,6.1190537881420495,1669.0316707503966,0.715210440709537,0
M-06,2026-01-16 09:00:00,52.73029255371299,2.6944738851686987,6.3369676182772245,1630.2460198664148,0.8811011637138759,0
M-06,2026-01-16 10:00:00,58.04776541262749,1.7197837508564677,6.049154969828072,1592.8839375683647,0.5836323441800678,0
M-06,2026-01-16 11:00:00,52.92254273921582,2.242617084908458,6.316500666809889,1613.2499010240074,0.5923712934241319,0
M-06,2026-01-16 12:00:00,64.07308896351628,2.0336249616787536,6.159546376448547,1639.640214636941,0.6075023031048893,0
M-06,2026-01-16 13:00:00,57.417213105754705,2.392218723058379,5.885335995112936,1542.1772548913905,0.6007204775993853,0
M-06,2026-01-16 14:00:00,67.1947794731216,2.0152888406700464,6.122086801028256,1688.4483294268757,0.8085835786500142,0
M-06,2026-01-16 15:00:00,64.23740798599195,1.859311546003931,5.948515410386782,1685.269772630597,0.8353152812045566,0
M-06,2026-01-16 16:00:00,63.632085615803796,1.8781748750408118,5.957137809688516,1735.204760214891,0.8788652202089097,0
M-06,2026-01-16 17:00:00,64.74320099103623,2.931154699858223,6.319583891188539,1739.3073963329807,0.9707717316266693,0
M-06,2026-01-16 18:00:00,61.49180446553367,2.293305416694413,6.148866459055789,1573.5932658780073,0.6409378533588859,0
M-06,2026-01-16 19:00:00,63.6795086348701,2.24346136690357,5.926566015820747,1681.1967531297046,0.7898729532334821,0
M-06,2026-01-16 20:00:00,62.45637112876392,2.2826716145938355,6.599114783062733,1693.5794501147318,0.9085389039982199,0
M-06,2026-01-16 21:00:00,63.646504448856696,2.8036910527410304,6.058824262315029,1720.1822625865402,0.8598188405233361,0
M-06,2026-01-16 22:00:00,68.28589638710534,1.7198754981557656,5.745020175341971,1616.0126426779887,0.699688471370927,0
M-06,2026-01-16 23:00:00,63.05076464666319,3.2209551235535923,6.04146399086566,1608.858793362626,0.6180405390576168,0
M-06,2026-01-17 00:00:00,67.3120922840975,3.3678376567699218,5.752297896051662,1649.3662773113927,0.5504694926818869,0
M-06,2026-01-17 01:00:00,66.71564795491982,3.1013332527855195,6.032501290751418,1603.3780250667824,0.6157085459511994,0
M-06,2026-01-17 02:00:00,66.40476277216143,3.6395071779290946,5.710268619974998,1653.5796381902032,0.7703782046793975,0
M-06,2026-01-17 03:00:00,68.55469835285957,2.349205085474612,6.1113781494283845,1595.8488345738365,0.5880887678812776,0
M-06,2026-01-17 04:00:00,68.16978292157688,3.138909519197483,6.0315208994193465,1722.2003848091463,0.8506710272455735,0
M-06,2026-01-17 05:00:00,63.32738528342211,3.1346318712474863,5.805457619957787,1639.6324589070896,0.680381422391576,0
M-06,2026-01-17 06:00:00,68.63331885694114,2.427792309364536,5.935017786891397,1666.3307456808514,0.9051843055400175,0
M-06,2026-01-17 07:00:00,70.32615924643389,3.6873389239704886,5.995764472307692,1671.7223965364112,0.6869842058474502,0
M-06,2026-01-17 08:00:00,72.1752566655099,3.144473216510521,5.743186666161864,1629.5228532706717,0.6259333419876105,0
M-06,2026-01-17 09:00:00,64.75416494273017,3.9521213359519614,6.046577736682043,1658.5965156601596,0.5906677628853115,0
M-06,2026-01-17 10:00:00,65.05142448869813,3.7006698413243804,6.069642024125412,1674.772236656933,0.8258180554789942,0
M-06,2026-01-17 11:00:00,68.4897664402007,3.2471538074648776,5.805388845241131,1597.9824475938567,0.6064100852570121,0
M-06,2026-01-17 12:00:00,70.69717740174559,3.798171563188378,5.9251786620168065,,0.7585284798653382,0
M-06,2026-01-17 13:00:00,69.37270608394664,3.416304590274688,6.019992176120907,1649.8816882518524,0.7609226543660537,0
M-06,2026-01-17 14:00:00,77.8758066005643,3.3537872242331765,6.192013292625923,1581.5159408630427,0.6055572020727719,0
M-06,2026-01-17 15:00:00,72.42616628159375,2.7083870894744244,6.192527777584671,1736.779537289804,0.8289052666059635,0
M-06,2026-01-17 16:00:00,68.83763686112576,3.875956160314625,5.829702370356653,1742.633498330683,0.8453274647352318,0
M-06,2026-01-17 17:00:00,77.78722666937746,3.5265753704643426,5.881266273135561,1691.7906504465047,0.9448057478228626,0
M-06,2026-01-17 18:00:00,74.46241222288572,3.2262385564971843,6.2885989893026055,1634.8450105527354,0.632085426589128,0
M-06,2026-01-17 19:00:00,75.67358515241553,2.8658080405820385,6.1437839912674415,1625.9020443718587,0.8708679575123222,0
M-06,2026-01-17 20:00:00,76.80489277568208,3.90666657854893,6.11386074552055,1671.335705161473,0.7736300666203344,0
M-06,2026-01-17 21:00:00,79.317081966709,4.17569765052646,5.509672016080603,1592.0889179982842,0.6052234572565227,0
M-06,2026-01-17 22:00:00,73.11147884335385,4.965856292350005,5.872318678224291,1685.4556697011105,0.7735308874598027,0
M-06,2026-01-17 23:00:00,73.17658499784777,3.646391047114157,5.744294105950107,1671.2787604695188,0.636804421605527,0
M-06,2026-01-18 00:00:00,72.75765221994483,4.647709943233462,5.758223749298663,1621.6919025014504,0.5773641798076993,0
M-06,2026-01-18 01:00:00,81.54740859723245,3.6993579707254707,5.713269734481702,1798.4215075196573,0.9844152331470212,0
M-06,2026-01-18 02:00:00,80.54805270913815,4.5898029152058735,6.147582958122843,1802.7583885066142,0.9949963921632632,0
M-06,2026-01-18 03:00:00,77.92964840672958,4.270832051975948,5.764014752626809,1703.8907511469404,0.9694814815457622,0
M-06,2026-01-18 04:00:00,78.14619321193757,3.5415738638643015,5.791931205557526,1638.1917138836604,0.6655977367033062,0
M-06,2026-01-18 05:00:00,80.21578884052239,5.312662742139102,5.628080556170945,1677.7921980674046,0.7657586780331732,1
M-06,2026-01-18 06:00:00,74.9924282630554,3.8383080066912365,5.747442184317922,1625.8443948505485,0.8028590913842155,0
M-06,2026-01-18 07:00:00,77.32964005479803,4.919089955423769,5.468507531650329,1667.8044587968461,0.6781756815064258,0
M-06,2026-01-18 08:00:00,80.8783801442494,4.346088621224972,5.502991968748703,1663.3452746486767,0.7894428008631806,0
M-06,2026-01-18 09:00:00,70.77377263083135,4.910314771301578,5.871674295986311,1745.7339703131963,0.8276678643357849,1
M-06,2026-01-18 10:00:00,78.10317436019673,5.5325430364383035,5.410544092436815,1600.7296606619968,0.7637836794613391,1
M-06,2026-01-18 11:00:00,74.7563587457687,4.001490987799833,5.835540732040203,1634.180749961804,0.7560843408867923,1
M-06,2026-01-18 12:00:00,87.47093736536245,4.747042859828538,5.646176672441705,1700.5037709998853,0.7683366849904854,1
M-06,2026-01-18 13:00:00,74.4449672451767,4.718048021658398,5.8902361930210425,1726.5708827722317,0.9314596696048512,0
M-06,2026-01-18 14:00:00,87.15589358665683,4.901750834684468,5.725382470874171,1711.4278810541848,0.8934738983966808,1
M-06,2026-01-18 15:00:00,86.21144754222375,4.698256910590461,5.535548115130663,1657.4385285384187,0.78970044739351,0
M-06,2026-01-18 16:00:00,83.60528514822168,4.604049082403169,5.89511458400108,1611.3347242339105,0.6406546335743936,1
M-06,2026-01-18 17:00:00,82.39875312327347,5.344196862851368,5.850571030039695,1564.7666446282424,0.5653728227101374,1
M-06,2026-01-18 18:00:00,88.0730230841131,5.0439852362392115,5.460101268270401,1671.0477673742637,0.6061885776834989,1
M-06,2026-01-18 19:00:00,81.74070492327552,5.188532217879193,5.370147077486128,1601.10975377698,0.6120653943054492,1
M-06,2026-01-18 20:00:00,84.97761531912037,5.490734051265308,5.394631268949975,1669.245328517108,0.7901174658464769,1
M-06,2026-01-18 21:00:00,80.11851153265546,5.303560519384671,5.384576988778752,1680.3978071802612,0.7102064957965327,1
M-06,2026-01-18 22:00:00,81.94402491974772,5.347372072043363,5.573303889448676,1627.0111563977298,0.5546382121767467,0
M-06,2026-01-18 23:00:00,81.65155991919497,4.740190331030273,5.379306408175496,1595.836969958959,0.6160439984883651,1
M-06,2026-01-19 00:00:00,82.68557831058004,4.859995836087395,5.38150527279125,1576.4965987064197,0.5606792776898786,1
M-06,2026-01-19 01:00:00,91.11857507974928,4.810656668187035,5.831836509337019,1729.0314415387352,0.8707661591549276,1
M-06,2026-01-19 02:00:00,85.35787419349663,5.576156458803009,5.571870397891502,1627.0401433344632,0.6437509530900256,1
M-06,2026-01-19 03:00:00,89.31594336511412,5.161138881665141,5.367843451849606,1677.2538070998949,0.8595896212143941,1
M-06,2026-01-19 04:00:00,85.969046952016,5.796301626966641,5.585822718697695,1641.2556184851514,0.7334439304204519,1
M-06,2026-01-19 05:00:00,88.99762594255888,5.504224548264239,5.535284257469368,1669.7854008037941,0.9237691952667546,1
M-06,2026-01-19 06:00:00,82.43501890450088,5.2520159447913715,5.404174524906879,1715.4388575698176,0.610888414624864,1
M-06,2026-01-19 07:00:00,85.54581641921469,5.7850544175001435,5.055530522852387,1627.6396900509708,0.6834605830244602,1
M-06,2026-01-19 08:00:00,90.42007133009834,5.8797127478139295,5.336278071005773,1656.6226172793008,0.8166879557916411,1
M-06,2026-01-19 09:00:00,87.8108373426649,5.965084459154187,5.339247263113232,1689.828176450358,0.6678678896975822,1
M-06,2026-01-19 10:00:00,87.29573762795044,5.5355473082988285,5.544084874932244,1613.4824589240877,0.5607784002233454,1
M-06,2026-01-19 11:00:00,91.7739750142011,5.848475059867409,5.313488102561362,1702.7810842239346,0.8537848598056117,1
M-06,2026-01-19 12:00:00,91.4677319779525,5.629032115145245,5.259223679386286,1745.679841550499,0.8830852879840494,1
M-06,2026-01-19 13:00:00,94.07191574197414,5.547980631852157,5.726480471167885,1707.5993973582001,0.9505173710204349,1
M-06,2026-01-19 14:00:00,92.12555295211058,5.995482518518341,5.490159895056384,1614.2521962459189,0.6350600997807587,1
M-06,2026-01-19 15:00:00,95.7770277959591,5.514613160257663,5.795038013211355,1726.0104011963838,0.8713445700138578,1
M-06,2026-01-19 16:00:00,97.98459682158462,6.534403561571672,5.682617307317581,1656.0273368933094,0.7566128488754251,1
M-06,2026-01-19 17:00:00,93.20811279109225,6.1947759632836075,5.66839074110808,1774.3447753058956,0.9095973465424457,0
M-06,2026-01-19 18:00:00,58.24681774039644,2.0931504666976677,6.450520990109821,1679.3922704414615,0.6190005335852621,0
M-06,2026-01-19 19:00:00,51.54209354991457,0.794179056045699,6.343351452225347,1692.0300623891567,0.8809961719605957,0
M-06,2026-01-19 20:00:00,57.51199682305257,1.1942545631740917,6.153069978539529,1643.9054510701392,0.7449737831835234,0
M-06,2026-01-19 21:00:00,57.18446376544828,2.196946187255814,7.031201192675606,1730.416351794069,0.8800079778493803,0
M-06,2026-01-19 22:00:00,56.55908990722536,1.577693827401097,6.53310287414859,1629.0441451158897,0.6935965292885586,0
M-06,2026-01-19 23:00:00,62.2911127999432,2.3071937065289467,6.615818809190782,1703.824868294025,0.7953591252348065,0
M-06,2026-01-20 00:00:00,55.11785952985388,1.572985397135126,6.73143542994356,1714.2489709915958,0.8440560303823649,0
M-06,2026-01-20 01:00:00,55.536467664560845,0.743510651911,5.961177426492689,1617.0493333105815,0.5584171173495684,0
M-06,2026-01-20 02:00:00,53.39307919150393,1.4222506434740891,6.269806203536068,1677.848723310173,0.7014674315137265,0
M-06,2026-01-20 03:00:00,59.85410571339924,1.157065320647392,6.274401001604308,,0.906561438376005,0
M-06,2026-01-20 04:00:00,61.39883320945167,1.9771820855480886,6.183856597080658,1668.2678069341976,0.8199124273693117,0
M-06,2026-01-20 05:00:00,62.4129081669747,2.608731413376852,5.964226726126903,1692.7635321483028,,0
M-06,2026-01-20 06:00:00,60.52776062069236,1.7388102153736698,5.746506842404628,1748.6843450109877,0.824354509005048,0
M-06,2026-01-20 07:00:00,59.98671616677378,1.9790659474273424,6.322365158693136,1652.0532856075413,0.7541377245235705,0
M-06,2026-01-20 08:00:00,56.53708048183929,1.7712200465174885,6.413178616337086,1662.0094172801546,0.8037368479127109,0
M-06,2026-01-20 09:00:00,59.37181956698267,1.8901833320579469,5.882927171718715,1691.0649870986545,0.7856945535370534,0
M-06,2026-01-20 10:00:00,62.667608515166016,1.9607733374377128,6.046118924401732,1622.6311433540704,0.5950192907166388,0
M-06,2026-01-20 11:00:00,65.2098520515275,1.6732379851017112,6.093531469707807,1781.8219791010495,0.9944381576791637,0
M-06,2026-01-20 12:00:00,64.58573394465736,2.1356485603979465,5.7330421173722526,1635.8015761855445,0.699597428257549,0
M-06,2026-01-20 13:00:00,59.14167649175924,1.8920991768569502,5.937331404941078,1575.9136333682168,0.5569772542692082,0
M-06,2026-01-20 14:00:00,63.622985134013575,2.326286908143124,6.063365380788769,1691.7097068951605,0.9023823072709316,0
M-06,2026-01-20 15:00:00,60.3356804147725,2.189762680657222,6.30845628486349,1616.8450703206652,0.6196502373042789,0
M-06,2026-01-20 16:00:00,62.52927244548026,2.6840238238235807,6.045095372613,1659.8200600169894,0.7757765356074446,0
M-06,2026-01-20 17:00:00,58.72067592663849,2.0690987740291957,6.080092504537028,1659.4441339498167,0.792980229827565,0
M-06,2026-01-20 18:00:00,58.578083698385356,2.654675278577154,6.282966858647247,1692.114097215114,0.7473381177327932,0
M-06,2026-01-20 19:00:00,66.16704398004158,3.008871345649785,5.910284074886748,1750.565524763696,0.849452305355503,0
M-06,2026-01-20 20:00:00,70.31587046564955,2.7696930439075556,6.1906705447592545,1734.2703849549143,0.9730518690212447,0
M-06,2026-01-20 21:00:00,65.75533994255075,1.9944678970713159,6.054731115845572,1637.392962713613,0.5914641716123188,0
M-06,2026-01-20 22:00:00,62.19648439877455,2.298813101365249,5.978838103040379,1767.047400727232,0.9088256657856466,0
M-06,2026-01-20 23:00:00,64.24563592162497,3.059290904136652,5.821070302071586,1661.1230637206916,0.7654472355479153,0
M-06,2026-01-21 00:00:00,63.813003379072626,2.1939665734767697,5.635384260534561,1625.8148763526774,0.6537286418408987,0
M-06,2026-01-21 01:00:00,65.2223634091746,3.4641301673720353,5.935756878476281,1646.5343539508071,0.6017356726603974,0
M-06,2026-01-21 02:00:00,66.08403376403119,2.4700282557270015,5.71424972798739,1740.9952735832346,0.9329069923701583,0
M-06,2026-01-21 03:00:00,69.85127641253935,2.277788513070462,6.1552122098154936,1646.7084271568497,0.8254017041030504,0
M-06,2026-01-21 04:00:00,71.21999022182372,,5.706809054580142,1687.0196794588467,0.9328143472916584,0
M-06,2026-01-21 05:00:00,71.00391357362486,3.0570716618776665,6.240617013807267,1690.036151917712,0.790742279777868,0
M-06,2026-01-21 06:00:00,73.33674809104694,3.6916785265553447,6.19815271168033,1707.9581318208227,0.7843314558561515,0
M-06,2026-01-21 07:00:00,68.79415952005024,3.9547995706928463,5.865771904409523,1654.5342804642391,0.7032107987903372,0
M-06,2026-01-21 08:00:00,74.6833649285713,3.5161527736965623,5.919105041408402,1659.1946097463815,0.7327235691316014,0
M-06,2026-01-21 09:00:00,65.75749883899928,3.1631939839334082,6.130863843351988,1694.0284211310072,0.7947510999226584,0
M-06,2026-01-21 10:00:00,61.668757580150405,4.240029245525211,5.7373808417182035,1605.99222275746,0.5723388808841774,0
M-06,2026-01-21 11:00:00,69.88816882553611,3.4170620868599855,5.612089156068344,1712.740919364452,0.6348472087129985,0
M-06,2026-01-21 12:00:00,76.56976776257171,2.934833347307615,6.153657525439498,1655.8977765710727,0.7866530977583299,0
M-06,2026-01-21 13:00:00,62.697554666079824,2.8065569225412874,6.326448631069801,1586.2018726379324,0.5572218810971878,0
M-06,2026-01-21 14:00:00,70.90013888647877,3.3495402617780186,6.334429761663911,1746.3051761425916,0.7791413669832865,0
M-06,2026-01-21 15:00:00,74.89424700505269,4.087802243019876,5.935955290132951,1638.0125544793925,0.747277663098218,0
M-06,2026-01-21 16:00:00,77.34587250071036,3.6217913948081732,5.610432848178864,1658.9987542195788,0.6397536980216683,0
M-06,2026-01-21 17:00:00,78.37588863181178,3.066724929872437,5.945653601370122,1611.6942347143415,0.6639326781647648,0
M-06,2026-01-21 18:00:00,72.64628000247797,3.3350058326845597,6.022192220985168,1620.426716025286,0.634491307482457,0
M-06,2026-01-21 19:00:00,78.98677341617913,4.129474315348151,5.689980734805937,1657.7933464841537,0.8724729230300223,0
M-06,2026-01-21 20:00:00,77.24759648829195,4.320104290865114,5.82009840638362,1704.5552420418908,0.7895566318004692,0
M-06,2026-01-21 21:00:00,72.16615757392277,3.4512185731804146,5.948427974852861,1615.384088656106,0.5594617270747021,0
M-06,2026-01-21 22:00:00,75.56994496968758,4.31453064930113,5.4847241466792696,1679.0187585667215,0.9077218012789936,0
M-06,2026-01-21 23:00:00,75.29194522393885,3.507951272681662,6.049462396911433,1662.9202688012879,0.6049358227867401,0
M-06,2026-01-22 00:00:00,73.93024647908045,3.6266223187053046,5.943109156426314,1711.3503610983182,0.893412731844601,0
M-06,2026-01-22 01:00:00,77.61422072982059,4.391864849023603,5.636259911872389,1754.3348525982058,0.8443944475135277,1
M-06,2026-01-22 02:00:00,76.01265339940154,4.176074971996945,5.939422320203712,1807.8227153126238,0.9656670466793467,0
M-06,2026-01-22 03:00:00,77.88719564534749,3.495458333932574,5.249987767889332,1607.8726444739143,0.6935055738978304,0
M-06,2026-01-22 04:00:00,75.20245484368905,3.6540735559790933,6.163366577237178,1688.1407966406641,0.8798020908580926,1
M-06,2026-01-22 05:00:00,82.65333403268559,4.6704602657797265,5.3421060627040955,1684.3633389557233,0.9383122064365321,1
M-06,2026-01-22 06:00:00,74.17368925728856,4.1220198746167025,6.042332082926751,1657.9824786712966,0.58433177482474,0
M-06,2026-01-22 07:00:00,76.5250723872942,4.912898607137025,6.089179523181926,1640.9688532882474,0.66905696492639,0
M-06,2026-01-22 08:00:00,83.5283693519822,3.7124743803388616,5.688581575142929,1716.8143417474575,0.7895879331022435,1
M-06,2026-01-22 09:00:00,80.35873938371407,4.577819599540722,5.456090130020789,1718.935515898861,0.9021648209203021,0
M-06,2026-01-22 10:00:00,75.58253740668734,4.208176956909901,5.4872265720904325,1635.7312690784345,0.5884558565033371,0
M-06,2026-01-22 11:00:00,79.2877678793644,4.175488199447424,6.064177674422186,1708.6323538331828,0.8948850731002478,1
M-06,2026-01-22 12:00:00,82.46542835844976,4.9119918103470335,6.029683252840044,1740.532830355124,0.9897165696236658,0
M-06,2026-01-22 13:00:00,81.88384971731207,4.257695877070596,6.064578718248953,1717.8529941951126,0.9059292363021606,1
M-06,2026-01-22 14:00:00,82.42221217482017,4.2143905079616495,5.685153068864476,1763.853091111722,0.8115058312764913,1
M-06,2026-01-22 15:00:00,80.6754177068006,3.735488422308573,5.548968107311868,1682.6601889616254,0.8154424506476005,1
M-06,2026-01-22 16:00:00,82.73735129967892,4.325210914514038,5.733088730934286,1619.4954060530054,0.6381556180267232,1
M-06,2026-01-22 17:00:00,84.16970852110155,4.484519640730777,5.7816328618772745,1602.3229466424928,0.7170117849518538,1
M-06,2026-01-22 18:00:00,85.40390672197354,5.0224016939127525,5.886669439868864,1768.7176780294878,0.992351269093279,1
M-06,2026-01-22 19:00:00,77.60447483623093,4.6431372164029705,5.607062095614815,1665.3372654493585,0.7033335719860563,1
M-06,2026-01-22 20:00:00,77.57924481088153,4.9450235498571775,5.505423058599992,1635.5186751815763,0.763908220512004,0
M-06,2026-01-22 21:00:00,87.19052731121616,5.091295380884977,5.942689014556938,1628.6742025888504,0.6907540317088674,1
M-06,2026-01-22 22:00:00,83.89511645269349,5.09005764430969,5.5107050440869925,1697.8266841361997,0.7916827593256952,1
M-06,2026-01-22 23:00:00,82.3603871216742,4.440705896016059,5.584776251987227,1589.4846696332484,0.5605801482882519,1
M-06,2026-01-23 00:00:00,90.49659738925216,4.836546997948045,5.1961979473276045,1679.0073286534591,0.911417336340574,1
M-06,2026-01-23 01:00:00,79.7000388700381,4.663567452413602,5.686020864792136,1624.402667632166,0.5562198697299517,1
M-06,2026-01-23 02:00:00,83.6935824183187,5.5274889356070345,5.6094714830579795,1673.7401351365263,0.8571120585798897,1
M-06,2026-01-23 03:00:00,85.36532619777523,4.565334611484678,5.369012040067971,1726.181453165078,0.736254253008382,1
M-06,2026-01-23 04:00:00,85.9975235371353,5.396828892624728,5.7721878066529735,1731.655526018754,0.885478713187558,1
M-06,2026-01-23 05:00:00,89.7891430661298,5.209614314302835,5.5059655514864385,1714.3075475637588,0.8379546561516633,1
M-06,2026-01-23 06:00:00,86.30886308061594,5.453079749389081,5.383924342751246,1587.8882911201454,0.5944038075229566,1
M-06,2026-01-23 07:00:00,95.26026373167754,5.254860686207544,5.552030128452116,1743.3505276504661,0.9500314824351628,1
M-06,2026-01-23 08:00:00,87.65106308781833,5.050333069054753,5.333684033176344,1646.3140754335259,0.6894817395106192,1
M-06,2026-01-23 09:00:00,86.1777186661224,5.940243334199649,5.176688350533638,1695.2008498349585,0.9559332837921044,1
M-06,2026-01-23 10:00:00,88.90947939872571,6.242090421606631,5.228984195798237,1685.3630274598154,0.9417213893869666,1
M-06,2026-01-23 11:00:00,92.08827959225476,5.520945858265392,5.461163655062326,1703.452989549556,0.9373851149050577,0
M-06,2026-01-23 12:00:00,59.55163763351148,2.227866763083348,6.435507171724167,1701.3056268103157,0.965717447320994,0
M-06,2026-01-23 13:00:00,61.78939306846848,2.0283086690473686,6.287726804755778,1773.692417976824,0.9663337462366017,0
M-06,2026-01-23 14:00:00,56.90951683317556,1.9825049798948797,6.384357648708139,1665.4833179872303,0.758654543420871,0
M-06,2026-01-23 15:00:00,58.3010672966998,1.2373532360116688,-99.0,1639.6251868339327,0.6472409360332602,0
M-06,2026-01-23 16:00:00,60.45019161130143,1.469174755264167,5.911630288831758,1570.1506433680443,0.6073038201907243,0
M-06,2026-01-23 17:00:00,58.00370466892798,2.2288466026628466,6.225640909881406,1632.1279068052086,,0
M-06,2026-01-23 18:00:00,64.27328725545428,2.681237124411283,6.607331096495674,1610.6751155437921,0.6558603901947807,0
M-06,2026-01-23 19:00:00,62.414628377302385,2.077304221117288,6.068723944691407,1631.3942747018227,0.624740331340182,0
M-06,2026-01-23 20:00:00,60.38536561089739,1.8973665428276787,6.190655078424638,1544.07315411525,0.6801235473673781,0
M-06,2026-01-23 21:00:00,56.312180856028355,1.524980343171836,6.191281306410123,1680.8009303233223,0.7321301808065835,0
M-06,2026-01-23 22:00:00,61.56666163578124,1.5472840944968005,6.46590642188755,1697.652776559989,0.8687322494779334,0
M-06,2026-01-23 23:00:00,55.79498917170031,2.6948132784475938,6.426484123625462,1606.3301773474702,0.57546162273921,0
M-06,2026-01-24 00:00:00,65.60963126034392,1.9749356888784975,6.142848707174414,1703.8382548721427,0.865382951032525,0
M-06,2026-01-24 01:00:00,69.7778501123408,2.328230969474464,6.2620578803114695,1671.5137633942634,0.8559963535518409,0
M-06,2026-01-24 02:00:00,71.00393653909272,1.6656391939172686,6.673366871021765,1636.131544746575,0.5755393376138395,0
M-06,2026-01-24 03:00:00,61.26517577313437,2.3110038320125312,5.80536131809733,1706.4134475961728,0.8901121836508088,0
M-06,2026-01-24 04:00:00,71.0429174488601,2.264375335285165,5.432800870760718,1701.013203147479,0.7951879087918509,0
M-06,2026-01-24 05:00:00,62.4442197813172,2.184170798145831,5.861605516594715,1628.8950566202054,0.5916972040913009,0
M-06,2026-01-24 06:00:00,63.39669113420883,3.1978248267510487,5.762717297547159,1606.0729911692063,0.7626419419528967,0
M-06,2026-01-24 07:00:00,64.67124165269811,2.170414044718397,5.823444388208802,1734.9825282854297,0.893526227370681,0
M-06,2026-01-24 08:00:00,65.90744258467531,3.186295485227463,6.061275086202137,1638.868775382653,0.5821622235782137,0
M-06,2026-01-24 09:00:00,66.759355715858,2.3362063031884457,6.594782886444319,1734.8888610524725,0.9335478181171197,0
M-06,2026-01-24 10:00:00,63.91201576506164,2.220574196304315,5.959411203786238,1706.2272214961367,0.9131061615891456,0
M-06,2026-01-24 11:00:00,63.87584139059805,2.3634063511551453,5.766988056194907,1640.6253804171529,0.8156993925810883,0
M-06,2026-01-24 12:00:00,68.77882890300471,3.293738882727844,5.969583740730842,1742.7380666461816,0.8320276428015501,0
M-06,2026-01-24 13:00:00,66.98064558329136,2.947070402479479,6.079335167403395,1665.7164841547258,0.6576578205592037,0
M-06,2026-01-24 14:00:00,72.6120259146479,3.0465975690845113,6.1582465325330045,1696.4044546302077,0.9886413054000609,0
M-06,2026-01-24 15:00:00,67.6880199698782,2.2477734825359192,5.892437158451488,1686.725607526058,0.876172749783249,0
M-06,2026-01-24 16:00:00,69.42333982683533,2.7797549114045896,5.753375831290604,1701.64770598001,0.8048150532157539,0
M-06,2026-01-24 17:00:00,68.95461777813492,3.9385273488318724,5.688358730639336,1606.1834207966192,0.6043770076430197,0
M-06,2026-01-24 18:00:00,77.75275642252724,3.0626448163128077,5.3617237066260035,1729.1147545460276,0.9601709563238845,0
M-06,2026-01-24 19:00:00,66.22302726349689,2.617131604811092,6.517529291702146,1635.4013279391474,0.6407458754894891,0
M-06,2026-01-24 20:00:00,66.84941100899897,3.550963785488364,5.651758653547484,1677.0937490200245,0.7166205794688976,0
M-06,2026-01-24 21:00:00,75.28300141314651,3.3756516390162323,5.405134769606876,1628.976977028088,0.6506427863005002,0
M-06,2026-01-24 22:00:00,75.37666892346925,4.055578819871498,5.913360634380787,1666.9055607540347,0.8285311712169909,0
M-06,2026-01-24 23:00:00,73.85179836219328,2.8099024924167093,5.704926131878912,1764.0732053243253,0.9839792492600445,0
M-06,2026-01-25 00:00:00,70.00079111342097,3.5829975134146066,5.736333096548865,1664.22160051031,0.9451164978127544,0
M-06,2026-01-25 01:00:00,69.72468317532504,3.1885771169969144,6.056201230314965,1625.353177237835,0.6105493295336667,0
M-06,2026-01-25 02:00:00,72.56182189638267,3.7227336771208246,6.299287164414813,1722.2512842843805,0.890064827924343,0
M-06,2026-01-25 03:00:00,70.46961172919112,2.699317280986008,5.438961284781272,1596.4040893371566,0.5678035027156026,0
M-06,2026-01-25 04:00:00,75.39862109638884,3.221613389960008,5.544965422099632,1641.4329620978451,0.7723776927089027,0
M-06,2026-01-25 05:00:00,71.27412832459423,2.732173742361886,5.238483537501512,1699.2827703424844,0.8427777136750512,0
M-06,2026-01-25 06:00:00,74.86454027995289,4.455148872296731,5.844421884011626,1644.9542609034756,0.6730253037252373,0
M-06,2026-01-25 07:00:00,75.61691081318193,4.347136752628323,6.321361803532625,1606.5549734740848,0.6339190481383671,0
M-06,2026-01-25 08:00:00,76.13404848968456,4.251757244281362,5.686599195207311,1688.1071198207285,0.7960069578152145,0
M-06,2026-01-25 09:00:00,74.62321204839205,4.947274405317904,,1640.9534805592689,0.9036391476693968,0
M-06,2026-01-25 10:00:00,73.34401354834907,3.4486098534388914,5.996158721892908,1616.7055689808687,0.7152975095423816,0
M-06,2026-01-25 11:00:00,,4.399997543759559,5.948347527092182,1716.888608119731,0.9022539071695954,0
M-06,2026-01-25 12:00:00,72.72634845895949,3.345653435102456,5.956659807789182,1687.335299175724,0.667947993254587,0
M-06,2026-01-25 13:00:00,71.7989507525201,4.459645383254018,5.927365204592931,1661.8644921763064,0.6721696132775933,0
M-06,2026-01-25 14:00:00,72.60126977863135,3.5410574905302803,5.832819090486921,1606.5447863053973,0.6823797777609852,1
M-06,2026-01-25 15:00:00,73.48911822960397,4.15501431308093,5.380144663021145,1654.023858725617,0.7194785472509496,1
M-06,2026-01-25 16:00:00,80.48264004948834,4.1957768006637,6.051667292390351,1680.0183427464792,0.757044283123619,1
M-06,2026-01-25 17:00:00,80.3728585510536,3.675685152709419,5.500264058845273,1661.50217861607,0.7615103399399787,0
M-06,2026-01-25 18:00:00,78.22530437677786,4.7780750352645995,5.996951750890968,1742.919096898085,0.9476608308847855,0
M-06,2026-01-25 19:00:00,77.18895707612413,4.511721819893313,5.592105319201378,1623.9953692440668,0.7687289029015515,1
M-06,2026-01-25 20:00:00,80.76954999573329,4.338567279361816,6.041794226176563,1609.6207910352018,0.6986402126170101,0
M-06,2026-01-25 21:00:00,74.8169580469014,4.278135703715848,5.973062806545853,1753.0612883179506,0.8450137755992244,1
M-06,2026-01-25 22:00:00,77.19569409270841,4.807157782619548,5.603062086252529,1660.7456743708346,0.7833437567183357,0
M-06,2026-01-25 23:00:00,86.34375653688629,5.0481383639827015,5.705179323702772,1670.3322058522253,0.8622971418839398,1
M-06,2026-01-26 00:00:00,83.13884183130618,4.715623567962144,5.573317684741189,1659.6345361564315,0.7072957310601519,1
M-06,2026-01-26 01:00:00,79.62760784119983,4.34015419817187,6.3374737944134125,1595.9469955940087,0.6489416970774468,1
M-06,2026-01-26 02:00:00,81.22258231104442,5.143251830829661,5.947724298327383,1665.8104332126413,0.8808880075785521,1
M-06,2026-01-26 03:00:00,84.01955985382341,4.932855958393759,5.579106330629283,1684.8316300318863,0.7921647139847139,0
M-06,2026-01-26 04:00:00,79.2130444510776,4.848152156098137,5.6988872226443705,1698.1297038443577,0.9502359038144118,1
M-06,2026-01-26 05:00:00,79.65042300891446,4.702273485864934,5.7785817308258665,1687.2236428602935,0.8212758279395425,1
M-06,2026-01-26 06:00:00,82.37447609607297,4.8280113880662014,5.607101499148601,1772.7512204305995,0.9084028175606171,1
M-06,2026-01-26 07:00:00,82.7389733581791,5.749880507952083,5.585542545184678,1612.5889393526327,0.6512056669844114,0
M-06,2026-01-26 08:00:00,81.69274542220103,4.329529457233451,5.4497449986774305,1614.157842212763,0.6183486566657759,1
M-06,2026-01-26 09:00:00,83.81535826588765,5.094620656065301,5.410763354017541,1692.2272200030748,0.8441095887320924,1
M-06,2026-01-26 10:00:00,84.56257616903281,4.654762280107654,5.323347182612286,1590.8024162269728,0.6114293588964079,1
M-06,2026-01-26 11:00:00,84.48988915610884,5.181984798379482,5.873016809017944,1774.709600302421,0.875804652217619,1
M-06,2026-01-26 12:00:00,86.53070987249247,5.214082878895587,5.636413382777594,1671.4188901668151,,1
M-06,2026-01-26 13:00:00,84.9107422314759,5.499049643593043,5.1292430811434935,1750.490376269865,0.9920444223969409,1
M-06,2026-01-26 14:00:00,85.08256786407526,4.72300849876519,5.644767010284362,1777.6073113804707,0.9860763915242081,1
M-06,2026-01-26 15:00:00,82.22006435437916,5.473587069363607,5.36412854446181,1701.4179613506078,0.9243708663132274,1
M-06,2026-01-26 16:00:00,81.41481508351373,5.549520047749031,5.434587556729467,1614.5769921690887,0.6649571875186513,1
M-06,2026-01-26 17:00:00,84.51231850599574,5.20757501381697,5.537621599445658,1677.9734621722305,0.7775023226690363,1
M-06,2026-01-26 18:00:00,89.48920603549593,5.971802803816336,5.522885553561203,1691.145397259368,0.8421268376044924,1
M-06,2026-01-26 19:00:00,86.4557862518658,5.456124177818143,5.614642446076475,1686.251213354268,0.9067760811697161,1
M-06,2026-01-26 20:00:00,93.9506280643229,5.965952683618382,5.668500562582595,1696.7810763441892,0.755941450127678,1
M-06,2026-01-26 21:00:00,89.69897074455203,5.674810942978348,5.1773355793007525,1659.0521248814362,0.7803103090895656,1
M-06,2026-01-26 22:00:00,88.84704000410574,5.570446377812552,5.123570198610898,1743.541452931182,0.9111866593395213,1
M-06,2026-01-26 23:00:00,94.7089250150322,5.866193134002344,5.716670577466779,1667.011550639282,0.7367595619194842,1
M-06,2026-01-27 00:00:00,93.59046768700522,7.686281899106659,5.7423751552589355,1743.622953379668,0.9571391353498868,1
M-06,2026-01-27 01:00:00,91.57770170732347,6.231431176639777,5.402930208473254,1690.6176715426436,0.9314873739944586,1
M-06,2026-01-27 02:00:00,89.2087831246159,6.084079593122098,5.671293724397539,1592.639197771267,0.5555787159666493,1
M-06,2026-01-27 03:00:00,89.88383986507722,6.682202564989896,5.372109955714551,1638.24008303741,0.6447409425799969,1
M-06,2026-01-27 04:00:00,88.33232313381143,6.067842061371483,5.286184657934989,1674.0022273096072,0.6554970488448953,1
M-06,2026-01-27 05:00:00,92.13303026983516,6.247893786785935,5.77654445656267,1654.920616828351,0.8323222262047076,0
M-06,2026-01-27 06:00:00,58.02254359463492,1.3359640618552608,5.96934662973031,1609.1434760417162,0.7251301026221071,0
M-06,2026-01-27 07:00:00,57.431547089436414,1.2583353571863485,6.281074128034177,1715.7769318877158,0.9696044071298333,0
M-06,2026-01-27 08:00:00,56.768812158746194,1.3802116494667482,6.422933317948389,1629.416971836908,0.6797010459243217,0
M-06,2026-01-27 09:00:00,55.64603202898449,1.1505848251162214,6.542965205242368,1693.0452229691575,0.9186109195543114,0
M-06,2026-01-27 10:00:00,54.614640765619185,1.8029532588726096,6.640030927296532,1668.2071307874764,0.7037548978474623,0
M-06,2026-01-27 11:00:00,52.52219054674082,1.1489255021861777,6.174003796424954,1757.1586859577283,0.8785210515266025,0
M-06,2026-01-27 12:00:00,55.170083113315194,1.1028432805577764,6.270174279244287,1666.0984550209876,0.6700980629563374,0
M-06,2026-01-27 13:00:00,56.08522702311606,1.690713542522449,6.444091321434404,1746.7126648706262,0.7558772693952025,0
M-06,2026-01-27 14:00:00,58.701529772410865,2.158723294492785,6.308369622531772,1721.771113899422,0.7789266703484716,0
M-06,2026-01-27 15:00:00,59.962406841111715,2.3331877070575753,6.254825742421055,1617.5548224056495,0.8289932819348689,0
M-06,2026-01-27 16:00:00,57.65641622967215,1.6751217409309687,6.571136869852438,1537.2714557336562,0.6295009380647549,0
M-06,2026-01-27 17:00:00,65.0974758401443,1.9409539452280087,6.341917243828276,1656.0412784409864,0.7190452584871803,0
M-06,2026-01-27 18:00:00,57.32831088890062,1.6816917151317843,6.412156100590702,1739.3794389143975,0.9439715031137933,0
M-06,2026-01-27 19:00:00,62.31014545742709,2.2701972178209546,6.031377929123932,1655.978007872202,0.7075881021450333,0
M-06,2026-01-27 20:00:00,58.1164312832397,1.548838241351718,-99.0,1626.1541996248977,0.5912929383202699,0
M-06,2026-01-27 21:00:00,55.35476268417847,2.114556967517622,6.1331541598330475,1582.8133514440178,0.561945410605434,0
M-06,2026-01-27 22:00:00,60.89530614928961,1.9691598114108806,5.9745881601829165,1666.6321439115507,0.618766539705758,0
M-06,2026-01-27 23:00:00,58.47207950097902,2.4287003226160833,5.648593697301651,1691.547452175752,0.9680095423585258,0
M-06,2026-01-28 00:00:00,61.84042019989914,1.6109475236812465,6.178348897428314,1754.3075429390913,0.899983216364339,0
M-06,2026-01-28 01:00:00,58.89708939089454,2.0068419750780375,5.943667910543896,1647.7600480406986,0.6292928382350795,0
M-06,2026-01-28 02:00:00,64.52121386698042,2.8201432778174986,6.248005042817519,1687.7523886636961,0.8294130277249747,0
M-06,2026-01-28 03:00:00,61.24656424058679,2.076919445516349,6.466042586829808,1710.856630415036,0.852135627152074,0
M-06,2026-01-28 04:00:00,61.83140108982708,1.8512783346398156,6.183143603078943,1595.864011811278,0.5614348900290491,0
M-06,2026-01-28 05:00:00,64.59959905218908,1.9324488145502983,6.075456265659978,1700.3356655738553,0.8845058816672584,0
M-06,2026-01-28 06:00:00,66.16312181755751,2.29138024710599,6.315137099449948,1652.5633760919063,0.7435467177841165,0
M-06,2026-01-28 07:00:00,58.81526258479501,3.0233479143794257,6.19676343167021,1655.2371941547613,0.6090829762509695,0
M-06,2026-01-28 08:00:00,63.94771465905524,3.1879485515113344,5.945213111239685,1646.086027872573,0.6539252841453791,0
M-06,2026-01-28 09:00:00,67.23656481992269,1.328313383138306,6.045861859843499,1601.3128346652506,0.6326902916027451,0
M-06,2026-01-28 10:00:00,68.16643204558605,2.9008751484122914,5.931176283837149,1576.4254339424529,0.6508991464411733,0
M-06,2026-01-28 11:00:00,65.61524859798598,3.819859398464625,5.893499425509051,1637.7722637532781,0.7069172477768911,0
M-06,2026-01-28 12:00:00,62.001131554596554,2.708213054830735,5.923261422735078,1683.0487320704462,0.7952880415276726,0
M-06,2026-01-28 13:00:00,61.18638045799479,2.9229608010373362,6.1191256905878175,1702.4853363118177,0.831399393981582,0
M-06,2026-01-28 14:00:00,67.59114506464604,3.5525430372965934,5.870680865096186,1733.6671377196428,0.8555236054311025,0
M-06,2026-01-28 15:00:00,69.24201696017818,2.619014085891269,5.632741964188096,1775.4454319120507,0.9934981502349822,0
M-06,2026-01-28 16:00:00,64.83418882351589,3.2053857904897574,5.670248828586284,1652.9673985591023,0.7150378016657994,0
M-06,2026-01-28 17:00:00,67.47274103318578,3.2595486612080675,6.0472440681844875,1653.2599382527922,0.7311797847847828,0
M-06,2026-01-28 18:00:00,65.0644265707136,3.3824381843936946,6.195742944594746,1611.1414218239631,0.563526400867739,0
M-06,2026-01-28 19:00:00,69.9660609085096,3.1835542707227766,5.675680721125967,1796.3746373056424,0.9944923620105257,0
M-06,2026-01-28 20:00:00,71.00487853904373,3.9615726181949316,5.719486845986928,1524.560366736272,0.5717300353392529,0
M-06,2026-01-28 21:00:00,69.99859806216004,3.3978545474092634,5.852419843198286,1820.8138007484763,0.9063793731863381,0
M-06,2026-01-28 22:00:00,76.00961727162385,3.9800259162564107,6.213860226647104,1721.4718583905442,0.9610585998462334,0
M-06,2026-01-28 23:00:00,71.57335265586637,3.4855444209268955,6.111274520701608,1754.3714455498764,0.8329411081305358,0
M-06,2026-01-29 00:00:00,71.30604614098547,4.110555096723567,5.91625884358458,1684.7949526893108,0.699639244932908,0
M-06,2026-01-29 01:00:00,68.4049361885557,4.076098763767296,5.997715385315542,1732.3092424049294,0.8791974771121529,0
M-06,2026-01-29 02:00:00,75.99173303174193,3.421767543706716,6.009903014295515,1613.2650734355914,0.6870722831315286,0
M-06,2026-01-29 03:00:00,72.31967140183056,3.7323435220411363,5.739783720662005,1711.3209482354143,0.9272885165145991,0
M-06,2026-01-29 04:00:00,66.7394888907199,3.921043098026947,5.793302100406802,1598.8161493545683,0.6094769351186473,0
M-06,2026-01-29 05:00:00,71.00060247099958,4.372788599487835,5.422701531177763,1564.8641019733034,0.5674326503581459,0
M-06,2026-01-29 06:00:00,77.16480399805337,4.080480944912758,5.575522991972482,1615.61746255446,0.6589729966785809,0
M-06,2026-01-29 07:00:00,74.03066088467965,3.2869740663494116,5.981629995206634,1734.0893596571175,,0
M-06,2026-01-29 08:00:00,71.56290796923005,3.039305875990953,5.364536519613766,1706.1401893299412,0.8791584351745092,0
M-06,2026-01-29 09:00:00,73.74439162673718,4.444410446617347,6.038083125491919,1595.614412052349,0.5911443126363696,0
M-06,2026-01-29 10:00:00,80.41143888149253,3.6039752313542666,5.440269129843308,1688.836821784056,0.812262321931534,0
M-06,2026-01-29 11:00:00,74.50097649247802,4.510433147878484,6.010218558253722,1666.2006926272084,0.6502411471518564,0
M-06,2026-01-29 12:00:00,72.2999361622003,3.9164464883224324,6.287516723061339,1589.704123032092,0.5669305865576563,0
M-06,2026-01-29 13:00:00,78.4428085500256,3.859327166837944,,1680.4636969548808,0.8441724293011312,1
M-06,2026-01-29 14:00:00,77.6171808861089,4.343747501537262,6.168035491107982,1719.1239897369012,0.9744363011929853,0
M-06,2026-01-29 15:00:00,83.42757965181903,3.9292749972663863,5.658687339484442,1718.1601437488962,0.7582034046529895,0
M-06,2026-01-29 16:00:00,74.40197535096186,4.378238378209802,5.752081318914709,1605.9610461340903,0.6740414410785479,1
M-06,2026-01-29 17:00:00,75.29006465069591,3.680073191072648,6.166181103613181,1666.43929094983,0.8123034443860953,0
M-06,2026-01-29 18:00:00,82.53684412134967,3.8287994918904715,5.428984134432442,1620.424674024081,0.6619675930022402,0
M-06,2026-01-29 19:00:00,78.22571115125473,5.174317849646064,5.556929539207612,1675.5774510408341,0.8882222403306517,1
M-06,2026-01-29 20:00:00,77.67979666805103,4.861068835723761,5.465157228130428,1735.3575139016602,0.9714472144190243,0
M-06,2026-01-29 21:00:00,84.49927564688986,5.29022150227616,6.023455803818419,1669.8975542264297,0.9182694536184048,0
M-06,2026-01-29 22:00:00,78.5561520464148,3.9805660227747066,5.970714471820795,1618.626427772695,0.6179084322745215,1
M-06,2026-01-29 23:00:00,78.76426912247838,5.063299605782934,5.532641861554402,1665.8444717078376,0.6360555967443731,0
M-06,2026-01-30 00:00:00,87.18818390492326,4.189335062131797,5.74642496857488,1740.2608174863224,0.9136637877952569,1
M-06,2026-01-30 01:00:00,79.04205104629823,4.8363912197821275,5.644746712426064,1624.1018258484905,0.7839204207274395,1
M-06,2026-01-30 02:00:00,78.11209228640956,4.529484479752404,5.437311861409936,1679.0969935785606,0.8232440747485141,0
M-06,2026-01-30 03:00:00,85.90455919413925,4.8741541351002695,5.293625621245772,1615.501687350269,0.7070410742581322,1
M-06,2026-01-30 04:00:00,80.08382544760478,4.11326282612824,5.677929405064738,1812.929046680013,0.963579348401624,0
M-06,2026-01-30 05:00:00,81.83251726701371,4.303927558792701,6.031431141701897,1782.599736749482,0.877157669910147,1
M-06,2026-01-30 06:00:00,82.94117938520242,4.899494109381932,5.711778681176366,1664.9005234769031,0.6892467967339359,1
M-06,2026-01-30 07:00:00,83.44661493840007,4.954618294046617,5.87713114837963,1729.4568851149102,0.7012973102078386,1
M-06,2026-01-30 08:00:00,86.75301856973877,5.620969378962346,6.2134859865233185,1612.229617279588,0.7749088599261893,1
M-06,2026-01-30 09:00:00,85.75099415472566,5.326194016945297,5.467647869789094,1510.104834311161,0.5815883065401396,0
M-06,2026-01-30 10:00:00,85.26724144654692,4.856163306211656,5.368641693607832,1706.6934014383774,0.8814454025608034,1
M-06,2026-01-30 11:00:00,85.63775129318914,4.388962599778239,5.631162413059918,1732.1647692764282,0.9076230515499156,1
M-06,2026-01-30 12:00:00,81.21397896479675,5.847271013405032,5.232362134890869,1604.2287821653872,0.5806941121618228,1
M-06,2026-01-30 13:00:00,91.98309512872622,5.8193001447980865,5.5367114608172106,1727.8383458613664,0.8787137989583955,1
M-06,2026-01-30 14:00:00,85.62897189523946,6.110171000931224,5.721310039334564,1740.4095287540945,0.7666618948293042,1
M-06,2026-01-30 15:00:00,87.32085967162242,5.672636156567396,5.523088954608043,1686.3416911424038,0.7380690322048438,1
M-06,2026-01-30 16:00:00,88.5860357658278,5.863861402590839,5.617860279333001,1589.5299333315086,0.7255102258689932,1
M-06,2026-01-30 17:00:00,84.31421175162914,5.841636227088778,5.716718019968388,1668.9142381257357,0.7548777269565988,1
M-06,2026-01-30 18:00:00,86.6103852378694,4.878846835235701,5.421010031167181,1640.7383515370561,0.6805763047815208,1
M-06,2026-01-30 19:00:00,92.26366457175807,4.855283655105864,5.433452994566101,1759.9151880872216,,1
M-06,2026-01-30 20:00:00,87.60577052496373,6.439958853208675,5.345757239983324,1717.8402557793192,0.8523665685716035,1
M-06,2026-01-30 21:00:00,87.56953986285255,5.311197185406439,5.6774902988684515,1707.6906373165368,0.705209082749278,1
M-06,2026-01-30 22:00:00,94.63492425569332,5.272476724739109,5.165715506285629,1655.218831874937,0.5914394715308311,1
M-06,2026-01-30 23:00:00,94.38733544877195,5.022455275325713,5.440375212910067,1569.8531083583189,0.6089214795987551,0
M-01,2026-01-01 00:00:00,58.87835294599191,2.249556037429315,6.341524111732543,1695.8286455762375,0.9363690639601221,0
M-01,2026-01-01 01:00:00,57.72260426366074,2.0119703869951535,6.216968791648766,1574.8183114427345,0.5923798065494423,0
M-01,2026-01-01 02:00:00,59.13704191140727,1.7097737994855087,6.160537923480077,1608.932844211403,0.8925128658956589,0
M-01,2026-01-01 03:00:00,54.932134651464736,1.9713230935363484,5.910517274788032,1663.0325890289714,0.6076511347039957,0
M-01,2026-01-01 04:00:00,65.03275606085573,2.5370734088749884,6.172423521956285,1630.137982346169,0.7168591109046616,0
M-01,2026-01-01 05:00:00,,1.7453002178229275,6.602163296062363,1689.9114102004803,0.839739304036299,0
M-01,2026-01-01 06:00:00,64.69593103307218,2.1474463807312714,6.463409615210064,1636.9763495121842,0.7495363894722991,0
M-01,2026-01-01 07:00:00,62.935082599753095,2.039675525057367,5.894089646397644,1632.2380611348676,0.7995631541571256,0
M-01,2026-01-01 08:00:00,61.374480889719166,2.5548930922187703,6.206921387778766,1643.7373930820067,0.9224340273966619,0
M-01,2026-01-01 09:00:00,67.54951838080939,1.4472311577942176,6.101741955628597,1771.6036628825061,0.8911394830384183,0
M-01,2026-01-01 10:00:00,62.603135808541595,2.292435057474021,,1717.0529176809505,0.9868141109777064,0
M-01,2026-01-01 11:00:00,63.17365416549071,2.2912637123805646,6.02376067217163,1714.3014161527199,0.9002725736831929,0
M-01,2026-01-01 12:00:00,60.41271043192811,1.7473780509613641,6.25186477864759,1625.7555657916753,0.7600244516771654,0
M-01,2026-01-01 13:00:00,58.99933129436095,1.9892039839395683,6.49723157869143,1628.3607430972195,0.6194302714303965,0
M-01,2026-01-01 14:00:00,56.69091868825685,2.307651752053628,6.653966170972784,1714.4321672795747,0.8851429701585177,0
M-01,2026-01-01 15:00:00,64.94318428446925,1.4986423227484418,5.719917912642468,1651.177689094774,0.6966214111621685,0
M-01,2026-01-01 16:00:00,62.09785283937154,1.5687455693676493,5.81513964070129,1570.2163795888696,0.7613001150741135,0
M-01,2026-01-01 17:00:00,,2.9578745932379804,6.425154153994254,1606.9990422728729,0.6084646774009623,0
M-01,2026-01-01 18:00:00,64.58454803210356,2.658439068704068,6.36152736490034,1587.4692390993778,0.6521092070728979,0
M-01,2026-01-01 19:00:00,66.27760879707604,1.8160574713921953,5.872361041406847,1714.4243298577787,0.7467183634925488,0
