machine_id,timestamp,temperature,vibration,pressure,rpm,load,failure_next_6h,vibration_mean_6,temperature_mean_6,vibration_std_6,reject_rate
M-01,2026-01-01 00:00:00+00:00,58.87835294599191,2.249556037429315,6.341524111732543,1695.8286455762377,0.936369063960122,0,2.249556037429315,58.87835294599191,0.0,0.025
M-01,2026-01-01 01:00:00+00:00,57.72260426366074,2.011970386995153,6.216968791648766,1574.8183114427345,0.5923798065494423,0,2.130763212212234,58.300478604826324,0.16799842453461242,0.016666666666666666
M-01,2026-01-01 02:00:00+00:00,59.13704191140727,1.709773799485509,6.160537923480077,1608.932844211403,0.8925128658956589,0,1.9904334079699924,58.579333040353305,0.2705348354631129,0.03333333333333333
M-01,2026-01-01 03:00:00+00:00,54.932134651464736,1.9713230935363484,5.910517274788032,1663.0325890289714,0.6076511347039957,0,1.9856558293615814,57.66753344313116,0.221097337151477,0.041666666666666664
M-01,2026-01-01 04:00:00+00:00,65.03275606085573,2.5370734088749884,6.172423521956285,1630.137982346169,0.7168591109046616,0,2.095939345264263,59.14057796667608,0.31221033578485247,0.008333333333333333
M-01,2026-01-01 05:00:00+00:00,65.03275606085573,1.7453002178229275,6.602163296062363,1689.9114102004803,0.839739304036299,0,2.0374994906907067,60.12260764903936,0.31380174415095663,0.058333333333333334
M-01,2026-01-01 06:00:00+00:00,64.69593103307218,2.147446380731272,6.463409615210064,1636.9763495121842,0.7495363894722991,0,2.0204812145743665,61.09220399688606,0.302569093743551,0.03333333333333333
M-01,2026-01-01 07:00:00+00:00,62.935082599753095,2.039675525057367,5.894089646397644,1632.2380611348676,0.7995631541571256,0,2.025098737584735,61.96095038623479,0.30262463240797033,0.025
M-01,2026-01-01 08:00:00+00:00,61.374480889719166,2.5548930922187703,6.206921387778766,1643.7373930820067,0.922434027396662,0,2.165951953040279,62.333856882620104,0.3225283902201832,0.058333333333333334
M-01,2026-01-01 09:00:00+00:00,67.54951838080939,1.4472311577942176,6.101741955628597,1771.603662882506,0.8911394830384183,0,2.0786032970832573,64.43675417084422,0.4365829302371899,0.03333333333333333
M-01,2026-01-01 10:00:00+00:00,62.6031358085416,2.292435057474021,6.101741955628597,1717.0529176809505,0.9868141109777064,0,2.037830238516429,64.03181746212519,0.3946081092396815,0.03333333333333333
M-01,2026-01-01 11:00:00+00:00,63.17365416549071,2.2912637123805646,6.02376067217163,1714.30141615272,0.9002725736831929,0,2.1288241542760353,63.72196714623103,0.37617898820239465,0.041666666666666664
M-01,2026-01-01 12:00:00+00:00,60.41271043192811,1.747378050961364,6.25186477864759,1625.7555657916753,0.7600244516771654,0,2.062146099314384,63.00809704604035,0.40645583281824604,0.058333333333333334
M-01,2026-01-01 13:00:00+00:00,58.99933129436095,1.9892039839395683,6.49723157869143,1628.3607430972197,0.6194302714303965,0,2.053734175794751,62.35213849514165,0.40753473052096595,0.041666666666666664
M-01,2026-01-01 14:00:00+00:00,56.69091868825685,2.307651752053628,6.653966170972784,1714.4321672795747,0.8851429701585177,0,2.012527285767227,61.57154479489793,0.35596309140455124,0.025
M-01,2026-01-01 15:00:00+00:00,64.94318428446925,1.4986423227484418,5.719917912642468,1651.177689094774,0.6966214111621685,0,2.0210958132595978,61.13715577884125,0.33989002255042455,0.075
M-01,2026-01-01 16:00:00+00:00,62.09785283937154,1.5687455693676493,5.81513964070129,1570.2163795888696,0.7613001150741135,0,1.9004808985752026,61.05294195064624,0.35251500648311346,0.06666666666666667
M-01,2026-01-01 17:00:00+00:00,62.09785283937154,2.9578745932379804,6.425154153994254,1606.9990422728729,0.6084646774009623,0,2.011582712051439,60.87364172962638,0.5500259428753632,0.041666666666666664
M-01,2026-01-01 18:00:00+00:00,64.58454803210356,2.658439068704068,6.36152736490034,1587.4692390993778,0.6521092070728979,0,2.163426215008556,61.56894799632229,0.5870132938934391,0.025
M-01,2026-01-01 19:00:00+00:00,66.27760879707604,1.8160574713921955,5.872361041406847,1714.4243298577787,0.7467183634925488,0,2.1345684629173274,62.781994246774794,0.6013714451396118,0.075
M-01,2026-01-01 20:00:00+00:00,66.08136113577666,2.5921013170889022,6.433096083775376,1694.5086947025377,0.8651192959010121,0,2.1819767237565397,64.3470679880281,0.62835201975324,0.041666666666666664
M-01,2026-01-01 21:00:00+00:00,67.75180224910251,2.8563051839384466,5.692570220226077,1698.2289305404572,0.9245169106278404,0,2.4082538672882072,64.81517098213364,0.5752731869539863,0.08333333333333333
M-01,2026-01-01 22:00:00+00:00,61.07045433002171,2.458187776581399,5.889656423638086,1680.5315087889196,0.7243652705635786,0,2.5564942351571656,64.64393789724201,0.4051084228117863,0.06666666666666667
M-01,2026-01-01 23:00:00+00:00,65.25409764369951,2.8417604646414167,5.860097318291343,1659.8539190001982,0.8571229767887389,0,2.5371418803910712,65.16997869796333,0.3843404009953642,0.041666666666666664
M-01,2026-01-02 00:00:00+00:00,61.665310585916274,2.8824294450153567,6.240528389758515,1568.437101361891,0.6399586911137988,0,2.574473609776286,64.68343912359877,0.40859179273807555,0.041666666666666664
M-01,2026-01-02 01:00:00+00:00,68.22418610482303,2.8280335867384965,5.68982897354007,1672.256963996586,0.9041159698759622,0,2.743136295667336,65.00786867488995,0.17501501578339726,0.008333333333333333
M-01,2026-01-02 02:00:00+00:00,60.74685981755618,3.0453458344122395,6.339451726621605,1698.2076414664302,0.8673244203818509,0,2.818677048554559,64.11878512185321,0.19361399082810202,0.075
M-01,2026-01-02 03:00:00+00:00,66.7474370310398,2.221832783751915,5.443665399497164,1697.776037690173,0.756512098992253,0,2.7129316485234707,63.95139091884275,0.30826824335661096,0.041666666666666664
M-01,2026-01-02 04:00:00+00:00,62.35138133946212,2.368057078008578,5.976031886097082,1588.9828254103586,0.6129086491574459,0,2.6979098654280005,64.16487875374948,0.3249112662258551,0.10833333333333334
M-01,2026-01-02 05:00:00+00:00,69.3743453720222,3.1394112438438486,6.408033873647762,1660.4076845654283,0.8507813328057123,0,2.7475183286284057,64.85158670846994,0.37075628898909896,0.075
M-01,2026-01-02 06:00:00+00:00,72.2533412099972,2.4388598636158614,5.926180438421849,1729.0589251261413,0.8043562479165349,0,2.6735900650618234,66.61625847915009,0.38251217991069186,0.041666666666666664
M-01,2026-01-02 07:00:00+00:00,68.511296235513,2.9666630344084037,6.064180075577204,1683.6350410256362,0.8356232440002659,0,2.696694973006808,66.66411016759842,0.39759622288120366,0.041666666666666664
M-01,2026-01-02 08:00:00+00:00,67.29685006853533,3.42940348045512,6.71057210966216,1618.38059544099,0.8016432223354362,0,2.760704580680621,67.75577520942828,0.48603183779008746,0.05
M-01,2026-01-02 09:00:00+00:00,69.70756284677059,3.2494857299130158,6.164756720127521,1638.496539122258,0.5638680255555728,0,2.9319800717074713,68.24912951205008,0.4367258114856242,0.09166666666666666
M-01,2026-01-02 10:00:00+00:00,61.88102645080454,3.9892008356608417,6.059066077653359,1664.0216034201571,0.6465631027687881,0,3.2021706979828486,68.17073703060714,0.5129007556707686,0.05
M-01,2026-01-02 11:00:00+00:00,71.71288797520836,3.309439626295556,6.027345811703015,1764.869014672285,0.9340313829706748,0,3.2305087617247996,68.56049413113817,0.5134365636757674,0.075
M-01,2026-01-02 12:00:00+00:00,69.07718554074593,3.260633934312904,5.581754037039987,1619.2893852092182,0.5762362337600797,0,3.3674711068409735,68.03113485292963,0.340509315251121,0.075
M-01,2026-01-02 13:00:00+00:00,72.03873995976923,2.7183945726731595,5.955396038427168,1634.5701075417755,0.6821171909950077,0,3.3260930298850995,68.61904214030567,0.4074587914449089,0.06666666666666667
M-01,2026-01-02 14:00:00+00:00,69.28714912718121,3.2176429781558555,6.249097853920087,1699.0029579150826,0.8006644685535753,0,3.2907996128352224,68.95075865007998,0.40588864148420917,0.075
M-01,2026-01-02 15:00:00+00:00,67.49898682331498,3.682054695763199,5.478597812000133,1723.4422589058045,0.8489410931473245,0,3.3628944404769197,68.5826626461707,0.4344918099085957,0.1
M-01,2026-01-02 16:00:00+00:00,69.71974054835812,3.5045499337608432,6.35942235028494,1762.4068479951,0.9163091730997156,0,3.282119290160253,69.88911499576297,0.3263662032335421,0.041666666666666664
M-01,2026-01-02 17:00:00+00:00,70.78964169869451,3.709642715212069,5.728777376026853,1592.9509374240572,0.5602204329102373,0,3.3488198049796716,69.735240616344,0.3709206435893869,0.11666666666666667
M-01,2026-01-02 18:00:00+00:00,74.56417295225974,3.508746136512181,5.494020302913418,1740.870212918742,0.8750617077684026,0,3.390171838679551,70.64973851826296,0.37294781371910984,0.075
M-01,2026-01-02 19:00:00+00:00,70.97424459747361,2.981953748002168,5.6321964722047255,1599.0769080752923,0.6225723005651208,0,3.434098367901053,70.47232262454703,0.2825704986037645,0.06666666666666667
M-01,2026-01-02 20:00:00+00:00,74.09286512920441,3.4630628371712464,5.940925864521177,1611.540313602291,0.6185404462209259,0,3.4750016777369512,71.27327529155089,0.26198395126536655,0.10833333333333334
M-01,2026-01-02 21:00:00+00:00,68.83963556975239,3.140851442349054,5.734484925221773,1619.0525144291778,0.7507703240083139,0,3.38480113550126,71.49671674929046,0.2694982575904356,0.075
M-01,2026-01-02 22:00:00+00:00,80.56372293341767,3.0230459575036104,5.909904789614386,1600.509798218092,0.6856804401165445,0,3.304550472791721,73.30404714680039,0.29699581652036133,0.08333333333333333
M-01,2026-01-02 23:00:00+00:00,67.08776431690055,3.965842842339639,6.323872647611537,1633.6151457192584,0.7128156747490257,0,3.3472504939796495,72.68706758316806,0.375046849726654,0.08333333333333333
M-01,2026-01-03 00:00:00+00:00,73.02968437889622,3.626046201073032,5.273570241887122,1633.5206047628053,0.603102655954232,0,3.3668005047397913,72.43131948760748,0.38798290778378647,0.05
M-01,2026-01-03 01:00:00+00:00,76.95301429704665,3.6949932132477943,5.696363592459004,1756.821649250253,0.9588613108184232,0,3.4856404156140623,73.42778110420299,0.35426531439262665,0.058333333333333334
M-01,2026-01-03 02:00:00+00:00,70.81631441911021,3.717019682473624,6.297689485269945,1673.831935587359,0.6696414826567838,0,3.5279665564977924,72.88168931918729,0.36600469116665796,0.05
M-01,2026-01-03 03:00:00+00:00,75.60129468616203,4.118729673909747,5.812229651615663,1711.9727848377038,0.9004379067846076,0,3.690946261757908,74.00863250525556,0.3767136347709908,0.08333333333333333
M-01,2026-01-03 04:00:00+00:00,72.29288461623942,3.91173667745344,6.019822711211549,1615.3827361733577,0.752212675964705,0,3.8390613817495454,72.6301594523925,0.19004992593055872,0.058333333333333334
M-01,2026-01-03 05:00:00+00:00,76.13755567013293,4.006349174914314,6.153101594964791,1625.411986935835,0.5933759329690748,0,3.8458124371786586,74.13845801126458,0.19607808558183834,0.06666666666666667
M-01,2026-01-03 06:00:00+00:00,75.15021191561758,3.988910654308597,5.848742950741083,1647.073605958239,0.755099330425125,1,3.9062898460512527,74.49187926738479,0.1688004013841606,0.058333333333333334
M-01,2026-01-03 07:00:00+00:00,75.41510341180972,3.986905560842009,5.622135820323509,1679.159872747901,0.6876804808677937,0,3.954941903983622,74.23556078651198,0.1342522756068483,0.08333333333333333
M-01,2026-01-03 08:00:00+00:00,84.0823668959393,3.870252337878316,5.770789781382248,1579.174702230409,0.6295477523226543,1,3.9804806798844035,76.44656953265016,0.0857558536776072,0.09166666666666666
M-01,2026-01-03 09:00:00+00:00,76.46141179964052,3.925843215080017,5.704090407793076,1669.3816813055214,0.8913337884258445,0,3.9483329367461155,76.58992238489658,0.053743717917157915,0.06666666666666667
M-01,2026-01-03 10:00:00+00:00,87.50161366374033,4.25460370683597,5.746459068525274,1615.2177123082677,0.7444418678987967,0,4.005477441643204,79.12471055948006,0.13214497179644047,0.08333333333333333
M-01,2026-01-03 11:00:00+00:00,80.87535648727278,3.905776387172861,5.770299212606422,1645.2453434931522,0.8128440860107311,1,3.9887153103529616,79.91434402900337,0.13824991423264232,0.1
M-01,2026-01-03 12:00:00+00:00,79.13855809504022,3.470661122537001,5.460739971135583,1629.8716201855282,0.5879999445129501,1,3.902340388391029,80.57906839224047,0.2526584787484793,0.08333333333333333
M-01,2026-01-03 13:00:00+00:00,74.29295705136047,4.746687464368292,5.951681018860235,1541.0124875878696,0.5687263782378517,1,4.02897070564541,80.39204399883228,0.43098511047355165,0.016666666666666666
M-01,2026-01-03 14:00:00+00:00,79.45637294931784,3.8252276506956817,5.606835375356323,1632.9974508834878,0.6984375455497535,1,4.0214665911149705,79.6210450077287,0.4346775055173155,0.058333333333333334
M-01,2026-01-03 15:00:00+00:00,78.56378406213598,4.671769819635653,5.792686121904069,1598.1310307163185,0.5965313354751482,0,4.145787691874243,79.97144038481127,0.5031378958953295,0.08333333333333333
M-01,2026-01-03 16:00:00+00:00,74.75937676245624,4.956510393408229,5.671490308487996,1620.7576659754743,0.6267668358415988,1,4.2627721396362865,77.84773423459725,0.6048234319189645,0.11666666666666667
M-01,2026-01-03 17:00:00+00:00,76.44084379518662,4.9334620822339925,5.656170715850189,1689.97332251453,0.8114775128651778,0,4.434053088813141,77.10864878591623,0.6285559592447457,0.09166666666666666
M-01,2026-01-03 18:00:00+00:00,85.51650114678849,5.068692134734269,5.584612864907638,1611.800061341819,0.8159119711666376,1,4.70039159084602,78.17163929454094,0.4526452079591652,0.13333333333333333
M-01,2026-01-03 19:00:00+00:00,86.01109426378653,4.480155595950128,5.813249660763838,1773.5916158641785,0.9813516459586504,1,4.6559696127763255,80.12466216327861,0.4602084601940355,0.15
M-01,2026-01-03 20:00:00+00:00,83.22141423811613,5.259417676253321,5.649723467211786,1676.6743322201255,0.9022308522626288,1,4.895001283702599,80.752169044745,0.2793419602166954,0.09166666666666666
M-01,2026-01-03 21:00:00+00:00,83.45579277701357,5.0499295104660185,5.565100265931559,1720.8884498570724,0.7689962488771722,1,4.958027898840993,81.56750383055792,0.260958233168565,0.08333333333333333
M-01,2026-01-03 22:00:00+00:00,85.02647170546626,5.394199541429462,5.2459226616835535,1694.3472804167695,0.7689962488771722,1,5.030976090177865,83.2786863210596,0.3158514728640522,0.075
M-01,2026-01-03 23:00:00+00:00,80.58747956553468,4.877065625970049,5.775321912377304,1644.6205854390705,0.7630702304756293,1,5.021576680800542,83.96979228278427,0.32014375534109296,0.10833333333333334
M-01,2026-01-04 00:00:00+00:00,85.80620934537055,5.300735637613127,5.429630974495043,1638.819305712436,0.6992060488041485,1,5.060250597947017,84.01807698254795,0.34035156717255866,0.125
M-01,2026-01-04 01:00:00+00:00,80.32904718770875,5.430948410152279,5.321663287865909,1711.06651244668,0.7475101571372711,1,5.2187160669807096,83.071069136535,0.21421240569102168,0.11666666666666667
M-01,2026-01-04 02:00:00+00:00,86.4121793911961,5.0668931472470735,5.757439455358124,1709.6637421294392,0.9218313658874612,1,5.186628645479669,83.60286332871499,0.2212015985508363,0.06666666666666667
M-01,2026-01-04 03:00:00+00:00,82.63015203583063,4.950686646511909,5.27581395391734,1577.332685402865,0.613112090049375,1,5.170088168153984,83.46525653851783,0.23663946628983065,0.1
M-01,2026-01-04 04:00:00+00:00,90.04729412600572,5.919965138959234,5.157765454963851,1634.970592733299,0.5988590835109496,1,5.257715767742279,84.30206027527441,0.38626653271664074,0.09166666666666666
M-01,2026-01-04 05:00:00+00:00,85.91890582195109,4.431282766001405,5.61971711422146,1599.5697304244286,0.6765552027275538,1,5.183418624414171,85.19063131801047,0.5001971120227678,0.125
M-01,2026-01-04 06:00:00+00:00,89.09250311106622,5.851517629270728,5.3461076495054645,1667.2093614008188,0.8771475764290972,1,5.2752156230237714,85.73834694562642,0.5714925405220264,0.08333333333333333
M-01,2026-01-04 07:00:00+00:00,84.25565821644238,4.7534232693841405,5.64297828808989,1593.720235622791,0.5984834256801534,1,5.162294766229082,86.39278211708204,0.6007539361995209,0.125
M-01,2026-01-04 08:00:00+00:00,90.14389227616668,5.790672198197219,5.483623369923903,1650.4273792122135,0.6535962959026964,1,5.282924608054105,87.01473426457711,0.6485327801994578,0.15
M-01,2026-01-04 09:00:00+00:00,88.6009232796732,5.333719947379399,5.619835308748589,1652.574093016603,0.7996836112261676,1,5.346763491532021,88.00986280521755,0.627808811679385,0.10833333333333334
M-01,2026-01-04 10:00:00+00:00,80.60796321540968,6.122588212408775,4.740701729495967,1701.6301686488907,0.923405384409586,1,5.380534003773612,86.43664098678488,0.6689126555895432,0.10833333333333334
M-01,2026-01-04 11:00:00+00:00,83.84840329688942,5.157565038715807,5.746777093282493,1575.1967170503754,0.6927125017702219,1,5.5015810492260115,86.09155723260794,0.509498503968289,0.1
M-01,2026-01-04 12:00:00+00:00,85.14509229842733,5.457084104915446,5.221796737234258,1668.6374415371172,0.6809130271630535,1,5.435842128500131,85.43365543050145,0.4799038156839321,0.08333333333333333
M-01,2026-01-04 13:00:00+00:00,87.7911827169682,5.379775081599854,5.789735766183887,1585.5610326299727,0.6651842907554213,1,5.54023409720275,86.02290951392241,0.3531572672997915,0.14166666666666666
M-01,2026-01-04 14:00:00+00:00,85.77982117438013,5.532365338212955,5.252167545604461,1573.8140871986252,0.6240735179119082,1,5.4971829538720405,85.29556433029133,0.33160897048153504,0.09166666666666666
M-01,2026-01-04 15:00:00+00:00,85.77982117438013,5.692440018866284,4.996627064745938,1634.7021565681152,0.7457936770013671,1,5.556969632453186,84.82538064607581,0.32856689785889215,0.1
M-01,2026-01-04 16:00:00+00:00,98.34110035605458,5.960313663048948,5.494357060684305,1670.7652290631686,0.9512547698147114,1,5.52992387422655,87.78090350284997,0.2750106262096119,0.14166666666666666
M-01,2026-01-04 17:00:00+00:00,89.74130274958094,6.403489922339669,5.120353524973427,1722.7770025580865,0.9508566208953362,0,5.7375780214971925,88.7630534116319,0.38571992206830097,0.075
M-01,2026-01-04 18:00:00+00:00,55.06252102567202,1.620449708814491,6.212497108856221,1616.5552541546542,0.6921680733238569,0,5.098138955480366,83.74929153283934,1.741417473345505,0.008333333333333333
M-01,2026-01-04 19:00:00+00:00,58.29565864512088,1.6097021876798592,6.458454320082451,1688.457450415426,0.8477475684254925,0,4.469793473160368,78.83337085419812,2.2308580406139864,0.025
M-01,2026-01-04 20:00:00+00:00,62.20008212309576,1.2421837151141366,6.443395421519103,1541.1175095763551,0.5925100006276819,0,3.754763202643898,74.90341434565072,2.494170565224647,0.008333333333333333
M-01,2026-01-04 21:00:00+00:00,59.5842754791064,1.9819711954113384,6.098849650785545,1634.9241832749506,0.6681072321652891,0,3.1363517320680736,70.5374900631051,2.3747857847523255,0.03333333333333333
M-01,2026-01-04 22:00:00+00:00,57.73268599519572,2.063428463575951,6.033364344608529,1602.2330018394314,0.6584367587525581,0,2.486870865489241,63.769421002961955,1.9413134004296808,0.016666666666666666
M-01,2026-01-04 23:00:00+00:00,62.33636927949307,2.108296521956237,6.460482758772206,1726.4756131574984,0.9240007024562078,0,1.7710052987586689,59.201932091280646,0.3382665318218407,0.025
M-01,2026-01-05 00:00:00+00:00,58.623330866424496,1.796537146589439,6.766456760098421,1604.916474239971,0.6306707386709827,0,1.8003532050544937,59.79540039807272,0.33013279895230163,0.03333333333333333
M-01,2026-01-05 01:00:00+00:00,62.26585242044928,1.4560211468161333,6.483034094992778,1726.9467112946215,0.943552918376859,0,1.7747396982438726,60.457099360627446,0.3530492232644793,0.03333333333333333
M-01,2026-01-05 02:00:00+00:00,61.8773959419844,1.5525623108185187,6.639974468625415,1664.4338863745816,0.6896456528050426,0,1.8264694641946029,60.40331833044223,0.2730970063703487,0.016666666666666666
M-01,2026-01-05 03:00:00+00:00,62.4903771322252,1.8857865872207615,6.328878281940638,1762.2437659609418,0.9873218917274352,0,1.81043869616284,60.88766860596203,0.2648417240439283,0.041666666666666664
M-01,2026-01-05 04:00:00+00:00,60.74072442648161,2.199547762775407,5.840439977042776,1563.6504243554757,0.6147538761480629,0,1.833125246029416,61.389008344509676,0.2949642893667205,0.03333333333333333
M-01,2026-01-05 05:00:00+00:00,61.43465734080707,2.0404887821891418,6.495936420084305,1611.399437404434,0.6533452134994849,0,1.8218239560682337,61.238723021395344,0.28338445621198893,0.03333333333333333
M-01,2026-01-05 06:00:00+00:00,62.81349827939586,2.6175300635461385,6.047170345992432,1734.1106620514693,0.8549464031257858,0,1.9586561088943502,61.93708425689058,0.4293493469366556,0.05
M-01,2026-01-05 07:00:00+00:00,64.93927113180283,2.6128184561599355,6.635950902212996,1645.5265881243763,0.7778484692292849,0,2.1514556604516506,62.382654042116165,0.4180815177850202,0.03333333333333333
M-01,2026-01-05 08:00:00+00:00,64.8468544728123,2.597191502186364,6.170938928558825,1644.7223692335426,0.8115024741494061,0,2.325560525679625,62.87756379725414,0.3262186228169632,0.016666666666666666
M-01,2026-01-05 09:00:00+00:00,67.31356430896344,3.6925627034577655,6.230269704033922,1739.5583976217272,0.9118560367820182,0,2.626689878385792,63.681428326710524,0.5767691850468641,0.075
M-01,2026-01-05 10:00:00+00:00,62.29008116537437,1.973252096771948,5.76523786484297,1769.1725785865456,0.8825428017619938,0,2.5889739340518823,63.93965444985931,0.6163293043282033,0.025
M-01,2026-01-05 11:00:00+00:00,61.475523204638925,2.417553740241589,6.362068525091607,1610.859424920597,0.6056892116426551,0,2.65181809372729,63.94646542716461,0.5664206294740065,0.075
M-01,2026-01-05 12:00:00+00:00,62.786862476668006,1.9307573552686104,5.612788988450329,1645.963898990104,0.7289101872212234,0,2.5373559756810358,63.942026126709976,0.6394224125248845,0.016666666666666666
M-01,2026-01-05 13:00:00+00:00,60.54916376869043,2.586800577729349,6.11297528734864,1593.9917069307885,0.76986282040819,0,2.5330196626092714,63.21034156619124,0.6388963091521295,0.041666666666666664
M-01,2026-01-05 14:00:00+00:00,67.48644344154586,2.138978036827693,6.127985662783417,1778.7949158725144,0.9800304656711364,0,2.456650751716159,63.65027306098017,0.6568256973945144,0.08333333333333333
M-01,2026-01-05 15:00:00+00:00,65.1262669571434,2.412676150147397,6.19777871210783,1744.9859666766451,0.966163793190412,0,2.2433363261644312,63.285723502343494,0.2677824236291698,0.075
M-01,2026-01-05 16:00:00+00:00,68.02376107384752,2.763641063515429,6.271957294296029,1710.4224886293073,0.7998391190470712,0,2.375067820621678,64.24133682042236,0.30072896135067445,0.08333333333333333
M-01,2026-01-05 17:00:00+00:00,69.21809722221977,2.8910016578656736,5.636277480316939,1584.195158688089,0.597653831687839,0,2.4539758068923585,65.5317658233525,0.36856841705140037,0.016666666666666666
M-01,2026-01-05 18:00:00+00:00,64.28395808552276,3.436638366845059,5.796929907463203,1630.575137770899,0.7386014436923367,0,2.7049559754884336,65.78128175816163,0.44567595373343205,0.041666666666666664
M-01,2026-01-05 19:00:00+00:00,68.42952843760723,3.2866777815431227,6.09432052287296,1703.505139997258,0.8182191489554678,0,2.821602176124062,67.09467586964776,0.49717940897920826,0.05
M-01,2026-01-05 20:00:00+00:00,68.46958563333301,3.042199937242473,6.09432052287296,1738.616943077112,0.9119624120258368,0,2.9721391595265256,67.25853290161228,0.3695013342312672,0.058333333333333334
M-01,2026-01-05 21:00:00+00:00,68.659739383321,2.9792320897954765,6.069927376353587,1793.3286290071337,0.9031435521634844,0,3.066565149467872,67.84744497264188,0.25147963151367086,0.058333333333333334
M-01,2026-01-05 22:00:00+00:00,69.73275986058061,3.060797119974179,6.60112202806715,1596.4588042800017,0.5991147985445807,0,3.116091158877664,68.13227810376407,0.2048235045091361,0.1
M-01,2026-01-05 23:00:00+00:00,68.149470279945,3.1925290918223244,6.215474249148167,1729.167010602038,0.9085676897463228,0,3.166345731203773,67.95417361338494,0.17308245542859818,0.058333333333333334
M-01,2026-01-06 00:00:00+00:00,67.65082332293574,4.332468886033941,6.095424294808864,1650.9143564101018,0.7888463157695741,0,3.315650817735253,68.51531781962042,0.5104548426746623,0.025
M-01,2026-01-06 01:00:00+00:00,72.94320054917934,3.0047945653498584,6.018087749483758,1726.9460816143824,0.940482529199205,0,3.268670281703042,69.26759650488245,0.5263781682926699,0.06666666666666667
M-01,2026-01-06 02:00:00+00:00,65.89659151041566,3.322647278935794,6.125897123034159,1669.1186531190222,0.7356572061731561,0,3.3154115053185955,68.83876415106289,0.5145650838670324,0.06666666666666667
M-01,2026-01-06 03:00:00+00:00,67.26934038909062,3.0289819346337485,5.731276753861976,1705.116970806649,0.7416469388680795,0,3.323703146124974,68.60703098535782,0.5084287402130406,0.058333333333333334
M-01,2026-01-06 04:00:00+00:00,75.07596586557086,4.584659175722885,5.528900071219369,1703.2865941702923,0.9403707842885464,0,3.577680155416425,69.49756531952288,0.6966151766756494,0.05
M-01,2026-01-06 05:00:00+00:00,66.51597739532662,3.229910185530208,5.642898258306624,1643.2612140286485,0.6615278033281112,0,3.5839103377010724,69.2253165054198,0.6926374579841066,0.05
M-01,2026-01-06 06:00:00+00:00,73.12404119991366,3.671466941821011,5.846624994238228,1784.237268230521,0.8857064261095509,0,3.4737433469989174,70.13751948491613,0.5955231153555708,0.075
M-01,2026-01-06 07:00:00+00:00,67.08097198162868,2.680082813360837,5.931671825603156,1604.818114735158,0.5973751359343563,0,3.419624721667414,69.16048139032435,0.6581261328669362,0.058333333333333334
M-01,2026-01-06 08:00:00+00:00,73.49344653152119,3.817248246208053,5.689130831303033,1651.1532308450558,0.8174951486904034,0,3.5020582162127902,70.42662389384193,0.6743260621603642,0.05
M-01,2026-01-06 09:00:00+00:00,67.25091989282173,3.4403821389961617,5.9192139608626855,1714.854389194884,0.9210988857053536,0,3.5706249169398596,70.42355381113046,0.6364546497842747,0.058333333333333334
M-01,2026-01-06 10:00:00+00:00,70.45594991715517,3.601276374251329,6.059114622912281,1652.9897966162357,0.6147423698370142,0,3.406727783361267,69.65355115306117,0.40911441373731355,0.06666666666666667
M-01,2026-01-06 11:00:00+00:00,72.91337551766868,3.903503158691089,5.785725302424037,1646.2350180246224,0.6244892752308752,0,3.5189932788880802,70.71978417345152,0.44198938434179097,0.125
M-01,2026-01-06 12:00:00+00:00,77.19916099708185,3.2764022478616788,5.890216650281442,1617.0888291244023,0.6191260278364265,0,3.453149163228191,71.39897080631287,0.44415370861859316,0.06666666666666667
M-01,2026-01-06 13:00:00+00:00,67.22659450828148,3.737538784027415,5.6887444784501495,1598.840584399156,0.5595166073513981,0,3.6293918250059547,71.42324122742168,0.23800823705757215,0.09166666666666666
M-01,2026-01-06 14:00:00+00:00,73.0829518182126,3.790406700017171,6.020322090239384,1696.5112634970135,0.6285886619211337,0,3.6249182339741406,71.35482544187026,0.23398943626752275,0.075
M-01,2026-01-06 15:00:00+00:00,70.67185379991041,3.169945997478983,6.265896492549263,1653.2833587398125,0.816014717249937,0,3.579845543721278,71.9249810930517,0.29479218531564516,0.041666666666666664
M-01,2026-01-06 16:00:00+00:00,73.46518784294256,3.399600715107247,5.782610966720378,1697.5249470687982,0.7271337055744127,0,3.5462329338639305,72.42652074734958,0.3032366188679165,0.08333333333333333
M-01,2026-01-06 17:00:00+00:00,77.2269762346028,4.066525826032543,5.6958719017057495,1616.587036766559,0.7770368066600035,0,3.57340337842084,73.14545420017195,0.3459466770647869,0.03333333333333333
M-01,2026-01-06 18:00:00+00:00,79.51602051724291,3.4445305641963424,5.816671539044594,1750.183294320819,0.9330092320699928,0,3.6014247644766173,73.53159745353213,0.3231355316564983,0.075
M-01,2026-01-06 19:00:00+00:00,70.57100232052414,4.086477227919922,5.894254936229825,1659.046523212687,0.6316742843184359,0,3.6595811717920355,74.08899875557258,0.3790880422270687,0.10833333333333334
M-01,2026-01-06 20:00:00+00:00,72.26077719982199,4.034635317886289,5.776766426534591,1648.4949187350603,0.6622244091244953,0,3.700285941436888,73.95196965250746,0.4079577779216417,0.058333333333333334
M-01,2026-01-06 21:00:00+00:00,74.9092992289894,3.19301052195675,5.701357252394103,1672.6342172331165,0.7373180915664366,0,3.7041300288498493,74.65821055735397,0.40202661002402884,0.041666666666666664
M-01,2026-01-06 22:00:00+00:00,78.3538754256895,4.10731651405062,5.044009758478403,1606.6111341124697,0.7181263623068073,0,3.822082662007078,75.47299182114511,0.3986154218654177,0.058333333333333334
M-01,2026-01-06 23:00:00+00:00,69.21276895480722,4.65522784099556,5.80346559463473,1647.1862418208557,0.5957523563066722,0,3.9201996645009145,74.13729060784586,0.5236579082774242,0.05
M-01,2026-01-07 00:00:00+00:00,76.60968783721093,4.477242267202239,6.356683106771468,1634.669215726825,0.573382839909297,0,4.092318281668564,73.65290182784052,0.5054452457967943,0.041666666666666664
M-01,2026-01-07 01:00:00+00:00,79.64076819269151,4.772980299491921,5.666995766925094,1648.883375380415,0.594600913710944,0,4.206735460263896,75.16452947320175,0.5765576124803268,0.041666666666666664
M-01,2026-01-07 02:00:00+00:00,77.01340446844523,4.067926274847156,5.684218931039542,1717.5100949172424,0.9561939147674277,1,4.212283953090708,75.95663401797229,0.5747274517297472,0.10833333333333334
M-01,2026-01-07 03:00:00+00:00,78.21049051685645,4.533487053760461,5.623239353244421,1786.55741756661,0.910911646123117,0,4.435696708391326,76.50683256595013,0.2885590989509844,0.08333333333333333
M-01,2026-01-07 04:00:00+00:00,80.2876103483961,4.800574138304493,5.804072218712885,1741.5985780859237,0.8391174741979965,1,4.551239645766972,76.82912171973457,0.2688987662662132,0.11666666666666667
M-01,2026-01-07 05:00:00+00:00,79.49349964842976,4.360354217714984,5.8232290449567135,1691.8954914419896,0.6105484937859162,1,4.502094041886876,78.54257683533832,0.27300721313134435,0.08333333333333333
M-01,2026-01-07 06:00:00+00:00,79.49349964842976,5.05292791602269,5.714966316510289,1590.0714974514826,0.7814002915856866,1,4.598041650023617,79.02321213720813,0.35220146997314905,0.058333333333333334
M-01,2026-01-07 07:00:00+00:00,84.75744891456844,4.681240644552614,5.948923024464868,1633.817010244642,0.7582597145170822,0,4.582751707533733,79.87599225752096,0.3450058622171554,0.06666666666666667
M-01,2026-01-07 08:00:00+00:00,81.14350757115618,4.4262683265577385,5.711672980517498,1790.091471440974,0.8378034720566996,1,4.64247538281883,80.56434277463946,0.25814164439873294,0.05
M-01,2026-01-07 09:00:00+00:00,82.49609666971307,5.350009902301991,5.635631694261113,1542.596878956613,0.6128957849292807,1,4.778562524242418,81.27861046678221,0.37703950002318654,0.03333333333333333
M-01,2026-01-07 10:00:00+00:00,78.30332069950184,4.651825369001445,5.5008195549050924,1710.731099368204,0.7376002158676983,1,4.753771062691911,80.94789552529984,0.3801799623490877,0.09166666666666666
M-01,2026-01-07 11:00:00+00:00,83.20329337216182,4.749591240218573,5.71611838985847,1608.9016497745015,0.7153803145518076,1,4.818643899775842,81.56619447925519,0.329446130927399,0.075
M-01,2026-01-07 12:00:00+00:00,82.51710372838548,5.352109297250109,6.0512459057288535,1699.0304983699389,0.6973730039856455,1,4.868507463313745,82.07012849258113,0.38921763735385767,0.14166666666666666
M-01,2026-01-07 13:00:00+00:00,84.45233056411504,5.989511622269562,6.0199938974713625,1739.6834775792547,0.8585845054551755,1,5.0865526262665695,82.01927543417224,0.5820259703142399,0.09166666666666666
M-01,2026-01-07 14:00:00+00:00,86.51286282382308,4.393107019159542,5.582709994641924,1737.9278952425989,0.9769860670219032,1,5.081025741700205,82.9141679762834,0.5896574133269513,0.058333333333333334
M-01,2026-01-07 15:00:00+00:00,75.8982332774501,5.183389384450948,5.453966678123451,1669.7354783125836,0.7664096927350353,1,5.053255655391697,81.8145240775729,0.5782695039509207,0.10833333333333334
M-01,2026-01-07 16:00:00+00:00,86.07684638006312,4.306361435584343,5.491516317592798,1700.772306357334,0.7909456554235015,1,4.995678333155513,83.11011169099977,0.6401237237492707,0.14166666666666666
M-01,2026-01-07 17:00:00+00:00,86.5983684269681,5.566274118002888,5.59657489122841,1626.6529101917822,0.8436643032520459,0,5.131792146119565,83.67595753346748,0.6637244579538883,0.06666666666666667
M-01,2026-01-07 18:00:00+00:00,85.64241173651683,4.724133620911684,5.305341710149127,1660.936907882565,0.7897250242295831,0,5.0271295333964945,84.19684220148939,0.6715014566642711,0.09166666666666666
M-01,2026-01-07 19:00:00+00:00,86.14677912532422,4.977141167944025,5.829473240267856,1647.7255700312596,0.6796700263821078,1,4.8584011243422385,84.47925029502424,0.48167933878800284,0.11666666666666667
M-01,2026-01-07 20:00:00+00:00,79.64226365153486,5.367977190081465,5.483923661178881,1541.3518799350777,0.6410820669065733,1,5.020879486162559,83.3341504329762,0.45713209932662574,0.10833333333333334
M-01,2026-01-07 21:00:00+00:00,91.844278403536,4.528247194872693,5.20076278602155,1766.9121907700278,0.9373235807466525,1,4.9116891212328495,85.99182462065717,0.48776852579738067,0.10833333333333334
M-01,2026-01-07 22:00:00+00:00,84.68774676560156,5.602144434864147,4.97325734948064,1624.123030177658,0.8264708832438639,1,5.127652954446151,85.76030801824693,0.4516758446861551,0.1
M-01,2026-01-07 23:00:00+00:00,85.85603878319631,5.398824658611013,5.832766697674964,1780.541177117485,0.8765720327221421,1,5.099744711214171,85.63658641095162,0.42344484673751726,0.15
M-01,2026-01-08 00:00:00+00:00,93.51604632020528,4.696469102997579,5.800603512271711,1704.2694784427044,0.9711729202152816,1,5.095133958228487,86.94885884156638,0.42847349087393183,0.09166666666666666
M-01,2026-01-08 01:00:00+00:00,85.4928728323142,4.969658490029313,5.606692719568331,1778.3675152163742,0.9814961106590862,1,5.093886845242701,86.83987445939805,0.4288962869329507,0.14166666666666666
M-01,2026-01-08 02:00:00+00:00,89.42959489636313,5.037268350071789,5.710023767517706,1714.681924100542,0.8171569020098594,1,5.038768705241089,88.47109633353608,0.4073357841983748,0.1
M-01,2026-01-08 03:00:00+00:00,87.46886837739106,5.8820973971580255,5.717563491238066,1699.0025367716512,0.9078016775423888,1,5.264410405621978,87.74186132917858,0.4415196969104193,0.058333333333333334
M-01,2026-01-08 04:00:00+00:00,85.20918127411004,5.420731759358315,5.521303781049094,1667.265732198451,0.6640225092276343,1,5.234174959704339,87.82876708059666,0.41942465635346804,0.1
M-01,2026-01-08 05:00:00+00:00,81.8619781453114,5.09105981692451,5.160148931061561,1602.0588720646963,0.5927721389039806,1,5.1828808194232545,87.16309030761585,0.4140461567424351,0.08333333333333333
M-01,2026-01-08 06:00:00+00:00,85.95828315729358,5.513143113161831,5.808351752772095,1642.6465460246825,0.627081086841755,1,5.318993154450631,85.90346311379723,0.35170684323042833,0.11666666666666667
M-01,2026-01-08 07:00:00+00:00,88.65337238849041,5.909975191372482,5.613544412359251,1650.8911932468104,0.8075937313152324,1,5.475712604674492,86.4302130398266,0.37372387175632427,0.11666666666666667
M-01,2026-01-08 08:00:00+00:00,90.80228398327576,6.151823726118613,5.613544412359251,1738.392949508221,0.7851842989809052,1,5.661471834015629,86.65899455431203,0.3888962838692359,0.11666666666666667
M-01,2026-01-08 09:00:00+00:00,91.4163457366753,5.824390939607985,5.417514480007309,1722.129718900982,0.90966012243043,1,5.651854091090622,87.31690744752608,0.38301790767999133,0.10833333333333334
M-01,2026-01-08 10:00:00+00:00,91.26915456172487,6.284040476782375,5.261128614572276,1713.7444078852295,0.8198170486851756,1,5.795738877327967,88.32690299546188,0.4371587107179751,0.09166666666666666
M-01,2026-01-08 11:00:00+00:00,96.94586410490436,5.930909834031138,4.874694610574495,1592.175487525358,0.6038801148255053,0,5.93571388017907,90.84088398872738,0.26820861008139024,0.125
M-01,2026-01-08 12:00:00+00:00,52.43151893167737,1.399214358651505,4.874694610574495,1738.733848954673,0.8460384782682375,0,5.2500590877606825,85.25308995112466,1.894212563684101,0.025
M-01,2026-01-08 13:00:00+00:00,53.4807550878437,1.3967735275820452,6.345336872346601,1693.404494637775,0.8984446372638295,0,4.497858810462277,79.39098706768355,2.4065616544589807,0.008333333333333333
M-01,2026-01-08 14:00:00+00:00,53.88060787430971,1.1013089112337036,6.264245906320293,1645.4323481770816,0.7001369912477072,0,3.6561063413147923,73.23737438285588,2.5887202608004607,0.03333333333333333
M-01,2026-01-08 15:00:00+00:00,48.21953677625663,1.0158874935626625,6.843023948371792,1705.1159229988791,0.8931394661817935,0,2.8546891003072385,66.0379062227861,2.526778298273088,0.03333333333333333
M-01,2026-01-08 16:00:00+00:00,54.44224779490531,1.11822738971986,6.297198930742359,1687.7425603418094,0.7138864079974243,0,1.993720252463486,59.900088428316174,1.9354734361586572,0.008333333333333333
M-01,2026-01-08 17:00:00+00:00,53.683672912224914,1.2989331617047322,6.418613442286814,1611.199953373441,0.6209252418812499,0,1.2217241404090846,52.68972322953627,0.16473398465193684,0.008333333333333333
M-01,2026-01-08 18:00:00+00:00,52.16213219026769,0.4900535900438558,6.529626051299629,1762.0334169640298,0.9712573585190848,0,1.0701973456411433,52.644825439301336,0.31678485696152575,0.05
M-01,2026-01-08 19:00:00+00:00,52.41535063396012,1.6193065078764766,6.355622610130767,1635.8238974589108,0.7224939202498344,0,1.1072861756902153,52.46725803032073,0.37104679207720104,0.008333333333333333
M-01,2026-01-08 20:00:00+00:00,49.17871354876637,1.5488688518526137,5.93542955211017,1675.8082409360277,0.798846879363805,0,1.1818794991267,51.68360897606351,0.4122992016345573,0.041666666666666664
M-01,2026-01-08 21:00:00+00:00,56.81825387141788,1.2218817963012625,5.816618629502139,1744.782368467828,0.9011356722592264,0,1.2162118829164668,53.116728491923716,0.4042097774053488,0.041666666666666664
M-01,2026-01-08 22:00:00+00:00,55.83167097034484,1.4606348257254302,6.664057422550804,1710.6600425601337,0.7193617630663718,0,1.2732797889173952,53.34829902116363,0.41171078670416644,0.05
M-01,2026-01-08 23:00:00+00:00,57.00511512323301,1.7090492424532386,5.865342362266274,1721.974860257301,0.8729921062016396,0,1.3416324690421462,53.90187272299831,0.4491621638697892,0.016666666666666666
M-01,2026-01-09 00:00:00+00:00,59.49084133217719,1.6632359497601976,6.285510554763589,1624.504874564518,0.6033153597476687,0,1.5371628623282032,55.1233242466499,0.17752895579218983,0.025
M-01,2026-01-09 01:00:00+00:00,61.0216959085079,2.263303992093371,6.0430734335424745,1726.7190948880004,0.8366832477960434,0,1.6444957763643522,56.5577151257412,0.348996815441931,0.041666666666666664
M-01,2026-01-09 02:00:00+00:00,58.68848604511641,2.1230598890194665,6.305559114793092,1734.5063048307202,0.8147160999861494,0,1.7401942825588277,58.1426772084662,0.3934269341683966,0.041666666666666664
M-01,2026-01-09 03:00:00+00:00,53.44924411704604,2.70393135870576,6.390949270023525,1619.3925829145337,0.5555362086498713,0,1.987202542959577,57.581175582737565,0.46216590028651333,0.041666666666666664
M-01,2026-01-09 04:00:00+00:00,62.59039605248051,1.9074430692886608,5.785886653081371,1619.3925829145337,0.9214297800383444,0,2.061670583553449,58.707629763093514,0.39084566655547054,0.025
M-01,2026-01-09 05:00:00+00:00,57.76307381604237,1.908637307982743,6.55143478479321,1633.3090689033586,0.756346636809348,0,2.0949352611417,58.83395621189508,0.3622816075674379,0.05
M-01,2026-01-09 06:00:00+00:00,60.37659270088962,1.2628556136966926,5.830641274553173,1668.8837965987252,0.6858673261491213,0,2.0282052051311155,58.981581440013805,0.47655317812435766,0.03333333333333333
M-01,2026-01-09 07:00:00+00:00,54.37932971264886,1.624294896899118,6.23214105817071,1748.117035597265,0.901582315944182,0,1.9217036892654071,57.87452040737063,0.48483632662516424,0.05
M-01,2026-01-09 08:00:00+00:00,58.81014175633154,1.6517525213719948,6.23214105817071,1756.9340639421548,0.998665596026908,0,1.8431524613241617,57.89479635923983,0.4838675148174496,0.041666666666666664
M-01,2026-01-09 09:00:00+00:00,63.20629577791467,2.685136702083652,6.010732618532017,1635.7303956108174,0.6777587970388176,0,1.8400200185538103,59.52097163605126,0.47719537671726714,0.041666666666666664
M-01,2026-01-09 10:00:00+00:00,58.93429812005144,2.091911756279085,6.48714907591902,1651.5209522606349,0.5978887893421223,0,1.8707647997188808,58.91162198064641,0.4882231596620969,0.008333333333333333
M-01,2026-01-09 11:00:00+00:00,63.43157179401117,1.898138694121428,6.334865338706633,1694.2686188788573,0.8495581312479417,0,1.869015030741995,59.85637164364121,0.4880790717119384,0.058333333333333334
M-01,2026-01-09 12:00:00+00:00,64.40950035317658,2.1462898312709213,6.586752624097496,1588.767145374979,0.5906983271428597,0,2.0162540670043665,60.52852291902237,0.3925511366827902,0.05
M-01,2026-01-09 13:00:00+00:00,57.23908500136379,1.4297205750775446,6.484900112815319,1568.1291030659463,0.5630497764420113,0,1.9838250133674376,61.00514880047487,0.43693515755963386,0.041666666666666664
M-01,2026-01-09 14:00:00+00:00,61.85938202418821,1.891555553584835,6.11115560866549,1630.7694817682238,0.6143598438249858,0,2.023792185402911,61.51335551178431,0.4106626167022606,0.03333333333333333
M-01,2026-01-09 15:00:00+00:00,60.6768484786982,1.73761476256982,6.0382434127059845,1627.875044682633,0.6391919022458041,0,1.8658718621506056,61.0917809619149,0.2600411122891066,0.041666666666666664
M-01,2026-01-09 16:00:00+00:00,60.6768484786982,2.1532077847793865,6.3031071728919335,1746.1216080621418,0.8453210676973706,0,1.876087866900656,61.38220602168936,0.2716426323608937,0.03333333333333333
M-01,2026-01-09 17:00:00+00:00,61.140477735022856,2.6384974582450003,6.516639252205279,1611.158282880904,0.5524434253579152,0,1.9994809942545846,61.00035701185797,0.41433695497828915,0.025
M-01,2026-01-09 18:00:00+00:00,67.66131740347228,2.400789456495218,6.368807154930585,1663.7791715391988,0.8226663299414775,0,2.0418975984586343,61.54232652024058,0.44431434788222546,0.03333333333333333
M-01,2026-01-09 19:00:00+00:00,58.03584210206226,2.4550819041135,6.429114793678253,1563.230367547694,0.6573487692823249,0,2.21279115329796,61.675119370357,0.3486571722021674,0.06666666666666667
M-01,2026-01-09 20:00:00+00:00,63.06232490735728,2.4631779308351294,6.444233998548837,1634.916222092348,0.5757543730689673,0,2.3080615495063426,61.875609850885176,0.3202660319547603,0.058333333333333334
M-01,2026-01-09 21:00:00+00:00,67.67381893080297,2.302304689459705,6.296263238519009,1699.706231349562,0.9675079435775262,0,2.402176537321323,63.04177159290264,0.16390819091378128,0.025
M-01,2026-01-09 22:00:00+00:00,66.89173789585885,2.6719620759748453,6.169825886575872,1602.300880523112,0.8641543527903868,0,2.4886355858538995,64.07758649576274,0.14161727996856227,0.03333333333333333
M-01,2026-01-09 23:00:00+00:00,64.54844027842782,3.133420633807215,6.038211569008179,1558.9165896958723,0.56806808479618,0,2.5711227817809355,64.64558025299691,0.3009124863626061,0.058333333333333334
M-01,2026-01-10 00:00:00+00:00,65.58164367909748,2.922030259595988,6.310008952366097,1574.1642701344435,0.6062156556875394,0,2.657996248964397,64.29896796560111,0.31672771988741366,0.058333333333333334
M-01,2026-01-10 01:00:00+00:00,62.37258036820003,2.9782250381979947,5.894178568137345,1696.8922667552342,0.88533465774798,0,2.745186771311813,65.02175767662406,0.321664845984093,0.09166666666666666
M-01,2026-01-10 02:00:00+00:00,73.86782661062391,2.3826309378568915,5.7372725793029655,1680.985438256782,0.9330089948928708,0,2.7317622724821065,66.82267462716851,0.33709874190274536,0.075
M-01,2026-01-10 03:00:00+00:00,68.1517378507432,2.801822500526002,5.787279315594465,1699.9725493482829,0.8805794913708227,0,2.8150152409931564,66.90232778049189,0.2634638830294479,0.125
M-01,2026-01-10 04:00:00+00:00,64.47480313795839,3.307749161963276,5.808851143716303,1572.971635972936,0.6718414380930101,0,2.920979755324561,66.4995053208418,0.31686518501490707,0.05
M-01,2026-01-10 05:00:00+00:00,72.87113175401471,2.862976878906212,5.9634228182885,1773.1240479995763,0.9910921532044068,0,2.875905796174394,67.88662056677295,0.2993529567030043,0.025
M-01,2026-01-10 06:00:00+00:00,62.38662320500343,3.1790141715058247,6.264198342980644,1559.1682094949335,0.574525141746083,0,2.9187364481593665,67.35411715442395,0.32459248173903665,0.09166666666666666
M-01,2026-01-10 07:00:00+00:00,69.88467434476205,3.573742139571994,5.810113056578974,1542.5766328681032,0.5690577482110752,0,3.0179892983883665,68.60613281718429,0.42265546010295374,0.075
M-01,2026-01-10 08:00:00+00:00,68.64149715824142,2.935472663108109,5.515103982750031,1765.6012443126306,0.8693102282952794,0,3.1101295859302365,67.73507790845387,0.2984553377124066,0.058333333333333334
M-01,2026-01-10 09:00:00+00:00,71.48291569246327,3.5396210581668592,5.902897327110653,1601.2143147730342,0.5912744526208892,0,3.233096012203712,68.29027421540722,0.2980144818346363,0.05
M-01,2026-01-10 10:00:00+00:00,73.3081168331627,3.104201691850438,6.073791815449853,1711.4738686548142,0.9910122307993866,0,3.1991714338515727,69.76249316460793,0.29939891378157046,0.05
M-01,2026-01-10 11:00:00+00:00,72.89449369551556,3.8386127346810017,6.044407575791929,1719.299199077459,0.9028364267536336,0,3.3617774098140383,69.76638682152473,0.3421732677422954,0.058333333333333334
M-01,2026-01-10 12:00:00+00:00,69.43076916932932,3.211202858321397,6.307203513069181,1678.8562889745049,0.8075859174813869,0,3.3671421909499664,70.94041114891239,0.3389720740142731,0.1
M-01,2026-01-10 13:00:00+00:00,75.88658230233317,3.748459638865702,6.071194963769727,1732.4856094735574,0.9757110041011428,0,3.3962617741655845,71.9407291418409,0.36664481214443095,0.05
M-01,2026-01-10 14:00:00+00:00,70.95512093817557,3.9193131196286783,6.141989199669288,1649.1708668814097,0.810107747113394,0,3.56023518358568,72.32633310516326,0.3382527228279568,0.1
M-01,2026-01-10 15:00:00+00:00,77.5974043281726,2.678486021631621,5.981485165764092,1646.592705346076,0.842154919860389,0,3.4167126774964736,73.34541454444815,0.4950836103968263,0.05
M-01,2026-01-10 16:00:00+00:00,70.13316880640193,3.3694307044614096,5.899873989632482,1597.145196080339,0.6167975454640261,0,3.4609175129316347,72.81625653998803,0.4729454451387209,0.041666666666666664
M-01,2026-01-10 17:00:00+00:00,74.8456433023081,4.037468248263708,5.503208414183278,1666.5975518821158,0.7318154758333447,0,3.4940600985287524,73.14144814112011,0.5102065178702817,0.10833333333333334
M-01,2026-01-10 18:00:00+00:00,72.09145421421866,3.652479917379008,6.339577683088332,1678.6341216715848,0.6036478867889851,0,3.5676062750383544,73.58489564860167,0.4927855181675543,0.075
M-01,2026-01-10 19:00:00+00:00,70.06215239809151,4.176539431489907,6.115577205407419,1601.4477405210848,0.6751339956015658,1,3.638952907142388,72.61415733122806,0.5516769766668128,0.06666666666666667
M-01,2026-01-10 20:00:00+00:00,75.25178329717811,3.877664806094366,6.164312417337944,1662.533740164925,0.7425564461566075,0,3.6320115215533373,73.33026772439514,0.5476914930640611,0.08333333333333333
M-01,2026-01-10 21:00:00+00:00,76.40778699269009,4.156505699725242,5.688415397479182,1655.8698886444297,0.8355831028382184,0,3.87834813456894,73.1319981684814,0.31674051219790716,0.05
M-01,2026-01-10 22:00:00+00:00,76.66391736319473,4.310149417949273,5.80702610855351,1706.9655053938725,0.7339523992429138,0,4.035134586816917,74.2204562612802,0.23731254005954397,0.1
M-01,2026-01-10 23:00:00+00:00,72.6807114846465,4.614322256844397,5.823665109323217,1689.574015999503,0.8147378117840538,0,4.1312769215803655,73.85963429166993,0.3351355034254264,0.08333333333333333
M-01,2026-01-11 00:00:00+00:00,69.31463601376088,4.229411473942411,5.635225590857519,1705.2630169135734,0.5662269254248137,0,4.227432181007599,73.39683125826029,0.23936910574385248,0.08333333333333333
M-01,2026-01-11 01:00:00+00:00,76.98356551706364,4.676894995996443,5.838406628143574,1687.2043810332564,0.7633597037905766,0,4.310824775092022,74.55040011142232,0.2980565870899362,0.075
M-01,2026-01-11 02:00:00+00:00,72.82065440700165,3.1707617556584164,5.84453858087898,1604.163157710368,0.8076060699049521,0,4.193007600019364,74.14521196305958,0.542774254110108,0.058333333333333334
M-01,2026-01-11 03:00:00+00:00,74.36496487749,4.253073265348875,5.881457160104481,1734.3482996326245,0.8659009814996672,0,4.20910219428997,73.80474161052622,0.5429071254389469,0.1
M-01,2026-01-11 04:00:00+00:00,77.1377366600249,4.266351071868854,5.921920232179527,1700.2161908107485,0.8435948754344642,1,4.201802469943233,73.88371149333126,0.5415695543480009,0.10833333333333334
M-01,2026-01-11 05:00:00+00:00,75.42949027057712,4.358696819248331,5.76270235732093,1700.2161908107485,0.9043444998936792,0,4.159198230343889,74.34184129098637,0.5118672573727142,0.125
M-01,2026-01-11 06:00:00+00:00,80.10011674814177,4.254706127490996,5.560434359866344,1688.7475369769031,0.7441381878309505,0,4.163414005935319,76.13942141338318,0.5126647380323978,0.06666666666666667
M-01,2026-01-11 07:00:00+00:00,80.4367516734706,4.031683129982111,5.66309987239043,1650.7448308881362,0.7122958005026144,0,4.0558786949329315,76.71495243945101,0.4468630452297673,0.11666666666666667
M-01,2026-01-11 08:00:00+00:00,75.34917761250719,4.566732910878468,5.634354917128972,1774.6084849394808,0.8815175598169991,0,4.288540554136272,77.13637297370194,0.17388714463755137,0.10833333333333334
M-01,2026-01-11 09:00:00+00:00,81.13170986867267,5.263604604107828,6.136272952618203,1801.6499086804724,0.9644757387828362,0,4.456962443929432,78.2641638055657,0.4313884723900265,0.06666666666666667
M-01,2026-01-11 10:00:00+00:00,77.01656281621877,4.537640207737129,5.414419897215164,1651.8873788007447,0.7841238016332561,1,4.502177299907477,78.24396816493136,0.4215186775843991,0.10833333333333334
M-01,2026-01-11 11:00:00+00:00,81.43550710573263,4.623672635915047,5.382573893942918,1631.1186037614714,0.6915028112848907,1,4.5463399360185965,79.2449709707906,0.41733976938082806,0.06666666666666667
M-01,2026-01-11 12:00:00+00:00,83.64748563385137,5.038671624822638,5.5185355229239965,1574.4436500463626,0.7723637409328405,1,4.677000852240536,79.83619911840887,0.4302950101711128,0.1
M-01,2026-01-11 13:00:00+00:00,77.81609536633498,4.255033155657532,6.112093226583691,1648.12991375608,0.5824266161828247,1,4.714225856519773,79.3994230672196,0.3685312870104837,0.1
M-01,2026-01-11 14:00:00+00:00,79.08693456387113,4.759498167281087,6.0885568387285565,1616.0383067611365,0.5750055626080951,1,4.746353399253543,80.0223825591136,0.3614357167251389,0.1
M-01,2026-01-11 15:00:00+00:00,77.15143568003577,5.034432108554462,5.607408959946368,1557.0621495269468,0.7003585182256956,1,4.7081579833279825,79.3590035276741,0.3032708629809305,0.08333333333333333
M-01,2026-01-11 16:00:00+00:00,82.44881772313673,4.778257794713473,5.607408959946368,1710.2212276378475,0.6912520164108952,0,4.748260914490706,80.26437934549377,0.2919089868101923,0.09166666666666666
M-01,2026-01-11 17:00:00+00:00,81.30313539376081,4.455374331070892,5.669742239568106,1538.814321167759,0.5566072796020319,1,4.720211197016681,80.24231739349847,0.3135582480463291,0.15
M-01,2026-01-11 18:00:00+00:00,89.64553923171646,4.835788112127282,5.906933079771768,1725.5407132983023,0.9354466106085512,1,4.686397278234121,81.24199299314265,0.28166454061416635,0.08333333333333333
M-01,2026-01-11 19:00:00+00:00,82.02941332736648,5.035369525889652,5.445481350090539,1612.317477046954,0.6191258045772857,1,4.816453339939475,81.94421265331457,0.2148923988728232,0.13333333333333333
M-01,2026-01-11 20:00:00+00:00,81.71865986511712,5.640464921248147,5.582072326701139,1620.423495002443,0.6038526501392025,1,4.963281132267318,82.38283353685556,0.39428276815139607,0.1
M-01,2026-01-11 21:00:00+00:00,85.59366859073742,5.700328306248391,5.6781703779557775,1791.882808633658,0.9812931314054376,1,5.0742638318829725,83.78987235530583,0.4983106709410573,0.09166666666666666
M-01,2026-01-11 22:00:00+00:00,84.7722747718555,6.134009096793778,5.486969173871375,1687.2803561914288,0.8974472011095636,1,5.30022238222969,84.17711519675898,0.6278000441987823,0.075
M-01,2026-01-11 23:00:00+00:00,87.45316785854018,4.9469806994555245,5.912788668323041,1724.8764717227818,0.8594492721247416,1,5.3821567769604615,85.20212060755553,0.5179568445619537,0.10833333333333334
M-01,2026-01-12 00:00:00+00:00,83.71717729498191,4.947059912245624,5.095540423893871,1690.696519155564,0.7245287628236424,1,5.400702076980186,84.21406028476643,0.49600876181757886,0.08333333333333333
M-01,2026-01-12 01:00:00+00:00,90.84276540050246,5.050997528157608,5.4727203164397045,1598.342850024009,0.5548274402390544,1,5.403306744024846,85.68295229695576,0.4937424737325,0.08333333333333333
M-01,2026-01-12 02:00:00+00:00,83.76307901969399,5.719727128701554,5.6658614395409215,1603.635918512175,0.7862897363352676,1,5.4165171119337465,86.02368882271857,0.5023422991807057,0.15
M-01,2026-01-12 03:00:00+00:00,85.98520764062621,4.932863850730575,5.522227181751787,1619.0936152386123,0.6246580905444402,1,5.288606369347444,86.08894533103337,0.5132141195195382,0.15
M-01,2026-01-12 04:00:00+00:00,85.36287854759198,4.932863850730575,5.527042429747388,1768.3035193149526,0.9951098512076224,1,5.088415495003577,86.18737929365612,0.3125163398370974,0.09166666666666666
M-01,2026-01-12 05:00:00+00:00,91.09326977592276,5.609749504406293,5.576641703302575,1721.297556524061,0.9275813788967712,0,5.198876962495372,86.79406294655321,0.36521425122561274,0.11666666666666667
M-01,2026-01-12 06:00:00+00:00,61.81003737621302,1.7675554390075172,6.033325349267383,1645.8700359807715,0.751710525964458,0,4.668959550289021,83.14287296009174,1.462367124540832,0.025
M-01,2026-01-12 07:00:00+00:00,58.6697591513788,2.0992414496750493,6.469453443633564,1654.9323437035505,0.5860221776407833,0,4.17700020387526,77.78070525190446,1.7718883793080844,0.016666666666666666
M-01,2026-01-12 08:00:00+00:00,56.09954144139442,1.8901204412252128,6.12236263956372,1620.9787613596754,0.5860221776407833,0,3.5387324226292036,73.1701156555212,1.7946275526921416,0.03333333333333333
M-01,2026-01-12 09:00:00+00:00,56.27503903601428,1.8286400297035208,6.520463652884928,1623.2043248193086,0.6178028382159582,0,3.0213617857913615,68.21842088808587,1.7594442055808017,0.058333333333333334
M-01,2026-01-12 10:00:00+00:00,60.06461731022316,2.005289574975045,6.283437039054814,1750.602708990591,0.9581966299702968,0,2.533432739832106,64.00204401519106,1.5118421632393595,0.09166666666666666
M-01,2026-01-12 11:00:00+00:00,61.597206344514845,2.123060702977476,5.821310977547121,1656.1486922519505,0.6547835282246679,0,1.9523179395939703,59.08603344328975,0.14618313106410127,0.058333333333333334
M-01,2026-01-12 12:00:00+00:00,60.108054910138826,1.291182364002751,5.8917800286976725,1706.3871481448537,0.770588894080714,0,1.872922427093176,58.802369698944055,0.3072421593129152,0.025
M-01,2026-01-12 13:00:00+00:00,61.25017371899232,1.884655556066968,6.078346355513931,1696.0695820951014,0.7719804891327999,0,1.837158111491829,59.2324387935463,0.2874827198308863,0.08333333333333333
M-01,2026-01-12 14:00:00+00:00,60.46202194687937,2.5840130921063507,6.49998433811853,1607.6004638011182,0.6596503543250711,0,1.9528068866386852,59.95951887779379,0.42141928991135125,0.016666666666666666
M-01,2026-01-12 15:00:00+00:00,67.23519987713362,1.7020739672993823,6.50966551695028,1669.943206586702,0.8369149152153066,0,1.9317125429046624,61.78621235131369,0.43191454015829917,0.05
M-01,2026-01-12 16:00:00+00:00,59.25253133128975,2.0324227673505773,6.361809284676995,1734.8995673343832,0.8515914649081098,0,1.9362347416339174,61.65086468815812,0.4329797034440192,0.0
M-01,2026-01-12 17:00:00+00:00,63.13249623982358,2.387358720213472,5.831013899553685,1573.1979950087218,0.5761488167746514,0,1.9802844111732503,61.90674633737624,0.46782983698578007,0.016666666666666666
M-01,2026-01-12 18:00:00+00:00,67.55463173784337,2.7204348698825207,6.217893364152017,1703.6840570631011,0.7927873458677555,0,2.218493162153212,63.147842475327,0.4066508078740463,0.025
M-01,2026-01-12 19:00:00+00:00,61.516856620705326,1.8479583669151696,6.221408744562323,1731.998388273198,0.930015492979234,0,2.2123769639612454,63.19228962561251,0.4129039689045956,0.05
M-01,2026-01-12 20:00:00+00:00,64.85555789793527,2.707533521700729,6.117918021513964,1728.0100441726363,0.8958824152567206,0,2.232963702226975,63.924545617455145,0.4374864934740352,0.075
M-01,2026-01-12 21:00:00+00:00,65.82096836265306,2.2205961243236345,6.128567471356987,1650.1785707202732,0.7771561673065741,0,2.319384061731017,63.68884036504173,0.3550972641324884,0.025
M-01,2026-01-12 22:00:00+00:00,68.41365538548676,3.069169603285972,6.236436208624444,1753.9988789526078,0.8142057732416412,0,2.4921752010535827,65.21569437407457,0.43154634556531796,0.025
M-01,2026-01-12 23:00:00+00:00,63.6756682880714,2.769261449296177,5.989670633313755,1659.1744449077758,0.7032658580161859,0,2.5558256559007004,65.30622304878254,0.44105402248474823,0.06666666666666667
M-01,2026-01-13 00:00:00+00:00,70.67304556064113,2.8099848331005384,6.147147815524454,1644.382319650241,0.78913496845206,0,2.57075064977037,65.8259586859155,0.4491786760577603,0.03333333333333333
M-01,2026-01-13 01:00:00+00:00,63.331974659125926,2.381993197711729,6.7416595086634725,1646.0503160492265,0.7293486280156933,0,2.6597564549031296,66.12847835898559,0.30805061486504554,0.025
M-01,2026-01-13 02:00:00+00:00,66.27792915600807,3.045439054338391,6.198811352499134,1715.537587169625,0.8338745081641341,0,2.7160740436760733,66.36554023533107,0.3469623325831868,0.041666666666666664
M-01,2026-01-13 03:00:00+00:00,63.1448905047821,2.553119863261642,5.824180915251345,1604.2761526975733,0.7024850360243222,0,2.771494666832408,65.91952725901923,0.27001530500337456,0.058333333333333334
M-01,2026-01-13 04:00:00+00:00,67.97943817575394,2.88284702979269,6.241170694699935,1604.2761526975733,0.5611704093093577,0,2.740440904583528,65.84715772406376,0.23771591815680868,0.058333333333333334
M-01,2026-01-13 05:00:00+00:00,68.81257590117623,3.104684736661825,5.786501360947788,1610.661262061771,0.7516932977155921,0,2.796344785811136,66.70330899291456,0.2812954925047175,0.041666666666666664
M-01,2026-01-13 06:00:00+00:00,69.78496488346224,2.356861910744309,5.780237971019717,1661.446908662414,0.8193147362009815,0,2.7208242987517646,66.55529554671809,0.332978934261673,0.05
M-01,2026-01-13 07:00:00+00:00,62.63391057311786,2.626961146084813,6.042206053162609,1594.967679898256,0.6751099479703663,0,2.7616522901472784,66.43895153238341,0.29610034799656043,0.03333333333333333
M-01,2026-01-13 08:00:00+00:00,64.57729665950171,2.961632044537016,6.2652826562733415,1677.6793455956756,0.8351963978811683,0,2.7476844551803823,66.15551278296569,0.28166059453610615,0.075
M-01,2026-01-13 09:00:00+00:00,68.0907951189386,3.622682082646306,6.10210948352104,1678.2067764192975,0.8291609693461198,0,2.9259448250778264,66.97983021865844,0.4321500580490089,0.025
M-01,2026-01-13 10:00:00+00:00,72.89179786294049,2.9258241111986734,5.995785596047819,1710.2725799153188,0.8926446534328034,0,2.933107671978824,67.79855683318952,0.43164872748980676,0.058333333333333334
M-01,2026-01-13 11:00:00+00:00,73.29063810561404,3.4497872885688943,5.642780863373321,1748.298810499958,0.8743131760232582,0,2.990624763963335,68.54490053392915,0.4794315303711564,0.058333333333333334
M-01,2026-01-13 12:00:00+00:00,75.27565842808528,3.348590601543741,5.5425890741008565,1651.1215986003997,0.9019023268321796,0,3.155912879096574,69.46001612469966,0.377315831180901,0.025
M-01,2026-01-13 13:00:00+00:00,66.6719385801196,3.347543941073245,6.0987403321934925,1559.6248770747477,0.6013468320326367,0,3.276010011594646,70.13302079253329,0.2764882575992239,0.025
M-01,2026-01-13 14:00:00+00:00,67.68990063886989,3.8263283312270815,5.811830150212181,1680.916751770309,0.7480399147873159,0,3.4201260593763236,70.65178812242799,0.30385158164267867,0.06666666666666667
M-01,2026-01-13 15:00:00+00:00,74.72177963265979,2.967267689485012,6.201317970781607,1665.6768704812523,0.8443460842670605,0,3.3108903271827743,71.75695220804819,0.3328921770857015,0.05
M-01,2026-01-13 16:00:00+00:00,75.05507587408204,3.707666409347545,5.697840324344727,1700.3256883951308,0.9930601366442312,0,3.4411973768742534,72.11749854323844,0.30376362959189623,0.09166666666666666
M-01,2026-01-13 17:00:00+00:00,76.56042092703393,3.5737410405193386,5.549934737649984,1741.8807146816157,0.8801890738470624,0,3.4618563355326604,72.66246234680843,0.30864056572869825,0.05
M-01,2026-01-13 18:00:00+00:00,70.43003479349572,4.393805840329933,5.670084779809246,1635.2625842630891,0.705921787590872,0,3.6360588753303595,71.85485840771017,0.47956576146148555,0.1
M-01,2026-01-13 19:00:00+00:00,72.64106807000884,4.409175534778625,5.760621295842921,1612.7791449111114,0.568426132128574,0,3.812997474281256,72.8497133226917,0.5434227622883478,0.041666666666666664
M-01,2026-01-13 20:00:00+00:00,72.61445364926188,3.376804368954982,6.141336959399202,1658.2091804793288,0.7703648838176077,0,3.738076813902573,73.67047215775703,0.5714804588335969,0.06666666666666667
M-01,2026-01-13 21:00:00+00:00,68.29569251711807,3.307040320140779,6.096986527894972,1591.885046709701,0.7592380552871438,0,3.7947055856785337,72.59945763850008,0.4909896984775265,0.06666666666666667
M-01,2026-01-13 22:00:00+00:00,79.67632387415364,4.2332459276443215,5.703232521602534,1702.9811997446088,0.735209200987327,0,3.8823021720613298,73.36966563851202,0.5184703003441646,0.06666666666666667
M-01,2026-01-13 23:00:00+00:00,69.83631678119589,4.432437000702955,5.728572393352687,1569.861386956169,0.5881686725403245,0,4.025418165425266,72.24898161420568,0.5345282956292656,0.08333333333333333
M-01,2026-01-14 00:00:00+00:00,75.09330814530347,4.249412216182343,5.674224901387094,1740.5374502378493,0.910926904143576,0,4.001352561400668,73.02619383950696,0.5176082360457807,0.05
M-01,2026-01-14 01:00:00+00:00,75.86514034643507,4.136712176605371,5.943859672056225,1794.2198071178518,0.9201623907778442,0,3.955942001705125,73.56353921891133,0.48563800599509843,0.11666666666666667
M-01,2026-01-14 02:00:00+00:00,85.24389626703032,4.326474727962188,5.922302195144594,1675.8411463570685,0.7177160535880305,0,4.114220394872993,75.66844632187275,0.4076280582667764,0.09166666666666666
M-01,2026-01-14 03:00:00+00:00,73.84077893763565,4.412057229836526,5.752330171427155,1614.5497807421436,0.5991770310015512,0,4.298389879822284,76.592627391959,0.11354283907774916,0.09166666666666666
M-01,2026-01-14 04:00:00+00:00,77.22796519136821,3.8755478166685617,6.068409560860545,1731.924357250938,0.8709661883402642,0,4.238773527992991,76.18456761149477,0.20865612905606523,0.05
M-01,2026-01-14 05:00:00+00:00,79.17820813671236,4.588657575740304,5.999888533127774,1738.7461163599085,0.9394554466250484,0,4.264810290499216,77.74154950408085,0.24434922924307895,0.11666666666666667
M-01,2026-01-14 06:00:00+00:00,76.9326057587759,4.180107937554149,5.765212413955484,1717.423502006144,0.9103922164479844,0,4.253259577394517,78.04809910632626,0.24684797071105702,0.05
M-01,2026-01-14 07:00:00+00:00,77.54962005591138,4.197410675236665,5.693488616803258,1646.5189841726651,0.6555408176985844,0,4.2633759938330655,78.3288457245723,0.2423185321732603,0.06666666666666667
M-01,2026-01-14 08:00:00+00:00,78.73161145478812,4.721729747192047,6.166312606928411,1755.0292238467257,0.9361563870811704,0,4.329251830371375,77.24346492253193,0.3077857414192058,0.075
M-01,2026-01-14 09:00:00+00:00,79.65773973661786,4.482010273328962,5.874407284093049,1641.4574082571985,0.7815832039523575,0,4.340910670953448,78.21295838902897,0.31283323015203635,0.11666666666666667
M-01,2026-01-14 10:00:00+00:00,80.28910834772881,4.09603089090708,5.641989970012708,1502.5295292351898,0.563323280107876,1,4.377657849993201,78.72314891508907,0.2548036651855255,0.06666666666666667
M-01,2026-01-14 11:00:00+00:00,79.3129582586087,4.043056103970049,5.761029211029083,1731.6044036963478,0.9530356966226636,1,4.286724271364825,78.74560726873847,0.2617053644094064,0.09166666666666666
M-01,2026-01-14 12:00:00+00:00,76.47850383198265,4.776666579106212,5.387915878573738,1630.981421077877,0.6569462635122688,1,4.386150711623503,78.66992361427292,0.3199409973566847,0.075
M-01,2026-01-14 13:00:00+00:00,80.5047111502365,4.508216162933157,5.311323913150376,1630.981421077877,0.7066141405342815,1,4.437951626239585,79.16243879666044,0.30821692798602046,0.09166666666666666
M-01,2026-01-14 14:00:00+00:00,78.67093334668901,4.969345954668486,5.612594653015534,1605.808179683945,0.6845246430035075,1,4.479220994152325,79.15232577864391,0.3651354048769547,0.125
M-01,2026-01-14 15:00:00+00:00,82.19770303348037,5.585606567347026,5.504705473409121,1652.4463075146198,0.7286230304865253,1,4.663153709822002,79.57565299478767,0.5809841843986101,0.075
M-01,2026-01-14 16:00:00+00:00,81.56102236596631,4.080361831031451,5.536785848159473,1694.5532315969465,0.9489509029773412,1,4.660542199842729,79.78763866449393,0.5840702483350054,0.14166666666666666
M-01,2026-01-14 17:00:00+00:00,77.66013780704894,4.080361831031451,5.808166547929682,1574.222050484302,0.5881652160560934,1,4.666759821019631,79.51216858923397,0.5763295071102787,0.08333333333333333
M-01,2026-01-14 18:00:00+00:00,81.63509986588005,5.030486405485704,5.856045562369595,1680.571517894351,0.8729376164387055,0,4.709063125416212,80.3716012615502,0.5950224565891471,0.10833333333333334
M-01,2026-01-14 19:00:00+00:00,80.76276835633101,5.233049106793553,6.05504005368951,1767.0722003719447,0.9994345165300442,0,4.829868616059612,80.41461079589929,0.6191795581494374,0.09166666666666666
M-01,2026-01-14 20:00:00+00:00,82.82940315440588,3.9640939600580514,5.124002906790521,1661.2801910945325,0.733573878009077,0,4.6623266169578725,81.10768909718543,0.7040747864199984,0.11666666666666667
M-01,2026-01-14 21:00:00+00:00,83.91739685951045,5.0343031827169815,5.859605153667374,1687.8234088210725,0.8086923683303651,1,4.570442719519532,81.3943047348571,0.5854692680908918,0.1
M-01,2026-01-14 22:00:00+00:00,84.34679347047476,5.533318392938319,5.364514198164224,1801.3944199583193,0.8653964545542964,1,4.81260214650401,81.85859991894185,0.6401522437873858,0.11666666666666667
M-01,2026-01-14 23:00:00+00:00,85.71683556835688,5.951659539366169,5.7967372278247655,1598.1211728700453,0.7265660918148074,1,5.124485097893129,83.20138287915985,0.6673266799038636,0.15
M-01,2026-01-15 00:00:00+00:00,85.33581222401367,4.599218178481766,5.716574011338847,1647.9662637381657,0.7736124682586573,1,5.052607060059139,83.8181682721821,0.7018112790592614,0.11666666666666667
M-01,2026-01-15 01:00:00+00:00,90.61863718668212,6.097349212865178,5.590561876993752,1652.2863278517734,0.7144203084396101,1,5.196657077737744,85.46081307724063,0.8242717689130002,0.09166666666666666
M-01,2026-01-15 02:00:00+00:00,83.55992298095438,5.042954304313791,5.81813700033537,1605.4712300999004,0.6408905669599517,1,5.376467135113701,85.58256638166539,0.5843872873749888,0.041666666666666664
M-01,2026-01-15 03:00:00+00:00,87.64963620748382,6.130794302024193,5.748825507321477,1715.0545577129312,0.7539759624250736,1,5.559215654998236,86.20460627299428,0.6259542608732711,0.10833333333333334
M-01,2026-01-15 04:00:00+00:00,82.7967883802657,5.209367616598434,5.750680446916119,1650.1322842832933,0.7044816080705085,1,5.505223858941588,85.94627209129276,0.6423902211379734,0.08333333333333333
M-01,2026-01-15 05:00:00+00:00,83.77634091212643,5.577194102615107,6.064765546485709,1791.2614990130282,0.9816441727800592,1,5.4428129528164115,85.62285631525435,0.6075903476959701,0.13333333333333333
M-01,2026-01-15 06:00:00+00:00,89.89197699324365,4.720749691489947,5.460972662426798,1716.028204721183,0.7933854866252281,1,5.463068204984442,86.38221711012602,0.5749942107007503,0.125
M-01,2026-01-15 07:00:00+00:00,90.33810741538956,4.49191736074699,5.473535930264046,1773.6054827357484,0.953648559447848,1,5.19549622963141,86.33546214824393,0.5940277274733692,0.1
M-01,2026-01-15 08:00:00+00:00,89.65548668719279,5.927715607382488,5.8496944650980325,1674.343465052,0.6964042287325047,1,5.342956446809526,87.351389432617,0.6552486229377575,0.1
M-01,2026-01-15 09:00:00+00:00,88.96834263498401,5.5969914515795445,5.449342589888484,1633.4699834503083,0.7882939248782825,1,5.253989305068752,87.57117383720036,0.5555372486145749,0.1
M-01,2026-01-15 10:00:00+00:00,89.56595188648629,6.26470933235981,5.486281960379543,1720.6639752615113,0.8158351573736948,1,5.429879591028981,88.69936775490379,0.6894994844531096,0.06666666666666667
M-01,2026-01-15 11:00:00+00:00,90.15079796470503,5.562121126514159,5.81619222446155,1661.9073852528927,0.6847224811816716,1,5.42736742834549,89.76177726366689,0.6888825862106036,0.13333333333333333
M-01,2026-01-15 12:00:00+00:00,93.66854421304036,5.625740638702411,5.590469836674082,1662.3983039999348,0.6951215562258994,1,5.5781992528809,90.391205133633,0.5960432797563309,0.09166666666666666
M-01,2026-01-15 13:00:00+00:00,86.53263118915763,5.457224951443803,5.7411795820086615,1742.6909826940946,0.9434414643808632,1,5.73908385133037,89.75695909592768,0.3018811902169779,0.1
M-01,2026-01-15 14:00:00+00:00,89.84922806610342,5.782011978178762,5.6289343012559465,1655.476708697196,0.8026702274864731,1,5.714799913129748,89.78924932574613,0.2892693871775281,0.041666666666666664
M-01,2026-01-15 15:00:00+00:00,86.46916721695052,5.424161334215038,5.844378326860514,1729.417613237158,0.902720849219071,1,5.685994893568997,89.37272008940721,0.3111261695260235,0.1
M-01,2026-01-15 16:00:00+00:00,90.28099054123057,6.585942904868681,5.396628673311059,1713.25551047155,0.7643157888640266,1,5.7395338223204755,89.49189319853126,0.43400345317654615,0.08333333333333333
M-01,2026-01-15 17:00:00+00:00,87.80905771567538,6.377039963675537,5.345236060903969,1728.957338500578,0.8535688646405608,1,5.875353628514039,89.10160315702632,0.491131689865608,0.14166666666666666
M-01,2026-01-15 18:00:00+00:00,94.09511221811591,5.948942301698664,5.5174848394399785,1725.3283525202912,0.9561492861486544,1,5.929220572346748,89.1726978245389,0.4757626396139893,0.09166666666666666
M-01,2026-01-15 19:00:00+00:00,94.42066638606256,5.737672471025133,5.546098755139291,1595.6719869156466,0.6333307052291055,1,5.975961825610302,90.4873703573564,0.4318686806636535,0.075
M-01,2026-01-15 20:00:00+00:00,86.30703413072834,6.54813096262566,5.330610261553492,1601.1441986692223,0.5958523707915452,1,6.103648323018118,89.89700470146056,0.4742342701668325,0.06666666666666667
M-01,2026-01-15 21:00:00+00:00,92.07140967703518,6.509362587528817,5.411065421788048,1699.0056171891988,0.979907242684515,1,6.284515198570415,90.83071177814132,0.3552788345640117,0.10833333333333334
M-01,2026-01-15 22:00:00+00:00,98.32362536869212,6.557804008601599,5.075414687422368,1677.8644092126294,0.7448376217904953,1,6.279825382525902,92.17115091605159,0.3506597772093776,0.09166666666666666
M-01,2026-01-15 23:00:00+00:00,97.51389384936694,6.424186040407155,5.349753384343211,1722.3716249102115,0.9818985350481492,0,6.287683061981171,93.78862360500017,0.35378814642662343,0.09166666666666666
M-01,2026-01-16 00:00:00+00:00,50.815064202067454,1.1798836098799588,6.099819180555018,1653.8310754380548,0.6607299751772223,0,5.492839946678053,86.5752822689921,2.135886080075436,0.008333333333333333
M-01,2026-01-16 01:00:00+00:00,50.94758477747242,1.0951710016754392,6.93686026789021,1628.3533885203562,0.7548030290852931,0,4.719089701786438,79.32976866756042,2.774795822086495,0.008333333333333333
M-01,2026-01-16 02:00:00+00:00,49.43271842408278,0.9825765173503423,6.755852379223946,1704.7644379961075,0.6906564770628628,0,3.7914972942405516,73.18404938311949,2.9648282266510884,0.008333333333333333
M-01,2026-01-16 03:00:00+00:00,58.13046383238709,0.8389387424625254,6.270948369597904,1547.9540514389978,0.6002201657121521,0,2.8464266533961697,67.52722507567815,2.8256996025705146,0.008333333333333333
M-01,2026-01-16 04:00:00+00:00,58.08443698208754,0.4485089607061695,6.7697838080289126,1604.487974147994,0.5772378028719413,0,1.828210812080265,60.820693677910704,2.2661861181721163,0.0
M-01,2026-01-16 05:00:00+00:00,56.15682078206787,1.4852401141329257,6.384010976096725,1647.6846793582972,0.6431592436861654,0,1.0050531577012267,53.9278481666942,0.3484557554293946,0.016666666666666666
M-01,2026-01-16 06:00:00+00:00,51.25961844791655,0.3360794735745916,6.601478221283799,1696.28058640194,0.7273565997301439,0,0.8644191349836657,54.00194054100238,0.42553486353763315,0.0
M-01,2026-01-16 07:00:00+00:00,50.969043995068205,1.3615275566589995,6.220344834952735,1561.841680995714,0.5507473184536603,0,0.9088118941475923,54.00551707726834,0.4663573001362031,0.041666666666666664
M-01,2026-01-16 08:00:00+00:00,60.77950444058799,1.2640231356878362,6.139843759606282,1771.3283494644463,0.9382440536833953,0,0.955719663870508,55.89664808001921,0.4888716457864353,0.03333333333333333
M-01,2026-01-16 09:00:00+00:00,57.36047191566268,0.9734845063004376,6.334738105047469,1666.535614438455,0.7786753101157938,0,0.9781439578434933,55.76831609389847,0.4855178972046715,0.041666666666666664
M-01,2026-01-16 10:00:00+00:00,57.626296459561104,1.421541081550622,6.020536881070075,1590.5079509509028,0.6998923724547871,0,1.1403159779842353,55.69195934014406,0.43288043082360433,0.03333333333333333
M-01,2026-01-16 11:00:00+00:00,53.44214102058725,1.421541081550622,5.978784535058582,1765.2498593933435,0.9012615118869628,0,1.1296994725538514,55.23951271323063,0.42340665441224035,0.008333333333333333
M-01,2026-01-16 12:00:00+00:00,54.41561633276989,2.067109798264537,6.399409542819024,1663.3680387883196,0.6671568445368625,0,1.4182045266688423,55.76551236070619,0.35940517343873196,0.016666666666666666
M-01,2026-01-16 13:00:00+00:00,55.5640240255889,1.358517128623176,6.806198682718176,1598.948254873606,0.6591172838627497,0,1.417702788662872,56.531342365792966,0.359502208500151,0.016666666666666666
M-01,2026-01-16 14:00:00+00:00,57.49225323946895,1.317070703449115,6.396619897577069,1694.2037008491593,0.8574662609464658,0,1.4265440499564184,55.98346716560647,0.3555979648453592,0.025
M-01,2026-01-16 15:00:00+00:00,52.15243784537345,0.7648159390218792,6.345160423747569,1661.6667963443265,0.6988310839246901,0,1.3917659554099917,55.11546148722493,0.4141530177488403,0.05
M-01,2026-01-16 16:00:00+00:00,49.3168101503414,1.0014903762098024,6.790590760449785,1563.4973565481998,0.5718561804311312,0,1.3217575045198553,53.73054710235497,0.4426364153477418,0.008333333333333333
M-01,2026-01-16 17:00:00+00:00,57.81094552738985,1.3751005437965458,6.428372301690978,1709.357485657577,0.8702011187185501,0,1.314017414894176,54.458681186822076,0.4409454035658455,0.058333333333333334
M-01,2026-01-16 18:00:00+00:00,56.53284457449018,1.1455632678052563,6.388612915055325,1691.888379967155,0.5713183090024668,0,1.1604263264842958,54.811552560442124,0.24159949162887556,0.041666666666666664
M-01,2026-01-16 19:00:00+00:00,58.46283584810278,0.8494819030614849,5.945044283982339,1782.1124029446776,0.9634704370888072,0,1.0755871222240139,55.29468786419444,0.24743156502971603,0.058333333333333334
M-01,2026-01-16 20:00:00+00:00,56.11718323152758,1.2684442382595358,5.964034805413994,1620.3941184854382,0.6347448886651084,0,1.067482711359084,55.065509529537536,0.23857801877654475,0.025
M-01,2026-01-16 21:00:00+00:00,54.22984305125804,2.006928759585275,6.207595244704208,1603.6741222647622,0.5997832604029915,0,1.2745015147863166,55.4117437305183,0.4045759132308349,0.03333333333333333
M-01,2026-01-16 22:00:00+00:00,56.58147189009999,2.0373364891244994,6.207595244704208,1625.4105556436048,0.6587375089325886,0,1.4471425336054329,56.62252068714474,0.47894904443919434,0.008333333333333333
M-01,2026-01-16 23:00:00+00:00,56.34271438652848,2.2230723834236583,6.355844314128436,1701.391218130245,0.8155879222447568,0,1.5884711735432848,56.377815497001166,0.5699114514710667,0.041666666666666664
M-01,2026-01-17 00:00:00+00:00,59.688002288355946,2.362527845987157,6.459461220592281,1589.7195423255107,0.5521336268103433,0,1.7912986032402685,56.90367511597879,0.5966838081185047,0.041666666666666664
M-01,2026-01-17 01:00:00+00:00,61.95087880054506,2.133630188451034,6.280413549355976,1664.2599364534872,0.8286035888921384,0,2.0053233174718597,57.485015608052514,0.3835337226476354,0.041666666666666664
M-01,2026-01-17 02:00:00+00:00,59.668386147522895,2.0704499468496027,6.100748218931509,1697.1569420766396,0.8978218246608778,0,2.138990935570204,58.0768827607184,0.1338200954599514,0.05
M-01,2026-01-17 03:00:00+00:00,58.25721590504111,1.389194148235238,6.009883885081574,1572.7525024379129,0.6644185676893708,0,2.036035167011865,58.748111569682244,0.3378445062569143,0.041666666666666664
M-01,2026-01-17 04:00:00+00:00,59.75484864927043,1.421626945752046,6.410666312987902,1638.634671709483,0.7545058436343961,0,1.9334169097831226,59.27700769621065,0.4207154099037318,0.05
M-01,2026-01-17 05:00:00+00:00,61.053258078892455,2.144551489320093,6.364517712352916,1739.6225794683307,0.9930922901279396,0,1.9203300940991952,60.06209831160464,0.4110127028329382,0.05
M-01,2026-01-17 06:00:00+00:00,58.92377535527336,2.4446503422126247,5.720121127302706,1705.0283460638748,0.9159217056190508,0,1.9340171768034395,59.93472715609088,0.4296291570318358,0.041666666666666664
M-01,2026-01-17 07:00:00+00:00,64.78063854470867,2.275998726112636,6.451382689479159,1750.7406016399775,0.909646085008671,0,1.957745266413707,60.40635378011816,0.4464602905273897,0.058333333333333334
M-01,2026-01-17 08:00:00+00:00,63.8476271587028,2.275998726112636,5.812404370688865,1641.2886964024924,0.6473600628514307,0,1.992003396290879,61.10289394864814,0.4643651920484777,0.05
M-01,2026-01-17 09:00:00+00:00,59.45741049865645,1.9940837827686664,6.254579514688264,1640.0367678024031,0.6929360354636027,0,2.092818335379784,61.30292638091736,0.36161266148645405,0.05
M-01,2026-01-17 10:00:00+00:00,56.02452647933717,2.004361513968228,6.471974950752777,1661.0697419139517,0.5634256465448639,0,2.189940763415814,60.681206019261815,0.1758116698713241,0.11666666666666667
M-01,2026-01-17 11:00:00+00:00,62.00068863702754,3.271910055182498,6.0027111754897415,1578.8069374750894,0.558565366517869,0,2.377833857726215,60.839111112284336,0.47144950717985606,0.058333333333333334
M-01,2026-01-17 12:00:00+00:00,66.51934338865735,1.837587015834125,6.076731543949975,1648.6304836925876,0.876332494382891,0,2.2766566366631316,62.10503911784833,0.5171662046776874,0.06666666666666667
M-01,2026-01-17 13:00:00+00:00,64.70912987966086,2.4166921461986908,5.920754648115265,1701.1034483035928,0.8823611739058221,0,2.3001055400108075,62.09312100700703,0.5203104498237482,0.05
M-01,2026-01-17 14:00:00+00:00,57.77422589092448,2.225220553243504,6.139871444214897,1729.217855437357,0.950508755702963,0,2.2916425111992855,61.08088746237731,0.5211931900180174,0.03333333333333333
M-01,2026-01-17 15:00:00+00:00,62.74851497125873,2.4149330097729043,6.028221237972699,1652.5551310688898,0.606711853785982,0,2.361784049033325,61.62940487447769,0.5010692656311545,0.06666666666666667
M-01,2026-01-17 16:00:00+00:00,66.24660078655981,3.385073362160506,6.008339846697522,1735.2207627018115,0.8618929421183656,0,2.5919026903987046,63.33308392568146,0.609425083167005,0.075
M-01,2026-01-17 17:00:00+00:00,64.7375490940829,2.567142600244522,6.01300086590611,1702.296995619361,0.7782817157119195,0,2.474441447909042,63.78922733519068,0.5123309174638039,0.058333333333333334
M-01,2026-01-17 18:00:00+00:00,60.98152884385689,2.351451392691942,6.598497320692085,1586.9072973603968,0.5518034221300028,0,2.5600855107186784,62.866258244390615,0.4190342224706962,0.03333333333333333
M-01,2026-01-17 19:00:00+00:00,68.5165841431468,3.071787470590915,6.02316467957924,1737.7572634838668,0.996888061868728,0,2.669268064784049,63.5008339549716,0.4577555365221482,0.05
M-01,2026-01-17 20:00:00+00:00,65.09542757094619,2.996895306709498,6.509879724052874,1615.4982884193485,0.607109488983331,0,2.797880523695048,64.72103423497522,0.41439476003128156,0.041666666666666664
M-01,2026-01-17 21:00:00+00:00,76.48771776575528,3.3206157333717847,5.83112757852215,1751.848625275181,0.9461711350574616,0,2.948827644294861,67.01090136739131,0.4119485859714273,0.03333333333333333
M-01,2026-01-17 22:00:00+00:00,66.80744518402207,3.0216754451153505,5.555863414900078,1650.2116695342168,0.8298064134373404,0,2.888261324787335,67.10437543363503,0.3581884947329938,0.08333333333333333
M-01,2026-01-17 23:00:00+00:00,67.53438311820933,2.4710007853610523,6.195008130608344,1559.0252837814842,0.5727338633674024,0,2.872237688973424,67.57051443765609,0.3770791879373798,0.025
M-01,2026-01-18 00:00:00+00:00,64.2619422704518,3.2579576392409897,6.195008130608344,1649.9504491935013,0.5727338633674024,0,3.0233220633982647,68.11725000875525,0.3005149428382275,0.05
M-01,2026-01-18 01:00:00+00:00,66.61293364963952,2.905432331408643,5.691823652381409,1679.453766480519,0.9263103295791706,0,2.9955962068678867,67.79997492650404,0.3028144345428382,0.058333333333333334
M-01,2026-01-18 02:00:00+00:00,65.76389479779019,3.294665597249766,5.664371053099875,1696.6983252170885,0.8180711986085774,0,3.0452245886245977,67.91138613097803,0.3265412267343105,0.058333333333333334
M-01,2026-01-18 03:00:00+00:00,71.26164753616794,3.7420700619765856,5.793894768867857,1732.1024553283944,0.9432498240567108,0,3.1154669767253975,67.04037442604681,0.42738629748626866,0.058333333333333334
M-01,2026-01-18 04:00:00+00:00,68.96476250301119,2.895507457134977,5.671695553999738,1639.2231896567357,0.8248465599559383,0,3.0944389787286695,67.39992731254499,0.435942086762289,0.05
M-01,2026-01-18 05:00:00+00:00,71.36211509935009,2.553389277362513,5.623426565082976,1717.5776737524836,0.728274925026662,0,3.108170394062246,68.03788264273513,0.41307524807227175,0.10833333333333334
M-01,2026-01-18 06:00:00+00:00,72.89704109622535,3.627376171822857,5.573573559663728,1698.7216286711985,0.8765963356219453,0,3.1697401494925566,69.47706578036404,0.46423037707352033,0.03333333333333333
M-01,2026-01-18 07:00:00+00:00,66.69802367585807,2.9089243291051923,5.683759300770302,1659.5683856712978,0.8912900067331393,0,3.170322149108648,69.49124745140047,0.4638347662933106,0.08333333333333333
M-01,2026-01-18 08:00:00+00:00,69.55671224190385,2.857466031164288,5.37043733586964,1649.9915959461032,0.7386725745553624,0,3.097455554761069,70.12338369208608,0.47461012760381754,0.041666666666666664
M-01,2026-01-18 09:00:00+00:00,70.75625734732174,3.678184348001747,6.00069952773752,1583.399635256844,0.555611445073546,0,3.0868079357652625,70.03915199394504,0.4576705591940457,0.06666666666666667
M-01,2026-01-18 10:00:00+00:00,72.22679242496089,3.962326690613269,6.105005726480522,1624.6745631430952,0.7841035301706972,0,3.2646111413449774,70.58282364760333,0.5634829263154,0.05
M-01,2026-01-18 11:00:00+00:00,68.02671408361945,3.946011252284229,5.986597828377983,1645.7877739690657,0.5923323833902282,0,3.4967148038319302,70.02692347831488,0.494530474649845,0.075
M-01,2026-01-18 12:00:00+00:00,76.27627383784348,3.884228764216174,5.902454948592349,1645.7877739690657,0.7277532580182504,0,3.5395235692308167,70.59012893525124,0.5186330274528536,0.075
M-01,2026-01-18 13:00:00+00:00,69.84398184062228,4.04597683461988,6.183339559850728,1614.2558705778138,0.6172183703656678,0,3.729032320149931,71.11445529604528,0.4445805200751019,0.09166666666666666
M-01,2026-01-18 14:00:00+00:00,72.84388950745434,3.781727049820418,5.67829745484468,1704.039713816304,0.6302987928198239,0,3.8830758232592864,71.66231817363702,0.13344041928055975,0.058333333333333334
M-01,2026-01-18 15:00:00+00:00,75.50046455847001,2.9320815935899667,5.663363463478453,1762.2031994684291,0.9365422872509712,0,3.7587253641906564,72.45301937549507,0.4144063261333072,0.075
M-01,2026-01-18 16:00:00+00:00,77.85605522440481,4.504266228073726,5.969017268511204,1609.9841099935666,0.6454663333854856,0,3.849048620434066,73.39122984206905,0.5146048875757999,0.06666666666666667
M-01,2026-01-18 17:00:00+00:00,72.95780711450932,3.477714770539,5.675945960248138,1671.8102127946795,0.8800727070532735,0,3.770999206809861,74.21307868055071,0.532170604578006,0.05
M-01,2026-01-18 18:00:00+00:00,76.05871269605352,4.779220486793455,5.650142658811181,1662.56432010519,0.7205737127667874,0,3.9201644939060745,74.17681849025239,0.6761974979810178,0.06666666666666667
M-01,2026-01-18 19:00:00+00:00,79.1208529063421,4.411533814952307,5.889316637625488,1700.3729449801854,0.8837723847338808,0,3.981090657294812,75.72296366787235,0.7056285654162338,0.08333333333333333
M-01,2026-01-18 20:00:00+00:00,75.07277273571965,3.84187182199306,5.514652017842877,1731.2135593131766,0.9023320585117384,0,3.991114785990252,76.09444420591657,0.7026509088925759,0.09166666666666666
M-01,2026-01-18 21:00:00+00:00,76.61491811051785,3.707782018255244,5.709143051056487,1584.81534247553,0.5970767935621489,0,4.120398190101132,76.28018646459121,0.5151761760861352,0.041666666666666664
M-01,2026-01-18 22:00:00+00:00,81.73571673202726,4.12994840085777,5.60949452280014,1684.9619907609813,0.9395076426944626,0,4.058011885565139,76.92679671586161,0.48091926391449313,0.058333333333333334
M-01,2026-01-18 23:00:00+00:00,77.60718198006724,5.310305675811529,6.116880577932597,1597.4648683877192,0.5949381147223283,1,4.363443703110561,77.70169252678794,0.6046784461823781,0.06666666666666667
M-01,2026-01-19 00:00:00+00:00,76.57142360517163,4.861472237484566,5.843071630551907,1718.593119384504,0.8846201642984434,0,4.377152328225746,77.7871443449743,0.6168005585557476,0.09166666666666666
M-01,2026-01-19 01:00:00+00:00,80.54144944541949,4.310885057192758,6.124829261013668,1780.592144368586,0.9906510851682758,1,4.360377535265822,78.02391043482052,0.6170470885890237,0.1
M-01,2026-01-19 02:00:00+00:00,80.13282657887812,4.566671993814197,5.400078803516831,1651.80476278325,0.8736906401608706,0,4.481177563902677,78.86725274201359,0.5638951844270751,0.06666666666666667
M-01,2026-01-19 03:00:00+00:00,77.12528875367029,4.756079369929882,5.68367579472094,1661.5280185589947,0.7275834496675371,0,4.655893789181784,78.95231451587235,0.4205150821968852,0.15833333333333333
M-01,2026-01-19 04:00:00+00:00,81.80753106480131,4.777506546621725,5.53690095486459,1694.0349113247582,0.8239335080042111,0,4.763820146809109,78.96428357133468,0.33239951595148226,0.1
M-01,2026-01-19 05:00:00+00:00,77.75255353414732,4.483472355169098,5.730711190805294,1651.6486531517362,0.7341129899311587,1,4.626014593368704,78.98851216368136,0.20902316548085606,0.08333333333333333
M-01,2026-01-19 06:00:00+00:00,79.02496483818636,4.547349761981546,5.655772883761647,1720.005941086623,0.9709216163049226,0,4.573660847451534,79.39743570251714,0.1747888919773857,0.041666666666666664
M-01,2026-01-19 07:00:00+00:00,82.62595704679245,4.616352070130073,5.787576331128204,1604.5308829180372,0.6385339813377842,1,4.62457201627442,79.74485363607931,0.11830090927427157,0.08333333333333333
M-01,2026-01-19 08:00:00+00:00,83.51371390998922,5.0241604462602005,5.82656325808825,1651.1272404553938,0.7273481421669035,1,4.700820091682087,80.30833485793116,0.19565858653938925,0.125
M-01,2026-01-19 09:00:00+00:00,78.47399316194199,4.45061295501185,5.718678558402503,1632.6870504966332,0.6232921752495497,1,4.649909022529082,80.53311892597644,0.2169837846786719,0.11666666666666667
M-01,2026-01-19 10:00:00+00:00,81.15940208265839,3.793379382926775,5.607050415695643,1640.461622138206,0.7027649893940062,1,4.485887828579924,80.42509742895263,0.39783262738067476,0.09166666666666666
M-01,2026-01-19 11:00:00+00:00,78.0506593144123,4.48901040071534,4.994932938868684,1614.0344040778857,0.7027649893940062,1,4.486810836170964,80.47478172566345,0.39783232682373054,0.11666666666666667
M-01,2026-01-19 12:00:00+00:00,86.85728286392167,5.276116819054081,5.661696394266336,1698.2055117986454,0.889077053350116,1,4.60827201234972,81.780168063286,0.5142324125323747,0.10833333333333334
M-01,2026-01-19 13:00:00+00:00,80.11227627334586,4.182816759626456,5.5186456436271785,1662.7153803083006,0.6751510105921695,1,4.536016127265783,81.36122126771157,0.5425488508244842,0.058333333333333334
M-01,2026-01-19 14:00:00+00:00,80.24972792647091,4.455594549645591,5.760222945401702,1559.9966044087469,0.6335947606919893,1,4.441255144496682,80.81722360379185,0.4870525984948753,0.1
M-01,2026-01-19 15:00:00+00:00,85.13743465033855,4.939037731466728,5.753658066618887,1672.258463985857,0.7607874885610469,1,4.522659273905828,81.92779718519128,0.5280229748915917,0.06666666666666667
M-01,2026-01-19 16:00:00+00:00,81.73196594890193,5.423427131354556,5.000478710095652,1644.2912468231673,0.7607874885610469,1,4.794333898643791,82.02322449623186,0.49613148929171624,0.11666666666666667
M-01,2026-01-19 17:00:00+00:00,87.71981144316752,5.372782012211162,5.435014071492267,1762.7441254429853,0.9816995564360238,0,4.941629167226428,83.63474985102441,0.5180611311718853,0.10833333333333334
M-01,2026-01-19 18:00:00+00:00,57.78193758659688,1.938899476285928,6.1433454213768846,1584.2588296371282,0.5998114333133273,0,4.38542627676507,78.78885897147028,1.2953972636716928,0.03333333333333333
M-01,2026-01-19 19:00:00+00:00,52.26994725806636,1.6969411449833958,6.499427611175131,1635.838306297732,0.6826482773085443,0,3.97111367432456,74.14847080225702,1.7057105525715899,0.025
M-01,2026-01-19 20:00:00+00:00,56.947120431940725,1.1573702239330288,6.554868131316578,1703.7537349249171,0.9445198587690786,0,3.421409620039133,70.264702886502,2.020723912267721,0.03333333333333333
M-01,2026-01-19 21:00:00+00:00,55.30832062196332,1.3903134221930589,6.632836092377473,1754.6275697917004,0.9930558737128392,0,2.829955568493521,65.29318388177279,2.0069815623380323,0.008333333333333333
M-01,2026-01-19 22:00:00+00:00,58.49811267505607,3.2898843187124527,6.344168272795054,1729.2754937636344,0.9788496097455917,0,2.474365099719838,61.42087500279848,1.6041600404471519,0.05
M-01,2026-01-19 23:00:00+00:00,56.87109731088955,2.6605037230531923,6.23834799882072,1553.5369453459466,0.6120070911675124,0,2.02231871819351,56.27942264741881,0.8092463875744504,0.008333333333333333
M-01,2026-01-20 00:00:00+00:00,59.33284063900584,1.424140044436926,6.0883642394617326,1659.9919655249091,0.7988042143290077,0,1.936525479552009,56.53790648948697,0.8462971884685261,0.03333333333333333
M-01,2026-01-20 01:00:00+00:00,62.51377131447765,2.0354857143245297,5.921032763510545,1679.2353828640669,0.930608631010964,0,1.9929495744421981,58.24521049888886,0.8383776070290929,0.025
M-01,2026-01-20 02:00:00+00:00,58.1528230358152,2.0207522297549123,5.958824595365101,1642.073211660037,0.930608631010964,0,2.136846575412512,58.44616093286794,0.7338565411788245,0.03333333333333333
M-01,2026-01-20 03:00:00+00:00,61.358866835544,2.1889935181395117,6.255250254249496,1606.2709208435344,0.6639649634800888,0,2.2699599247369204,59.454585301798055,0.6374668128341346,0.058333333333333334
M-01,2026-01-20 04:00:00+00:00,61.543511799530606,2.1889935181395117,5.705521613630337,1606.2709208435344,0.9333699210076594,0,2.0864781246414306,59.96215182254381,0.399032843534919,0.041666666666666664
M-01,2026-01-20 05:00:00+00:00,56.11109005317669,3.059676918694018,6.212853089526339,1721.7345734103114,0.880808242383835,0,2.153006990581568,59.835483946258336,0.5267238396335511,0.016666666666666666
M-01,2026-01-20 06:00:00+00:00,57.33886047652014,2.9925207076742044,6.463248074525532,1679.7400923802072,0.7170636866897248,0,2.4144037677877814,59.503153919177386,0.47974089285639243,0.016666666666666666
M-01,2026-01-20 07:00:00+00:00,64.92623775771057,1.7017903065817177,6.27458169900026,1654.8237113584255,0.8920067372848157,0,2.3587878664973125,59.90523165971621,0.5470716414486948,0.041666666666666664
M-01,2026-01-20 08:00:00+00:00,57.41234837884755,1.247147539011611,6.326697786517692,1699.2759575702376,0.6430660873813143,0,2.229853751373429,59.78181921688826,0.7096716133698545,0.03333333333333333
M-01,2026-01-20 09:00:00+00:00,60.14833472278895,2.6109346267715736,6.4582386427149645,1599.479465488481,0.604294901849659,0,2.3001772694787728,59.580063864762415,0.7255411340312645,0.05
M-01,2026-01-20 10:00:00+00:00,62.25572061403457,2.218596272270077,6.134282554497784,1656.6064457312486,0.5951780405424142,0,2.3051110618338666,59.6987653338464,0.7247340566799026,0.075
M-01,2026-01-20 11:00:00+00:00,68.39516325556613,2.1412779891085223,6.562707645735263,1744.8084099544476,0.9309153412305806,0,2.1520445735696176,61.74611086757798,0.6233927829163234,0.05
M-01,2026-01-20 12:00:00+00:00,60.06705683963856,2.5362532242732687,6.249749672928143,1725.8918136274458,0.7361055690894864,0,2.075999993002795,62.20081026143105,0.5195406230191096,0.06666666666666667
M-01,2026-01-20 13:00:00+00:00,65.45705436291182,2.710478972479632,5.901073424922852,1680.3998464350525,0.6603665378604444,0,2.2441147706524474,62.28927969563126,0.5371345287796836,0.06666666666666667
M-01,2026-01-20 14:00:00+00:00,64.95658094839955,2.553227822164435,6.110020208411262,1749.0126869796895,0.9331005922309916,0,2.4617948178445848,63.5466517905566,0.22797680145702431,0.025
M-01,2026-01-20 15:00:00+00:00,60.11276041944768,2.1790425102140034,6.172041295765856,1644.999783678276,0.7026949655814525,0,2.389812798418323,63.54072273999972,0.2393678458575535,0.05
M-01,2026-01-20 16:00:00+00:00,61.48603454069297,3.226486719038757,6.039684364581461,1616.4540641414874,0.6617828817395432,0,2.5577945395464363,63.41244172777612,0.39695989385778346,0.075
M-01,2026-01-20 17:00:00+00:00,61.00786595167686,3.044172634769082,5.665106542662921,1657.0126117918385,0.6225643282833659,0,2.708276980489863,62.18122551046124,0.37817816203156385,0.03333333333333333
M-01,2026-01-20 18:00:00+00:00,67.09708941539866,3.17539997605948,5.968940545413816,1762.7303837237953,0.949594972872511,0,2.8148014391208984,63.35289760642126,0.4088081627744497,0.05
M-01,2026-01-20 19:00:00+00:00,63.14761644801141,2.887315245753909,6.362867461918137,1667.5877369787163,0.782947684579478,0,2.8442741513332774,62.96799128727119,0.4061486920502075,0.03333333333333333
M-01,2026-01-20 20:00:00+00:00,67.14788260107302,3.610525572088238,6.162296612616436,1662.3935631509496,0.7883855497821242,0,3.0204904429872452,63.33320822938342,0.47768273690623086,0.016666666666666666
M-01,2026-01-20 21:00:00+00:00,64.92744567040525,2.3991218531496488,6.406026520919085,1572.071408727538,0.7455533881139607,0,3.057170333476519,64.1356557712097,0.40271473783851125,0.08333333333333333
M-01,2026-01-20 22:00:00+00:00,64.10084040371174,3.622294502944352,5.869316690411719,1588.4896364358003,0.6065487337908413,0,3.1231382974607853,64.57145674837949,0.46378496207297837,0.06666666666666667
M-01,2026-01-20 23:00:00+00:00,65.68651489823382,2.222224150310781,5.817483320969173,1713.2665296111084,0.7669138418138578,0,2.9861468833844014,65.35123157280564,0.5946920706873394,0.06666666666666667
M-01,2026-01-21 00:00:00+00:00,65.78271981724676,2.703440570969408,6.439349455619377,1611.6766432425543,0.6236095949695495,0,2.907486982536056,65.13216997311368,0.5958649411863995,0.041666666666666664
M-01,2026-01-21 01:00:00+00:00,64.94384050141755,2.7831992240469967,6.0123963652551655,1625.2249210459538,0.6434727640081926,0,2.8901343122515706,65.43154064868135,0.5980817665879429,0.03333333333333333
M-01,2026-01-21 02:00:00+00:00,67.84925178086979,2.016855106601512,6.084178857890016,1598.5593959620217,0.5635245604425305,0,2.624522568003783,65.54843551198083,0.5672502814988137,0.075
M-01,2026-01-21 03:00:00+00:00,70.6094276022597,3.103783919301242,5.983509146985173,1758.3601715435757,0.962581783433138,0,2.7419662456957155,66.49543250062322,0.5839507282835223,0.041666666666666664
M-01,2026-01-21 04:00:00+00:00,78.28593323416658,2.833986882644499,6.013811181645808,1635.9322420959104,0.8236581453615662,0,2.610581642312406,68.85961463903236,0.4086344915425502,0.03333333333333333
M-01,2026-01-21 05:00:00+00:00,67.6035498794249,3.6727225102785455,6.097513709958211,1675.46540448625,0.7302030603603753,0,2.852331368973701,69.17912046923088,0.5406616017725657,0.05
M-01,2026-01-21 06:00:00+00:00,65.07995028724191,3.93982630949839,6.224991177882141,1642.1967797393802,0.6342575250769037,0,3.058395658728531,69.06199221423007,0.6880809058562565,0.05
M-01,2026-01-21 07:00:00+00:00,69.80232099604332,3.336494737372472,5.892846549189592,1650.032121590824,0.9182385409167384,0,3.1506115776161105,69.87173896333438,0.680861223851575,0.058333333333333334
M-01,2026-01-21 08:00:00+00:00,69.13638604761687,3.130877177792808,6.033010007578452,1635.048117439391,0.7609416836562786,0,3.33628192281466,70.08626134112555,0.4064492290988699,0.10833333333333334
M-01,2026-01-21 09:00:00+00:00,73.82230672285834,3.3245282133233327,5.650151774316844,1740.6176166092118,0.9642996362231055,0,3.373072638485008,70.62174119455865,0.3908878014640999,0.06666666666666667
M-01,2026-01-21 10:00:00+00:00,67.59373517233358,3.834521695563791,5.8383974396582525,1584.7164792150909,0.5725480103636202,0,3.539828440638223,68.83970818425315,0.3223175953885751,0.10833333333333334
M-01,2026-01-21 11:00:00+00:00,73.53099909868251,3.328819154805552,5.771870185060906,1641.1027569025016,0.907505663723148,0,3.4825112147260575,69.82761638746275,0.3245290927266215,0.05
M-01,2026-01-21 12:00:00+00:00,72.27023964157755,3.4873224940826195,6.0942211635834775,1656.3422245395209,0.8878773631351868,0,3.4070939121567623,71.0259979465187,0.2380567560357297,0.075
M-01,2026-01-21 13:00:00+00:00,76.92153693903857,4.005213997668314,5.347093038049293,1572.9011943127864,0.6453795749862442,0,3.518547122206069,72.2125339370179,0.335138055285167,0.075
M-01,2026-01-21 14:00:00+00:00,68.89260548502291,4.5546536144495215,5.962232856994285,1678.101933760167,0.7470953213141677,0,3.7558431949821887,72.17190384325225,0.4789487866232533,0.041666666666666664
M-01,2026-01-21 15:00:00+00:00,70.78944045207405,3.6066788345031062,6.025913837422019,1535.8487169053012,0.5510389476640339,0,3.8028682985121502,71.66642613145486,0.4404336344788308,0.041666666666666664
M-01,2026-01-21 16:00:00+00:00,77.2245758468901,3.3219260601167493,5.628035728873908,1596.074673033361,0.6764033736838698,0,3.7174356926043104,73.27156624388094,0.48091996217994804,0.09166666666666666
M-01,2026-01-21 17:00:00+00:00,72.76304181081964,3.3765128429107696,5.53678213662546,1662.979335025528,0.7562179186914313,0,3.7253846406218467,73.14357336257046,0.4735496830240245,0.06666666666666667
M-01,2026-01-21 18:00:00+00:00,78.07539697502227,3.825990867267153,6.164903248990955,1597.8276304559238,0.6185470195709091,0,3.7818293694859357,74.11109958481126,0.45947328413879834,0.075
M-01,2026-01-21 19:00:00+00:00,69.53395033472653,4.560139235298094,5.8027341987460295,1680.5107018594654,0.726817326206605,0,3.8743169090908993,72.87983515075926,0.5585911527057583,0.058333333333333334
M-01,2026-01-21 20:00:00+00:00,72.33987319893954,4.541835232330301,5.900725153845315,1655.614021334602,0.6936204225736315,0,3.8721805120710293,73.45437976974536,0.5554845944676589,0.1
M-01,2026-01-21 21:00:00+00:00,78.15443130339042,3.404715255082342,5.637181707870989,1629.9870754890007,0.7574947435697085,0,3.8385199155009015,74.68187824496475,0.5803533552217782,0.075
M-01,2026-01-21 22:00:00+00:00,72.56886486239084,4.0152353278483535,5.426437871329624,1685.091541600327,0.8198629105221957,0,3.9540714601228353,73.90592641421487,0.5231245078065537,0.05
M-01,2026-01-21 23:00:00+00:00,79.35149116133589,5.005440676401934,6.002595551495168,1727.3326234495612,0.9775274925809968,0,4.225559432371363,75.00400130596758,0.5827289612691186,0.14166666666666666
M-01,2026-01-22 00:00:00+00:00,73.21938689187657,4.337228248681875,5.242974762463403,1619.1139639740743,0.6297559755621727,0,4.3107656626071496,74.19466629210997,0.5490208534836745,0.09166666666666666
M-01,2026-01-22 01:00:00+00:00,75.43261573734057,4.434774286025142,5.776059331082785,1774.7589979968425,0.930703402588559,0,4.28987150439499,75.17777719254563,0.5399427844949362,0.06666666666666667
M-01,2026-01-22 02:00:00+00:00,76.88404383054899,3.6648884250298943,5.867575352938875,1683.9619070476067,0.7523347097902062,0,4.143713703178256,75.93513896448054,0.5756103829500118,0.14166666666666666
M-01,2026-01-22 03:00:00+00:00,78.3009886309208,4.077542876795218,5.805701582724323,1723.924101187138,0.8873283785152903,0,4.255851640130403,75.9595651857356,0.4559488864668997,0.1
M-01,2026-01-22 04:00:00+00:00,77.1389428607414,4.852019304735122,5.87297626677341,1675.7766281301026,0.7891362152187598,1,4.395315636278197,76.72124485212737,0.494017281601965,0.058333333333333334
M-01,2026-01-22 05:00:00+00:00,76.2631531548523,4.597990707322543,5.539661076902116,1702.6373704809694,0.6861161265120677,1,4.327407308098299,76.20652185104677,0.41507125803328987,0.08333333333333333
M-01,2026-01-22 06:00:00+00:00,81.00896166101256,4.649365561045174,5.58416331221217,1676.7335870506406,0.7148509698504414,0,4.379430193492182,77.50478431256944,0.43560145279030277,0.1
M-01,2026-01-22 07:00:00+00:00,79.93694051468557,4.786825522349526,5.758776715237178,1658.062848804631,0.7314130918535868,1,4.438105399546246,78.2555051087936,0.46711763720259397,0.06666666666666667
M-01,2026-01-22 08:00:00+00:00,78.31660162985388,4.836254607818592,5.6111761525601,1767.449903696619,0.8739021407596959,1,4.633333096677696,78.49426474201108,0.29085034465609066,0.08333333333333333
M-01,2026-01-22 09:00:00+00:00,79.53584492883364,4.837806421534546,5.338287905386485,1718.617599171726,0.9581888471092788,0,4.760043687467584,78.70007412499656,0.10912629754911458,0.15
M-01,2026-01-22 10:00:00+00:00,80.47862035610115,4.0667480612579725,5.944127631538053,1648.645466764101,0.8411823091644963,1,4.6291651468880595,79.25668704088986,0.29290507026276486,0.058333333333333334
M-01,2026-01-22 11:00:00+00:00,86.35486358121963,5.114104735342474,5.412626633716352,1624.6867859190238,0.7336705007039559,0,4.715184151558048,80.93863877861774,0.35178568609589234,0.075
M-01,2026-01-22 12:00:00+00:00,80.51369977078696,5.394436885818363,5.468441902053327,1615.5098874103255,0.6066131582405284,1,4.839362705686913,80.8560951302468,0.44346277296286735,0.06666666666666667
M-01,2026-01-22 13:00:00+00:00,82.47641233227628,4.720324488232055,5.215229707446617,1660.6610881523325,0.8503704654160411,1,4.828279200000668,81.27934043317859,0.44586299061743184,0.06666666666666667
M-01,2026-01-22 14:00:00+00:00,83.60932272391024,5.373461110391545,5.342009825523188,1688.6419694099473,0.8483093713945429,1,4.917813617096159,82.1614606155213,0.49860410532433436,0.1
M-01,2026-01-22 15:00:00+00:00,86.81902009965971,5.339609836158583,5.706384176685655,1706.7292399973055,0.696946079202301,1,5.001447519533499,83.37532314399233,0.5239414834661831,0.06666666666666667
M-01,2026-01-22 16:00:00+00:00,85.31411307262469,4.552690877043843,5.702330505834211,1676.3284617681063,0.9001681401448056,1,5.082437988831145,84.18123859674625,0.363575604423461,0.13333333333333333
M-01,2026-01-22 17:00:00+00:00,83.88045065059232,4.195791890588897,5.3723914382348665,1651.1170095255789,0.6610061697517663,1,4.929385848038881,83.76883644164171,0.5109843196315244,0.06666666666666667
M-01,2026-01-22 18:00:00+00:00,86.8708453184409,5.147103094807051,5.398109800601423,1647.6980874595115,0.6082132615562236,0,4.888163549536995,84.82836069958402,0.47464882576160045,0.06666666666666667
M-01,2026-01-22 19:00:00+00:00,84.54433952195103,5.924282294880741,6.00133379684888,1626.927985618407,0.6123945233050389,1,5.088823183978444,85.17301523119649,0.6213282400747988,0.09166666666666666
M-01,2026-01-22 20:00:00+00:00,81.68786097818993,5.450290736736863,5.404396835960424,1709.9177385453916,0.853631446307175,1,5.101628121702663,84.85277160690977,0.6291105075479055,0.08333333333333333
M-01,2026-01-22 21:00:00+00:00,84.86721339363947,3.8452560548377783,5.619098992584823,1646.8726325785335,0.6411350835658838,1,4.852569158149195,84.52747048923972,0.7910187638180195,0.13333333333333333
M-01,2026-01-22 22:00:00+00:00,87.82228277701216,5.231975794591137,5.974912528905602,1713.8671579650988,0.8656259955595446,1,4.965783311073744,84.94549877330431,0.788120697523403,0.09166666666666666
M-01,2026-01-22 23:00:00+00:00,87.84250751116284,4.943771759835914,4.940839696780634,1671.885294484097,0.8245272172992282,1,5.090446622614913,85.6058415833994,0.6957044261214704,0.13333333333333333
M-01,2026-01-23 00:00:00+00:00,89.49679036361705,5.451052560725742,5.865191541253222,1680.680224964722,0.8314651706112713,1,5.141104866934696,86.04349909092873,0.7115409170355804,0.125
M-01,2026-01-23 01:00:00+00:00,93.01767770714976,4.655521669471739,5.420696239897278,1775.9382852225417,0.9892577758112684,1,4.929644762699862,87.4557221217952,0.6140984101909592,0.06666666666666667
M-01,2026-01-23 02:00:00+00:00,87.06452812161288,5.807396177713519,5.743837086445917,1775.9382852225417,0.8584424743424564,1,4.989162336195972,88.35183331236568,0.6875617141673415,0.10833333333333334
M-01,2026-01-23 03:00:00+00:00,92.91603322124914,5.825980067418545,5.532673157013866,1653.6170466048973,0.7300276507606399,1,5.319283004959433,89.69330328363397,0.46937617174977997,0.1
M-01,2026-01-23 04:00:00+00:00,89.00364195664905,5.08176868216325,5.832701698882361,1648.7043570480323,0.8246023499949606,1,5.294248486221452,89.8901964802401,0.47887369834075844,0.125
M-01,2026-01-23 05:00:00+00:00,95.79614184088166,5.412914916565603,5.33287159456007,1720.6315640544442,0.9711718747460768,1,5.372439012343066,91.21580220185992,0.4474740954545689,0.09166666666666666
M-01,2026-01-23 06:00:00+00:00,85.40167341453022,6.897193428926016,5.634097816412066,1604.5394954002402,0.6949970532203222,1,5.613462490376445,90.53328271034546,0.7708835670364833,0.075
M-01,2026-01-23 07:00:00+00:00,91.8773368092257,6.546027734372355,5.573487553699363,1650.7547297291092,0.7704209152416083,1,5.928546834526547,90.34322589402477,0.6822999082539881,0.06666666666666667
M-01,2026-01-23 08:00:00+00:00,86.18321842781471,4.980638560727315,5.074198390753357,1613.7469440816546,0.70035007013144,1,5.790753898362181,90.19634094505841,0.7870955568883669,0.08333333333333333
M-01,2026-01-23 09:00:00+00:00,87.79326594873865,4.393669557233343,5.197358177723738,1719.730726382497,0.9607023258649912,1,5.55203547999798,89.34254639964,0.9701836890002056,0.1
M-01,2026-01-23 10:00:00+00:00,89.87916236524605,6.273080927560045,5.439921276255704,1723.842689108971,0.9294952985928906,1,5.750587520897446,89.4884664677395,0.9765756653370399,0.15
M-01,2026-01-23 11:00:00+00:00,89.68238837989061,6.024130123211662,5.371413755484657,1676.7741876485948,0.8852461866008599,0,5.8524567220051225,88.46950755757432,0.9661303135085959,0.09166666666666666
M-01,2026-01-23 12:00:00+00:00,55.221898258851176,1.6907434241420958,6.273990059029267,1637.830019069199,0.766273433924038,0,4.9847150545411365,83.43954503162782,1.8098380088562684,0.0
M-01,2026-01-23 13:00:00+00:00,53.3413613295122,0.9409359596929552,6.196111909952764,1650.1796115788982,0.6581018242670514,0,4.050533092094569,77.01688245167556,2.2385640281872887,0.025
M-01,2026-01-23 14:00:00+00:00,59.42747602681765,2.3130811393393524,6.473584237090012,1702.918195558968,0.6801940612460506,0,3.605940188529909,72.55759205150939,2.2813816229391604,0.025
M-01,2026-01-23 15:00:00+00:00,56.65746056980673,2.013705742304242,6.3053777662754245,1694.430457804001,0.8136826183432246,0,3.209279552708392,67.36829115502074,2.3235389198715946,0.06666666666666667
M-01,2026-01-23 16:00:00+00:00,59.585629404017375,1.383383304108911,5.98491427010746,1683.4639031910117,0.6484854739575845,0,2.3943299487998693,62.31936899481595,1.8415388491928801,0.041666666666666664
M-01,2026-01-23 17:00:00+00:00,57.85146957911024,1.5772518220095724,6.068888799389182,1683.129589197736,0.9372564636824692,0,1.6531835652661881,57.01421586135256,0.48014711362293483,0.041666666666666664
M-01,2026-01-23 18:00:00+00:00,55.50612397188937,1.5772518220095724,6.312987802578465,1602.9684764687292,0.55337816476,0,1.634268298244101,57.061586813525594,0.4806067865268422,0.041666666666666664
M-01,2026-01-23 19:00:00+00:00,61.17749078073454,2.263829125051436,6.208218834934263,1755.877288896066,0.9088798760563386,0,1.8547504924705145,58.36760838872931,0.3946839574703897,0.03333333333333333
M-01,2026-01-23 20:00:00+00:00,57.06275104717794,1.1901566228040903,6.285925469452635,1639.6731707534095,0.6122480815522222,0,1.667596406381304,57.97348755878937,0.40008380360172446,0.05
M-01,2026-01-23 21:00:00+00:00,57.90462331729387,1.7039536978662493,6.344534165057592,1625.6490659181748,0.6020668752892433,0,1.6159710656416386,58.181348016703886,0.36493132913311377,0.06666666666666667
M-01,2026-01-23 22:00:00+00:00,59.42472355139896,1.847126994888311,6.60716380001656,1780.181366435064,0.999374281755362,0,1.6932616807715386,58.154530374600824,0.35478650949618595,0.058333333333333334
M-01,2026-01-23 23:00:00+00:00,60.14301701756594,0.9074306356195424,5.964790137659782,1780.181366435064,0.6192836121599319,0,1.5816248163732,58.536454947676766,0.4813860703927763,0.03333333333333333
M-01,2026-01-24 00:00:00+00:00,64.88841312222169,2.0425601877273416,5.918136042804962,1701.4676008881395,0.8288508366864377,0,1.659176210659495,60.10016980606549,0.516724244600962,0.05
M-01,2026-01-24 01:00:00+00:00,62.31250967798938,3.264857538382389,5.608617829075025,1733.3876438118102,0.9913695154898654,0,1.8260142795479872,60.28933962227463,0.8222672870453743,0.025
M-01,2026-01-24 02:00:00+00:00,63.45115590750141,2.6493392343576696,6.1513866895910985,1604.761027545266,0.6120988828065574,0,2.069211381473584,61.35407376566187,0.812317363594704,0.03333333333333333
M-01,2026-01-24 03:00:00+00:00,61.43000180872264,2.26072910599828,6.2140465883119305,1661.4869862516357,0.6717844685218872,0,2.162007282828922,61.94163684756668,0.7938383819783557,0.025
M-01,2026-01-24 04:00:00+00:00,58.18873532411821,2.801680286698065,6.200220531990187,1714.6782510712285,0.8485539657530891,0,2.3210994981305477,61.73563880968654,0.8135191259998737,0.03333333333333333
M-01,2026-01-24 05:00:00+00:00,62.37527457948589,2.5168626202514823,6.345362163759309,1689.0790709226685,0.9246381782158032,0,2.589338162235871,62.10768173667321,0.4283032812065056,0.058333333333333334
M-01,2026-01-24 06:00:00+00:00,71.74551062596947,2.609141247575216,6.526863264999319,1701.399084743764,0.7405729276058443,0,2.6837683388771834,63.25053132063116,0.3361970144660828,0.041666666666666664
M-01,2026-01-24 07:00:00+00:00,66.9997941209588,1.8499903361210317,6.515390782946742,1678.3708542677828,0.7753447670861252,0,2.4479571385002905,64.0317453944594,0.3432263770280039,0.125
M-01,2026-01-24 08:00:00+00:00,63.73305140824008,2.875352329227503,6.044528869777622,1720.3233641266827,0.8437090306911649,0,2.4856259876452627,64.07872797791585,0.38016311677706033,0.05
M-01,2026-01-24 09:00:00+00:00,66.20539341353359,2.666898376357988,6.0023651470189145,1792.8641408352862,0.9997398591508846,0,2.5533208660385474,64.87462657871767,0.3680775649124051,0.041666666666666664
M-01,2026-01-24 10:00:00+00:00,64.1656580566499,2.0009616989428,5.749945678602065,1607.9107417650382,0.5928395891323889,0,2.419867768079337,65.87078036747296,0.40347622990063564,0.025
M-01,2026-01-24 11:00:00+00:00,62.032950216984645,1.360700726450834,6.251179327100187,1742.9571204166257,0.9894988351974652,0,2.227174119112562,65.81372630705609,0.583713475445884,0.08333333333333333
M-01,2026-01-24 12:00:00+00:00,66.95104566284976,3.180478080723267,5.948194085976234,1650.2274045613306,0.7575439986269082,0,2.3223969246372373,65.0146488132028,0.6945635128525359,0.05
M-01,2026-01-24 13:00:00+00:00,66.59271389455027,2.8376390127215108,6.294681221489498,1584.4307852183704,0.5731386195506183,0,2.487005037403984,64.94680210880138,0.6770264111034965,0.03333333333333333
M-01,2026-01-24 14:00:00+00:00,64.55197658944311,2.6445590697776096,6.023477568241835,1650.502025811173,0.7090019627808105,0,2.448539494162335,65.08328963900188,0.6568037564764202,0.075
M-01,2026-01-24 15:00:00+00:00,68.24914173031699,3.040824970592271,5.43819688056659,1789.3895826021876,0.9244540338768936,0,2.510860593201382,65.42391435846578,0.6981079917106194,0.058333333333333334
M-01,2026-01-24 16:00:00+00:00,63.43279667874039,2.8136252336274423,5.846805963181976,1709.5652264490802,0.7374996991179461,0,2.6463045156488225,65.30177079548086,0.657019489636292,0.058333333333333334
M-01,2026-01-24 17:00:00+00:00,66.97760044942899,2.861331021092893,5.945610549912395,1755.3738522365868,0.8869693508501747,0,2.896409564755832,66.12587916755491,0.18789205971514164,0.041666666666666664
M-01,2026-01-24 18:00:00+00:00,62.7753553531563,2.638100282868966,5.7916047398496495,1613.3662039134765,0.7710658508761148,0,2.806013265113449,65.42993078260601,0.15067644005003134,0.08333333333333333
M-01,2026-01-24 19:00:00+00:00,65.0040800269393,3.734530905658952,6.082028672430403,1621.7269881584114,0.6147589132353513,0,2.9554952472696896,65.16515847133752,0.41002258252125817,0.058333333333333334
M-01,2026-01-24 20:00:00+00:00,65.01952797424252,3.241092605019785,6.184936789507068,1639.2178587928074,0.5932428548373466,0,3.054917503143385,65.24308370213741,0.39145074412737135,0.025
M-01,2026-01-24 21:00:00+00:00,70.14049555647784,3.1473021136648525,5.91132130868999,1747.8792784842424,0.7902280059732822,0,3.072663693655482,65.55830933983088,0.39309418172003296,0.06666666666666667
M-01,2026-01-24 22:00:00+00:00,72.4047662048437,2.6594959664655167,5.795233715837315,1582.30077105565,0.5737631956300497,0,3.046975482461827,67.05363759418144,0.4176751178517481,0.09166666666666666
M-01,2026-01-24 23:00:00+00:00,71.95563197065556,3.643001316081478,6.078459423464374,1630.7567953016585,0.7463424968624184,0,3.177253864959925,67.88330951438587,0.4671639341793117,0.06666666666666667
M-01,2026-01-25 00:00:00+00:00,68.39678270308791,4.373414552479485,5.963053047348547,1556.4236100095357,0.5656772576259621,0,3.466472909895012,68.8202140727078,0.5881221942005268,0.075
M-01,2026-01-25 01:00:00+00:00,68.72311867521957,2.991156939185995,5.816990166878489,1754.9364673386715,0.920407292837284,0,3.3425772488161853,69.44005384742117,0.5985662787811117,0.058333333333333334
M-01,2026-01-25 02:00:00+00:00,67.14965819667331,3.2481349311486465,5.98965499850186,1593.6398387457766,0.616088680669632,0,3.343750969837662,69.79507555115966,0.5983343385070014,0.03333333333333333
M-01,2026-01-25 03:00:00+00:00,72.05288318036668,3.6587716529243854,6.306773146439197,1716.127068102595,0.9204060744775426,0,3.4289958930475843,70.11380682180778,0.6011764465222296,0.05
M-01,2026-01-25 04:00:00+00:00,69.08406598018898,3.110952379440569,5.690218220710695,1691.6047588961544,0.9186399456822912,0,3.504238628543426,69.56035678436534,0.506382922961226,0.06666666666666667
M-01,2026-01-25 05:00:00+00:00,76.14102270622548,3.774045124251818,5.781506844121592,1581.7523955483082,0.7275166830724396,0,3.5260792632384828,70.25792190696033,0.51629385141877,0.1
M-01,2026-01-25 06:00:00+00:00,72.96800486863644,4.642588750985136,6.191193013144541,1660.5258157322737,0.6658533816957836,0,3.5709416296560916,71.01979226788508,0.6081672890538864,0.075
M-01,2026-01-25 07:00:00+00:00,73.39276802233712,3.405959199106788,5.994137650263991,1684.399939914103,0.7768803719758662,0,3.6400753396428907,71.79806715907135,0.5498598645696883,0.075
M-01,2026-01-25 08:00:00+00:00,74.33991323934086,3.036823156298949,5.844183250947165,1675.529268919831,0.7591058370357984,0,3.604856710501275,72.99644299951593,0.585590839270884,0.058333333333333334
M-01,2026-01-25 09:00:00+00:00,76.07677747955819,3.940778474710206,5.519923431607884,1577.4914645234965,0.6486351474153846,0,3.651857847465578,73.66709204938118,0.6018745923507685,0.058333333333333334
M-01,2026-01-25 10:00:00+00:00,76.510458056934,4.563634813583503,6.106039104449904,1734.7868081967852,0.8881708647571283,0,3.8939715864894002,74.90482406217201,0.6321881459575597,0.075
M-01,2026-01-25 11:00:00+00:00,75.29194458553924,3.746647037182891,5.668877601522051,1615.029652495459,0.5886920575499254,1,3.889405238644579,74.76331104205764,0.6333255587348404,0.08333333333333333
M-01,2026-01-25 12:00:00+00:00,71.36352083723123,4.119510120250111,5.699047621404624,1610.862420608628,0.6289059301542649,0,3.802225466855408,74.49589703682345,0.5376927178892718,0.10833333333333334
M-01,2026-01-25 13:00:00+00:00,81.10339959938713,4.639522469345802,5.905370611314082,1654.379493902415,0.7293279805633957,0,4.007819345228577,75.7810022996651,0.5892357003496302,0.058333333333333334
M-01,2026-01-25 14:00:00+00:00,72.69503458043557,4.0529367926927256,5.346953585982537,1653.4193469611528,0.6117450660057756,1,4.177171617960873,75.50685585651424,0.3530196550632387,0.075
M-01,2026-01-25 15:00:00+00:00,70.23370113105898,4.417154927220175,5.565346869510628,1639.9576669259409,0.7519282782405627,0,4.256567693379202,74.53300979843102,0.34263748601136845,0.075
M-01,2026-01-25 16:00:00+00:00,76.83030303894031,3.893691732571222,5.814256160356814,1715.994467013085,0.943787889574337,0,4.144910513210488,74.58631729543208,0.3315379391331676,0.11666666666666667
M-01,2026-01-25 17:00:00+00:00,79.8730264558381,4.1766962981728994,5.415254278789607,1764.592547755077,0.9427865314483804,0,4.216585390042156,75.3498309404819,0.2687600555880355,0.15
M-01,2026-01-25 18:00:00+00:00,75.20550441482978,4.356753785877557,5.9024007937836,1666.7124408795437,0.6493590645440204,0,4.256126000980063,75.99016153674832,0.2690734654715069,0.08333333333333333
M-01,2026-01-25 19:00:00+00:00,78.31258714206055,3.575372118199533,6.22602209645213,1587.673534654608,0.6800876117371863,1,4.078767609122352,75.52502612719388,0.3129535592050573,0.058333333333333334
M-01,2026-01-25 20:00:00+00:00,79.89978854351322,4.182272046336728,5.945846834123235,1627.098390914511,0.6800876117371863,1,4.100323484729685,76.72581845437348,0.315264223755889,0.1
M-01,2026-01-25 21:00:00+00:00,78.270231100617,4.648211768551087,5.998314582840522,1710.9821889978184,0.9228461161774536,0,4.138832958284838,78.06524011596649,0.37090677674564,0.041666666666666664
M-01,2026-01-25 22:00:00+00:00,75.56257002995255,4.397302395282161,5.642452359853968,1572.3029010493829,0.5619599942487813,1,4.222768068736661,77.8539512811352,0.3611926903737608,0.09166666666666666
M-01,2026-01-25 23:00:00+00:00,75.49099903701739,3.796568177965937,5.8182201381367085,1658.7104312540137,0.8207013036052071,1,4.1594133820355,77.12361337799841,0.40193074995209416,0.075
M-01,2026-01-26 00:00:00+00:00,75.75345991574189,3.951900330894234,6.12118950150812,1645.7840606202071,0.6670830949043461,1,4.091937806204947,77.2149392948171,0.3961167378914176,0.041666666666666664
M-01,2026-01-26 01:00:00+00:00,79.95559565844368,4.095430036393637,5.914615525993722,1684.6845848242042,0.8910596434297873,0,4.178614125903964,77.48877404754762,0.3074533231098578,0.125
M-01,2026-01-26 02:00:00+00:00,78.24672162426735,4.503029224301996,5.024985317843004,1676.6657330090916,0.8025503805505199,1,4.232073655564842,77.21326289433998,0.3348796730988041,0.075
M-01,2026-01-26 03:00:00+00:00,75.14268140667423,5.260202536377944,5.877677288951544,1678.9562646649326,0.6718135426727982,1,4.334072116869318,76.69200461201618,0.52577141936495,0.025
M-01,2026-01-26 04:00:00+00:00,76.91904727844727,5.107286164928312,5.46992635735776,1584.2740007890873,0.6916373283539715,1,4.452402745143677,76.91808415343196,0.6151466487896929,0.13333333333333333
M-01,2026-01-26 05:00:00+00:00,80.40848799756886,5.006724416427649,5.200442345816088,1624.6243362187126,0.854493572129337,1,4.654095451553963,77.73766564685721,0.5522863109694374,0.10833333333333334
M-01,2026-01-26 06:00:00+00:00,77.8227770413896,4.863313289726927,5.901944139192596,1607.340147031254,0.5504803592602363,1,4.805997611359411,78.08255183446516,0.432977913023568,0.06666666666666667
M-01,2026-01-26 07:00:00+00:00,81.86639324783471,4.912882733852108,5.635767354036297,1723.8388892222215,0.9525301739734516,1,4.942239727602489,78.40101809936367,0.2578744001324672,0.1
M-01,2026-01-26 08:00:00+00:00,82.32589270526218,4.482081949447459,5.829674099757513,1585.410273158262,0.6273821583716603,1,4.938748515126734,79.08087994619613,0.2650517739681043,0.041666666666666664
M-01,2026-01-26 09:00:00+00:00,84.76952851992702,4.06701028565773,5.838606041981258,1642.8233984288302,0.761480173129303,1,4.739883140006698,80.68535446507161,0.39257418224523793,0.06666666666666667
M-01,2026-01-26 10:00:00+00:00,85.39010207051119,5.928663181106897,5.537173555186361,1783.2076021187893,0.9709938747291949,1,4.8767793093697955,82.09719693041559,0.6223089392104987,0.11666666666666667
M-01,2026-01-26 11:00:00+00:00,83.69220592772186,5.475848056135963,5.429754131926556,1591.9488799483518,0.6468302235829234,1,4.954966582654515,82.64448325210776,0.6695760171015672,0.06666666666666667
M-01,2026-01-26 12:00:00+00:00,83.17478093179899,5.466055542320363,5.916896555373714,1589.1347834559404,0.6379689293119019,1,5.05542362475342,83.53648390050932,0.6976993776881657,0.09166666666666666
M-01,2026-01-26 13:00:00+00:00,90.43990283849092,5.340150418955186,5.699340751142822,1579.312242094447,0.6463415302015241,1,5.126634905603933,84.9654021656187,0.7020323740067144,0.09166666666666666
M-01,2026-01-26 14:00:00+00:00,83.79819961277823,5.715876210110984,6.1515960456228855,1591.9529636951438,0.643143321838378,1,5.332267282381188,85.2107866502047,0.6545679531019306,0.06666666666666667
M-01,2026-01-26 15:00:00+00:00,89.63223242311801,5.745159805247524,5.530898063034755,1621.521370373791,0.629262234627886,1,5.611958868979486,86.02123730073653,0.22024381586699313,0.075
M-01,2026-01-26 16:00:00+00:00,86.0727035075079,5.189530687025737,5.710884416926216,1721.4145742465705,0.9371268487985234,1,5.4887701199659595,86.13500420690265,0.21430251161655633,0.11666666666666667
M-01,2026-01-26 17:00:00+00:00,88.34000966833699,6.086866079520883,5.697182718950889,1677.4354909534743,0.7123414089332142,1,5.59060645719678,86.90963816367184,0.32402339176194683,0.075
M-01,2026-01-26 18:00:00+00:00,88.11845041241057,5.449655546279474,5.189823402770719,1637.3032788816777,0.7108163305759244,1,5.587873124523298,87.7335830771071,0.3253506398614955,0.1
M-01,2026-01-26 19:00:00+00:00,91.69269810351824,5.62523548632665,5.881432145528031,1697.8712822641571,0.8247182803038049,1,5.635387302418542,87.942382287945,0.3019102578285789,0.08333333333333333
M-01,2026-01-26 20:00:00+00:00,88.42947300880907,5.449040920562877,5.189588198189656,1713.5340974154335,0.9497644538782782,1,5.590914754160525,88.71426118728346,0.3072877099359495,0.1
M-01,2026-01-26 21:00:00+00:00,87.84284338056854,5.250197334928725,5.634859270272858,1601.8506289781462,0.5949239757295556,1,5.508421009107391,88.41602968019187,0.32360290466378794,0.09166666666666666
M-01,2026-01-26 22:00:00+00:00,89.9778121501961,4.784133403232463,5.539983601360901,1666.1480564989656,0.6018968971499447,1,5.440854795141846,89.0668811206399,0.4287434054123916,0.15833333333333333
M-01,2026-01-26 23:00:00+00:00,83.27963600971908,6.326939331766422,5.480229779647283,1613.3420513608064,0.6048860338943304,1,5.480867003849435,88.22348551087028,0.5054332604507243,0.10833333333333334
M-01,2026-01-27 00:00:00+00:00,87.07586642879187,5.368324603439175,5.611812892275131,1689.4535266755151,0.8894221817220516,1,5.467311846709386,88.04972151360049,0.5075240067120298,0.175
M-01,2026-01-27 01:00:00+00:00,85.05005663210767,6.450277283577568,5.519606810546009,1643.673405998523,0.7867272370987094,1,5.604818812917872,86.94261460169872,0.6504975428912059,0.09166666666666666
M-01,2026-01-27 02:00:00+00:00,85.24909391894708,6.252136441770126,6.018988336247736,1624.8814566756691,0.5698787963248726,1,5.738668066452413,86.41255142005507,0.693252463592203,0.13333333333333333
M-01,2026-01-27 03:00:00+00:00,86.90532681768642,6.764946373610628,5.405202480752357,1717.567069409865,0.6957715010219363,1,5.991126239566064,86.25629865957471,0.7530242525364292,0.11666666666666667
M-01,2026-01-27 04:00:00+00:00,89.12994845475717,5.606516396967732,5.418521068404374,1681.2446021043893,0.8095874313239169,1,6.1281900718552755,86.11498804366822,0.5317145256380136,0.20833333333333334
M-01,2026-01-27 05:00:00+00:00,87.11716209009845,6.073320340236274,5.580070161779491,1619.2737178447949,0.6266535371463335,0,6.085920239933583,86.75457572373143,0.5227601114968269,0.125
M-01,2026-01-27 06:00:00+00:00,58.53707636126459,2.056698390428969,6.336586377637682,1690.2103836495498,0.7721524343217906,0,5.533982537765215,81.9981107124769,1.7468980807947025,0.025
M-01,2026-01-27 07:00:00+00:00,58.64056125129189,1.3698800507732225,6.09056441949808,1644.7782565745908,0.7213295625477153,0,4.687249665631159,77.5965281490076,2.3433599230112447,0.016666666666666666
M-01,2026-01-27 08:00:00+00:00,56.60679149867718,1.4055631001951854,5.81915505817625,1676.3752760596676,0.8131387162622215,0,3.879487442035335,72.82281107896262,2.5243769875473783,0.05
M-01,2026-01-27 09:00:00+00:00,57.64290638950949,1.3692362463794856,6.320858240003548,1668.9787933860662,0.6944885318853348,0,2.9802024208301447,67.94574100759979,2.2354240045053544,0.041666666666666664
M-01,2026-01-27 10:00:00+00:00,60.017016550268416,1.6823752413273914,6.023581915084077,1650.6445946958804,0.5964775655981723,0,2.326178894890088,63.093585690185,1.8550445844397305,0.041666666666666664
M-01,2026-01-27 11:00:00+00:00,63.237310846978914,1.1794725497715728,6.544609291460899,1699.0418327455084,0.8151990247573642,0,1.5105375964793044,59.11361048299842,0.3124721157993048,0.025
M-01,2026-01-27 12:00:00+00:00,60.367797174187416,1.9865751246173016,6.289693240185506,1645.954250123598,0.7339012198150208,0,1.4988503855106934,59.41873061848555,0.2883382339222908,0.06666666666666667
M-01,2026-01-27 13:00:00+00:00,59.66110979723076,3.07534764417171,6.0324444476354575,1683.86706588057,0.8349171319651192,0,1.7830949844104413,59.588822042808694,0.6927676368030561,0.016666666666666666
M-01,2026-01-27 14:00:00+00:00,60.56875803668244,2.1401371924855184,6.3874842113790296,1714.9560704374562,0.969750828845642,0,1.9055239997921631,60.249149799142906,0.6774438168457115,0.058333333333333334
M-01,2026-01-27 15:00:00+00:00,64.38367485722016,2.1401371924855184,6.977024023610964,1681.2675167656216,0.6981681068189963,0,2.034007490809836,61.37261121042801,0.6265846113420357,0.05
M-01,2026-01-27 16:00:00+00:00,62.04464712962777,2.9539510997800704,6.584962861871556,1733.6911598078957,0.8055704036928217,0,2.2459368005519487,61.71054964032124,0.6951558367295394,0.025
M-01,2026-01-27 17:00:00+00:00,64.45272845379677,1.7996401498007937,5.776477957669882,1704.6242160063337,0.8464390344175154,0,2.349298067223485,61.913119241457544,0.5317784464017342,0.016666666666666666
M-01,2026-01-27 18:00:00+00:00,63.82272167761959,2.648096066631108,5.8920603791425314,1639.3385146403537,0.6943219960123342,0,2.4595515575591196,62.48893999202958,0.5096506448258803,0.09166666666666666
M-01,2026-01-27 19:00:00+00:00,65.06031502413019,2.1105714745175463,6.348229135191067,1690.9205292664592,0.7203667544018789,0,2.298755529283426,63.388807529846154,0.42099144900438956,0.058333333333333334
M-01,2026-01-27 20:00:00+00:00,60.41378839105868,1.6473746670173774,6.155223318990725,1602.1742788151491,0.624728184586288,0,2.2166284417054025,63.36297925557552,0.4989663516806952,0.05
M-01,2026-01-27 21:00:00+00:00,58.99192067791596,2.7090216340195887,5.863952266093326,1685.571881389084,0.725093520184936,0,2.3114425152944142,62.46435355902482,0.5343218119962155,0.03333333333333333
M-01,2026-01-27 22:00:00+00:00,61.55596919078653,2.2265129328055684,6.337607128079409,1743.098824926005,0.8032025847586858,0,2.190202820798664,62.38290723588461,0.43213432300386156,0.016666666666666666
M-01,2026-01-27 23:00:00+00:00,64.92804314336642,3.723655811775963,6.119347024314921,1684.208452148172,0.6658400630554172,0,2.5108720977945254,62.462126350812895,0.7093189028773962,0.06666666666666667
M-01,2026-01-28 00:00:00+00:00,68.39017037544656,2.8737770448746667,5.889406968740935,1710.2489043913745,0.9673771868312724,0,2.5484855941684517,63.22336780045072,0.7238849994620847,0.08333333333333333
M-01,2026-01-28 01:00:00+00:00,70.67484974860461,3.559422961015713,6.104124010370264,1686.967282743068,0.8510264465462108,0,2.789960841918146,64.15912358786312,0.7874530175286517,0.06666666666666667
M-01,2026-01-28 02:00:00+00:00,64.27444500941567,2.309041841603919,6.188146972121591,1735.2147696840102,0.9754839509598578,0,2.900238704349236,64.8025663575893,0.6250158318330084,0.03333333333333333
M-01,2026-01-28 03:00:00+00:00,69.77353496333038,3.4154601201204406,5.57371254174023,1746.883240188647,0.9657551802454434,0,3.0179784520327115,66.59950207182503,0.6479100555456682,0.075
M-01,2026-01-28 04:00:00+00:00,63.05032692858782,2.4905897564721444,6.051662926860947,1650.2023497221162,0.5520784594794975,0,3.061991255977141,66.84856169479191,0.5897517455674436,0.06666666666666667
M-01,2026-01-28 05:00:00+00:00,68.93025575324243,3.1461171289517247,6.137974823781151,1713.630249108886,0.8561884625514649,0,2.965734808839768,67.51559712977125,0.5005438968580999,0.03333333333333333
M-01,2026-01-28 06:00:00+00:00,69.00630600151624,2.468596906232396,6.229797038189815,1627.9119269678577,0.5619395967427335,0,2.898204785732723,67.61828640078285,0.5411190263037938,0.025
M-01,2026-01-28 07:00:00+00:00,69.34129782098734,3.0955627127746026,6.049239688511203,1656.0743475854076,0.9334654016811318,0,2.8208947443592045,67.39602774617998,0.4538565024759438,0.06666666666666667
M-01,2026-01-28 08:00:00+00:00,64.3832342221267,3.698488505580162,6.135415824144139,1664.8127090232083,0.7595908481607647,0,3.052469188355245,67.41415928163183,0.4932232154310985,0.041666666666666664
M-01,2026-01-28 09:00:00+00:00,72.12179876767888,2.705308357075316,6.00330430959656,1746.779657177533,0.9039923706221196,0,2.9341105611810576,67.80553658235657,0.47350846659227097,0.05
M-01,2026-01-28 10:00:00+00:00,68.46877015367438,3.0570939218854867,5.871129389331975,1735.7221312980053,0.9454436289021428,0,3.0285279220832813,68.70861045320433,0.420946009420421,0.075
M-01,2026-01-28 11:00:00+00:00,69.97892257439335,4.056860154362139,5.850651252191254,1745.01340813685,0.8042850597838176,0,3.1803184263183506,68.88338825672948,0.5985608623274549,0.041666666666666664
M-01,2026-01-28 12:00:00+00:00,70.37606193477431,3.334399435073696,5.9643521951460325,1595.9512088363522,0.6222647406632135,0,3.3246188477919003,69.11168091227249,0.48654563914022825,0.058333333333333334
M-01,2026-01-28 13:00:00+00:00,69.63409572556706,3.1149159889960742,5.905825116200774,1705.4496818936962,0.7734657154808268,0,3.3278443938288125,69.16048056303579,0.4847843739120575,0.06666666666666667
M-01,2026-01-28 14:00:00+00:00,69.54247805403715,3.4778591854642187,6.34045348186651,1784.662673464313,0.984437179066781,0,3.2910728404761556,70.02035453502086,0.4587142777948366,0.10833333333333334
M-01,2026-01-28 15:00:00+00:00,68.97265807849948,3.2570188725388154,6.345622597528703,1677.472611460723,0.9350389547660816,0,3.383024593053405,69.49549775349097,0.3631536416368281,0.05
M-01,2026-01-28 16:00:00+00:00,68.7195345543764,3.5396945246126,6.093107754469508,1701.4086445726523,0.817422712435711,0,3.4634580268412574,69.53729182027462,0.32829872938889393,0.041666666666666664
M-01,2026-01-28 17:00:00+00:00,74.56906424820215,2.6831673124316007,6.22177296862236,1640.5547337890875,0.718508771402022,0,3.234509219852834,70.3023154325761,0.31020072704973006,0.058333333333333334
M-01,2026-01-28 18:00:00+00:00,72.66267463949717,3.611730772566833,6.207855974214249,1664.7427453115158,0.9149333060079649,0,3.2807311094350236,70.6834175500299,0.3465895906073077,0.008333333333333333
M-01,2026-01-28 19:00:00+00:00,73.76459368589353,3.9022810176724185,6.2312858453735895,1662.6658162557776,0.8039767061616303,0,3.4119586142144143,71.37183387675098,0.41379400860492965,0.05
M-01,2026-01-28 20:00:00+00:00,68.02238711641326,3.899231716534721,6.134892512946943,1679.080376779256,0.8232451437223325,0,3.482187369392831,71.118485387147,0.4603535881074517,0.03333333333333333
M-01,2026-01-28 21:00:00+00:00,68.96152838006454,3.5878173674724847,5.876353882948689,1675.8163697455736,0.7164929655312391,0,3.5373204518817762,71.11663043740784,0.4476261909735485,0.058333333333333334
M-01,2026-01-28 22:00:00+00:00,72.41667346070042,4.164996953978672,6.44943825235333,1558.386013608383,0.603279587430401,0,3.6415375234427887,71.7328202551285,0.515878086617794,0.05
M-01,2026-01-28 23:00:00+00:00,77.93939595974003,3.351924219564674,5.6964840922836535,1703.8159250972192,0.9269725861841684,0,3.7529970079649675,72.29454220705149,0.29034948098870356,0.1
M-01,2026-01-29 00:00:00+00:00,74.95342615532368,3.8093249325311,5.525143178727184,1665.8204826604228,0.6867084782844749,0,3.785929367959012,72.67633412635591,0.2822139434421161,0.05
M-01,2026-01-29 01:00:00+00:00,71.02539726241264,3.156864745309476,5.835915824805746,1641.633675085602,0.56078665998758,0,3.6616933225651884,72.2198013891091,0.37089097389754494,0.06666666666666667
M-01,2026-01-29 02:00:00+00:00,72.31450008762043,4.71786523992462,5.577225285295155,1640.140126045348,0.7586540716066755,0,3.7981322431301714,72.93515355097695,0.5718709170315956,0.058333333333333334
M-01,2026-01-29 03:00:00+00:00,78.26042717047893,4.264883316255826,6.048008484981174,1637.768288191777,0.6235262650672545,0,3.9109765679273942,74.48497001604602,0.5886260096598148,0.025
M-01,2026-01-29 04:00:00+00:00,75.13709612446044,3.601219950127498,5.93352356943586,1680.0729003094766,0.7195303035436944,0,3.8170137339521992,74.93837379333937,0.5849532659913055,0.075
M-01,2026-01-29 05:00:00+00:00,77.7002221490314,3.9600594680147614,5.681675795544286,1615.3934802335502,0.5680427544427492,0,3.918369608693881,74.89851149155459,0.5391414216217925,0.08333333333333333
M-01,2026-01-29 06:00:00+00:00,73.63101378990368,3.743205048118847,5.950864824207936,1705.7886684414368,0.7850129022920674,0,3.9073496279585047,74.67810943065126,0.5424814475300309,0.09166666666666666
M-01,2026-01-29 07:00:00+00:00,74.28540887212017,4.181652501860362,6.139391069433617,1642.752778724015,0.6128306443806044,0,4.078147587383653,75.22144469893584,0.4020978623307288,0.1
M-01,2026-01-29 08:00:00+00:00,74.68058188566866,3.763628200368167,5.598015044619889,1637.7946829257455,0.7048634851285066,1,3.919108080790911,75.61579166527721,0.26318656361874043,0.08333333333333333
M-01,2026-01-29 09:00:00+00:00,77.28769577111512,4.58861072161046,5.86092107949622,1720.678485855486,0.976293908078322,0,3.973062648350016,75.45366976538325,0.36264101720235614,0.06666666666666667
M-01,2026-01-29 10:00:00+00:00,76.52748520838803,4.057497626311162,5.207787494978854,1681.7396132918882,0.9140363211280372,1,4.049108927713959,75.68540127937118,0.31359419332605576,0.09166666666666666
M-01,2026-01-29 11:00:00+00:00,74.269212599069,4.119077168970376,5.443641216975856,1611.204793049026,0.5863308760012327,0,4.075611877873229,75.11356635437744,0.31127412380344943,0.1
M-01,2026-01-29 12:00:00+00:00,80.07530759977745,3.711927849177727,5.583929444506117,1715.4911976305943,0.9421340890335465,1,4.070399011383042,76.18761532268974,0.31814041841507373,0.058333333333333334
M-01,2026-01-29 13:00:00+00:00,83.35688800285897,4.825297246141827,5.481149764951075,1683.8157147491747,0.7430617546108358,1,4.177673135429953,77.6995285111462,0.4459852483445918,0.06666666666666667
M-01,2026-01-29 14:00:00+00:00,80.74604418363253,4.43237612942501,5.3666025043763135,1614.0861699084592,0.5661544987033116,0,4.289131123606094,78.71043889414018,0.40334038152285795,0.03333333333333333
M-01,2026-01-29 15:00:00+00:00,81.50095279822679,4.230617986162456,5.8616913356168245,1747.4622497861162,0.9970943485540812,1,4.2294656676980935,79.41264839865879,0.37571086614454174,0.11666666666666667
M-01,2026-01-29 16:00:00+00:00,75.70729603084517,4.221797053061993,5.142669002514165,1618.628857589805,0.5681796529789734,1,4.256848905489899,79.27595020240165,0.3665460475344434,0.09166666666666666
M-01,2026-01-29 17:00:00+00:00,81.57034535757903,4.953161446584765,5.382575237724359,1637.7473098698422,0.6857941900136189,1,4.395862951758963,80.49280566215333,0.45203997565644727,0.075
M-01,2026-01-29 18:00:00+00:00,83.1496499186381,4.901318060915104,5.418834173099331,1624.7573293378982,0.5703016355691753,1,4.594094653715192,81.0051960486301,0.33871625140340095,0.041666666666666664
M-01,2026-01-29 19:00:00+00:00,81.33646307112042,4.740548204565191,5.697363218950474,1733.0221628488598,0.9268640847044995,1,4.579969813452419,80.66845856000701,0.32876752636504225,0.058333333333333334
M-01,2026-01-29 20:00:00+00:00,76.99265983174915,5.579161583646192,6.272711879117582,1617.582058019558,0.5769209517927847,1,4.771100722489283,80.04289450135978,0.5094810268662746,0.11666666666666667
M-01,2026-01-29 21:00:00+00:00,83.36458363935463,5.515576308835556,5.33436248464874,1612.6801844487848,0.6200909519385608,1,4.985260442934799,80.35349964154774,0.5069103626705689,0.09166666666666666
M-01,2026-01-29 22:00:00+00:00,83.59778817849136,4.258032783826953,5.782949510878861,1776.09767389689,0.9620851860454191,1,4.991299731395627,81.66858166615545,0.49609584988765226,0.11666666666666667
M-01,2026-01-29 23:00:00+00:00,81.98170644633568,4.632389146745534,5.874009039262368,1668.626599655476,0.7287549856627709,1,4.937837681422422,81.7371418476149,0.5178356101428896,0.11666666666666667
M-01,2026-01-30 00:00:00+00:00,79.5510734848029,4.809935854333438,5.647813802207638,1582.6899910642162,0.578402726816742,1,4.922607313658811,81.13737910864235,0.5204617191951214,0.058333333333333334
M-01,2026-01-30 01:00:00+00:00,81.08174455195812,5.158445040264983,5.636815135415589,1674.141906351642,0.6897943832864872,1,4.992256786275442,81.0949260221153,0.5191858290843192,0.13333333333333333
M-01,2026-01-30 02:00:00+00:00,85.20742192506559,5.077237099449463,5.408557774416018,1647.6617923479405,0.6787212858281779,1,4.908602705575988,82.46405303766805,0.44012407495027855,0.06666666666666667
M-01,2026-01-30 03:00:00+00:00,88.23136513189188,5.517004756943846,5.668171305346121,1604.2714866400202,0.5924287240696032,1,4.908840780260703,83.27518328642425,0.44051827833395846,0.11666666666666667
M-01,2026-01-30 04:00:00+00:00,86.96676991421778,5.4011131068297775,5.677812553088021,1736.231970293947,0.8685297524806515,1,5.09935416742784,83.83668024237865,0.33802090434640575,0.075
M-01,2026-01-30 05:00:00+00:00,92.37023620282288,5.70864032906623,5.449967541680807,1742.4514716946153,0.9891538931655534,1,5.27872936448129,85.56810186845985,0.3260095664827138,0.11666666666666667
M-01,2026-01-30 06:00:00+00:00,89.84867998239406,6.566868773139047,5.582214732811838,1764.2736555911456,0.9745220580750338,1,5.571551517615558,87.28436961805839,0.5397180908538278,0.08333333333333333
M-01,2026-01-30 07:00:00+00:00,91.89289842618648,5.637256855830564,4.431478367839773,1741.4275110948647,0.9081048543251364,1,5.651353486876488,89.08622859709645,0.5003854898031942,0.09166666666666666
M-01,2026-01-30 08:00:00+00:00,92.37143305572592,4.25902732925431,5.753218263656158,1677.7978543146496,0.7945730177859374,1,5.514985191843962,90.28023045220651,0.7415271840700287,0.08333333333333333
M-01,2026-01-30 09:00:00+00:00,93.15214606578824,5.73730475041907,5.651495789525031,1731.15043750499,0.98731171839102,1,5.551701857423166,91.1003606078559,0.7470804574968398,0.125
M-01,2026-01-30 10:00:00+00:00,93.87162039081848,6.139699222607792,4.9967534749585765,1615.5414920894234,0.7673222752623028,1,5.674799543386169,92.25116902062267,0.7775335025309895,0.08333333333333333
M-01,2026-01-30 11:00:00+00:00,88.81790713599892,5.854332335715959,5.126977634512463,1680.5482755872947,0.7238536557504318,1,5.699081544494457,91.65911417615202,0.7810686101834962,0.13333333333333333
M-01,2026-01-30 12:00:00+00:00,88.5148964077877,4.841241447760347,5.393204065567389,1654.4208016598595,0.7261780787579941,1,5.411476990264673,91.43681691371762,0.7123029620538939,0.10833333333333334
M-01,2026-01-30 13:00:00+00:00,89.00232995503225,5.628005468326717,5.542156709219325,1639.7673031943775,0.5848462383671973,1,5.409935092347365,90.95505550185858,0.7117262561091229,0.125
M-01,2026-01-30 14:00:00+00:00,89.36376750152347,5.517352372186332,5.589041139808973,1643.3235725889783,0.7507328018141017,1,5.619655932836037,90.4537779094915,0.4372239987521347,0.06666666666666667
M-01,2026-01-30 15:00:00+00:00,90.08322606792878,5.7294024655862845,5.317556403885622,1631.321767830432,0.8254994538672786,1,5.618338885363905,89.9422912431816,0.43681043369218775,0.10833333333333334
M-01,2026-01-30 16:00:00+00:00,92.31725078007264,5.663599581159077,5.91329486892974,1604.019168082766,0.6208855035928658,1,5.538988945122452,89.68322964139061,0.3595748117281461,0.125
M-01,2026-01-30 17:00:00+00:00,87.41487756523252,6.6263170888386655,5.7754399402398136,1767.204504542338,0.9890812109753472,1,5.667653070642904,89.44939137959624,0.5709613859268134,0.125
M-01,2026-01-30 18:00:00+00:00,90.38853161667868,5.850070716065043,5.785088302085611,1696.793389472199,0.7820900543296231,1,5.83579128202702,89.76166391441139,0.402661594706675,0.1
M-01,2026-01-30 19:00:00+00:00,92.25761536318018,5.764756635278858,4.950237189135191,1736.657002913294,0.9897367284614608,1,5.858583143185711,90.30421148243606,0.39228458096430185,0.10833333333333334
M-01,2026-01-30 20:00:00+00:00,90.86895766736728,5.627693634016828,5.461635427756349,1635.6845085724694,0.5721029396875181,1,5.876973353490793,90.55507651007667,0.3753074179039672,0.10833333333333334
M-01,2026-01-30 21:00:00+00:00,88.71290792163734,6.497018838046395,4.615666390974757,1615.873835205933,0.5784978154161512,1,6.004909415567478,90.32669015236144,0.44017080997073005,0.19166666666666668
M-01,2026-01-30 22:00:00+00:00,92.23811011936004,6.136593039712294,5.276323699432171,1718.3228285554026,0.8058563716166809,1,6.08374165865968,90.31350004224267,0.40799822260636764,0.125
M-01,2026-01-30 23:00:00+00:00,95.79766138706992,6.215488346572895,6.173376016707756,1682.4091168598443,0.791748497662453,0,6.015270201615386,91.71063067921557,0.32470041515629633,0.125
M-02,2026-01-01 00:00:00+00:00,57.52128696735721,2.028584337689142,6.410582101712587,1629.2529508014163,0.6994528832404991,0,2.028584337689142,57.52128696735721,0.0,0.025
M-02,2026-01-01 01:00:00+00:00,57.94337540757769,2.465138882719049,6.501741858647853,1712.6175687880095,0.8719947987028669,0,2.2468616102040952,57.73233118746745,0.3086906791484555,0.05
M-02,2026-01-01 02:00:00+00:00,52.3874517960186,1.6440254941496135,6.338385024882594,1608.6722354904562,0.6378148992422418,0,2.0459162381859346,55.95070472365117,0.41083098143046387,0.025
M-02,2026-01-01 03:00:00+00:00,59.19584998276612,2.0375397575756207,6.313960484677002,1590.230589839504,0.6802372601002118,0,2.043822118033356,56.761991038429905,0.33546823728275554,0.03333333333333333
M-02,2026-01-01 04:00:00+00:00,56.44646870562045,1.6147375853707364,6.144122692526524,1670.9496481011265,0.6197360469174515,0,1.9580052115008322,56.698886571868016,0.34817655134034964,0.03333333333333333
M-02,2026-01-01 05:00:00+00:00,57.63911362879693,2.079424685207589,6.278284927052063,1661.0942656825869,0.7650059080682721,0,1.9782417904519585,56.85559108135616,0.3153389343047862,0.041666666666666664
M-02,2026-01-01 06:00:00+00:00,58.19426870752983,1.945875510245752,6.399938786571278,1598.613564777924,0.6293810236844868,0,1.9644569858780603,56.96775470471827,0.3145047842089549,0.016666666666666666
M-02,2026-01-01 07:00:00+00:00,56.5148972068737,1.6741596543978654,5.96955187070389,1672.307665599989,0.6764556733756879,0,1.8326271144911963,56.72967500460094,0.21160424634329777,0.05
M-02,2026-01-01 08:00:00+00:00,62.12928956109425,1.6943685058222178,6.182738184384204,1592.2800177870931,0.6505743794833484,0,1.8410176164366299,58.35331463211355,0.2034719901562908,0.06666666666666667
M-02,2026-01-01 09:00:00+00:00,63.39281621557458,2.2547090388689086,6.235833154518542,1725.3174953447287,0.9819162248215948,0,1.8772124966521784,59.05280900424828,0.25755134587265893,0.016666666666666666
M-02,2026-01-01 10:00:00+00:00,60.960494207036,1.7484737066779912,6.217865820272147,1588.6157977710632,0.5689137886443966,0,1.8995018502033874,59.805146587817546,0.2351013330908705,0.025
M-02,2026-01-01 11:00:00+00:00,58.077123913159625,1.6683264362735464,5.830823274243238,1562.6597983440197,0.6211226310034808,0,1.8309854753810468,59.87814830187799,0.23206295173613292,0.06666666666666667
M-02,2026-01-01 12:00:00+00:00,56.98275183616367,2.4542532682252545,6.17132925939836,1626.055488891683,0.5881842943449423,0,1.9157151017109637,59.67622882331697,0.34682976569494905,0.041666666666666664
M-02,2026-01-01 13:00:00+00:00,62.10066219244377,1.6636078549242994,6.308497353092653,1652.390697590419,0.8148311994810817,0,1.9139564684653696,60.60718965424531,0.3483230985365261,0.025
M-02,2026-01-01 14:00:00+00:00,66.15205817044702,1.7754824602473624,5.994424995795374,1739.290446170722,0.931307780088634,0,1.9274754608695606,61.27765108913744,0.3395598632202797,0.058333333333333334
M-02,2026-01-01 15:00:00+00:00,63.07001109914745,3.1329707147881343,6.086386826356823,1753.358424814308,0.8997187372331543,0,2.0738524068560977,61.223850236399585,0.5990132276173461,0.025
M-02,2026-01-01 16:00:00+00:00,56.35802929006409,1.8308662198774772,6.269552764495915,1678.9871907560998,0.9283501445231944,0,2.087584492389346,60.456772750237604,0.5909524180163767,0.025
M-02,2026-01-01 17:00:00+00:00,59.81845810843786,1.948953803591412,6.024456819307356,1568.324449700268,0.5775082310620413,0,2.1343557202756567,60.74699511611731,0.5615050606196962,0.025
M-02,2026-01-01 18:00:00+00:00,60.80983626354213,3.2024400535913338,5.950353365976803,1645.502134712658,0.5622913526820633,0,2.2590535178366697,61.384842520680394,0.7101566197816461,0.075
M-02,2026-01-01 19:00:00+00:00,67.94942498582735,2.98873090728015,6.01901148782171,1645.502134712658,0.909021035721983,0,2.479907359895978,62.359636319577646,0.693805039037368,0.05
M-02,2026-01-01 20:00:00+00:00,66.88169625185263,3.364055480134904,6.232738365723391,1751.14119420336,0.9466249169596752,0,2.7446695298772354,62.48124266647858,0.6740529030166961,0.05
M-02,2026-01-01 21:00:00+00:00,66.03826645832811,2.1228927991279702,5.956441343264489,1766.3737411549369,0.8305879394666836,0,2.5763232106005414,62.97595189300869,0.6837429595601185,0.058333333333333334
M-02,2026-01-01 22:00:00+00:00,66.8765365290893,2.192007241620576,5.984452835372652,1657.271508338914,0.6101562355982801,0,2.6365133808910577,64.72903643284623,0.617701816921023,0.008333333333333333
M-02,2026-01-01 23:00:00+00:00,65.52086690507103,2.5101885207417567,6.467243238100024,1587.78909287289,0.5971589601145278,0,2.730052500416115,65.67943789895175,0.5288667260858448,0.06666666666666667
M-02,2026-01-02 00:00:00+00:00,62.25968680142457,2.6510448171250305,6.16955818324287,1605.422451717082,0.6726558658756512,0,2.6381532943383976,65.9210796552655,0.4755879516896251,0.041666666666666664
M-02,2026-01-02 01:00:00+00:00,65.38509930256878,2.796691705036777,6.082882293231016,1691.8831564578545,0.8175637986862658,0,2.606146760631169,65.49369204138907,0.4532113755705576,0.041666666666666664
M-02,2026-01-02 02:00:00+00:00,66.83811473198574,2.8168293273866047,5.942893611824803,1726.243656018937,0.8997307672740754,0,2.514942401839786,65.4864284547446,0.29901667551906497,0.09166666666666666
M-02,2026-01-02 03:00:00+00:00,65.35424212200742,2.5174209128602314,6.446764954297422,1639.2923458565713,0.6818062320605652,0,2.580697087461829,65.37242439869114,0.23126436869316117,0.06666666666666667
M-02,2026-01-02 04:00:00+00:00,65.62429765129481,2.4021647544100966,5.987739978306967,1561.1749002813026,0.5542005579490112,0,2.615723339593416,65.16371791905873,0.16783861819600168,0.058333333333333334
M-02,2026-01-02 05:00:00+00:00,63.68939501197259,3.6676448612883226,6.225823841425512,1686.2854169194427,0.6860544004640274,0,2.808632729684511,64.85847260354232,0.45010356628062415,0.058333333333333334
M-02,2026-01-02 06:00:00+00:00,65.7033271830546,2.593066743034311,6.294720217591657,1621.4246735216225,0.6261851269087528,0,2.798969717336057,65.43241266714732,0.45476160863960857,0.08333333333333333
M-02,2026-01-02 07:00:00+00:00,75.52838181663833,3.052604539383199,6.329379980275417,1780.6045853394646,0.9177724986752248,0,2.8416218563937945,67.12295975282558,0.46635840450882166,0.058333333333333334
M-02,2026-01-02 08:00:00+00:00,64.60999254462604,2.6358035653882306,6.148910995610351,1592.853084085593,0.5706716486980253,0,2.8114508960607316,66.75160605493231,0.47407501212644226,0.05
M-02,2026-01-02 09:00:00+00:00,63.34567747972935,3.839961304954306,5.880543138530294,1650.159303492577,0.6615007364978626,0,3.0318742947430777,66.41684528121928,0.6005991621164506,0.05
M-02,2026-01-02 10:00:00+00:00,68.91899074443204,2.3441325635345853,5.974328019342609,1638.7951173831514,0.6622010781357008,0,3.022202262930492,66.96596079674215,0.6131052213344608,0.1
M-02,2026-01-02 11:00:00+00:00,69.40071588455159,2.7323717124483675,6.120549025827221,1659.8137833049016,0.798697610246641,0,2.8663234047904997,67.91784760883866,0.5293593017725462,0.06666666666666667
M-02,2026-01-02 12:00:00+00:00,73.97379058932034,3.353709622954052,5.965350575986039,1639.09671614204,0.7271970901301822,0,2.9930972181104565,69.29625817654961,0.5417661628166015,0.05
M-02,2026-01-02 13:00:00+00:00,74.04779308740419,3.7366811443100394,6.086039349129216,1675.8656345476013,0.926211791609977,0,3.1071099855982633,69.04949338834392,0.6227255162559309,0.09166666666666666
M-02,2026-01-02 14:00:00+00:00,69.62326566337771,3.0058009425819643,5.454987544037924,1638.9773255943085,0.8174452801542955,0,3.1687762151305527,69.88503890813587,0.5838240797120973,0.05
M-02,2026-01-02 15:00:00+00:00,70.36907141425638,3.5514499204315864,5.80835487482808,1759.2082828008363,0.9172520206935773,0,3.120690984376766,71.05560456389038,0.5265604207848554,0.075
M-02,2026-01-02 16:00:00+00:00,71.82562718085768,2.9107908016879755,5.888990902196146,1590.863343483056,0.668886248455886,0,3.215134024068997,71.54004396996132,0.3934024816697666,0.1
M-02,2026-01-02 17:00:00+00:00,73.84598315242975,2.964402145500744,5.909983136847753,1717.6546090442648,0.8503430390130082,0,3.2538057629110604,72.280921847941,0.3448656457283949,0.08333333333333333
M-02,2026-01-02 18:00:00+00:00,73.03835291331704,3.6930095471352313,6.284752888020687,1643.3510839785115,0.84342181744219,0,3.3103557502745904,72.12501556860713,0.3894594573042909,0.06666666666666667
M-02,2026-01-02 19:00:00+00:00,71.87269861312323,2.7998536809151218,5.744202285088639,1567.3686023496678,0.7550833288597724,1,3.1542178397087706,71.76249982289363,0.37174671025966677,0.1
M-02,2026-01-02 20:00:00+00:00,69.03285612142308,3.4849572588463937,6.111556934070314,1538.421411683026,0.5705112941503951,0,3.234077225752842,71.66409823256787,0.384726900990079,0.125
M-02,2026-01-02 21:00:00+00:00,71.74381940840587,3.6091937932610656,5.5557756407235335,1700.9686091978972,0.8384789634018412,0,3.2437012045577553,71.89322289825944,0.39484306447256484,0.03333333333333333
M-02,2026-01-02 22:00:00+00:00,73.22149760470388,3.884654937559011,5.500094280380312,1621.5978974964007,0.5838776948252293,0,3.4060118938695947,72.12586796890048,0.42928522456065255,0.06666666666666667
M-02,2026-01-02 23:00:00+00:00,76.94939954514561,3.523965091816162,6.188253863664998,1691.702519377212,0.6889882397118674,0,3.4992723849221643,72.64310403435312,0.37098185724740596,0.1
M-02,2026-01-03 00:00:00+00:00,66.96047797019183,4.357879674199131,5.873365472776339,1590.9243887620175,0.6200180006879104,0,3.6100840727661474,71.63012487716558,0.5126664998288551,0.03333333333333333
M-02,2026-01-03 01:00:00+00:00,73.1175940619187,4.156487490276,5.55754192682961,1637.5564294609885,0.689680746563531,0,3.8361897076596274,71.83760745196483,0.3604096442210518,0.08333333333333333
M-02,2026-01-03 02:00:00+00:00,78.37127514645137,4.487738272096221,5.55754192682961,1548.6169742290992,0.658294064004594,0,4.003319876534598,73.39401062280287,0.3957352389840243,0.11666666666666667
M-02,2026-01-03 03:00:00+00:00,70.61134027717783,3.891699762216203,5.896877868006192,1689.0551304212047,0.678914731627291,0,4.050404204693788,73.20526410093153,0.35407738519239446,0.09166666666666666
M-02,2026-01-03 04:00:00+00:00,77.15029737865977,4.250423721458929,5.7629357161421,1755.100972100564,0.9096473711130312,0,4.111365668677108,73.86006406325751,0.3513093111515047,0.09166666666666666
M-02,2026-01-03 05:00:00+00:00,76.61323033121406,3.954914814761648,6.002923568296136,1605.0853272794188,0.5710622238169617,0,4.183190622501356,73.8040358609356,0.23046719877322958,0.1
M-02,2026-01-03 06:00:00+00:00,79.79251997216772,3.900144673647899,5.625362880856173,1792.130803990766,0.9979340776950252,0,4.1069014557428165,75.94270952793157,0.23675057387170542,0.09166666666666666
M-02,2026-01-03 07:00:00+00:00,77.33067077541824,3.1870333497252594,5.625468444311906,1660.9469642279032,0.6494599872748757,0,3.945325765651026,76.6448889801815,0.43984372384261256,0.09166666666666666
M-02,2026-01-03 08:00:00+00:00,68.6115025808211,4.138991878107297,5.841466854703089,1663.1150591506023,0.7052283243190297,0,3.8872013666528726,75.01826021924312,0.37157423711314236,0.075
M-02,2026-01-03 09:00:00+00:00,78.42825655156425,3.747746242082916,5.69942979814323,1653.2264381609698,0.849661615271122,0,3.8632091132973247,76.32107959830752,0.37584858528689075,0.15833333333333333
M-02,2026-01-03 10:00:00+00:00,83.4365572547044,4.273488243653664,5.795921183888913,1659.4564440388372,0.7926537509450549,0,3.86705320032978,77.36878957764829,0.3806877842306781,0.08333333333333333
M-02,2026-01-03 11:00:00+00:00,72.26516321645417,4.209298927565697,5.714555153363096,1653.572766472314,0.7014446541493404,1,3.909450552463788,76.64411172518831,0.4057691972107132,0.06666666666666667
M-02,2026-01-03 12:00:00+00:00,76.92003268857087,4.178035086151767,5.523731390095107,1684.1272067038797,0.7147861601331814,0,3.9557656212144336,76.16536384458884,0.4201008797469305,0.09166666666666666
M-02,2026-01-03 13:00:00+00:00,80.04385412069504,4.973231712478727,5.678511646542472,1679.7269632573891,0.720106798301357,1,4.253465348340011,76.61756106880163,0.39873824052393086,0.08333333333333333
M-02,2026-01-03 14:00:00+00:00,80.04385412069504,3.423403447519275,5.792260997021408,1683.7052503402986,0.7674681169397877,1,4.134200609908674,78.52295299211396,0.5264057444764527,0.10833333333333334
M-02,2026-01-03 15:00:00+00:00,85.80441041171377,4.432878625736784,5.797255026354404,1721.6449935018982,0.8595220732193016,0,4.248389340517652,79.75231196880556,0.49942811707550355,0.10833333333333334
M-02,2026-01-03 16:00:00+00:00,80.63097562076642,4.035900428618037,6.066078581344631,1750.2507580774195,0.9585753609449156,1,4.208791371345048,79.2847150298159,0.5064100726474541,0.08333333333333333
M-02,2026-01-03 17:00:00+00:00,82.30257834281456,4.175475339524708,5.618720111887812,1617.646832925191,0.7193263349568391,1,4.20315410667155,80.95761755087595,0.5065915191234336,0.06666666666666667
M-02,2026-01-03 18:00:00+00:00,81.36624967199182,4.186415372498238,6.055446908436441,1731.4688238517258,0.9171689779896623,1,4.204550821062629,81.69865371477944,0.5065199603968734,0.08333333333333333
M-02,2026-01-03 19:00:00+00:00,85.07241520071727,5.002792722058974,5.8155031397266965,1726.1556279099875,0.9171689779896623,1,4.209477655992669,82.53674722811648,0.5155553372559913,0.09166666666666666
M-02,2026-01-03 20:00:00+00:00,82.30931694016668,4.825417236417003,6.017680498665426,1594.493579465241,0.6034860953066036,1,4.443146620808958,82.91432436469509,0.3906016701607997,0.1
M-02,2026-01-03 21:00:00+00:00,80.52139791530392,4.612395009583544,5.536353978187794,1599.9099505541087,0.6203929726150144,1,4.473066018116751,82.03382228196011,0.3964888111991189,0.125
M-02,2026-01-03 22:00:00+00:00,84.44220129321111,5.572515695867683,5.7580296171932455,1580.0564763220873,0.7744005250429874,1,4.729168562658359,82.66902656070089,0.5310671611710152,0.1
M-02,2026-01-03 23:00:00+00:00,86.56619630806784,5.051938141958269,5.560168291757683,1723.449950280332,0.9343662878828768,1,4.875245696397285,83.37962955490977,0.46470086945049577,0.03333333333333333
M-02,2026-01-04 00:00:00+00:00,85.65032797547073,5.608366375124398,5.831001443422842,1750.8619749245845,0.9357582307404468,1,5.112237530168311,84.09364260548959,0.4014280581000155,0.058333333333333334
M-02,2026-01-04 01:00:00+00:00,84.33436754738567,5.502435692675909,5.340795108451444,1661.782613497103,0.8664577286077627,1,5.195511358604468,83.97063466326766,0.42529793936427135,0.125
M-02,2026-01-04 02:00:00+00:00,89.09930235544236,5.2581341641574495,5.4740009815077535,1689.5421031583935,0.8317460403141448,1,5.267630846561209,85.10229889914693,0.3847431141362349,0.075
M-02,2026-01-04 03:00:00+00:00,80.86360569403716,5.056678438668398,5.804399261770456,1610.6367470218931,0.5764002095496435,1,5.341678084742018,85.15933352893582,0.25393120124118684,0.075
M-02,2026-01-04 04:00:00+00:00,86.7511584581002,5.022152558626561,5.75344189009508,1716.3162761328806,0.9204814726487875,1,5.249950895201831,85.54415972308401,0.25327162104841794,0.11666666666666667
M-02,2026-01-04 05:00:00+00:00,87.59349634995998,5.289217358262567,5.453555567011439,1783.2304547008366,0.9769475823423456,1,5.289497431252547,85.71537639673268,0.23395803202070595,0.125
M-02,2026-01-04 06:00:00+00:00,86.00246405694838,5.993880130899441,5.748666728225322,1724.2666800108072,0.951977793868292,1,5.35374972388172,85.77406574364562,0.3587169483819453,0.09166666666666666
M-02,2026-01-04 07:00:00+00:00,87.43483363214331,5.352552576346194,5.616887030758022,1701.729238457451,0.9452722334162412,1,5.328769204493436,86.29081009110523,0.3514367661570941,0.08333333333333333
M-02,2026-01-04 08:00:00+00:00,83.66475449162472,5.406272448455981,5.445942634936271,1765.6784036265135,0.9419886369368636,1,5.35345891854319,85.3850521138023,0.350684745906371,0.1
M-02,2026-01-04 09:00:00+00:00,85.15461034125721,5.954779436997847,5.504563857012151,1673.7580254721304,0.602556322497993,1,5.5031424182647655,86.10021955500564,0.3883235164662461,0.08333333333333333
M-02,2026-01-04 10:00:00+00:00,88.04525267007587,5.431759365236907,5.716630956731972,1573.2507772734991,0.6282219921105271,1,5.5714102193664905,86.31590192366825,0.31615094698095275,0.11666666666666667
M-02,2026-01-04 11:00:00+00:00,92.22589500242282,4.641898304280568,5.837060969488962,1659.4128843003343,0.7551931822723271,1,5.46352371036949,87.08796836574538,0.4928041604678447,0.125
M-02,2026-01-04 12:00:00+00:00,82.82889912090991,5.653890228748596,5.470974007771973,1617.9119155799522,0.5592854296146463,1,5.406858726677682,86.55904087640563,0.4358843101406079,0.11666666666666667
M-02,2026-01-04 13:00:00+00:00,89.44800120967024,5.749598385538057,5.53079844745325,1702.9527515869722,0.9444957601757324,1,5.4730330282096595,86.89456880599346,0.45568031465627273,0.125
M-02,2026-01-04 14:00:00+00:00,86.75534939752588,5.558189797775948,5.728256848518316,1632.6708075574356,0.6780533811724534,1,5.498352586429654,87.40966795697699,0.45544944089314315,0.13333333333333333
M-02,2026-01-04 15:00:00+00:00,96.5143720983265,5.931188037967486,5.7610944447106665,1695.8367111827472,0.741639951178942,1,5.494420686591261,89.30296158315521,0.45079912715525683,0.058333333333333334
M-02,2026-01-04 16:00:00+00:00,85.28072580122563,5.790366162376667,5.286934371270688,1579.2809031199708,0.5525197474889083,1,5.554188486114554,88.84220710501349,0.4643971165940946,0.125
M-02,2026-01-04 17:00:00+00:00,94.33815388208028,5.890222971944278,4.965107834232699,1723.3608387359209,0.9985001671639078,0,5.762242597391839,89.19425025162307,0.1408901202955144,0.08333333333333333
M-02,2026-01-04 18:00:00+00:00,55.76773885551085,1.4867739872970611,6.148883444182616,1662.998310701932,0.7267383519495415,0,5.067723223816583,84.68405687405657,1.7591474508108402,0.0
M-02,2026-01-04 19:00:00+00:00,56.31371140542901,1.768051478982645,6.577236072309487,1613.128285391196,0.6697728182638053,0,4.404132072724014,79.16167524001635,2.1565601944348307,0.016666666666666666
M-02,2026-01-04 20:00:00+00:00,56.95515607748112,1.2181306658664062,6.274396186331275,1575.7748351700932,0.7443316005106139,0,3.680788884072424,74.19497635334223,2.405542054566441,0.016666666666666666
M-02,2026-01-04 21:00:00+00:00,55.48003219277295,2.288487662095392,6.029742872377264,1706.502496361754,0.9320795418868332,0,3.073672154760408,67.35591970241664,2.172363914460129,0.016666666666666666
M-02,2026-01-04 22:00:00+00:00,57.49549865457029,2.198128969433794,6.138198914872932,1571.551844497432,0.9320795418868332,0,2.474965955936596,62.72504851130742,1.722282192181996,0.016666666666666666
M-02,2026-01-04 23:00:00+00:00,58.306440824347376,1.511157673365278,5.959205304251233,1567.8983970448612,0.6103759623880863,0,1.7451217395067626,56.719763001685266,0.424308893652493,0.016666666666666666
M-02,2026-01-05 00:00:00+00:00,51.27920906960277,1.4656432068887966,6.702527439063178,1712.176285348913,0.9136831645170662,0,1.741599942772052,55.971674704033916,0.4269614635940943,0.008333333333333333
M-02,2026-01-05 01:00:00+00:00,54.2121625974456,1.5450972697079786,6.2524665700205615,1659.1924244277852,0.835800940888737,0,1.7044409078929406,55.62141656937002,0.43384543572258516,0.03333333333333333
M-02,2026-01-05 02:00:00+00:00,53.36584129428466,2.205446462217863,6.166848834841955,1615.9386899886822,0.6195316186702664,0,1.8689935406181837,55.023197438837265,0.3982845241357652,0.041666666666666664
M-02,2026-01-05 03:00:00+00:00,58.90816707731106,0.8425249433304719,6.377243185478211,1558.4568292304689,0.6995868102585026,0,1.6279997541573634,55.594553252926964,0.5142659318713987,0.025
M-02,2026-01-05 04:00:00+00:00,60.08348836028564,1.244894834875513,5.961747990894944,1645.0547805308784,0.7690237198347732,0,1.46912739839765,56.02588487054618,0.4455618358738051,0.025
M-02,2026-01-05 05:00:00+00:00,58.43066657639374,0.9496670180865372,6.243886715316619,1648.8861961064877,0.679960480067101,0,1.3755456225178602,56.046589162553914,0.4915595585428886,0.03333333333333333
M-02,2026-01-05 06:00:00+00:00,60.7714168115804,1.6508431047747498,5.757035155634277,1741.846666083367,0.963363452081109,0,1.406412272165519,57.62862378621685,0.5040056798567005,0.008333333333333333
M-02,2026-01-05 07:00:00+00:00,58.89587131382915,2.558804144669061,6.226284144714778,1613.9155534231588,0.5557808118501525,0,1.5753634179923661,58.4092419056141,0.6939186101915292,0.06666666666666667
M-02,2026-01-05 08:00:00+00:00,60.05483607085012,2.506940002214675,6.094127862806232,1711.7553412202406,0.9148933080597816,0,1.6256123413251682,59.52407436837502,0.7567424597212605,0.05
M-02,2026-01-05 09:00:00+00:00,56.71819418490518,3.15114896967174,5.94976900982758,1688.805814907642,0.8316294793196439,0,2.010383012382046,59.15907888630738,0.8589576319493859,0.016666666666666666
M-02,2026-01-05 10:00:00+00:00,58.04978547934981,1.9609429503743008,6.152450010005784,1564.2590976732963,0.5809050934971266,0,2.129724364965177,58.820128406151404,0.7771819718227274,0.075
M-02,2026-01-05 11:00:00+00:00,61.31870560695043,1.9585869229540416,6.109472940128976,1606.782819666314,0.6363524224564334,0,2.2978776824430946,59.30146824457751,0.5453729989088567,0.075
M-02,2026-01-05 12:00:00+00:00,59.71113546952671,2.661953579670079,5.893871460496485,1662.500750195058,0.8077168611699372,0,2.4663960949256496,59.124754687568576,0.4540187929730524,0.058333333333333334
M-02,2026-01-05 13:00:00+00:00,56.95845189801936,2.8119041104207043,5.970094802163255,1627.2629862333388,0.5930928333369254,0,2.5085794225509237,58.80185145160027,0.475568136905794,0.03333333333333333
M-02,2026-01-05 14:00:00+00:00,57.26960544854269,2.8119041104207043,6.389904310073709,1625.807719659589,0.771224315193098,0,2.559406773918595,58.33764634788236,0.4913914783327414,0.06666666666666667
M-02,2026-01-05 15:00:00+00:00,62.36577817719088,2.472989099865064,5.934427116628641,1613.2651754136082,0.7068818905117835,0,2.4463801289508154,59.27891034659664,0.3969853846700705,0.058333333333333334
M-02,2026-01-05 16:00:00+00:00,52.56680610651895,2.611719387366626,5.89697877731903,1619.3005335258488,0.5798593651404709,0,2.5548428684495366,58.36508045112484,0.3190892662187113,0.03333333333333333
M-02,2026-01-05 17:00:00+00:00,65.77348748828034,2.418579529124972,6.546983217458551,1652.387521704516,0.8273179157457564,0,2.6315083028113584,59.10754409801316,0.16545138937453047,0.05
M-02,2026-01-05 18:00:00+00:00,63.76206233936111,2.921003764631803,6.0314890718946845,1818.090784371332,0.9876079830409172,0,2.674683333638312,59.78269857631889,0.20423859529481223,0.041666666666666664
M-02,2026-01-05 19:00:00+00:00,63.46866679657993,2.9807357372694505,5.834303932010486,1556.829725770236,0.5792849322298822,0,2.7028219381131033,60.86773439274565,0.23607408365040508,0.041666666666666664
M-02,2026-01-05 20:00:00+00:00,63.33555982399943,2.499290874407668,5.834303932010486,1686.3699418464869,0.8372560652928056,0,2.6507197321109306,61.87872678865511,0.2416166381741356,0.05
M-02,2026-01-05 21:00:00+00:00,66.97649812641897,2.784492427187345,6.213867397834008,1627.1686246265842,0.7987878880908386,0,2.702636953331311,62.64718011352645,0.2289225058253873,0.041666666666666664
M-02,2026-01-05 22:00:00+00:00,68.9143107929794,3.511673559262071,5.685164002873401,1711.9482952196308,0.9301285260464808,0,2.852629315313885,65.37176422793654,0.3932723083013155,0.058333333333333334
M-02,2026-01-05 23:00:00+00:00,64.42407239077805,2.5172299625800405,6.352387711257072,1621.6170852284272,0.7433330931992989,0,2.869071054223063,65.14686171168616,0.37303808562577634,0.05
M-02,2026-01-06 00:00:00+00:00,65.5990694911245,2.14010497145039,6.069263014078038,1741.022228413754,0.9908982435023838,0,2.7389212553594944,65.45302957031338,0.4738877059375761,0.03333333333333333
M-02,2026-01-06 01:00:00+00:00,64.8151938674037,3.201365934694518,6.026602613022851,1649.5681031730162,0.7154712121746105,0,2.7756929549303386,65.67745074878401,0.5040070792442929,0.05
M-02,2026-01-06 02:00:00+00:00,66.66185343011725,2.590889646920811,6.194404980345177,1577.4158113724766,0.58817701431165,0,2.7909594170158627,66.23183301647032,0.4952719339894328,0.05
M-02,2026-01-06 03:00:00+00:00,67.97459180934361,2.845796959720673,6.436566930222662,1593.2422328137156,0.6675274378074658,0,2.8011768391047505,66.39818196362442,0.4957439667481129,0.10833333333333334
M-02,2026-01-06 04:00:00+00:00,62.2971099076716,2.2658252237392005,6.197776504868584,1657.1785093265134,0.7352136202741617,0,2.5935354498509384,65.29531514940645,0.3877928535619106,0.075
M-02,2026-01-06 05:00:00+00:00,65.06572192162197,3.691330252960776,5.8463907476008,1607.131408320252,0.7240174135804782,0,2.7892188315810613,65.40225673788044,0.5867700526447721,0.025
M-02,2026-01-06 06:00:00+00:00,74.7171772410388,2.742198569364949,6.235697823574736,1766.3232725713092,0.9384181885723814,0,2.8895677645668214,66.92194136286615,0.4983850168174383,0.058333333333333334
M-02,2026-01-06 07:00:00+00:00,68.4744022964815,3.261712481894928,5.666745251055537,1561.8154403803107,0.5751733932885026,0,2.8996255224335563,67.53180943437913,0.5064789760140084,0.06666666666666667
M-02,2026-01-06 08:00:00+00:00,67.78426048801053,2.9715338808778404,5.588238661511193,1662.2528928860747,0.8591042149834314,0,2.963066228093061,67.71887727736133,0.48338584962720355,0.058333333333333334
M-02,2026-01-06 09:00:00+00:00,67.29162061398435,3.3474640334749908,6.570422467023165,1602.2436727242211,0.5798407679294387,0,3.046677407052114,67.60504874480145,0.5020705157834662,0.09166666666666666
M-02,2026-01-06 10:00:00+00:00,62.79012834577225,3.3474640334749908,5.595737630909457,1631.5980461418692,0.6602413865455731,0,3.2269505420080793,67.6872184844849,0.33049237734767184,0.058333333333333334
M-02,2026-01-06 11:00:00+00:00,74.1300602521083,2.906517077603766,5.580911204563713,1708.1673139936686,0.7906608609311808,0,3.0961483461152444,69.19794153956595,0.25709914814635026,0.06666666666666667
M-02,2026-01-06 12:00:00+00:00,66.17958112494662,2.934614891790649,6.070604156887479,1658.5433438101188,0.6793733299584997,0,3.1282177331861942,67.7750088535506,0.21219886840872096,0.08333333333333333
M-02,2026-01-06 13:00:00+00:00,71.78233229853281,3.568328837375123,6.023583091789796,1701.7126870253685,0.8763020599703397,0,3.1793204590995603,68.32633052055914,0.27761477024561887,0.05
M-02,2026-01-06 14:00:00+00:00,69.36901583606831,3.083314700790855,6.28555322402818,1594.373826040808,0.6981371519793553,0,3.1979505957517294,68.59045641190211,0.26431388721817334,0.06666666666666667
M-02,2026-01-06 15:00:00+00:00,72.45910144873504,3.1275236262401696,5.542173076313409,1738.323608103498,0.9805998701422864,0,3.161293861212592,69.45170321769389,0.25450050991470513,0.06666666666666667
M-02,2026-01-06 16:00:00+00:00,68.74042670352286,2.3517954961321985,5.566896978919506,1693.1716319040193,0.6324312716351543,0,2.9953491049887937,70.44341961065233,0.3947796461452361,0.041666666666666664
M-02,2026-01-06 17:00:00+00:00,66.9144557702218,3.30169495949656,6.099542041125156,1593.6089459437592,0.6351878616402562,0,3.061212085304259,69.24081886367124,0.40967887557972416,0.05
M-02,2026-01-06 18:00:00+00:00,71.0571500808639,3.294898971167203,6.101615646799111,1662.8587730826662,0.5931457919654886,0,3.1212594318670184,70.05374702299079,0.4137952425354271,0.058333333333333334
M-02,2026-01-06 19:00:00+00:00,69.90367443528366,3.8138935623932753,6.048268515123761,1651.5025826031656,0.8254370147058532,0,3.1621868860367104,69.74063737911594,0.4745425502785571,0.09166666666666666
M-02,2026-01-06 20:00:00+00:00,70.12838380436024,3.686359258882505,5.9515207538281,1711.7542081057272,0.8979850036042283,0,3.2626943123853187,69.86719870716458,0.5165033510958845,0.08333333333333333
M-02,2026-01-06 21:00:00+00:00,72.3593226820121,3.627848690865933,5.746036777287216,1830.140070245328,0.9632906801253648,0,3.346081823156279,69.85056891271076,0.5305137703173298,0.075
M-02,2026-01-06 22:00:00+00:00,72.06054309582386,4.542339205886534,5.565142903617526,1734.1488831310508,0.9121188648615342,0,3.7111724414486686,70.40392164476093,0.45823657006407237,0.1
M-02,2026-01-06 23:00:00+00:00,76.34995159737879,4.229846565190364,5.770716122709136,1655.747374887918,0.7113050404446528,0,3.8658643757309687,71.97650428262043,0.4489269967248138,0.125
M-02,2026-01-07 00:00:00+00:00,70.76143178752758,3.636436821048948,5.45459525124959,1673.2169684938624,0.7401326813105564,0,3.92278735071126,71.92721790039771,0.3781193994221586,0.058333333333333334
M-02,2026-01-07 01:00:00+00:00,70.76143178752758,3.3666279042256337,6.158889751628934,1684.1538071036134,0.7530762257046762,0,3.8482430743499862,72.07017745910503,0.4424897239594318,0.075
M-02,2026-01-07 02:00:00+00:00,69.9442107504692,4.4495743853237455,5.498616158510203,1619.2350004133548,0.5517756820122376,0,3.975445595423526,72.03948195012319,0.49341582193739864,0.09166666666666666
M-02,2026-01-07 03:00:00+00:00,76.8148134033263,4.268977272646285,6.080067279397609,1708.590651653911,0.8602015872645519,0,4.082300359053585,72.78206373700888,0.47204352788770704,0.05
M-02,2026-01-07 04:00:00+00:00,75.19350556896863,4.138327867592997,5.892056317321818,1675.7210050668543,0.7034959177403761,0,4.014965136004663,73.30422414919968,0.4191478518715846,0.05
M-02,2026-01-07 05:00:00+00:00,72.27575272980249,4.070619472406388,6.241261831066587,1716.3302174051432,0.9512090993522492,0,3.988427287207333,72.62519100460364,0.4077063749027006,0.075
M-02,2026-01-07 06:00:00+00:00,69.75599198556192,3.76646809394861,5.910845352635514,1585.9960992796723,0.8211168990790769,0,4.010099166023943,72.45761770427602,0.3882455444428234,0.06666666666666667
M-02,2026-01-07 07:00:00+00:00,78.52799736435146,4.215950829372679,6.031047884574567,1654.4759305322614,0.7055636637928862,0,4.151652986881785,73.75204530041334,0.22880898201116537,0.041666666666666664
M-02,2026-01-07 08:00:00+00:00,78.32783112116111,3.820471214637257,6.114863258340702,1800.259077542568,0.9914414234571164,0,4.046802458434036,75.14931536219531,0.20819709794697522,0.058333333333333334
M-02,2026-01-07 09:00:00+00:00,73.6195343370564,4.724064405150939,5.92609154908518,1665.7727715855642,0.7264923418063904,0,4.122650313851479,74.61676885115033,0.3439578088486086,0.11666666666666667
M-02,2026-01-07 10:00:00+00:00,73.68643495626591,4.479303764722452,6.125926534004175,1716.6097690046097,0.7414947856223747,0,4.1794796300397214,74.36559041569988,0.37392869443143695,0.06666666666666667
M-02,2026-01-07 11:00:00+00:00,78.9925474528611,5.228382478434546,5.549741963667714,1701.7462205058637,0.8680502158792033,0,4.372440131044414,75.48505620287632,0.5592955326764054,0.075
M-02,2026-01-07 12:00:00+00:00,85.11483382837496,3.976975324717819,5.511207744130657,1693.85601413194,0.7171760682220252,1,4.407524669505949,78.04486317667848,0.518818314754878,0.08333333333333333
M-02,2026-01-07 13:00:00+00:00,76.78026215276687,4.817640062582063,5.903278032094632,1614.279441540111,0.5665204844112024,0,4.50780620837418,77.75357397474772,0.5323566465844755,0.11666666666666667
M-02,2026-01-07 14:00:00+00:00,91.88956202032185,4.71185693137073,5.764762054515625,1674.86729588011,0.915121428185244,1,4.656370494496425,80.01386245794117,0.4132304967175924,0.075
M-02,2026-01-07 15:00:00+00:00,76.72312287393248,4.449252215392296,6.173206571015946,1667.402125472866,0.6392893810426937,0,4.610568462869984,80.53112721408719,0.4194104854387978,0.075
M-02,2026-01-07 16:00:00+00:00,84.45186061477744,4.493358461457926,5.285288316696303,1730.749784644551,0.8737563728494137,0,4.612910912325897,82.32536482383911,0.41856913825903863,0.09166666666666666
M-02,2026-01-07 17:00:00+00:00,77.95466937763418,4.502330461778221,5.893220774453816,1672.5516279931212,0.8302935955856208,0,4.491902242883175,82.15238514463464,0.29036694591081896,0.075
M-02,2026-01-07 18:00:00+00:00,80.13324645885685,4.849284913203458,5.421049022165044,1677.4348950840747,0.9279044307352816,1,4.637287174297449,81.32212058304829,0.17737913557567223,0.08333333333333333
M-02,2026-01-07 19:00:00+00:00,82.51824282031632,4.3962249410099,5.494045316095154,1670.8122255244969,0.6376773270301853,1,4.567051320702089,82.27845069430651,0.17510121296623316,0.06666666666666667
M-02,2026-01-07 20:00:00+00:00,83.61631796230115,5.070258609025137,5.494045316095154,1570.8745266651506,0.5698653170015382,1,4.6267849336444895,80.89957668463641,0.26986754416217973,0.1
M-02,2026-01-07 21:00:00+00:00,83.61631796230115,5.017297280269356,5.836903908737982,1679.909380186233,0.9046985688998754,0,4.721459111123999,82.04844253269785,0.29371594593707145,0.058333333333333334
M-02,2026-01-07 22:00:00+00:00,86.0949384050935,5.014416538841902,5.932984235433291,1681.63964175006,0.7569769316214362,1,4.808302124021329,82.32228883108387,0.2897892956032127,0.08333333333333333
M-02,2026-01-07 23:00:00+00:00,81.91692717658658,4.812271817501486,5.593099700625404,1687.7184341755017,0.777664006041189,0,4.859959016641873,82.98266513090925,0.24910868000544747,0.05
M-02,2026-01-08 00:00:00+00:00,82.30123699916099,4.546655070831429,5.918749797186711,1692.7506380180407,0.8014571126758756,1,4.809520709579869,83.34399688762662,0.2803772320752087,0.11666666666666667
M-02,2026-01-08 01:00:00+00:00,76.5689617296403,4.926578592994057,5.58827265104281,1595.5719682605993,0.6162237472086749,1,4.897912984910561,82.35245003918061,0.1944566538092854,0.09166666666666666
M-02,2026-01-08 02:00:00+00:00,85.15324301613205,5.951193511154576,5.8958820081821255,1653.729415186737,0.7280950644575966,1,5.044735468598802,82.6086042148191,0.4773725491832648,0.08333333333333333
M-02,2026-01-08 03:00:00+00:00,80.9549513729917,4.695940026628316,5.439095201382552,1586.0232091958903,0.5641262289639539,1,4.991175926325295,82.16504311660084,0.49862138187565586,0.1
M-02,2026-01-08 04:00:00+00:00,78.99605351505707,4.7626910724942695,5.566141823143551,1590.749814600747,0.5645479896301748,1,4.949221681934023,80.98189563492811,0.5067979208606378,0.09166666666666666
M-02,2026-01-08 05:00:00+00:00,79.4500942906484,5.317881583424186,5.730475936543966,1648.2837170537107,0.7218948515493615,1,5.033489976254472,80.57075682060508,0.5213000379773445,0.15
M-02,2026-01-08 06:00:00+00:00,81.08002984634517,5.479784478501536,5.633525235143111,1652.5376543247426,0.6614551003105731,1,5.189011544199491,80.36722229513578,0.4849365849257262,0.09166666666666666
M-02,2026-01-08 07:00:00+00:00,83.76534887824754,5.711592693401087,5.419445903570269,1682.2331405303385,0.7900246003757263,1,5.319847227600662,81.566620153237,0.5054363667789027,0.15833333333333333
M-02,2026-01-08 08:00:00+00:00,84.99025044199621,5.436924837812696,5.140145180536981,1640.6952518338835,0.637971982725316,1,5.2341357820436825,81.53945472421435,0.4119125950907805,0.14166666666666666
M-02,2026-01-08 09:00:00+00:00,84.92461825736892,4.8106010271305735,5.5757049298042,1630.4649327831394,0.7500947366311281,1,5.253245948794058,82.20106587161055,0.3836393505898301,0.11666666666666667
M-02,2026-01-08 10:00:00+00:00,86.17966026708541,5.616908506102835,5.29864353068315,1636.3749098482126,0.804272250813459,1,5.395615521062152,83.39833366361528,0.31808412562873706,0.15
M-02,2026-01-08 11:00:00+00:00,83.40850311910039,5.758143174598802,5.674945435386104,1628.9014608118246,0.7793871279933611,0,5.468992452924589,84.05806846835726,0.3461116133925037,0.10833333333333334
M-02,2026-01-08 12:00:00+00:00,56.04639529290812,1.36844223939782,6.3226412791004725,1661.7436652699223,0.6902195746940006,0,4.783768746407302,79.88579604278443,1.7085767564042567,0.041666666666666664
M-02,2026-01-08 13:00:00+00:00,51.782463232159344,1.2099492061266206,6.394346144819447,1669.4959969872978,0.7451872117494284,0,4.0334948318615576,74.55531510176974,2.1508154644885074,0.025
M-02,2026-01-08 14:00:00+00:00,51.29706963454019,0.8822069662012492,6.463179145375896,1684.0434026151238,0.7704710199804082,0,3.2743751865929833,68.93978496719373,2.3508917213292633,0.03333333333333333
M-02,2026-01-08 15:00:00+00:00,48.86253433458108,1.3168109189689725,6.760455503909252,1633.3747930381517,0.6515435768102719,0,2.6920768352327165,62.92943764672909,2.3268476201003763,0.016666666666666666
M-02,2026-01-08 16:00:00+00:00,48.30177992493256,1.767238500876195,6.43100572004005,1580.8955749873585,0.583790221284936,0,2.050465167694943,56.61645758970362,1.8385750833773835,0.008333333333333333
M-02,2026-01-08 17:00:00+00:00,57.87069437142628,1.1314019343350417,6.414359441611654,1717.9006581970968,0.8509149491837189,0,1.2793416276509832,52.36015613175794,0.2938719537678181,0.041666666666666664
M-02,2026-01-08 18:00:00+00:00,54.94907461813772,0.5873065227641896,6.425845723749708,1680.029926335357,0.8046617103096199,0,1.1491523415453782,52.17726935262954,0.40027035666870564,0.016666666666666666
M-02,2026-01-08 19:00:00+00:00,54.11682475625513,1.943169931918208,6.056850050905935,1608.4442329821543,0.6297701849276267,0,1.271355795843976,52.56632960664549,0.5173485018364262,0.025
M-02,2026-01-08 20:00:00+00:00,56.85924527892794,2.606261117252144,6.500103606989348,1756.7737057343531,0.9062596653297922,0,1.5586981543524585,53.493358880710126,0.7033333464743745,0.016666666666666666
M-02,2026-01-08 21:00:00+00:00,52.587585382477855,1.7195512812608558,6.441873122876029,1620.972999817369,0.5910262909897386,0,1.6258215480677725,54.114200722026254,0.6947978087480976,0.03333333333333333
M-02,2026-01-08 22:00:00+00:00,56.290898128385294,1.794186148134186,6.536547417930636,1709.0361571008273,0.9835846138266294,0,1.6303128226107708,55.4457204226017,0.6959808661073335,0.016666666666666666
M-02,2026-01-08 23:00:00+00:00,56.82349272894221,1.4353679614486403,6.707096628198394,1637.5027584339086,0.7203867727092821,0,1.6809738271297041,55.27118681552102,0.6626671909967796,0.016666666666666666
M-02,2026-01-09 00:00:00+00:00,52.75897566972218,1.5529623685809093,6.236204170139609,1606.7599216761184,0.6421239817009357,0,1.8419164680991573,54.90617032411843,0.4148499943126765,0.016666666666666666
M-02,2026-01-09 01:00:00+00:00,54.421823289488174,1.8852424224418824,6.372576975459854,1599.8359205404636,0.7106577845502708,0,1.8322618831864361,54.957003412990616,0.41269073099149417,0.058333333333333334
M-02,2026-01-09 02:00:00+00:00,60.416922141248726,1.4699322353863786,6.282458118355061,1692.0651446826364,0.9638998369130232,0,1.6428737362088086,55.54994955671074,0.1836131451058785,0.025
M-02,2026-01-09 03:00:00+00:00,54.00522315186148,1.4801858104939911,6.382973056040114,1626.7282134205918,0.5998330631227113,0,1.6029794910809978,55.78622251827468,0.18952970520244886,0.03333333333333333
M-02,2026-01-09 04:00:00+00:00,58.81289482954993,2.114169651266228,6.224003637702017,1566.2018448809604,0.6603977648008256,0,1.6563100749363384,56.20655530180212,0.2783156599594328,0.05
M-02,2026-01-09 05:00:00+00:00,58.81289482954993,1.7685717233770215,6.306103403780044,1587.1735674957283,0.6122812595572908,0,1.7118440352577349,56.53812231857008,0.25790741307593756,0.058333333333333334
M-02,2026-01-09 06:00:00+00:00,66.15477251759282,2.900715983980719,6.649447076719315,1748.0893372862452,0.8669930650975353,0,1.93646963782437,58.770755126548515,0.5325437685451684,0.025
M-02,2026-01-09 07:00:00+00:00,59.917494539801616,1.240313935824647,6.607920987540665,1764.0513259997736,0.927264199421388,0,1.8289815567214978,59.68670033493408,0.6050951553990935,0.03333333333333333
M-02,2026-01-09 08:00:00+00:00,58.55062020502708,1.1474635389317829,6.462874402728262,1662.553677045489,0.9104842596735292,0,1.775236773979065,59.37565001223047,0.6555791514113135,0.041666666666666664
M-02,2026-01-09 09:00:00+00:00,53.800479164671984,2.100030912243039,6.137995929618456,1626.257645566336,0.5626315053612807,0,1.8785442909372396,59.34152601436556,0.6485864046775381,0.05
M-02,2026-01-09 10:00:00+00:00,51.89545514782756,1.055958269303206,6.661765247224474,1700.279316668191,0.6495810803562934,0,1.702175727276736,58.188619400745175,0.7124345377273904,0.03333333333333333
M-02,2026-01-09 11:00:00+00:00,57.96727894959249,2.4845211654059485,6.073120190187071,1604.8833619347658,0.5616176473951617,0,1.8215006342815567,58.047683420752264,0.7823094283475545,0.041666666666666664
M-02,2026-01-09 12:00:00+00:00,59.69883130353006,2.2491058645789863,5.952355671439038,1722.8364152439035,0.8772168232773732,0,1.7128989477146017,56.97169321840846,0.6336268164160505,0.008333333333333333
M-02,2026-01-09 13:00:00+00:00,65.47919683899809,2.0755129797680096,6.41971120502397,1633.1645470206315,0.8453877056473301,0,1.8520987883718287,57.89864360160788,0.5998845691218794,0.041666666666666664
M-02,2026-01-09 14:00:00+00:00,65.69645052063042,1.3292172264052242,6.153708401752371,1652.8287683837516,0.5766990245762353,0,1.8823910696174024,59.089615320875104,0.5604812290568791,0.041666666666666664
M-02,2026-01-09 15:00:00+00:00,65.69645052063042,2.3551727028617093,6.557013848126312,1650.4729251814656,0.6707895480825787,0,1.9249147013871806,61.072277213534846,0.5892371096099162,0.016666666666666666
M-02,2026-01-09 16:00:00+00:00,58.62007369941973,2.2132666228212106,5.86725581472209,1623.068582153866,0.5889876365328925,0,2.1177994269735145,62.193046972133544,0.41008201673683187,0.041666666666666664
M-02,2026-01-09 17:00:00+00:00,64.34504129684163,1.8644241987931287,6.336806293687637,1664.0729752491102,0.8023279538465937,0,2.014449932538045,63.25600736334172,0.3758892834521592,0.03333333333333333
M-02,2026-01-09 18:00:00+00:00,66.41523851176325,2.508123300416031,6.320511421984977,1748.895523942351,0.98584966490624,0,2.057619505177552,64.37540856471394,0.4204597680562584,0.016666666666666666
M-02,2026-01-09 19:00:00+00:00,64.33191805459089,2.822658743505041,6.299086317478139,1705.732360784683,0.9508506789145132,0,2.182143799133724,64.18419543397938,0.524568230796662,0.058333333333333334
M-02,2026-01-09 20:00:00+00:00,64.27248875559482,2.9473147027464,6.070265458886949,1774.562523607418,0.9678376611335076,0,2.451826711857253,63.946868473140114,0.3993716756567687,0.016666666666666666
M-02,2026-01-09 21:00:00+00:00,64.7976784937639,2.6980884518467567,6.399513973634362,1746.6896532383898,0.9959634122617314,0,2.508979336688095,63.797073135329036,0.4072328544117958,0.05
M-02,2026-01-09 22:00:00+00:00,65.92179584025966,3.3993513502390926,6.3956692058365165,1720.6517152862764,0.9082073764412176,0,2.706660124591075,65.01402682546902,0.5099104114447122,0.041666666666666664
M-02,2026-01-09 23:00:00+00:00,65.05231988420209,2.825661243051216,6.295366949661415,1720.211562079994,0.839968087680319,0,2.86686629863409,65.1319065900291,0.300282180883121,0.041666666666666664
M-02,2026-01-10 00:00:00+00:00,66.6144365346947,2.27967145459488,6.409332671428026,1795.725617667288,0.9843167222327418,0,2.828790990997231,65.16510626051767,0.36283599947235606,0.058333333333333334
M-02,2026-01-10 01:00:00+00:00,67.9870486862104,3.3857272960340152,6.25049116590423,1624.7140323811043,0.7748089202612976,0,2.9226357497520596,65.77429469912093,0.4279133612075526,0.03333333333333333
M-02,2026-01-10 02:00:00+00:00,63.48447948988581,2.3433299261229887,6.184871115864256,1608.2490204688108,0.6228232051762175,0,2.821971620314825,65.64295982150277,0.4877982796888991,0.041666666666666664
M-02,2026-01-10 03:00:00+00:00,63.55334664042392,2.363093995447867,6.143386098536831,1587.8280034236936,0.5899902238811079,0,2.7661392109150094,65.43557117927942,0.5227339468362023,0.06666666666666667
M-02,2026-01-10 04:00:00+00:00,67.34748092421529,3.24433963650846,6.186960869803608,1698.564411685211,0.9318769733307866,0,2.740303925293238,65.6731853599387,0.4878457046292796,0.03333333333333333
M-02,2026-01-10 05:00:00+00:00,69.67483244970103,3.145711127031064,5.899283576120789,1714.6576328414053,0.8692393638696401,0,2.7936455726232126,66.44360412085518,0.5157449557897775,0.06666666666666667
M-02,2026-01-10 06:00:00+00:00,63.7745552778048,3.0863476184808016,6.532007749536049,1680.6782892697825,0.9306770506537954,0,2.9280915999375328,65.9702905780402,0.456730770847684,0.03333333333333333
M-02,2026-01-10 07:00:00+00:00,67.33547391527803,3.152018456785265,6.292071998942518,1619.5166717502434,0.6187121620748997,0,2.8891401267294072,65.86169478288481,0.41824023921212805,0.05
M-02,2026-01-10 08:00:00+00:00,67.56747157316308,2.820681900249367,5.541365394196614,1681.820747125057,0.7776239934504366,0,2.968698789083804,66.54219346343102,0.329674007963667,0.05
M-02,2026-01-10 09:00:00+00:00,71.70629436043477,2.985462114288189,5.924651410072643,1738.2345827712725,0.8679203733703097,0,3.0724268088905244,67.90101808343283,0.14992770796159294,0.05
M-02,2026-01-10 10:00:00+00:00,72.10704806014262,3.234603515238572,6.028672577664263,1660.6786505628013,0.8201468764079726,0,3.0708041220122095,68.69427927275406,0.14773154922301474,0.05
M-02,2026-01-10 11:00:00+00:00,69.42264791006171,3.122472485802584,5.601865773131161,1650.8084706802183,0.7203279684198837,0,3.066931015140797,68.65224851614751,0.145665100730419,0.025
M-02,2026-01-10 12:00:00+00:00,67.84086020181637,3.174971689925666,5.801960606969279,1642.2431013517787,0.5994561302417736,0,3.0817016937149404,69.32996600348277,0.15236689476620482,0.058333333333333334
M-02,2026-01-10 13:00:00+00:00,69.61703482156986,3.4153413879993733,6.046636953450176,1602.661139512227,0.6329291780057006,0,3.125588848917292,69.71022615453141,0.20537422291342683,0.058333333333333334
M-02,2026-01-10 14:00:00+00:00,70.04299847637996,4.13470018556822,5.851599576824071,1681.8379424218365,0.8105697792340973,0,3.3445918964704346,70.12281397173422,0.4119359878846543,0.06666666666666667
M-02,2026-01-10 15:00:00+00:00,72.34593347793114,3.77090364006519,6.106837531921288,1641.9794403895553,0.6624211031433181,0,3.4754988174332677,70.22942049131694,0.3996008160935737,0.075
M-02,2026-01-10 16:00:00+00:00,71.53876064477164,3.671516401880104,6.422154871235661,1785.697808146399,0.980925546664784,0,3.5483176318735232,70.13470592208844,0.3865180279074303,0.058333333333333334
M-02,2026-01-10 17:00:00+00:00,69.5091641907436,3.4562445171202536,6.1422674637439885,1718.4954530137643,0.7612702892649371,0,3.6039463037598014,70.1491253022021,0.3333307680669305,0.058333333333333334
M-02,2026-01-10 18:00:00+00:00,78.85449469122125,3.6766136919541794,6.349181267263466,1659.439919760678,0.7205711818743581,0,3.687553304097887,71.98473105043624,0.2587924077943953,0.05
M-02,2026-01-10 19:00:00+00:00,75.36155061220066,4.2888123767892194,5.625686946634299,1633.233498394815,0.7016264792072286,0,3.8331318022295275,72.9421503488747,0.3146814586778635,0.075
M-02,2026-01-10 20:00:00+00:00,72.49079563840456,4.163350596649462,6.154051975696482,1689.1874780633923,0.8712141463911929,0,3.8379068707430686,73.35011654254548,0.32033927541309326,0.041666666666666664
M-02,2026-01-10 21:00:00+00:00,72.41587100387576,3.8308364657346656,5.872859274640032,1701.2901790451633,0.9575166921592444,0,3.8478956750213142,73.36177279686957,0.318762656941237,0.05
M-02,2026-01-10 22:00:00+00:00,75.56822376682297,2.955803013789103,5.59885756214986,1598.4529947098526,0.7533027110970968,0,3.72861011033948,74.03334998387814,0.4873178736477748,0.05
M-02,2026-01-10 23:00:00+00:00,75.1856540430589,4.616661636612552,6.262583329412482,1629.766225640871,0.8370656873203706,0,3.922012963588197,74.97943162593069,0.5792094724641081,0.08333333333333333
M-02,2026-01-11 00:00:00+00:00,72.35041475698195,3.897640185822168,6.137332456173741,1727.9985376842678,0.8771727916758723,0,3.958850712566195,73.89541830355746,0.5673886104319831,0.09166666666666666
M-02,2026-01-11 01:00:00+00:00,69.46025718410456,3.6576287869590702,5.614736234573882,1703.728574696731,0.8599638585310517,0,3.8536534475945032,72.91186939887479,0.5522880294745072,0.06666666666666667
M-02,2026-01-11 02:00:00+00:00,76.88182931127972,4.0676194744969285,5.943525498529188,1742.5114945727546,0.9636711675976318,0,3.8376982605690806,73.64370834435398,0.5428539520131935,0.075
M-02,2026-01-11 03:00:00+00:00,78.83828545915142,3.86795892141732,5.78151520288333,1701.3942422192858,0.7449357500361575,0,3.8438853365161907,74.71411075356659,0.5429716401425924,0.14166666666666666
M-02,2026-01-11 04:00:00+00:00,72.84959180071026,3.9998896100867145,5.551391763755228,1747.808807085339,0.7749467491283161,1,4.017899769232459,74.26100542588114,0.32497753604402524,0.1
M-02,2026-01-11 05:00:00+00:00,77.46791205890614,4.238077490022186,5.69887830997989,1736.3343851865466,0.9742440667095162,0,3.954802411467398,74.64138176185567,0.19704151350834576,0.09166666666666666
M-02,2026-01-11 06:00:00+00:00,77.53790601839063,4.710794545791083,6.098577519678749,1660.2790907656183,0.7624253511838037,0,4.090328138128883,75.50596363875712,0.36115925623583933,0.125
M-02,2026-01-11 07:00:00+00:00,80.63937509092237,4.02653789581638,5.466995231882098,1686.7109972337853,0.8377331456312201,0,4.151812989605102,77.3691499565601,0.2987769022429006,0.05
M-02,2026-01-11 08:00:00+00:00,81.61088428457062,3.996184745583634,6.015339882776849,1589.9996040531823,0.6080720153042155,0,4.139907201452886,78.1573257854419,0.30417735029784887,0.058333333333333334
M-02,2026-01-11 09:00:00+00:00,80.35605715679036,4.511669720680707,5.555436577200424,1679.855264385888,0.7115557744647093,0,4.247192334663451,78.4102877350484,0.3025922031419067,0.09166666666666666
M-02,2026-01-11 10:00:00+00:00,72.74095665002399,4.668294012117805,5.648484860215242,1620.303961466078,0.6425501754986106,0,4.358593068335299,78.39218187660069,0.31607513391831527,0.09166666666666666
M-02,2026-01-11 11:00:00+00:00,79.40822409521311,4.449109537702795,6.088605820431401,1704.1261084764772,0.8659247780928623,0,4.393765076282068,78.71556721598517,0.3116935216394377,0.06666666666666667
M-02,2026-01-11 12:00:00+00:00,79.11392795535588,4.052216655403364,5.3173322771260985,1622.8719669158218,0.5732234492375182,0,4.2840020945507815,78.97823753881272,0.293129467463195,0.08333333333333333
M-02,2026-01-11 13:00:00+00:00,82.19743725985825,4.71583392726785,5.8443690090162965,1724.5175410060992,0.8667179839091605,0,4.39888476645936,79.2379145669687,0.3067986870131605,0.11666666666666667
M-02,2026-01-11 14:00:00+00:00,79.32320279669983,4.901882408911788,5.583620747393921,1625.9718662887935,0.6420136397562848,1,4.549834377014052,78.85663431899023,0.291462444820842,0.1
M-02,2026-01-11 15:00:00+00:00,86.98859632407029,5.2141815578535535,5.648951412891732,1723.4951899120974,0.9440765882498992,1,4.666919683209525,79.96205751353689,0.39557517764383016,0.09166666666666666
M-02,2026-01-11 16:00:00+00:00,80.48857576430736,4.136053470920717,5.726302490972064,1670.7448035819648,0.7582695105507561,1,4.578212926343345,81.25332736591746,0.45099940579281483,0.10833333333333334
M-02,2026-01-11 17:00:00+00:00,83.14115897566697,5.829087239609519,5.71753288145616,1683.9808297564298,0.9423954386757484,1,4.808209209994465,81.87548317932642,0.6704672161706428,0.075
M-02,2026-01-11 18:00:00+00:00,85.06676594283711,4.432248859933508,5.573803766290312,1705.4782886263083,0.8888991384404902,1,4.871547910749489,82.86762284390663,0.598896006989332,0.10833333333333334
M-02,2026-01-11 19:00:00+00:00,85.86444683269436,5.41578621205568,5.55907750447042,1772.780197729031,0.9448335224610124,1,4.988206624880794,83.47879110604599,0.6298690477232778,0.09166666666666666
M-02,2026-01-11 20:00:00+00:00,78.23751033508493,4.932210783757009,5.934981424729925,1591.6445880165145,0.6077701738254321,0,4.993261354021665,83.2978423624435,0.6291590337330483,0.08333333333333333
M-02,2026-01-11 21:00:00+00:00,84.39505211941496,4.783993861499362,5.486860710919091,1577.1694540415112,0.6407379664543724,1,4.9215634046293,82.86558499500096,0.6234338810046404,0.08333333333333333
M-02,2026-01-11 22:00:00+00:00,84.53062020133736,4.696550012961102,5.923139084667701,1670.6158191939248,0.831709405045804,1,5.014979494969364,83.53925906783928,0.5147027870123047,0.10833333333333334
M-02,2026-01-11 23:00:00+00:00,83.18840466543037,4.3944426864312165,6.178617159086744,1627.0571617851867,0.610007142331222,1,4.775872069439646,83.54713334946652,0.3751946534795221,0.06666666666666667
M-02,2026-01-12 00:00:00+00:00,87.5208621258128,5.711566044823736,5.4300842953550585,1723.1867427346058,0.891543352250006,1,4.989091600254684,83.95614937996247,0.48755020983094133,0.09166666666666666
M-02,2026-01-12 01:00:00+00:00,83.94076705900136,5.310171474305848,5.546669107172527,1608.2086259388402,0.6199806704555226,1,4.971489143963045,83.63553608434695,0.4706784359850551,0.10833333333333334
M-02,2026-01-12 02:00:00+00:00,90.95777440665412,4.9839461670883605,5.711495740523194,1735.7807702454386,0.9161552668066572,1,4.980111707851605,85.75558009627515,0.47028868723440165,0.1
M-02,2026-01-12 03:00:00+00:00,80.92883988091593,4.914737227128053,5.032012998077764,1674.4910302005778,0.6434570132968037,0,5.00190226878972,85.17787805652533,0.46234616652446275,0.10833333333333334
M-02,2026-01-12 04:00:00+00:00,79.4542489526255,4.4695529674638,5.561355682508664,1744.097028424197,0.7860853703778796,1,4.964069427873502,84.33181618174001,0.5000775387619699,0.1
M-02,2026-01-12 05:00:00+00:00,85.48077347989368,5.348497240352344,5.858943047488762,1694.4598986211574,0.8759091590771046,0,5.12307852019369,84.71387765081722,0.4294169287928283,0.1
M-02,2026-01-12 06:00:00+00:00,58.6012020031124,2.2872764098533342,6.089440952835916,1743.9663766663905,0.8420936552935897,0,4.5523635810319565,79.89393429703384,1.1543965770341342,0.008333333333333333
M-02,2026-01-12 07:00:00+00:00,57.14482692599015,1.602938431341144,6.253498862728343,1579.8454219596756,0.5581030865408668,0,3.934491407204506,75.4279442748653,1.5809741969253959,0.03333333333333333
M-02,2026-01-12 08:00:00+00:00,54.05409524456357,1.602938431341144,5.81015790700752,1682.4847130869034,0.7453021044929018,0,3.370990117913303,69.27733108118353,1.7278297847147335,0.075
M-02,2026-01-12 09:00:00+00:00,59.82479243254255,1.9311396762051731,6.337549592062678,1682.190650235755,0.7904286469645325,0,2.873723859426157,65.75998983978798,1.6207005023159677,0.03333333333333333
M-02,2026-01-12 10:00:00+00:00,60.67664066685497,2.729944986465155,6.643250859820543,1615.629206607587,0.7523984988087751,0,2.5837891959263826,62.630388458826225,1.4214766799841279,0.041666666666666664
M-02,2026-01-12 11:00:00+00:00,65.57989965650171,2.481341821442942,6.302535666160575,1736.602930592243,0.9451131727089586,0,2.105929959441482,59.31357615492757,0.4689921007767196,0.05
M-02,2026-01-12 12:00:00+00:00,63.26079536830025,2.2882258173607126,6.1161489490297205,1673.0944808537304,0.7035574620946167,0,2.106088194026045,60.09017504912553,0.4690656771632798,0.05
M-02,2026-01-12 13:00:00+00:00,60.16155788399583,2.642046227254633,6.609617976001713,1671.714277311535,0.8512660846958628,0,2.279272826678293,60.592963542126476,0.43686310790321,0.03333333333333333
M-02,2026-01-12 14:00:00+00:00,61.311320115157386,1.9585675646938363,6.652153672315527,1619.8965198486912,0.5860662444417438,0,2.338544348903742,61.802501020558786,0.3401740277861265,0.041666666666666664
M-02,2026-01-12 15:00:00+00:00,58.81304776649692,2.178918986369166,5.862926776590955,1604.4940332753824,0.6015037137264505,0,2.3798409005977406,61.633876909551184,0.29252729918349835,0.016666666666666666
M-02,2026-01-12 16:00:00+00:00,62.87350130122035,2.136991965489131,6.142559442314243,1692.657615619544,0.7600179745369414,0,2.281015397101737,62.000020348612075,0.24725086747384792,0.03333333333333333
M-02,2026-01-12 17:00:00+00:00,63.7814482990139,1.49019997707348,6.332789839044157,1598.6644330050328,0.7350189120548224,0,2.1158250897068265,61.70027845569745,0.38136499148574987,0.025
M-02,2026-01-12 18:00:00+00:00,65.38674276867098,1.8167167312835504,5.739968285878233,1614.3489942350752,0.599090483654869,0,2.0372402420272993,62.05460302242589,0.3872690571498884,0.041666666666666664
M-02,2026-01-12 19:00:00+00:00,64.75812233929784,1.509246305639146,5.879855580105918,1666.7328441303366,0.8196156674144685,0,1.8484402550913848,62.82069709830957,0.2996669217056338,0.058333333333333334
M-02,2026-01-12 20:00:00+00:00,66.5396690835474,2.3790973834953983,5.52355882096053,1686.017737139522,0.7781082325624931,0,1.9185285582249787,63.692088593041234,0.371213163024022,0.06666666666666667
M-02,2026-01-12 21:00:00+00:00,66.02720632734287,1.951875824601602,5.991242835382114,1794.740641440122,0.9344489642400668,0,1.880688031263718,64.89444835318223,0.35034654107981117,0.05
M-02,2026-01-12 22:00:00+00:00,66.74659879322907,2.344731130386706,5.816810661339006,1723.9250820222887,0.7727031164770946,0,1.9153112254133138,65.53996460185034,0.38888692236650474,0.041666666666666664
M-02,2026-01-12 23:00:00+00:00,62.10411386092102,3.527808243634755,6.092591987333791,1773.3882846582978,0.9270908642053304,0,2.2549126031735263,65.26040886216819,0.7047861629723803,0.058333333333333334
M-02,2026-01-13 00:00:00+00:00,62.57776389385076,3.320331484756488,6.45173137701775,1773.3882846582978,0.65152414190433,0,2.5055150620856828,64.79224571636483,0.7810134306401937,0.03333333333333333
M-02,2026-01-13 01:00:00+00:00,62.73055206857328,2.818625432659444,5.7424328642460605,1684.8642644421443,0.8605434338707365,0,2.7237449165890655,64.45431733791072,0.6114983151099823,0.05
M-02,2026-01-13 02:00:00+00:00,65.96793571155682,2.2903295204836227,6.463827853550106,1717.4496654594973,0.8576707208305796,0,2.7089502727537695,64.35902844257897,0.6224796609541782,0.05
M-02,2026-01-13 03:00:00+00:00,63.79662466510404,3.599131652004288,5.913916139935019,1632.771656637179,0.682891078305138,0,2.9834929106542174,63.98726483220583,0.583853380443341,0.05
M-02,2026-01-13 04:00:00+00:00,68.4940662582728,3.108014026046391,6.368229760254994,1700.957529291019,0.7708742048161827,0,3.1107067265974977,64.27850940971312,0.49291228747566723,0.075
M-02,2026-01-13 05:00:00+00:00,64.62507486990258,3.8321316496591047,5.66179845345519,1647.671048211968,0.8502828742072899,0,3.1614272942682233,64.69866957787671,0.5560319062631381,0.05
M-02,2026-01-13 06:00:00+00:00,67.64542541560114,3.3921679395898585,5.532553063187238,1649.362060327046,0.76241752572396,0,3.1734000367404516,65.54327983150178,0.5608900120679584,0.058333333333333334
M-02,2026-01-13 07:00:00+00:00,63.02597367058671,2.4262051827579096,6.148261568545831,1710.0577694492677,0.7796969060818493,0,3.1079966617568626,65.59251676517069,0.6292467798168955,0.041666666666666664
M-02,2026-01-13 08:00:00+00:00,68.84754653019195,2.9624994193779046,5.734435328053035,1647.7036982687891,0.6512357115080765,0,3.220024978239243,66.07245190160987,0.5014070962817216,0.05
M-02,2026-01-13 09:00:00+00:00,70.19008772478072,2.5930810112661065,6.168803845875934,1705.0836958864884,0.871805810555658,0,3.0523498714495454,67.13802907822264,0.5172412589918809,0.05
M-02,2026-01-13 10:00:00+00:00,66.97616145676673,3.555682746754657,5.634330707350962,1645.293423370603,0.8001869459680788,0,3.1269613249009236,66.8850449446383,0.5575906870378484,0.025
M-02,2026-01-13 11:00:00+00:00,71.7649020358668,2.482379644866884,6.313685170922494,1679.029524492588,0.6622851911375975,0,2.902002657435553,68.07501613896567,0.4835532678549214,0.05
M-02,2026-01-13 12:00:00+00:00,71.07901057965768,3.78517602014576,6.361798485257882,1712.2708036979911,0.9792850227160992,0,2.96750400419487,68.6472803329751,0.5801912513083266,0.058333333333333334
M-02,2026-01-13 13:00:00+00:00,68.97595360382863,3.1579198469621166,6.238951326609235,1701.1799993300358,0.7306840372061243,0,3.089456448228905,69.63894365518209,0.5171322515423084,0.075
M-02,2026-01-13 14:00:00+00:00,74.95241797263387,3.627879505159705,5.522429279821576,1676.358312136742,0.9962965604137168,0,3.200353129192538,70.65642222892241,0.5544585982548428,0.05
M-02,2026-01-13 15:00:00+00:00,66.15755559060038,3.356418247119722,6.020991147270567,1607.7170579494186,0.601762421093665,0,3.327576001834808,69.98433353989235,0.4680992684840036,0.13333333333333333
M-02,2026-01-13 16:00:00+00:00,75.36235494280176,3.3253564380149885,5.850971077770819,1729.5565940996455,0.9056415293848128,0,3.2891882837115296,71.38203245423152,0.45490991718045504,0.041666666666666664
M-02,2026-01-13 17:00:00+00:00,67.00014690199836,3.4888700533070125,5.623735034858318,1592.240090892663,0.6610658007831375,0,3.4569366851182175,70.58790659858678,0.22574792849241718,0.075
M-02,2026-01-13 18:00:00+00:00,73.54833365269732,2.656177770872468,5.758489818697925,1727.9286506357184,0.8908177899459035,0,3.268770310239335,70.99946044409339,0.3393655568755992,0.05
M-02,2026-01-13 19:00:00+00:00,74.26823179518364,3.772582042066847,6.219414383455778,1706.3555809099837,0.9408247716366444,0,3.3712140094234573,71.88150680931922,0.3884366287750252,0.06666666666666667
M-02,2026-01-13 20:00:00+00:00,71.16220552714394,3.998426003731805,6.219414383455778,1730.2147525926127,0.9883063677004412,0,3.432971759185474,71.2498047350709,0.46022791398159457,0.09166666666666666
M-02,2026-01-13 21:00:00+00:00,75.40921568194902,2.9947459394387392,5.472791583791073,1682.8946718808795,0.6645462453037041,0,3.372693041238643,72.791748083629,0.4946572449481485,0.06666666666666667
M-02,2026-01-13 22:00:00+00:00,69.07377233613268,3.834541810738856,5.575677601372727,1637.2759936498803,0.5592443655376648,0,3.457557270025955,71.7436509825175,0.5274999256524273,0.13333333333333333
M-02,2026-01-13 23:00:00+00:00,71.85343533021452,2.7206169067612755,5.426731340267641,1688.0286262223588,0.6674527489611685,0,3.3295150789349983,72.55253238722018,0.6058073373989803,0.08333333333333333
M-02,2026-01-14 00:00:00+00:00,78.0241983903386,4.583703729690611,5.78676860571348,1712.0783549006203,0.9321191295398044,0,3.6507694054046893,73.29850984349373,0.6834314358931033,0.06666666666666667
M-02,2026-01-14 01:00:00+00:00,74.58636731028412,4.13372167667899,5.876647754700872,1800.6471822222009,0.9315457042647156,0,3.7109593445067124,73.35153242934382,0.7116263405887017,0.058333333333333334
M-02,2026-01-14 02:00:00+00:00,72.01207978077329,4.209284196260328,5.644661980200394,1675.952263463831,0.7488897121384334,0,3.7461023765948,73.49317813828203,0.7335312705783574,0.075
M-02,2026-01-14 03:00:00+00:00,82.60733268421501,4.662212117727004,6.110387088881634,1678.1693040712012,0.7183408209664311,0,4.0240134063095105,74.69286430532637,0.7073406455309108,0.08333333333333333
M-02,2026-01-14 04:00:00+00:00,81.61674426799001,3.62570774905084,5.664561682343193,1756.236405462823,0.9616790569161844,0,3.989207729361508,76.7833596273026,0.7234823072183239,0.1
M-02,2026-01-14 05:00:00+00:00,75.22873934703736,4.155352599562629,5.751115865438663,1713.6245543719433,0.8106669492248909,0,4.2283303448284,77.34591029677306,0.37211206259190405,0.13333333333333333
M-02,2026-01-14 06:00:00+00:00,75.69999712546415,3.59415261938517,5.703170247969055,1681.338028717459,0.8978479277956202,0,4.063405159777493,76.95854341929399,0.4012545776505154,0.075
M-02,2026-01-14 07:00:00+00:00,77.25857881249432,5.0967663210860845,5.5954308572133495,1736.8094579736703,0.974255843857448,0,4.223912600512009,77.40391200299568,0.5853787195299279,0.11666666666666667
M-02,2026-01-14 08:00:00+00:00,81.57552368921111,4.4225990318347534,6.03677305193944,1661.950673692979,0.8149413134684483,1,4.259465073107747,78.99781932106866,0.5907655481368702,0.06666666666666667
M-02,2026-01-14 09:00:00+00:00,83.3169299714763,3.5305963935600797,5.536925703087149,1745.1663952634703,0.9038756038160424,1,4.07086245241326,79.11608553561221,0.6165449445427835,0.075
M-02,2026-01-14 10:00:00+00:00,80.29457286220502,4.053148995153976,5.649948928661686,1583.1560295964791,0.6307166764282167,0,4.142102660097115,78.89572363464804,0.5783318073050593,0.075
M-02,2026-01-14 11:00:00+00:00,75.45336806128498,4.040663809320092,5.6777250059132784,1606.1383474568668,0.6172771385852314,0,4.1229878617233595,78.93316175368932,0.5796999953689128,0.05
M-02,2026-01-14 12:00:00+00:00,80.74036097611814,4.159555020507931,5.588770584955182,1648.08160538758,0.8792416405949194,0,4.21722159524382,79.77322239546497,0.5193555405532988,0.06666666666666667
M-02,2026-01-14 13:00:00+00:00,79.05978943456715,4.958690112881898,5.278451474675354,1606.452471265604,0.6447718837508929,0,4.194208893876454,80.07342416581045,0.47363488445492885,0.075
M-02,2026-01-14 14:00:00+00:00,84.43359590969688,4.311904979697179,5.705520344865922,1796.046541134195,0.9860387064584684,0,4.175759885186859,80.5497695358914,0.46503723223722726,0.058333333333333334
M-02,2026-01-14 15:00:00+00:00,79.13509290978737,4.1861411950571705,5.813412853146359,1617.5389579312764,0.5700058643963712,0,4.285017352103041,79.85279669227658,0.3445422508312239,0.1
M-02,2026-01-14 16:00:00+00:00,79.52057736134772,4.838183154090036,5.909221097682266,1663.1442627661006,0.704095790347827,1,4.415856378592385,79.72379744213372,0.3855030940101043,0.08333333333333333
M-02,2026-01-14 17:00:00+00:00,77.70472057977133,4.07081891975245,4.888167565506056,1637.718985416814,0.6862111963646134,1,4.42088223033111,80.09902286188144,0.37978757386417855,0.09166666666666666
M-02,2026-01-14 18:00:00+00:00,75.27458732724851,4.399090469605512,5.799503312964063,1637.2408833427512,0.7808147098999012,1,4.460804805180707,79.18806058706983,0.3588350887675338,0.075
M-02,2026-01-14 19:00:00+00:00,80.56155901446382,4.986154978876623,5.914532480581021,1638.9028811907976,0.6733304194130749,0,4.4653822828464955,79.43835551705261,0.36654888083881915,0.09166666666666666
M-02,2026-01-14 20:00:00+00:00,84.50022357142323,4.330404155874374,5.617489697151639,1689.9746232888476,0.8670873335185695,1,4.468465478876028,79.44946012734033,0.3650745638395888,0.09166666666666666
M-02,2026-01-14 21:00:00+00:00,76.43873224010481,5.050734443828964,5.897752802542737,1600.4420346657726,0.7519090233663082,0,4.612564353671327,79.00006668239324,0.4002850029224777,0.1
M-02,2026-01-14 22:00:00+00:00,83.01411974598012,4.66113728684908,5.414398134111648,1614.6980161605836,0.6053250953809546,1,4.583056709131167,79.58232374649863,0.3866191143853345,0.09166666666666666
M-02,2026-01-14 23:00:00+00:00,82.3089562187664,4.413624731238811,5.745508471408402,1688.6207099228072,0.777545150338097,1,4.640191011045561,80.34969635299781,0.3143581936498407,0.10833333333333334
M-02,2026-01-15 00:00:00+00:00,89.58231790729825,4.679505150083168,5.948263653735924,1707.3473745237536,0.9515378027043369,1,4.68692679112517,82.73431811633945,0.29134725026388725,0.075
M-02,2026-01-15 01:00:00+00:00,84.0488018061422,5.743749706625292,5.737995705226939,1707.166702458305,0.9653463939949288,1,4.813192579083282,83.31552524828584,0.5207868992804456,0.09166666666666666
M-02,2026-01-15 02:00:00+00:00,85.99596359695717,4.569061756759832,5.576149684476273,1640.3898040113338,0.6664757131833028,1,4.852968845897524,83.5648152525415,0.48437945058072385,0.11666666666666667
M-02,2026-01-15 03:00:00+00:00,83.7411317328829,5.081962171703066,5.895757229542634,1585.313488370212,0.5659884631130602,1,4.858173467209875,84.78188183467117,0.48708961059843864,0.075
M-02,2026-01-15 04:00:00+00:00,84.24721855843283,5.6327157959979015,5.980422608601789,1679.09004181201,0.874729690763485,0,5.020103218734678,84.98739830341329,0.5639231401360641,0.10833333333333334
M-02,2026-01-15 05:00:00+00:00,84.48548214926409,5.077212973721707,5.799486648841962,1709.4564006597163,0.938571362903448,1,5.130701259148494,85.35015262516289,0.48002090557886007,0.10833333333333334
M-02,2026-01-15 06:00:00+00:00,86.59432431378836,4.39506627894002,5.498988556525106,1676.0568214617092,0.9279434272292826,1,5.0832947806246365,84.85215369291126,0.5433593652451715,0.09166666666666666
M-02,2026-01-15 07:00:00+00:00,81.47019543949357,5.376918260033839,5.327623696197432,1606.86254964737,0.6219674163407941,1,5.022156206192728,84.42238596513648,0.46984752541193964,0.15833333333333333
M-02,2026-01-15 08:00:00+00:00,86.31147539095545,4.879525943791603,5.327623696197432,1612.7994086773722,0.9343249807591808,1,5.073900237364689,84.4749712641362,0.42491590432761683,0.125
M-02,2026-01-15 09:00:00+00:00,85.50123215836034,5.723199690049178,5.853585978678588,1680.96013981681,0.9439472079074088,1,5.180773157089042,84.76832133504911,0.5011509727420346,0.075
M-02,2026-01-15 10:00:00+00:00,90.2983440993808,5.437053789188629,5.420148460752032,1649.442230239984,0.7536287793675379,1,5.148162822620829,85.77684225854044,0.4713403223663608,0.11666666666666667
M-02,2026-01-15 11:00:00+00:00,82.94613516973769,5.305289595296787,5.345219279017689,1568.578147244202,0.6031568019765357,1,5.186175592883343,85.52028442861938,0.4736652013514811,0.08333333333333333
M-02,2026-01-15 12:00:00+00:00,86.00891242760977,5.674503151209769,5.554199699794694,1730.6151479765963,0.747180230838496,1,5.399415071594967,85.42271578092294,0.3038345012610129,0.09166666666666666
M-02,2026-01-15 13:00:00+00:00,88.17755665141739,5.9040769983614645,5.691711232218786,1677.3299478198535,0.808870454498814,1,5.487274861316238,86.54060931624356,0.36590668719789865,0.075
M-02,2026-01-15 14:00:00+00:00,90.51412111869132,4.739613484847769,5.697185068001732,1688.79990516194,0.8274599306005821,1,5.463956118158933,87.24105027086621,0.4137184364024512,0.05
M-02,2026-01-15 15:00:00+00:00,88.99307039167692,6.236014831216927,6.297927788011988,1745.3371780170855,0.8646905690623493,1,5.549425308353558,87.82302330975232,0.5178517654896335,0.11666666666666667
M-02,2026-01-15 16:00:00+00:00,91.71662073678672,5.285464857713303,5.164442739131919,1691.9019562928036,0.8403336822996894,1,5.524160486441004,88.05940274931997,0.5280284365313642,0.06666666666666667
M-02,2026-01-15 17:00:00+00:00,87.29079106685055,6.012587377324668,5.479452081661848,1710.286166900059,0.7449045433688409,1,5.642043450112317,88.78351206550546,0.5479686397839231,0.125
M-02,2026-01-15 18:00:00+00:00,85.30432978593036,6.012587377324668,5.443495248972624,1622.6561810372457,0.7496064100738736,1,5.698390821131466,88.66608162522554,0.5689546842073124,0.09166666666666666
M-02,2026-01-15 19:00:00+00:00,91.4687378539977,5.490163306414548,5.554314383964303,1733.996917137909,0.9860106175850284,1,5.62940520580698,89.2146118256556,0.5641001625702157,0.15833333333333333
M-02,2026-01-15 20:00:00+00:00,89.25594992314264,5.179852059733442,5.389108280525313,1677.343726364243,0.9193311038912412,1,5.702778301621259,89.00491662639747,0.4402526602712479,0.075
M-02,2026-01-15 21:00:00+00:00,87.01503545990724,6.627693255371632,5.461487849074521,1708.985296035268,0.8871993946318333,1,5.768058038980377,88.6752441377692,0.5503943740441618,0.09166666666666666
M-02,2026-01-15 22:00:00+00:00,91.74821376610014,5.716009064060822,5.46500566350406,1609.0479160865646,0.7655583057912652,1,5.839815406704964,88.68050964265477,0.5007170924075702,0.075
M-02,2026-01-15 23:00:00+00:00,91.59841644943374,6.0596369372010095,5.670024179986184,1560.850814698822,0.5515727414992062,0,5.847657000017687,89.39844720641862,0.5043194307319859,0.15833333333333333
M-02,2026-01-16 00:00:00+00:00,55.4966335090852,2.0055907574617784,6.237056574310499,1651.3883606139243,0.7811643783114671,0,5.179824230040539,84.43049782694445,1.63278643869712,0.041666666666666664
M-02,2026-01-16 01:00:00+00:00,58.7190206303405,1.682734698010817,5.920082542182455,1704.2603851627002,0.8618388445896565,0,4.545252795306584,78.97221162300157,2.146960511513495,0.016666666666666666
M-02,2026-01-16 02:00:00+00:00,59.16462803820627,2.243584012406554,6.28374896341693,1700.4375742215595,0.9115072900402148,0,4.055874787418769,73.95699130884552,2.3023994067985405,0.03333333333333333
M-02,2026-01-16 03:00:00+00:00,51.84139439979344,2.344063181957525,5.754446268903863,1597.9412338883503,0.7070871733704416,0,3.3419364418497506,68.09471779882655,1.988115495386361,0.016666666666666666
M-02,2026-01-16 04:00:00+00:00,64.09235518298392,2.3388997730134164,6.304939537992921,1569.4330481047375,0.6703221199576412,0,2.77908489334185,63.48540803497384,1.6267800505617502,0.025
M-02,2026-01-16 05:00:00+00:00,57.23692473968634,2.119122293185974,6.09233031709885,1684.9877600576842,0.72732078842507,0,2.1223324526726777,57.75849275001594,0.252052762617254,0.016666666666666666
M-02,2026-01-16 06:00:00+00:00,56.3674327770942,1.8899611822157272,6.281297143824252,1571.4115250993484,0.601478000830574,0,2.1030608567983355,57.90362596135077,0.26675546599938593,0.041666666666666664
M-02,2026-01-16 07:00:00+00:00,57.46251675735922,1.899581082391964,6.159094286983893,1590.8041092660308,0.6219382491592663,0,2.13920192086186,57.69420864918723,0.2062451322888777,0.041666666666666664
M-02,2026-01-16 08:00:00+00:00,57.9126661830163,2.885911343129256,6.289713513065823,1595.737826419891,0.5975221558905551,0,2.2462564759823103,57.4855483399889,0.37164513896988427,0.05
M-02,2026-01-16 09:00:00+00:00,59.32459630566648,2.0920152022168783,5.861091511539711,1640.8829260142795,0.6495015266699289,0,2.2042484793588693,58.73274865763441,0.372622257713329,0.041666666666666664
M-02,2026-01-16 10:00:00+00:00,58.4977755888182,3.59685317031812,6.001293731550752,1521.6881031119192,0.5545479899940664,0,2.4139073789096535,57.800318725273456,0.6858152031197163,0.016666666666666666
M-02,2026-01-16 11:00:00+00:00,65.4564387826453,2.016783508618404,6.475018968461628,1658.8727874798094,0.6654775356723439,0,2.396850914815058,59.170237732433286,0.6958126253433767,0.041666666666666664
M-02,2026-01-16 12:00:00+00:00,61.920586648526665,2.76690329775194,6.244914005842195,1586.3912367879102,0.6002272210024702,0,2.5430079340710936,60.09576337767203,0.6591822763654988,0.05
M-02,2026-01-16 13:00:00+00:00,62.74534237674407,2.834538824195318,6.266302770392679,1621.8156174434375,0.60642313258148,0,2.698834224371653,60.976234314236166,0.5827362211693913,0.05
M-02,2026-01-16 14:00:00+00:00,66.78554125090122,2.834538824195318,5.949136403297637,1740.129354811875,0.9332422760505096,0,2.6902721378826633,62.45504682555031,0.5798078218538093,0.05
M-02,2026-01-16 15:00:00+00:00,71.11024424957074,1.8302963116354884,6.355054334743568,1604.3545731431384,0.670137303405778,0,2.646652322785765,64.4193214828677,0.6404867652742033,0.05
M-02,2026-01-16 16:00:00+00:00,60.70933195061678,2.259934682194497,6.098486090338747,1605.8984024906445,0.6730028457364058,0,2.423832574765161,64.78791420983413,0.44718978626586164,0.058333333333333334
M-02,2026-01-16 17:00:00+00:00,66.23847873838588,2.011680090489285,5.6463290845015806,1651.8819367138103,0.7425611742204774,0,2.4229820050769746,64.91825420245756,0.44812273138808695,0.058333333333333334
M-02,2026-01-16 18:00:00+00:00,61.401770341488586,2.1674578804120697,6.196521593395875,1715.269546450955,0.9594065277232152,0,2.323074435520329,64.83178481795122,0.42218278030631384,0.09166666666666666
M-02,2026-01-16 19:00:00+00:00,62.39538492611408,2.60090791125104,6.029857085048596,1709.185567248676,0.812356419799559,0,2.2841359500296163,64.77345857617955,0.3735478243480773,0.041666666666666664
M-02,2026-01-16 20:00:00+00:00,65.06055060093733,2.6207851260520627,6.262659830320465,1661.850257184959,0.8649757834428864,0,2.248510333672407,64.48596013451889,0.3163745002232796,0.05
M-02,2026-01-16 21:00:00+00:00,64.44947961993465,2.2574131961804818,5.739578558281358,1571.4180185755283,0.5772086082664143,0,2.319696481096573,63.37583269624622,0.24299613543413526,0.06666666666666667
M-02,2026-01-16 22:00:00+00:00,63.70376962710845,3.1586876671037425,5.855116210666137,1652.4740623906275,0.8107360133184125,0,2.4694886452481133,63.874905642328166,0.4149564295494455,0.05
M-02,2026-01-16 23:00:00+00:00,66.78462775052665,2.86286719936184,5.68019330994559,1593.9141702650631,0.6683113324579799,0,2.6113531633935394,63.96593047768496,0.3702293767643404,0.06666666666666667
M-02,2026-01-17 00:00:00+00:00,69.35509178252825,2.54985655318348,5.891389932603713,1593.9141702650631,0.8661023079340531,0,2.675086275522108,65.29148405119157,0.30584842991950595,0.09166666666666666
M-02,2026-01-17 01:00:00+00:00,66.40093417766475,3.9362176360734735,6.332651525901326,1699.1320934613736,0.7237150901286812,0,2.897637896325847,65.95907559311668,0.5925353737503141,0.05
M-02,2026-01-17 02:00:00+00:00,70.6195078740868,2.8678546678169017,6.422603136611131,1735.524787289731,0.9182143110942392,0,2.9388161532866532,66.88556847197493,0.5778505926173805,0.03333333333333333
M-02,2026-01-17 03:00:00+00:00,72.80852500192894,2.4135342376321054,6.46782757934545,1639.3821475879597,0.7025643738538697,0,2.9648363268619238,68.2787427023073,0.5435265110929997,0.05
M-02,2026-01-17 04:00:00+00:00,62.31545138720055,3.407022511745499,5.737851367166978,1614.146236592945,0.5949796236450863,0,3.00622546763555,68.04735632898932,0.5700486392316207,0.058333333333333334
M-02,2026-01-17 05:00:00+00:00,66.4493179854418,2.5538177985444,5.894844168160879,1686.6391709076738,0.5615666972088734,0,2.9547172341659764,67.99147136814184,0.59882881906739,0.10833333333333334
M-02,2026-01-17 06:00:00+00:00,66.86244342628592,3.1891464582527056,6.01084639078879,1626.8753424722115,0.6901222349208951,0,3.0612655516775136,67.57602997543479,0.5684908792656724,0.075
M-02,2026-01-17 07:00:00+00:00,68.40327288484288,3.430631065096315,5.675030939724156,1773.8201555704834,0.995155862057984,0,2.977001123181321,67.90975309329782,0.4345563641455143,0.008333333333333333
M-02,2026-01-17 08:00:00+00:00,70.59395996374738,2.561860766449649,6.129305152910976,1666.4974288235776,0.786292658135281,0,2.926002139620112,67.90549510824124,0.4666946233287602,0.075
M-02,2026-01-17 09:00:00+00:00,67.0086587335277,2.4598479655948857,5.757388504937452,1609.1203997826865,0.7196127168049983,0,2.933721094280576,66.93885073017437,0.45680153831761944,0.05
M-02,2026-01-17 10:00:00+00:00,75.24621191209341,3.293706417161604,5.890689062367965,1742.3676980656364,0.9814561252955668,0,2.914835078516593,69.09397748432318,0.43514901778897436,0.125
M-02,2026-01-17 11:00:00+00:00,68.0846838446398,4.213927803565774,5.850036836968044,1643.3724878470523,0.7409019776649569,0,3.1915200793534892,69.36653846085618,0.6394926476703323,0.075
M-02,2026-01-17 12:00:00+00:00,73.32619258306208,3.568720338691304,5.814543073578206,1711.523591510994,0.9475891883304046,0,3.2547823927599215,70.44382998698555,0.6577257653314552,0.08333333333333333
M-02,2026-01-17 13:00:00+00:00,75.0777189813418,3.450307298081956,6.146380071009085,1723.545581636266,0.9323133656339356,0,3.258061764924195,71.55623766973535,0.6588260194091016,0.10833333333333334
M-02,2026-01-17 14:00:00+00:00,68.95019441637221,3.6952384364806186,5.516351434139415,1669.2411610352754,0.872033156099163,0,3.4469580432626903,71.28227674517284,0.5766446752216837,0.08333333333333333
M-02,2026-01-17 15:00:00+00:00,72.25289845354263,4.37754895131124,5.860088077675211,1690.1524397491564,0.7646484327685626,0,3.7665748742154164,72.15631669850866,0.4338845533658272,0.08333333333333333
M-02,2026-01-17 16:00:00+00:00,71.90692958715825,3.4040375448958518,5.882875868830356,1703.3996070111918,0.930145484558069,0,3.7849633955044575,71.5997696443528,0.41160149159832776,0.08333333333333333
M-02,2026-01-17 17:00:00+00:00,75.96328219635288,2.9869821997676382,5.669840857187038,1626.766987484028,0.6943061172171336,0,3.580472461538102,72.9128693696383,0.4580269014696429,0.09166666666666666
M-02,2026-01-17 18:00:00+00:00,81.73894220983902,3.567011610115305,5.760754902725992,1681.626033521187,0.745788808496763,0,3.580187673442102,74.31499430743446,0.4580362011573916,0.05
M-02,2026-01-17 19:00:00+00:00,71.90386756890615,2.6536068350034805,5.884138087565814,1607.726021243097,0.6117390137676995,0,3.4474042629290227,73.78601907202852,0.5974747428078421,0.05
M-02,2026-01-17 20:00:00+00:00,72.12073189645413,3.762119710413873,5.321576448564911,1690.560911035982,0.9512658150513418,0,3.4585511419178983,74.3144419853755,0.603615582851357,0.03333333333333333
M-02,2026-01-17 21:00:00+00:00,77.49010217438929,3.018893700412644,5.778585608007509,1647.8878500280764,0.7558022499189969,0,3.232108600101465,75.1873092721833,0.4154138185088151,0.041666666666666664
M-02,2026-01-17 22:00:00+00:00,78.45065235600119,4.653335264832101,5.736038073139508,1779.042325444638,0.9494699891688934,0,3.440324886757507,76.2779297336571,0.7201450883468761,0.058333333333333334
M-02,2026-01-17 23:00:00+00:00,79.0029850615953,3.3350691543030875,5.960750909787329,1725.9022345004407,0.9210179220576978,0,3.498339379180082,76.78454687786417,0.689697010393938,0.06666666666666667
M-02,2026-01-18 00:00:00+00:00,75.70462980698109,4.276060902313301,5.644959281385637,1623.3502654437302,0.7087642463025368,0,3.6165142612130814,75.77882814405453,0.7608880215266417,0.03333333333333333
M-02,2026-01-18 01:00:00+00:00,76.54779189149424,4.07886115978169,6.195417076030455,1716.535436076202,0.9486888008917088,0,3.854056648676116,76.55281553115255,0.6070862434004288,0.075
M-02,2026-01-18 02:00:00+00:00,76.7558954321,4.462493327872874,5.995670379357278,1671.1770292597566,0.7639697520076804,0,3.9707855849192826,77.32534278709352,0.6515761596722829,0.1
M-02,2026-01-18 03:00:00+00:00,79.27441398384899,4.655483177569415,6.169985152505911,1595.8201108669862,0.5764553477051573,0,4.243550497778744,77.62272808867013,0.4978083781404882,0.058333333333333334
M-02,2026-01-18 04:00:00+00:00,81.20387918823205,4.98587901061594,6.084446372323541,1789.450083530675,0.918167278786901,1,4.298974455409385,78.08159922737528,0.5663502594543006,0.058333333333333334
M-02,2026-01-18 05:00:00+00:00,73.37753565842003,4.4639245790727005,5.616817933073897,1643.9146461734535,0.6757479877237631,0,4.48711702620432,77.14402432684606,0.31288094670130706,0.075
M-02,2026-01-18 06:00:00+00:00,77.07189433808277,4.786500413479501,5.066063156251269,1618.5475674055049,0.6054222636428003,1,4.572190278065353,77.37190174869635,0.31341136230032485,0.05
M-02,2026-01-18 07:00:00+00:00,81.39449194516308,5.182584595394656,5.777356551893183,1680.2756925648373,0.800501435449686,1,4.756144184000848,78.17968509097449,0.288896790124969,0.058333333333333334
M-02,2026-01-18 08:00:00+00:00,77.3423887442175,4.227766089668753,5.450036933575339,1709.1165759225196,0.8303525074349604,0,4.717022977633494,78.2774339763274,0.34672079524079674,0.016666666666666666
M-02,2026-01-18 09:00:00+00:00,76.98051140473687,4.757902605602178,5.908986595190048,1572.2092439598168,0.6050778109642807,0,4.734092882305622,77.89511687980873,0.34560447230320707,0.075
M-02,2026-01-18 10:00:00+00:00,76.0942768130178,4.823003605542479,6.108900393624031,1727.0032324139945,0.772371469414957,1,4.706946981460044,77.04351648393968,0.32781083541597106,0.058333333333333334
M-02,2026-01-18 11:00:00+00:00,82.80722180922506,4.927605078480859,6.261248703231933,1594.5200350307953,0.7892110949487917,1,4.784227064694737,78.61513084240718,0.3133996040874174,0.10833333333333334
M-02,2026-01-18 12:00:00+00:00,78.82759591372209,5.219627943869378,5.67781594392321,1621.8927999757288,0.6208050424683229,1,4.856414986426383,78.9077477716804,0.3603883295609051,0.125
M-02,2026-01-18 13:00:00+00:00,80.65140418199249,4.815179285725188,5.487727868114555,1760.7370936345117,0.9353569220351904,0,4.795180768148139,78.78389981115197,0.3231763396931818,0.125
M-02,2026-01-18 14:00:00+00:00,78.5055854941891,3.9673366030549007,5.672533351270299,1793.2355299394676,0.8336500241853839,1,4.751775853712497,78.97776593614724,0.41815723297091895,0.1
M-02,2026-01-18 15:00:00+00:00,84.25641391530901,5.113600265090868,5.320665708468543,1772.6063183204762,0.9276268940121858,1,4.811058796960612,80.19041635457593,0.44363722135301265,0.1
M-02,2026-01-18 16:00:00+00:00,83.53477853595474,5.360744161728877,5.462064240641583,1665.146838099073,0.9282593950472252,1,4.900682222991679,81.43049997506542,0.4975715208241321,0.08333333333333333
M-02,2026-01-18 17:00:00+00:00,81.76017054176091,5.4338048393800245,5.784831194088473,1699.7719650813387,0.7522557222312973,0,4.985048849808206,81.25599143048807,0.5438153380166599,0.05
M-02,2026-01-18 18:00:00+00:00,81.02004569774576,5.12176185662033,5.521949361803521,1685.6852326961966,0.7205633949976462,1,4.968737835266698,81.62139972782533,0.5367946365230714,0.09166666666666666
M-02,2026-01-18 19:00:00+00:00,80.75836004340825,5.619892407238867,5.770947788502748,1611.7300697961743,0.6081891634691967,1,5.102856688852311,81.63922570472796,0.5887677396291237,0.075
M-02,2026-01-18 20:00:00+00:00,84.5928992782387,4.9379434895819,5.438395778616377,1642.1100836857242,0.7252502082411796,1,5.2646245032734775,82.65377800206956,0.2506051872921158,0.075
M-02,2026-01-18 21:00:00+00:00,79.66472926126075,4.958753737457586,5.770672277907528,1665.2119790623956,0.673808839896853,1,5.23881674866793,81.88849722639485,0.2759591140600588,0.075
M-02,2026-01-18 22:00:00+00:00,86.18405422509625,5.140193696269229,5.932661449998149,1654.763186000005,0.8100755071343314,1,5.20205833775799,82.3300431745851,0.2711163185560837,0.09166666666666666
M-02,2026-01-18 23:00:00+00:00,83.58406887650773,4.388139218031773,5.544475404969287,1721.0428961475802,0.7942096199713442,1,5.027780734199947,82.63402623037624,0.3985077376330994,0.08333333333333333
M-02,2026-01-19 00:00:00+00:00,83.99979464164169,5.283633392044872,5.266321194000441,1719.3369303916309,0.9082301948207724,1,5.054759323437371,83.13065105435889,0.4114129677729481,0.041666666666666664
M-02,2026-01-19 01:00:00+00:00,95.790620302544,5.0502944409967,5.44174512726247,1780.294758739897,0.9896528656071966,1,4.959826329063676,85.63602776421486,0.3075301749430147,0.06666666666666667
M-02,2026-01-19 02:00:00+00:00,82.70973180644955,5.394163098778974,5.090076070502477,1718.0616688201974,0.8185771170683284,1,5.035862930596522,85.32216651891666,0.35393621592862035,0.125
M-02,2026-01-19 03:00:00+00:00,85.96541880406507,5.560197549467037,5.482777424760454,1697.9412557121682,0.6993523629329066,1,5.136103565931431,86.37228144271738,0.40866761060177803,0.10833333333333334
M-02,2026-01-19 04:00:00+00:00,82.80389084208622,6.177391500879277,5.3366985245336025,1710.3482837630215,0.7129551388813518,1,5.308969866699772,85.80892087888238,0.5899175139676096,0.09166666666666666
M-02,2026-01-19 05:00:00+00:00,88.6893768044433,4.052271572408614,5.483332302970564,1632.4084866537537,0.5538076835901989,1,5.252991925762579,86.6598055335383,0.7003675758553065,0.1
M-02,2026-01-19 06:00:00+00:00,85.22393484771086,4.326774365889026,5.62962044139728,1542.0830170309684,0.5942843173540211,1,5.093515421403271,86.8638289012165,0.7945964060645366,0.11666666666666667
M-02,2026-01-19 07:00:00+00:00,86.45506745466797,5.756035721248781,5.461433008475984,1683.7905677021165,0.786639353933131,1,5.2111389681119515,85.30790342657049,0.8379702315442357,0.16666666666666666
M-02,2026-01-19 08:00:00+00:00,83.84458728509638,4.74385521790453,5.476053162642701,1694.084117620986,0.8613646640210879,1,5.102754321299544,85.49704600634497,0.8515096506305828,0.075
M-02,2026-01-19 09:00:00+00:00,93.29772452805112,5.664403690750098,5.5597941555231865,1642.0830840322242,0.671942566637079,1,5.120122011513388,86.71909696034265,0.863681574749955,0.125
M-02,2026-01-19 10:00:00+00:00,91.47005195770302,5.984639143820671,5.033157081411972,1673.281726505944,0.9594896979327032,1,5.087996618670287,88.16345714627876,0.8189149121281978,0.075
M-02,2026-01-19 11:00:00+00:00,89.63399569558527,5.707494059233137,5.6257689429634405,1561.7378924371635,0.5866677910623099,1,5.363867033141041,88.32089362813576,0.664459473626235,0.125
M-02,2026-01-19 12:00:00+00:00,92.08546412979156,4.915597163670032,5.554912438088514,1680.4993649090566,0.94832669497273,1,5.462004166104542,89.46448184181588,0.5050012385466301,0.10833333333333334
M-02,2026-01-19 13:00:00+00:00,89.93615802145874,5.06413402505089,5.290965313681128,1578.2802041007556,0.6595098642641247,1,5.346687216738226,90.0446636029477,0.5034261327191388,0.10833333333333334
M-02,2026-01-19 14:00:00+00:00,92.23914004606132,6.029064430123588,5.604498350559632,1685.178664667436,0.8159872698526852,1,5.56088875210807,91.44375572977516,0.4677879458737048,0.058333333333333334
M-02,2026-01-19 15:00:00+00:00,90.05283227592574,5.303858727951751,5.2290155179485645,1702.3798044847829,0.8550496114841466,1,5.500797924975012,90.90294035442093,0.47493398642047574,0.1
M-02,2026-01-19 16:00:00+00:00,87.53925890137818,5.8813990096731725,5.076528285389574,1680.1824054167216,0.8392997459304852,1,5.483591235950429,90.24780817836681,0.45536576441855037,0.075
M-02,2026-01-19 17:00:00+00:00,90.21292681013686,5.915538897579708,5.3120939658609485,1618.4064233055374,0.764123526707256,0,5.518265375674858,90.34429669745873,0.4829125033257503,0.075
M-02,2026-01-19 18:00:00+00:00,56.66975177361842,1.914086433728995,6.228838841676678,1638.5634751394869,0.7068275553680968,0,5.0180135873513505,84.44167797142988,1.5678908246954826,0.041666666666666664
M-02,2026-01-19 19:00:00+00:00,55.14241742244745,2.050749065723393,6.60620126525955,1659.1110848526257,0.7591088879625166,0,4.515782760796768,78.64272120492801,1.9789151077552358,0.016666666666666666
M-02,2026-01-19 20:00:00+00:00,59.00629252378668,1.6434609801411018,6.121901401514744,1693.5549615800971,0.7823752405876787,0,3.7848488524663537,73.10391328454888,2.1135349417189615,0.05
M-02,2026-01-19 21:00:00+00:00,52.95530806979358,2.0333034215108485,6.062581554021637,1662.2039706807052,0.7277200944078414,0,3.2397563013928696,66.92099258352687,2.064602373765903,0.041666666666666664
M-02,2026-01-19 22:00:00+00:00,58.437092818716735,2.10977399213803,6.403641232683716,1652.5064472746617,0.709710417103688,0,2.6111521318036797,62.070631569749956,1.6273069420160353,0.025
M-02,2026-01-19 23:00:00+00:00,59.97762720579864,1.3954401743971272,6.035672465437663,1660.5472584383167,0.709710417103688,0,1.8578023446065828,57.03141496902692,0.2808585665397859,0.025
M-02,2026-01-20 00:00:00+00:00,62.30502438301058,1.1726277300719734,5.963510686593143,1617.4205464323738,0.8276379622195621,0,1.7342258939970792,57.97062707059228,0.3921931133604375,0.025
M-02,2026-01-20 01:00:00+00:00,66.3381223202706,2.1118591637601614,6.059134007571569,1687.9610030733525,0.8449097131518157,0,1.7444109103365406,59.83657788689613,0.4027095111074547,0.041666666666666664
M-02,2026-01-20 02:00:00+00:00,58.195791687899934,2.7002340029826906,5.947666058771894,1637.635741525992,0.7538617514289887,0,1.920539747476805,59.701494414248344,0.552838754805943,0.016666666666666666
M-02,2026-01-20 03:00:00+00:00,59.467943678989386,2.1476902354974405,6.349373630828048,1780.5760994974933,0.8912151019021874,0,1.9396042164745706,60.786933682447646,0.5594380069738353,0.03333333333333333
M-02,2026-01-20 04:00:00+00:00,65.23440114433636,1.930552148243716,5.853376384913883,1660.2902056768116,0.7186614043678513,0,1.9097339091588517,61.919818403384255,0.5532856755907158,0.025
M-02,2026-01-20 05:00:00+00:00,61.74812739671417,1.5655975757953433,6.161932769941703,1748.1693034064588,0.8714539456725338,0,1.938093476058554,62.21490176853683,0.5253058869243062,0.03333333333333333
M-02,2026-01-20 06:00:00+00:00,61.03213049009124,1.9553341701577769,6.228120505740799,1707.5244269943714,0.8343106958583175,0,2.068544549406188,62.00275278638362,0.3720177179155844,0.041666666666666664
M-02,2026-01-20 07:00:00+00:00,58.10576255197783,2.43804112292467,6.029526974332168,1778.540084443645,0.8977118604417345,0,2.1229082092669396,60.63069282500149,0.4022200962558015,0.03333333333333333
M-02,2026-01-20 08:00:00+00:00,59.80486682809898,2.609304378167408,6.367120471486178,1706.567059080824,0.8000704597336286,0,2.107753271797726,60.89887201503466,0.37704194923469386,0.025
M-02,2026-01-20 09:00:00+00:00,62.41168596788828,2.442324931223708,5.758606202055162,1679.208954373386,0.7332633726809463,0,2.1568590544187702,61.38949572985114,0.40166606137786653,0.075
M-02,2026-01-20 10:00:00+00:00,63.83290769381735,2.5219703380254286,6.120461831177982,1697.6897690225978,0.7718822237413767,0,2.2554287527157224,61.15591348809797,0.4075472108637985,0.06666666666666667
M-02,2026-01-20 11:00:00+00:00,66.40667650187693,2.118716786076759,5.792380684872065,1696.1042585279672,0.9482365006370228,0,2.347615287762625,61.93233833895844,0.25389234376858444,0.03333333333333333
M-02,2026-01-20 12:00:00+00:00,57.66068613639564,2.3712197322091737,6.4035348249271165,1659.5954501548908,0.7868308532501688,0,2.4169295481045245,61.37043094667583,0.16742312000998028,0.016666666666666666
M-02,2026-01-20 13:00:00+00:00,66.68095810077622,3.0732554474985685,5.404168105875515,1720.0108394314857,0.7409643802457473,0,2.522798602200174,62.7996302048089,0.317244685850765,0.08333333333333333
M-02,2026-01-20 14:00:00+00:00,61.63438073168784,1.8817421860375183,6.086745622465388,1609.3119262272228,0.6255713079106381,0,2.4015382368451923,63.10454918874038,0.404590305295177,0.025
M-02,2026-01-20 15:00:00+00:00,64.55719112641016,2.60469437686511,6.208077355382864,1636.7769757608603,0.7021385116002797,0,2.4285998111187594,63.46213338182736,0.41320248442397023,0.05
M-02,2026-01-20 16:00:00+00:00,69.34675788708556,3.229877203349046,6.029524093096487,1596.6416438031192,0.7758121667842306,0,2.546584288672696,64.38110841403874,0.5298088047613398,0.041666666666666664
M-02,2026-01-20 17:00:00+00:00,65.86107753512447,2.473329978325802,6.059750860123854,1656.0096305652166,0.8353836502523464,0,2.60568648738087,64.29017525291331,0.4908816604574002,0.06666666666666667
M-02,2026-01-20 18:00:00+00:00,61.9976343769816,2.80859454467359,6.296939648989063,1643.952879948971,0.6055778158026739,0,2.6785822894582725,65.01299995967764,0.4814848399560651,0.06666666666666667
M-02,2026-01-20 19:00:00+00:00,69.32715869877937,3.4968511359057484,6.150463353252247,1631.8707660267528,0.8462081376149979,0,2.7491815708594696,65.45403339267817,0.5732416083503326,0.06666666666666667
M-02,2026-01-20 20:00:00+00:00,65.29514770476236,3.4968511359057484,6.014622818930595,1672.6410342365143,0.7704495063969544,0,3.0183663958375075,66.06416122152392,0.4505164991175912,0.05
M-02,2026-01-20 21:00:00+00:00,68.17621580097183,3.378120006165629,5.657229458368373,1672.978023659388,0.8084670266941498,0,3.1472706673875943,66.66733200061753,0.41795354608045227,0.041666666666666664
M-02,2026-01-20 22:00:00+00:00,70.69368839440585,2.315148713750029,5.592636713026638,1621.7976860168087,0.5567390226714674,0,2.9948159191210912,66.89182041850425,0.5328366049239016,0.025
M-02,2026-01-20 23:00:00+00:00,69.92132158860235,3.4249969829995632,5.798603429923977,1665.4056890703612,0.8289868062773911,0,3.1534270865667176,67.56852776075056,0.48615581542872277,0.09166666666666666
M-02,2026-01-21 00:00:00+00:00,65.3031728588861,3.060322584824726,5.929061038234793,1684.9211428963054,0.7722644977708816,0,3.1953817599252408,68.11945084106797,0.4606376413130519,0.05
M-02,2026-01-21 01:00:00+00:00,72.23138619566272,2.960416469485713,5.90635944200162,1577.3490909263055,0.665861451952836,0,3.1059759821885677,68.6034887572152,0.44210852230494635,0.05
M-02,2026-01-21 02:00:00+00:00,70.46465556538354,3.543605354597569,6.102981029672822,1728.6833924590876,0.7303240033964493,0,3.1137683519705384,69.46507340065206,0.4507042229919905,0.075
M-02,2026-01-21 03:00:00+00:00,65.51938967480297,2.988971060767967,5.715295388467336,1604.5848080615735,0.5751619382685823,0,3.048910194404261,69.02226904629059,0.43269494249702856,0.075
M-02,2026-01-21 04:00:00+00:00,73.54177715418788,4.323723136634587,5.85887660792234,1690.2441600902068,0.9925209330294053,0,3.383672598218354,69.49695050625427,0.5197059729220462,0.058333333333333334
M-02,2026-01-21 05:00:00+00:00,69.413810523714,3.6611992801191606,5.908974874882024,1696.3981226786077,0.8659470553688862,0,3.423039647738287,69.41236532877286,0.5322567535158481,0.06666666666666667
M-02,2026-01-21 06:00:00+00:00,75.3274763006105,3.507683038561768,5.712704034865622,1662.681605150725,0.8752727179189479,0,3.497599723361128,71.08308256906027,0.5017433337746119,0.03333333333333333
M-02,2026-01-21 07:00:00+00:00,73.28649614656928,3.178753334775776,5.359513838495721,1701.892302685503,0.8205481598770779,0,3.533989200909471,71.2589342275447,0.46127732910877023,0.075
M-02,2026-01-21 08:00:00+00:00,69.01445354888283,3.12225512473172,5.944930911038269,1709.934465260973,0.6497571206001433,0,3.4637641625984963,71.01723389146125,0.49065813246865214,0.075
M-02,2026-01-21 09:00:00+00:00,72.64910094552812,2.8228501225391827,5.6172444552703205,1536.40390245953,0.6408183221033704,0,3.436077339560365,72.20551910324876,0.5262071780140886,0.08333333333333333
M-02,2026-01-21 10:00:00+00:00,75.809550259246,3.741422105307346,5.495978437591714,1741.631111853508,0.9980188870350922,0,3.339027167672492,72.58348128742512,0.35588703845251335,0.09166666666666666
M-02,2026-01-21 11:00:00+00:00,72.36953377218983,2.9312934360836675,6.220591385315642,1701.7506322711909,0.8691530437347394,0,3.2173761936665763,73.07610182883776,0.34840668468614977,0.05
M-02,2026-01-21 12:00:00+00:00,68.78482576699919,3.7067136415867417,5.918635096771779,1596.860102441079,0.6127791419737929,0,3.2505479608374053,71.98566007323588,0.3887176267139367,0.075
M-02,2026-01-21 13:00:00+00:00,76.42142374154538,3.6454333817105065,6.6200972546334205,1609.4989372261284,0.6550172644220484,0,3.328327968659861,72.50814800573188,0.41713034322048764,0.058333333333333334
M-02,2026-01-21 14:00:00+00:00,72.86184391020099,3.072127230536784,5.924457016671676,1559.680283987872,0.6467597597789725,0,3.3199733196273713,73.14937973261824,0.42255002459440233,0.06666666666666667
M-02,2026-01-21 15:00:00+00:00,72.59350762748078,4.147354216750744,6.420947213540852,1589.0149593972396,0.6478427932130858,0,3.540724001995965,73.14011417961036,0.45558426436126,0.058333333333333334
M-02,2026-01-21 16:00:00+00:00,71.2511363083658,3.62104937618272,6.037459143975432,1588.84045868674,0.588349754099438,0,3.520661880475194,72.38037852113032,0.44755840164472904,0.075
M-02,2026-01-21 17:00:00+00:00,72.5435907327152,3.8173583616039815,5.6230631137761495,1703.7332612373,0.787802452526186,0,3.668339368061913,72.40938801455123,0.3496753954867546,0.041666666666666664
M-02,2026-01-21 18:00:00+00:00,74.0929624015887,4.330718357978073,6.123586608492528,1722.3420941425245,0.7829231927584993,0,3.7723401541271344,73.29407745364948,0.4435630217781423,0.058333333333333334
M-02,2026-01-21 19:00:00+00:00,78.87268349369637,3.534451186112806,5.348940401704528,1709.9320324739167,0.8418563350139701,0,3.753843121527518,73.70262074567465,0.45214461455878296,0.08333333333333333
M-02,2026-01-21 20:00:00+00:00,77.35811235651485,4.212177248062001,6.034343195344909,1728.8748184623246,0.8564348196346112,0,3.9438514577817205,74.45199882006028,0.3319302248403578,0.03333333333333333
M-02,2026-01-21 21:00:00+00:00,76.96669712340159,3.88345713408776,5.740542405180163,1753.1058840573564,0.7470566120915485,0,3.8998686106712235,75.18086373604707,0.31670665518729657,0.05
M-02,2026-01-21 22:00:00+00:00,74.18729782669593,4.65159165301503,5.971556382541538,1655.0208818536428,0.6518958355448994,0,4.0716256568099425,75.6702239891021,0.4029540908539624,0.09166666666666666
M-02,2026-01-21 23:00:00+00:00,74.18729782669593,4.367956380215491,5.7432345369482585,1627.913245903474,0.5617236035698782,1,4.1633919932451935,75.94417517143222,0.3961044493276826,0.11666666666666667
M-02,2026-01-22 00:00:00+00:00,78.26793610613016,3.496706745459909,5.9708353331394415,1665.5629001751097,0.8550425321040382,0,4.024390057825499,76.64000412218914,0.4658402200032134,0.09166666666666666
M-02,2026-01-22 01:00:00+00:00,76.84225463131432,4.154891869771651,5.741250069360008,1600.3184035316613,0.5783010590437879,0,4.127796838435307,76.30159931179213,0.399466745577858,0.06666666666666667
M-02,2026-01-22 02:00:00+00:00,81.46613548239326,3.4178578511959894,5.6956031268044285,1638.7380370639726,0.7289986245140576,0,3.9954102722909717,76.98626983277187,0.4877713601296229,0.058333333333333334
M-02,2026-01-22 03:00:00+00:00,78.92179873554187,4.381266138674985,6.00205279879854,1751.7530042133233,0.9717900867870958,0,4.078378439722176,77.31212010146191,0.506883308551696,0.05
M-02,2026-01-22 04:00:00+00:00,82.02689923374506,3.9569172710841594,5.700885740756999,1659.2116586499135,0.7415167842523807,0,3.9625993760670304,78.6187203359701,0.42199623708032924,0.06666666666666667
M-02,2026-01-22 05:00:00+00:00,79.0005682388141,4.73634798923025,5.521633986442231,1706.8278435719194,0.8238761824341152,1,4.023997977569491,79.42093207132314,0.5103249957646269,0.08333333333333333
M-02,2026-01-22 06:00:00+00:00,80.55113652665786,4.185231031508403,5.416277661395668,1726.807167569461,0.8300552212341535,0,4.13875202524424,79.8014654747444,0.4407055960586909,0.041666666666666664
M-02,2026-01-22 07:00:00+00:00,84.5673048505378,4.266609406039629,5.632896278779432,1659.972626178026,0.5786882813877864,0,4.157371614622236,81.08897384461498,0.44387250254506366,0.11666666666666667
M-02,2026-01-22 08:00:00+00:00,76.14496233406989,3.9259573688490255,5.646076927114682,1629.519402006123,0.6194887426100052,1,4.242054867564408,80.20211165322776,0.29958585395669624,0.06666666666666667
M-02,2026-01-22 09:00:00+00:00,82.56120386164852,3.864835252381445,5.796725805118063,1744.0388276357244,0.966827494482208,1,4.155983053182152,80.80867917424554,0.3247223848591443,0.1
M-02,2026-01-22 10:00:00+00:00,78.84779932044242,4.693419026945812,5.594801162538885,1702.5073693366846,0.8208359826563447,1,4.278733345825761,80.2788291886951,0.37041262677492887,0.075
M-02,2026-01-22 11:00:00+00:00,76.5627229228749,4.904031870666165,6.008633999371049,1651.9855435221352,0.7120239073723575,0,4.306680659398413,79.87252163603856,0.4154343124166113,0.05
M-02,2026-01-22 12:00:00+00:00,83.72228517942344,4.468502718223952,5.701822243709073,1744.3334780633545,0.8631026485638218,1,4.353892607184338,80.4010464114995,0.41496768505289267,0.05
M-02,2026-01-22 13:00:00+00:00,81.1609493010438,4.783188841219714,5.615468565653871,1665.933357975104,0.7649433944682622,1,4.4399891797143525,79.83332048658383,0.44568869824961455,0.058333333333333334
M-02,2026-01-22 14:00:00+00:00,83.98923701874759,4.901695600858469,5.289630920654732,1733.4053698622026,0.8854100493761186,0,4.602612218382593,81.14069960069678,0.3958430697251765,0.09166666666666666
M-02,2026-01-22 15:00:00+00:00,90.70866357207174,5.454762683965385,5.763566826451717,1761.33326848391,0.9943030736324452,1,4.867600123646583,82.49860955243399,0.329846238135647,0.11666666666666667
M-02,2026-01-22 16:00:00+00:00,87.14624245632639,4.704752799185383,5.261564378351637,1730.0062039820086,0.8861910683210978,1,4.869489085686511,83.88168340841464,0.328679628706115,0.11666666666666667
M-02,2026-01-22 17:00:00+00:00,86.19543487140666,4.973921697550457,5.733669447443739,1712.95115834767,0.8499721452495383,1,4.881137390167226,85.48713539983662,0.33137602812360184,0.11666666666666667
M-02,2026-01-22 18:00:00+00:00,84.15392133745718,4.959701024191186,5.456032574920132,1750.166787392264,0.8873790926258417,1,4.963003774495099,85.5590747595089,0.2625805030380882,0.10833333333333334
M-02,2026-01-22 19:00:00+00:00,90.26892696186434,4.888590022704272,5.456032574920132,1684.0759978641734,0.707194753856225,1,4.980570638075858,87.07707103631232,0.2514339002318675,0.13333333333333333
M-02,2026-01-22 20:00:00+00:00,83.37780645612837,5.0897145197674325,5.889022124797005,1642.242636352618,0.6761306942185852,1,5.011907124560686,86.97516594254245,0.25135405070633804,0.11666666666666667
M-02,2026-01-22 21:00:00+00:00,86.11986981751221,5.153259295783595,5.694618180241848,1739.5249816037235,0.8880288130773675,1,4.96165655986372,86.21036698344919,0.1578625784231449,0.11666666666666667
M-02,2026-01-22 22:00:00+00:00,87.02611446853732,5.6537062735284165,5.44583112564308,1618.94670803769,0.7390560263451053,1,5.119815472254227,86.19034565215101,0.27837053825915303,0.075
M-02,2026-01-22 23:00:00+00:00,88.60270172946441,6.005846533084631,5.193126865800908,1624.1742760717527,0.7002324330265778,1,5.291802944843255,86.59155679516063,0.44130231944711656,0.10833333333333334
M-02,2026-01-23 00:00:00+00:00,85.05766145787968,5.278040853984725,5.172717774770227,1650.450747376888,0.6672328323366395,1,5.344859583142179,86.74218014856439,0.4115206808862794,0.125
M-02,2026-01-23 01:00:00+00:00,86.55833823271328,6.046350956815346,5.260937676730784,1611.7046158408414,0.6890362940841922,1,5.537819738827358,86.12374869370588,0.4259701537546775,0.09166666666666666
M-02,2026-01-23 02:00:00+00:00,89.69984969021594,5.790779788459027,5.489168076135219,1618.3423292512232,0.6586651383469218,1,5.654663950275957,87.1774225660538,0.37108703569797896,0.08333333333333333
M-02,2026-01-23 03:00:00+00:00,92.45995114504404,5.1352366060141,5.8124879862299705,1670.3620348406466,0.8082564821073261,1,5.651660168647708,88.23410278730911,0.3759978570448149,0.1
M-02,2026-01-23 04:00:00+00:00,92.38104166582713,5.969357486345376,5.410923676329883,1723.241681931675,0.8397810759741315,1,5.704268704117201,89.12659065352408,0.3977922557348517,0.09166666666666666
M-02,2026-01-23 05:00:00+00:00,89.05094763805968,5.968678215535161,5.442556058937012,1686.9809797591074,0.9574961717959564,1,5.698073984525624,89.20129830495664,0.3924095689739929,0.1
M-02,2026-01-23 06:00:00+00:00,93.72103518096544,5.203773578036811,5.407799036631211,1578.6869643520065,0.5805319523067979,1,5.685696105200971,90.64519392547093,0.4091239760354646,0.06666666666666667
M-02,2026-01-23 07:00:00+00:00,96.56954215307762,5.936635268745659,5.247649251858666,1640.042495052571,0.8686985411839437,1,5.667410157189356,92.3137279121983,0.3918684537634425,0.09166666666666666
M-02,2026-01-23 08:00:00+00:00,89.23554898765775,5.819011456547196,4.867987195020494,1675.688081435972,0.7968483921788592,1,5.672115435204051,92.23634446177194,0.39381073511903,0.14166666666666666
M-02,2026-01-23 09:00:00+00:00,94.11823262503046,6.702748697524856,4.951894435778521,1624.7153639216997,0.7221831728430566,1,5.933367450455844,92.51272470843635,0.47746933447204337,0.15833333333333333
M-02,2026-01-23 10:00:00+00:00,88.93875445196625,6.790635583342191,5.424157193638398,1702.146624088234,0.8755906977534469,1,6.070247133288646,91.93901017279286,0.5934782069041035,0.11666666666666667
M-02,2026-01-23 11:00:00+00:00,94.23936521330975,5.754044270219032,5.0589937850963125,1683.7986953078555,0.8718895783157251,0,6.034474809069291,92.80374643533453,0.6071362220836484,0.11666666666666667
M-02,2026-01-23 12:00:00+00:00,59.86337678028877,1.3035688294841852,6.499225329232456,1697.2946068197882,0.9851824897736312,0,5.38444068431052,87.1608033685551,2.049351733263952,0.025
M-02,2026-01-23 13:00:00+00:00,64.08540834350121,2.6267105084949507,6.152659147153709,1668.436573176604,0.8343815394672389,0,4.832786557602069,81.74678106695903,2.3010187241131823,0.075
M-02,2026-01-23 14:00:00+00:00,58.68784717545614,2.186370892511804,6.481462762706652,1660.7524476070494,0.7647491849294619,0,4.22734646359617,76.6554974315921,2.461908443470384,0.03333333333333333
M-02,2026-01-23 15:00:00+00:00,60.34498222150703,1.640650145490075,6.361083712857109,1692.378445186986,0.7975168537199946,0,3.383663371590373,71.0266223643382,2.3064058872670063,0.041666666666666664
M-02,2026-01-23 16:00:00+00:00,55.48584336439821,1.4312001711276574,6.1704025877463256,1685.1728226246148,0.9591058319805176,0,2.490424136221284,65.45113718307685,1.6742123815092873,0.05
M-02,2026-01-23 17:00:00+00:00,62.1448364280412,2.0156786711598347,6.487049692990235,1630.7324665089257,0.6290681467159581,0,1.8673632030447511,60.10204905219876,0.5019706785960758,0.041666666666666664
M-02,2026-01-23 18:00:00+00:00,61.51129713549763,2.54023578075578,6.186281447495068,1597.2059606075552,0.7281966661211663,0,2.073474361590017,60.376702444733574,0.47746735238479654,0.08333333333333333
M-02,2026-01-23 19:00:00+00:00,53.07001526065597,2.839605304388632,6.362871648888522,1659.2143249497672,0.8041790579490589,0,2.1089568275722974,58.540803597592706,0.5316404269588448,0.025
M-02,2026-01-23 20:00:00+00:00,55.90765873628565,1.623422878922539,6.012188530484724,1623.7716006548296,0.6279386889849379,0,2.015132158640753,58.07743885773095,0.5639396394518111,0.06666666666666667
M-02,2026-01-23 21:00:00+00:00,64.04658710171587,2.1346597238087184,6.448268182508467,1658.374051893382,0.8053115382358701,0,2.097467088360527,58.694373004432414,0.5335757493505556,0.041666666666666664
M-02,2026-01-23 22:00:00+00:00,58.33372342064809,1.911050778249452,5.941067325577711,1658.374051893382,0.7127064684291855,0,2.1774421895474925,59.169019680474065,0.44180962784717215,0.058333333333333334
M-02,2026-01-23 23:00:00+00:00,57.72138656274036,1.651904835589601,5.9758613517789705,1769.1180979081778,0.9780489491368488,0,2.1168132169524534,58.43177803625726,0.490702675132021,0.058333333333333334
M-02,2026-01-24 00:00:00+00:00,62.54428076390951,2.712699478642396,6.158845238386391,1568.2068705925394,0.5622129814978811,0,2.145557166600223,58.6039419743259,0.5243628626044223,0.058333333333333334
M-02,2026-01-24 01:00:00+00:00,60.71249231754527,2.1151379212550467,6.382102207905348,1632.235202516171,0.6385411274135234,0,2.024812602744625,59.87768815047412,0.40162895142388744,0.08333333333333333
M-02,2026-01-24 02:00:00+00:00,64.9077860551242,2.179533061174556,6.398592005480371,1719.861346856807,0.8673230922201842,0,2.1174976331199615,61.37770937028055,0.35151406624543385,0.041666666666666664
M-02,2026-01-24 03:00:00+00:00,67.00824549016504,2.60864157272072,6.09963518770547,1735.521035765573,0.9845106857175367,0,2.1964946079386287,61.87131910168875,0.4052888830719979,0.008333333333333333
M-02,2026-01-24 04:00:00+00:00,68.0484601327549,2.654105282857676,6.001253199819496,1735.521035765573,0.8949023115505383,0,2.3203370253733326,63.49044188703988,0.4140538799394487,0.09166666666666666
M-02,2026-01-24 05:00:00+00:00,62.84310527265802,2.989679782800476,6.178271399212949,1702.2292894450404,0.8331390724733174,0,2.543299516575145,64.34406167202616,0.3347081048161682,0.05
M-02,2026-01-24 06:00:00+00:00,60.17239297526066,3.384832812778461,6.127085592146064,1640.4749748269012,0.5745445820295242,0,2.655321738931156,63.948747040584685,0.48256308371219514,0.041666666666666664
M-02,2026-01-24 07:00:00+00:00,64.55265083822387,2.6515269607794423,5.804442126884111,1595.1060331420335,0.5759938065676643,0,2.744719912185222,64.58877346069778,0.40610326075623193,0.016666666666666666
M-02,2026-01-24 08:00:00+00:00,63.17838240234878,2.583398245166319,6.615599666809554,1568.8885545886192,0.6659436211064982,0,2.8120307761838492,64.30053951856854,0.31749119080855737,0.041666666666666664
M-02,2026-01-24 09:00:00+00:00,63.59330564827878,2.603903112585183,6.241054624797256,1699.5429721578228,0.7833847039060089,0,2.811241032827926,63.73138287825417,0.31810359800148225,0.058333333333333334
M-02,2026-01-24 10:00:00+00:00,70.82676487859831,3.158567158147637,5.925212290359223,1741.8395551793358,0.9272402884482436,0,2.8953180120429196,64.19443366922808,0.3345084926021541,0.03333333333333333
M-02,2026-01-24 11:00:00+00:00,61.37834848377968,1.940226223383656,6.067368821927596,1664.5745471165822,0.7261233059892573,0,2.7204090854734493,63.95030753774835,0.5058096565975313,0.041666666666666664
M-02,2026-01-24 12:00:00+00:00,68.17163520210272,3.523194180618482,6.129445866714583,1672.0511611322747,0.8839223889944143,0,2.7434693134467865,65.28351457555536,0.5438807623795138,0.05
M-02,2026-01-24 13:00:00+00:00,67.05198255843065,2.326669924400572,6.049951661438648,1699.4683942925103,0.9557084472245062,0,2.689326474050308,65.70006986225648,0.5703877752161975,0.06666666666666667
M-02,2026-01-24 14:00:00+00:00,73.11559373280464,2.0724762194845088,6.04802937706269,1725.779215122589,0.7878584934829795,0,2.60417280310334,67.35627175066578,0.6248980127043674,0.06666666666666667
M-02,2026-01-24 15:00:00+00:00,67.03305068168625,2.7873799836641173,6.062140575752041,1618.7379661508926,0.7545077776738887,0,2.6347522816164957,67.92956258956704,0.6293555120356974,0.058333333333333334
M-02,2026-01-24 16:00:00+00:00,66.83858142957745,2.70793892604843,6.24594018644197,1626.539795426647,0.5742308622001635,0,2.5596475762666278,67.26486534806357,0.5792360075310062,0.09166666666666666
M-02,2026-01-24 17:00:00+00:00,66.31508996127971,3.4274656578451794,6.052474678065449,1703.3589620482862,0.7877316203219606,0,2.807520815343548,68.08765559431357,0.5793704025071894,0.05
M-02,2026-01-24 18:00:00+00:00,73.5596587918536,2.960574273226095,6.024711793107671,1692.0581552498195,0.9894443560538786,0,2.71375083077815,68.98565952593871,0.47682920457543165,0.05
M-02,2026-01-24 19:00:00+00:00,68.0344689400254,3.600416880286204,5.390467043826346,1686.0298596610253,0.8731673364243908,0,2.9260419900924224,69.1494072562045,0.5482281074535217,0.05
M-02,2026-01-24 20:00:00+00:00,67.74718118480976,3.571519608981958,6.230318420106045,1719.6373031767992,0.9853984023724254,0,3.175882555008664,68.25467183153869,0.40405823181273925,0.05
M-02,2026-01-24 21:00:00+00:00,64.18658089324083,3.1070901799232966,6.276650685184422,1615.0900580168136,0.5622775418187393,0,3.229167587718527,67.78026020013112,0.36140770554635476,0.075
M-02,2026-01-24 22:00:00+00:00,72.23327855352632,3.68476410856008,5.813460554755119,1733.371539061427,0.7990180172761099,0,3.3919717848038022,68.67937638745595,0.29323549603226845,0.05
M-02,2026-01-24 23:00:00+00:00,69.87574077380859,3.68476410856008,5.856640707452046,1748.9411101872552,0.9908980907705738,0,3.434854859922952,69.27281818954408,0.3172913682102085,0.05
M-02,2026-01-25 00:00:00+00:00,75.02274984380176,3.7081441825878096,5.761240635366158,1640.721705838234,0.7672166421350036,0,3.5594498448165717,69.51666669820212,0.22802218273878136,0.08333333333333333
M-02,2026-01-25 01:00:00+00:00,72.84440220587936,3.7483273160147457,6.197462092555224,1635.1185348061645,0.7849795851962793,0,3.584101584104662,70.3183222425111,0.24096503096352856,0.09166666666666666
M-02,2026-01-25 02:00:00+00:00,70.78764611564179,3.919322358797462,6.157213793243506,1680.987740097211,0.6629777495250945,0,3.6420687090739126,70.82506639764978,0.2765408711061434,0.058333333333333334
M-02,2026-01-25 03:00:00+00:00,72.79515570365568,2.8030801169428545,6.23818978762056,1722.9351639096617,0.9548617382633142,0,3.591400365243839,72.25982886605225,0.39614906579107906,0.025
M-02,2026-01-25 04:00:00+00:00,67.89732065411786,3.192259847417947,6.285201831958917,1638.7223125024254,0.6530201984385751,0,3.5093163217201493,71.53716921615084,0.42304610501287593,0.09166666666666666
M-02,2026-01-25 05:00:00+00:00,74.83368715856972,4.062283378944768,5.525111186827223,1669.212011506344,0.6057487913652222,0,3.572236200117598,72.36349361361103,0.4787644950737588,0.058333333333333334
M-02,2026-01-25 06:00:00+00:00,69.8369749588465,4.148118609303129,6.0043439308185125,1640.0582826623267,0.8316606454144244,0,3.6455652712368174,71.49919779945182,0.5342253947912102,0.06666666666666667
M-02,2026-01-25 07:00:00+00:00,74.04783225668209,3.3688572845518974,5.627327033272751,1770.8421928407934,0.8823392240593247,1,3.5823202659930096,71.69976947458561,0.5420316503891013,0.1
M-02,2026-01-25 08:00:00+00:00,75.86787627423631,4.333629792249499,5.654055675343073,1744.1282508901202,0.966964475880266,0,3.6513715049016824,72.54647450101804,0.6150249917260113,0.025
M-02,2026-01-25 09:00:00+00:00,74.22840441741398,3.543529291655794,5.871016544642676,1564.915472588686,0.6388283847851273,0,3.7747797006871724,72.7853492866444,0.46731849301913686,0.058333333333333334
M-02,2026-01-25 10:00:00+00:00,72.48147743407708,3.735466026521886,6.057115907629052,1677.9392937011637,0.6544112292131499,0,3.8653140638711623,73.54937541663762,0.3754917388196923,0.08333333333333333
M-02,2026-01-25 11:00:00+00:00,77.97567683553208,4.059273814591686,5.895441654430012,1699.0770246010609,0.9830553407878204,1,3.8648124698123154,74.07304036279801,0.3751778761730449,0.06666666666666667
M-02,2026-01-25 12:00:00+00:00,73.04236368190011,3.9759285201641945,5.629437446664905,1628.000710415315,0.6966061934938979,0,3.836114121622493,74.60727181664028,0.3552281043747099,0.09166666666666666
M-02,2026-01-25 13:00:00+00:00,73.02405740855973,3.8027854404196346,5.497930938790598,1663.1156569163304,0.6812596411603303,0,3.9084354809337825,74.43664267528655,0.2765265288589726,0.10833333333333334
M-02,2026-01-25 14:00:00+00:00,75.73011149830096,4.282654665657493,5.497930938790598,1624.7749511186837,0.6495496255110599,0,3.8999396265017814,74.41368187929733,0.26120923582400907,0.06666666666666667
M-02,2026-01-25 15:00:00+00:00,76.43694086100577,4.450635841000515,5.659748485799646,1684.2727507300322,0.7432168940650803,1,4.051124051392568,74.78177128656262,0.2757712589446841,0.075
M-02,2026-01-25 16:00:00+00:00,72.88576420516247,3.884598095048079,6.1012502920799,1631.363504090666,0.7222711720465584,0,4.075979396146933,74.84915241507686,0.2468331877174209,0.075
M-02,2026-01-25 17:00:00+00:00,76.18507852941272,4.66915436172956,5.908379656643822,1618.6821502998632,0.6131624506555413,1,4.177626154003246,74.55071936405696,0.3447370580127337,0.11666666666666667
M-02,2026-01-25 18:00:00+00:00,75.61103799211453,3.8423518130146577,5.908379656643822,1691.350328185232,0.7329867121270076,1,4.155363369478323,74.9788317490927,0.36413496251159805,0.058333333333333334
M-02,2026-01-25 19:00:00+00:00,70.1302421172772,4.0025374479821405,5.895727948262243,1592.1076360363509,0.5555512740021427,0,4.188655370738741,74.49652920054561,0.33327639482895216,0.08333333333333333
M-02,2026-01-25 20:00:00+00:00,80.03341627644835,4.497734770304631,5.897956176187942,1607.805360215869,0.5778230323141009,0,4.224502054846597,75.21374666357018,0.35618817385548834,0.11666666666666667
M-02,2026-01-25 21:00:00+00:00,76.9010039301439,4.553261739056095,5.940800373759173,1760.5380035894666,0.9145944350647056,1,4.241606371189194,75.29109050842654,0.3713599792299855,0.08333333333333333
M-02,2026-01-25 22:00:00+00:00,78.15173261241385,4.248111602095594,5.778580329302248,1737.4346710472626,0.9763226702657952,0,4.302191955697112,76.16875190963509,0.3286654534213709,0.1
M-02,2026-01-25 23:00:00+00:00,73.89140891037702,3.0846612629509877,5.689369548522951,1785.1867834082168,0.8685106293663338,0,4.038109772567352,75.78647363979582,0.5421048026021567,0.1
M-02,2026-01-26 00:00:00+00:00,79.53829679794026,3.8853006018299143,5.3831003410149725,1584.7732518303626,0.6476708364212168,0,4.04526790403656,76.44101677410009,0.5392791699812005,0.1
M-02,2026-01-26 01:00:00+00:00,81.14053567545277,4.881380716970584,5.619193100830479,1677.2152204833392,0.7884232900289921,1,4.191741782201301,78.2760657004627,0.6360253576781638,0.13333333333333333
M-02,2026-01-26 02:00:00+00:00,76.16917621874084,4.937334403423643,5.606488459394751,1599.746296479058,0.7578157305083197,0,4.265008387721136,77.63202569084477,0.7003870291766671,0.11666666666666667
M-02,2026-01-26 03:00:00+00:00,87.60138927452101,4.419634711938294,5.854355599124308,1787.084552177633,0.7578157305083197,0,4.242737216534836,79.41542324824097,0.6914554545859919,0.09166666666666666
M-02,2026-01-26 04:00:00+00:00,84.39867191762087,4.7616480469418905,5.768344735955986,1696.5154741553138,0.9801500083710974,1,4.328326624009219,80.4565797991088,0.7233034652545631,0.13333333333333333
M-02,2026-01-26 05:00:00+00:00,83.9207601852882,5.186481471700165,5.832704828639168,1736.8309196831185,0.9275020836885332,1,4.678629992134082,82.12813834492732,0.46244805724490723,0.11666666666666667
M-02,2026-01-26 06:00:00+00:00,85.86938223078454,4.819319720432151,5.832704828639168,1657.909261569642,0.64367692358708,1,4.834299845234455,83.18331925040137,0.25072474444713544,0.09166666666666666
M-02,2026-01-26 07:00:00+00:00,85.02550434741171,4.7962958312281945,5.340316849205334,1729.207062989316,0.8905374156029193,0,4.820119030944056,83.83081402906119,0.24993423575970042,0.11666666666666667
M-02,2026-01-26 08:00:00+00:00,85.56280116147329,3.807119025240692,5.530168460989371,1699.6896027891826,0.6722044167448349,0,4.631749801246898,85.39641818618327,0.47156492211639306,0.11666666666666667
M-02,2026-01-26 09:00:00+00:00,85.22413110516275,4.209080056611612,5.641725072622158,1646.4268274851877,0.6976553427615472,1,4.59665735869245,85.00020849129022,0.4976214230967623,0.08333333333333333
M-02,2026-01-26 10:00:00+00:00,82.9409967878764,4.610765567126394,5.355691914477751,1722.3295631097894,0.8082013361786544,1,4.571510278723202,84.75726263633281,0.4913895123371166,0.075
M-02,2026-01-26 11:00:00+00:00,83.66051443694866,4.8392471057629125,5.483009347570409,1669.367303813353,0.8960654024670772,1,4.5136378844003255,84.7138883449429,0.4196942745352505,0.08333333333333333
M-02,2026-01-26 12:00:00+00:00,81.79983727852235,5.218925330957572,5.650141466905473,1614.516911138275,0.6685701818242423,1,4.580238819487896,84.03563085289919,0.5016156517599057,0.09166666666666666
M-02,2026-01-26 13:00:00+00:00,91.03704901586318,4.72180019401083,5.352159952439018,1608.252035480434,0.7009461433575825,1,4.567822879951669,85.03755496430777,0.49608978372061757,0.08333333333333333
M-02,2026-01-26 14:00:00+00:00,84.65263427349795,6.130052632164034,5.571100334984857,1618.8323495219042,0.5546104121725658,1,4.9549784811055595,84.88586048297854,0.6622809154212822,0.10833333333333334
M-02,2026-01-26 15:00:00+00:00,88.20794349272687,4.889346142679945,5.900627645256038,1612.2775283827336,0.6652523204715797,1,5.068356162116948,85.38316254757257,0.559266699801053,0.10833333333333334
M-02,2026-01-26 16:00:00+00:00,82.05877489169924,5.131118873421595,4.947530296828459,1594.145896878539,0.5780357966276706,1,5.155081713166148,85.23612556487637,0.5125072264094599,0.09166666666666666
M-02,2026-01-26 17:00:00+00:00,87.44223926219121,5.550489091372097,5.37106109040287,1583.5019180932686,0.5701462704947869,1,5.273622044101012,85.86641303575014,0.5070705908977283,0.09166666666666666
M-02,2026-01-26 18:00:00+00:00,84.69236961634722,5.091043519300377,5.254866798390078,1630.118473694292,0.8056853013558811,1,5.252308408824813,86.34850175872094,0.5124881426461328,0.075
M-02,2026-01-26 19:00:00+00:00,90.00346842696399,5.923768913112864,6.1282522067058025,1613.1196527046598,0.6163005701959947,1,5.452636528675153,86.17623832723774,0.4983678542966912,0.1
M-02,2026-01-26 20:00:00+00:00,90.18149080457228,5.578455420259497,5.677793573930941,1644.6724627903625,0.812976601324876,1,5.360703660024396,87.09771441575013,0.3868024025687394,0.1
M-02,2026-01-26 21:00:00+00:00,88.79455331811266,5.2742427945183685,5.800988671497529,1747.948193904169,0.7891069389712534,1,5.424853101997466,87.1954827199811,0.31896305737152,0.15833333333333333
M-02,2026-01-26 22:00:00+00:00,81.3954550947844,5.945300526358228,5.023576136046337,1715.3060006273552,0.9533710222966546,1,5.5605500441535725,87.0849294204953,0.34140618730846917,0.08333333333333333
M-02,2026-01-26 23:00:00+00:00,92.23433007010036,5.945300526358228,5.3927708465843285,1683.2110797677592,0.8605113905037748,1,5.626351949984593,87.8836112218135,0.37543129586714186,0.14166666666666666
M-02,2026-01-27 00:00:00+00:00,86.34633809427643,5.509748283878355,5.864659908707976,1683.2110797677592,0.8433347712229173,1,5.696136077414256,88.15927263480167,0.28374835397707965,0.125
M-02,2026-01-27 01:00:00+00:00,87.48595639033695,5.522898357460797,5.039448915983396,1569.8513418670566,0.5530517197305873,1,5.629324318138912,87.73968729536385,0.2660741906255438,0.075
M-02,2026-01-27 02:00:00+00:00,91.1546744759858,5.898092103449304,6.007564236204993,1729.5901604219416,0.9407986954924236,1,5.682597098670546,87.90188457393276,0.28516588763768735,0.08333333333333333
M-02,2026-01-27 03:00:00+00:00,91.39726349258048,5.878464442181433,5.251903621181293,1742.516654670572,0.9989907914047872,1,5.783300706614391,88.33566960301073,0.20850007001337592,0.08333333333333333
M-02,2026-01-27 04:00:00+00:00,90.79192904152112,6.230967943405688,5.23147591876471,1703.1074421088276,0.7564798839065836,1,5.830911942788968,89.90174859413351,0.274926328465212,0.05
M-02,2026-01-27 05:00:00+00:00,84.80022131661781,5.8087726795108265,5.5175184483529485,1701.561000992253,0.6870683580976185,0,5.808157301647735,88.66273046855311,0.2691546719577894,0.13333333333333333
M-02,2026-01-27 06:00:00+00:00,49.285566823942666,1.249418345365587,6.663888916900333,1581.9779656126602,0.6087103996475928,0,5.098102311895606,82.4859352568308,1.8989579029557488,0.05
M-02,2026-01-27 07:00:00+00:00,49.285566823942666,1.20284510479543,6.103273954135568,1703.3703404280725,0.6892344718127319,0,4.378093436451378,76.11920366243176,2.445907027293462,0.008333333333333333
M-02,2026-01-27 08:00:00+00:00,52.49772595638846,1.42428868610362,6.379730026934882,1627.9108279001834,0.6111862255271674,0,3.6324595335604304,69.67637890916554,2.5686982299786343,0.008333333333333333
M-02,2026-01-27 09:00:00+00:00,51.43038465563911,1.4803439468580488,5.894712152911814,1693.2136172662383,0.8701192916886173,0,2.899439451006533,63.01523243634197,2.4229818729776156,0.016666666666666666
M-02,2026-01-27 10:00:00+00:00,61.11848245076844,0.59885055277513,6.893762990873253,1650.8104032336169,0.7399086680079504,0,1.9607532192347739,58.06965800454986,1.9110751903879408,0.016666666666666666
M-02,2026-01-27 11:00:00+00:00,59.7089169871709,1.550797249550454,6.298206225564493,1645.2527915261226,0.8944607729935024,0,1.2510906475747117,53.887773949642046,0.34644660578710856,0.016666666666666666
M-02,2026-01-27 12:00:00+00:00,56.51046150136914,2.089078610308286,6.591086012019157,1704.2509700876385,0.9333980242387652,0,1.3910340250651612,55.09192306254645,0.4867940815125283,0.008333333333333333
M-02,2026-01-27 13:00:00+00:00,56.22353030852869,1.663981125393886,6.31344102269075,1553.8842302361493,0.7026825649119912,0,1.4678900284982372,56.24825030997746,0.48754207352011714,0.03333333333333333
M-02,2026-01-27 14:00:00+00:00,62.663965429546174,2.3938394584090483,6.4969641606869954,1698.8607109842928,0.8777344894032966,0,1.6294818238824753,57.94262355550375,0.6143771133338254,0.041666666666666664
M-02,2026-01-27 15:00:00+00:00,63.5007005435618,1.4214560670729286,5.684512183202101,1716.5165776084093,0.80131652803263,0,1.619667177251622,59.954342870157525,0.6176974716386526,0.05
M-02,2026-01-27 16:00:00+00:00,62.65039797091289,2.3328945132297423,6.274791386818568,1677.213087696401,0.9996669557674546,0,1.9086745039940576,60.20966212351493,0.4179057489094766,0.016666666666666666
M-02,2026-01-27 17:00:00+00:00,58.94350045788236,1.7626049130084265,6.010174256957169,1684.812208788033,0.9139230422930116,0,1.9439757812370528,60.082092701966836,0.3896175534984664,0.025
M-02,2026-01-27 18:00:00+00:00,59.967505511647445,2.030391927164218,5.994044224766265,1749.7799430682085,0.9351137809152216,0,1.934194667379708,60.658266703679885,0.38596582442318356,0.025
M-02,2026-01-27 19:00:00+00:00,59.838049988359465,2.216083507409108,6.357196929078547,1680.4092235497749,0.6368874433573669,0,2.026211731048912,61.260686650318355,0.3742969964977351,0.03333333333333333
M-02,2026-01-27 20:00:00+00:00,61.96025376210245,2.043370728342532,6.060878064611916,1694.3289084661824,0.8138583227867053,0,1.967800276037826,61.14340137241106,0.33020118253610026,0.016666666666666666
M-02,2026-01-27 21:00:00+00:00,57.61248664451189,1.8424294358493023,6.095816800199464,1652.9032857121945,0.8068252118136261,0,2.0379625041672216,60.16203238923608,0.2158024689871773,0.03333333333333333
M-02,2026-01-27 22:00:00+00:00,64.830155615134,1.7274077183673775,6.052962773434869,1793.6549614253497,0.9692715160221608,0,1.9370480383568272,60.5253253299396,0.19037359935639744,0.025
M-02,2026-01-27 23:00:00+00:00,61.04516654646902,2.667237603073932,6.481477423248919,1744.5366751937304,0.873069690494631,0,2.087820153367745,60.875603011370714,0.33092704607233453,0.041666666666666664
M-02,2026-01-28 00:00:00+00:00,67.03603863906915,2.5761591352955637,6.0676712355187865,1726.5255916663918,0.7905483772095356,0,2.178781354722969,62.053691865941,0.3829090932073335,0.041666666666666664
M-02,2026-01-28 01:00:00+00:00,65.7986018546151,1.8011994777425702,6.322266230755432,1699.2173889621092,0.7766877552098936,0,2.1096340164452125,63.0471171769836,0.4112384624978403,0.041666666666666664
M-02,2026-01-28 02:00:00+00:00,66.79262563897979,2.2738485831521684,5.856450379097444,1704.133089440887,0.8809504011002491,0,2.1480469922468193,63.85251248979649,0.4145618471342741,0.041666666666666664
M-02,2026-01-28 03:00:00+00:00,62.6852157293539,2.752232309941367,6.215306534522102,1629.982942524868,0.7112785304376107,0,2.2996808045954964,64.69796733727016,0.44564303081094536,0.03333333333333333
M-02,2026-01-28 04:00:00+00:00,61.82969120996531,2.844917071209249,6.218886292706276,1561.5946430935746,0.601968643130327,0,2.485932363402475,64.19788993640871,0.38849370569251435,0.05
M-02,2026-01-28 05:00:00+00:00,67.65732402011614,3.0002310382615205,6.58043130748285,1742.3389763499365,0.9650499212418876,0,2.5414312692670733,65.29991618201656,0.4399517161075643,0.058333333333333334
M-02,2026-01-28 06:00:00+00:00,63.80146837142844,1.97193576574058,6.113204278781719,1739.313681648537,0.6664838229657495,0,2.4407273743412428,64.76082113740978,0.49599577007642953,0.025
M-02,2026-01-28 07:00:00+00:00,65.45269885911246,2.2680687595298794,5.879663453011594,1774.7754383325691,0.8604730133254328,0,2.5185389213057943,64.70317063815934,0.4036201841739618,0.05
M-02,2026-01-28 08:00:00+00:00,61.42154832387189,2.402025054445182,6.497244402354503,1613.828994835917,0.58028223147902,0,2.5399016665212963,63.807991085641355,0.39128255357205427,0.03333333333333333
M-02,2026-01-28 09:00:00+00:00,64.10175829329339,2.7397305388006705,6.374630806114698,1649.831865586731,0.6672650475166444,0,2.5378180379978468,64.04408151296461,0.38995676956905373,0.041666666666666664
M-02,2026-01-28 10:00:00+00:00,59.872418366395976,2.7509158784210794,6.452941437717019,1595.4926766680912,0.623330760604287,0,2.522151172533152,63.717869372369705,0.3768181471257439,0.041666666666666664
M-02,2026-01-28 11:00:00+00:00,63.78063542503144,2.7509158784210794,5.990626841745133,1673.170037651456,0.7869839199603512,0,2.4805986458930787,63.07175460652226,0.3235344920840687,0.05
M-02,2026-01-28 12:00:00+00:00,66.22526591130749,2.817893951000382,6.366010887200555,1744.112068582551,0.7992381165878086,0,2.6215916767697123,63.47572086316878,0.22765272961605812,0.06666666666666667
M-02,2026-01-28 13:00:00+00:00,66.23181187696726,2.48470577490514,6.071452236849953,1738.361296851201,0.9081886854547124,0,2.6576978459989227,63.605573032811236,0.17033272785068562,0.03333333333333333
M-02,2026-01-28 14:00:00+00:00,64.77787849966714,3.189062109243084,6.368223306008062,1643.8862186065023,0.6088017290403952,0,2.7888706884652392,64.16496139544378,0.22751162923826934,0.03333333333333333
M-02,2026-01-28 15:00:00+00:00,64.9086236538463,2.5948540176851678,6.1039884100084025,1721.6986491543194,0.8671586222282059,0,2.7647246016126554,64.29943895553593,0.24105485697783732,0.058333333333333334
M-02,2026-01-28 16:00:00+00:00,67.62806036972256,2.5537885589320277,6.136747134569712,1640.6924011178596,0.7184354037141125,0,2.7318700483644798,65.59204595609036,0.2562670574279044,0.05
M-02,2026-01-28 17:00:00+00:00,67.23782226079433,2.617314100436797,5.959516482674835,1609.7569620652953,0.5525377681701327,0,2.7096030853670996,66.16824376205085,0.26005747031380866,0.05
M-02,2026-01-28 18:00:00+00:00,63.91315540163268,2.8821750570152185,5.676335841755544,1675.8544022675865,0.822927624567872,0,2.7203166030362396,65.78289201043839,0.2666514340422417,0.08333333333333333
M-02,2026-01-28 19:00:00+00:00,67.82393499284089,4.073146769211327,6.099310576786087,1665.2732743863723,0.7946959698514804,0,2.9850567687539367,66.04824586308398,0.5847440124531812,0.041666666666666664
M-02,2026-01-28 20:00:00+00:00,72.80075644045768,2.900670894061065,5.802686425792764,1571.59171981113,0.628142929881251,0,2.9369915662236004,67.38539218654908,0.5764146103688076,0.058333333333333334
M-02,2026-01-28 21:00:00+00:00,67.82638692463057,2.784568745324409,6.249835618793713,1655.702348867332,0.781417778357629,0,2.9686106874968075,67.87168606501312,0.5588282413163393,0.1
M-02,2026-01-28 22:00:00+00:00,70.56160742085811,2.713833747687257,5.862536697952616,1773.6440638441086,0.8464342107004017,0,2.995284885622679,68.36061057353571,0.5385183061143458,0.03333333333333333
M-02,2026-01-28 23:00:00+00:00,80.67991108008417,2.896296187103612,6.249679135964519,1667.260742438438,0.916869566937391,0,3.041781900067148,70.60095871008402,0.510680887437213,0.041666666666666664
M-02,2026-01-29 00:00:00+00:00,71.68133256873594,3.3605880409485365,5.876003514836485,1739.536666317348,0.8608990583940783,0,3.121517397389368,71.89565490460122,0.518071685750853,0.08333333333333333
M-02,2026-01-29 01:00:00+00:00,72.5284282509138,2.7263002370726865,5.75414645836621,1637.7233929306558,0.6738235973560049,0,2.897042975366261,72.67973711428004,0.24093854134302053,0.09166666666666666
M-02,2026-01-29 02:00:00+00:00,69.49312361052155,3.284728994434916,5.716422799721111,1637.731208110516,0.6462336139551996,0,2.961052658761903,72.12846497595736,0.2884304955095079,0.025
M-02,2026-01-29 03:00:00+00:00,71.10346218425758,3.708884353012752,5.786937016690764,1647.9701619555044,0.7857019859066176,0,3.1151052600432934,72.67464418589519,0.40041808179796745,0.10833333333333334
M-02,2026-01-29 04:00:00+00:00,70.24501024662716,2.973072513284346,6.222582198150666,1680.9048764845463,0.8466786376387077,0,3.1583117209761418,72.62187799019004,0.36045162950919307,0.09166666666666666
M-02,2026-01-29 05:00:00+00:00,68.51022943716016,3.33901387327811,5.940236493716351,1581.963703141146,0.5621003381396154,0,3.2320980020052246,70.59359771636937,0.3408699230869775,0.09166666666666666
M-02,2026-01-29 06:00:00+00:00,69.8429575816198,3.104960522914513,5.619647769652947,1624.840197903614,0.6363368756798685,0,3.1894934156662207,70.28720188518334,0.3375573628720865,0.058333333333333334
M-02,2026-01-29 07:00:00+00:00,74.33216063104106,3.974808692665423,6.137474833620799,1650.7180353131328,0.6863483352777479,0,3.3975781582650098,70.58782394853789,0.37738613358843276,0.041666666666666664
M-02,2026-01-29 08:00:00+00:00,71.09043078837873,3.1950851554732105,5.503355763019932,1684.939834759257,0.6385464205746466,0,3.3826375184380595,70.85404181151408,0.3844556190813153,0.041666666666666664
M-02,2026-01-29 09:00:00+00:00,71.43719174469143,3.561795303415052,6.18454596397568,1642.865624067913,0.82263200289921,0,3.3581226768384425,70.90966340491973,0.3636166292434696,0.05
M-02,2026-01-29 10:00:00+00:00,74.28853218920129,3.973610631169653,5.814898569998741,1666.223231349664,0.7140593114843808,1,3.5248790298193264,71.58358372868207,0.3807363841895859,0.08333333333333333
M-02,2026-01-29 11:00:00+00:00,74.46933233753472,2.801270348743245,5.779736346436772,1655.6786810172991,0.7669269542257244,0,3.4352551090635166,72.57676754541117,0.4828395085556905,0.075
M-02,2026-01-29 12:00:00+00:00,71.95723003777371,3.0678886945466037,5.87862615635815,1671.6197403645851,0.8060687997212959,0,3.429076471002198,72.9291462881035,0.48811975386731016,0.075
M-02,2026-01-29 13:00:00+00:00,74.78719189424311,3.7182570491707625,5.2956327128143945,1727.2118559363516,0.8666142657302152,0,3.386317863753088,73.0049848319705,0.4395762570118038,0.05
M-02,2026-01-29 14:00:00+00:00,73.00398012125895,3.814153989947224,6.110256938368714,1684.4135404684423,0.7594482955437842,0,3.4894960028320896,73.32390972078387,0.4579816285617709,0.075
M-02,2026-01-29 15:00:00+00:00,78.49131704495633,3.258953840208389,5.728525473471327,1723.0859458579307,0.945593595636091,0,3.4390224256309794,74.49959727082802,0.46505330197946626,0.1
M-02,2026-01-29 16:00:00+00:00,78.07422124009342,4.19551101884225,6.09063474717936,1711.733006983893,0.9040401424703068,0,3.4760058235764126,75.13054544597671,0.5214703596996082,0.041666666666666664
M-02,2026-01-29 17:00:00+00:00,72.06672428272606,3.1192609191018645,5.987143068946754,1700.3111222273396,0.7906650840135256,0,3.5290042519695155,74.73011077017526,0.45051140842903853,0.1
M-02,2026-01-29 18:00:00+00:00,76.61108153787042,4.14096348714068,6.1418378404691705,1786.1962394550044,0.934035014252093,0,3.707850050735195,75.50575268685805,0.44379145449650714,0.09166666666666666
M-02,2026-01-29 19:00:00+00:00,81.73997650766832,4.133627714488784,5.672513253338209,1672.6729184244798,0.7919676932741802,0,3.7770784949548655,76.66455012242892,0.4769019026636828,0.10833333333333334
M-02,2026-01-29 20:00:00+00:00,74.31074667423142,4.736355614235282,5.90090142861216,1713.1423859011466,0.7517362913913508,0,3.9307787656695417,76.88234454792433,0.6187523711082868,0.125
M-02,2026-01-29 21:00:00+00:00,74.3160491817245,3.803449456921214,5.596256995142496,1750.3687590907227,0.8702815282050785,1,4.021528035121679,76.18646657071902,0.534738053016523,0.058333333333333334
M-02,2026-01-29 22:00:00+00:00,77.40976443808313,3.749963063858037,6.029330054592182,1759.6811585754915,0.9477965269679692,0,3.947270042624311,76.07572377038397,0.5366779080629603,0.08333333333333333
M-02,2026-01-29 23:00:00+00:00,71.30825915702901,3.872751588574797,5.849655044805387,1665.66266743894,0.7960078952062876,1,4.0728518208698,75.94931291610114,0.3648136724981436,0.05
M-02,2026-01-30 00:00:00+00:00,82.32753696393169,4.663176057446639,5.85371993160499,1658.9065861328463,0.8030933281152104,0,4.159887249254125,76.90205548711135,0.439052978272895,0.1
M-02,2026-01-30 01:00:00+00:00,78.54578694037285,3.3469413346397694,5.331069036215027,1631.6787715940827,0.6941705318368663,0,4.028772852612623,76.36969055922877,0.551522107541225,0.06666666666666667
M-02,2026-01-30 02:00:00+00:00,77.50451289032128,4.636245965225765,6.1546162651608505,1743.359848106025,0.9608108877469784,0,4.012087911111037,76.90198492857708,0.5267946601662651,0.1
M-02,2026-01-30 03:00:00+00:00,79.86618212768438,4.616854455732946,5.539453352882982,1753.3031726592649,0.937010702297554,0,4.147655410912992,77.82700708623706,0.5655977999975517,0.05
M-02,2026-01-30 04:00:00+00:00,79.41784986676224,4.551328434931291,5.279663294793059,1561.5218076521016,0.5594697462057915,1,4.281216306091868,78.1616879910169,0.5472231698125489,0.058333333333333334
M-02,2026-01-30 05:00:00+00:00,82.58882453629549,4.287655956021895,5.676047268540877,1656.2779904441318,0.8694380346523745,1,4.350367033999717,80.04178222089466,0.5102495649213791,0.09166666666666666
M-02,2026-01-30 06:00:00+00:00,82.19814788439173,4.337160654361046,5.58573248835855,1673.107449018543,0.7265875825976744,1,4.296031133485452,80.02021737430466,0.48711059838961523,0.058333333333333334
M-02,2026-01-30 07:00:00+00:00,88.08308686652481,4.3713529460049605,5.930245007123302,1648.501159011848,0.8254713778129159,1,4.466766402046317,81.60976736199665,0.1525663219078458,0.1
M-02,2026-01-30 08:00:00+00:00,81.65313656343854,4.310942663863619,5.155630249518833,1684.15972955747,0.8733962924853048,1,4.412549185152627,82.30120464084952,0.13733396397248948,0.1
M-02,2026-01-30 09:00:00+00:00,81.93476618037322,4.222535636895224,5.584142142782988,1577.277866851104,0.6212125814230275,0,4.346829382013007,82.645968649631,0.11202949440945133,0.09166666666666666
M-02,2026-01-30 10:00:00+00:00,80.7546134034805,4.620806883973529,5.40300079463479,1693.3782464919343,0.9696160314292686,1,4.358409123520046,82.86876257241738,0.13797992936947118,0.058333333333333334
M-02,2026-01-30 11:00:00+00:00,77.83637227116542,4.704673632726887,5.40300079463479,1691.4448802975146,0.9088355213186364,1,4.427912069637545,82.0766871948957,0.19031628782381707,0.08333333333333333
M-02,2026-01-30 12:00:00+00:00,85.4871991941516,5.481239850122897,5.729597995666469,1634.840467399899,0.8084221614638136,1,4.618591935597853,82.62486241318902,0.46134849585251114,0.1
M-02,2026-01-30 13:00:00+00:00,81.17849149118834,5.486793988365247,5.502880908124413,1655.4707763381816,0.7157727719014612,1,4.804498775991234,81.4740965172996,0.5566851425628659,0.16666666666666666
M-02,2026-01-30 14:00:00+00:00,82.71169295746915,5.1860797811390285,5.626387407251401,1739.2493759528732,0.9230189416693596,1,4.950354962203803,81.65052258297136,0.5145588411607417,0.10833333333333334
M-02,2026-01-30 15:00:00+00:00,85.55760048227287,4.65217859921161,5.866506910492692,1690.264935525468,0.8407806258745341,1,5.0219621225898665,82.25432829995465,0.4128623658622127,0.09166666666666666
M-02,2026-01-30 16:00:00+00:00,85.47889283436207,4.440597276850194,5.317298415267435,1737.7309014977088,0.859174562464135,1,4.991927188069311,83.04170820510159,0.45253146639087394,0.1
M-02,2026-01-30 17:00:00+00:00,87.68225218651438,4.962857287956979,5.358470260493132,1695.4157511619132,0.9585322758831364,1,5.034957797274326,84.68268819099306,0.4315424184095295,0.125
M-02,2026-01-30 18:00:00+00:00,83.12991601385767,5.323448626087526,5.96071245094038,1683.7540161600807,0.7553399408223416,1,5.008659259935097,84.28980766094408,0.40275399530016337,0.075
M-02,2026-01-30 19:00:00+00:00,83.3540740050534,5.44445809480726,5.676934797358565,1700.110436637425,0.9455699487126866,1,5.001603277675433,84.65240474658826,0.39295368385658097,0.11666666666666667
M-02,2026-01-30 20:00:00+00:00,88.7847613721114,4.544140955673578,5.629352237089744,1661.7593999986498,0.7890946672655031,1,4.894613473431192,85.66458281569531,0.4191950082551379,0.075
M-02,2026-01-30 21:00:00+00:00,89.36776281407859,5.646102146764708,5.504587604737994,1631.5015754824776,0.5826661418456494,1,5.060267398023374,86.29960987099626,0.4939505028328428,0.1
M-02,2026-01-30 22:00:00+00:00,79.40693901733502,5.037303547748369,5.870135307908011,1568.4517446833554,0.6068852846388275,1,5.15971844317307,85.28761756815841,0.39424071664417637,0.13333333333333333
M-02,2026-01-30 23:00:00+00:00,85.27039591160775,4.62454089688366,5.373292824695781,1726.1551247103728,0.7240702805234782,0,5.1033323779941835,84.88564152234063,0.4484892584759989,0.06666666666666667
M-03,2026-01-01 00:00:00+00:00,58.05620117567271,2.134596745635017,6.3889086988646815,1630.3499846814905,0.6884508569280023,0,2.134596745635017,58.05620117567271,0.0,0.008333333333333333
M-03,2026-01-01 01:00:00+00:00,53.78220971234308,1.6349110050614242,6.118984587152767,1578.449466622137,0.5734470410595217,0,1.8847538753482205,55.9192054440079,0.3533311756218094,0.016666666666666666
M-03,2026-01-01 02:00:00+00:00,61.75319404285798,1.5240066104737486,6.258475358865844,1680.5701842126518,0.8616132052497636,0,1.7645047870567299,57.86386831029125,0.32527064044876397,0.0
M-03,2026-01-01 03:00:00+00:00,54.56863157624485,1.7159131799376115,6.212680082385239,1614.367169139694,0.6314364323748209,0,1.7523568852769502,57.04005912677965,0.26669135549526923,0.05
M-03,2026-01-01 04:00:00+00:00,54.67484658958905,1.938129543675687,5.858287778285065,1707.002877155279,0.7197230916863853,0,1.7895114169566977,56.56701661934153,0.24544959858112375,0.025
M-03,2026-01-01 05:00:00+00:00,57.92088205107779,1.346804109635043,6.058324214625429,1574.9807174591538,0.6031718354915366,0,1.715726865736422,56.79266085796424,0.2843613270956035,0.03333333333333333
M-03,2026-01-01 06:00:00+00:00,56.99662356452711,2.0031497952635404,5.68210358384804,1722.0684070670245,0.9587521689604516,0,1.6938190406745093,56.61606458943998,0.248429897184655,0.025
M-03,2026-01-01 07:00:00+00:00,56.45497054578612,1.4974895324762836,5.504380562745307,1684.4794107745329,0.9139785135398578,0,1.670915461910319,57.061524728347145,0.26096541712809807,0.03333333333333333
M-03,2026-01-01 08:00:00+00:00,57.57869260558851,0.7850963790112562,5.845408179086332,1746.5032605595443,0.8710043980244379,0,1.54776375666657,56.36577448880224,0.4500244274826148,0.041666666666666664
M-03,2026-01-01 09:00:00+00:00,56.58515607605814,1.8730929439967297,5.943723967291574,1589.2104272774409,0.7410156091440483,0,1.5739603840097567,56.70186190543779,0.46605948086759225,0.016666666666666666
M-03,2026-01-01 10:00:00+00:00,60.40362319940105,2.351746683250725,5.840032712603692,1640.2731849517993,0.680704623165304,0,1.6428965739389294,57.656658007073126,0.5531503157870042,0.016666666666666666
M-03,2026-01-01 11:00:00+00:00,60.27243354928684,1.7045190915483903,5.4652082318817445,1775.3646291007271,0.9562874668021528,0,1.7025157375911542,58.048583256774634,0.5337932705622559,0.008333333333333333
M-03,2026-01-01 12:00:00+00:00,60.26708591843031,1.838306007067732,6.107338286851889,1589.652768833129,0.618706513957842,0,1.6750417728918527,58.59366031575849,0.5192697808888778,0.025
M-03,2026-01-01 13:00:00+00:00,57.77911299021907,2.5877583229752266,6.159585015917814,1706.9295654938048,0.891690254695806,0,1.8567532379750098,58.81435072316399,0.6247588158938486,0.03333333333333333
M-03,2026-01-01 14:00:00+00:00,58.15601139841568,2.2813180220435134,5.805906369250411,1618.2635521874097,0.6015002444300626,0,2.106123511813719,58.910570521968516,0.3493741609925202,0.025
M-03,2026-01-01 15:00:00+00:00,63.0576506080518,2.3841351199985925,5.778742665989396,1678.2288488000884,0.8052791075176343,0,2.19129720781403,59.98931961063413,0.343444720341556,0.03333333333333333
M-03,2026-01-01 16:00:00+00:00,55.24751376289596,1.5603161322956116,6.466520271597153,1711.1082396127,0.8519753670070582,0,2.0593921159881776,59.12996803788328,0.41419095684222723,0.06666666666666667
M-03,2026-01-01 17:00:00+00:00,58.478765986881065,2.413815181427101,6.06934290427446,1701.211001743316,0.7059381437920327,0,2.177608130967963,58.831023444148975,0.393344996740336,0.008333333333333333
M-03,2026-01-01 18:00:00+00:00,58.612420477217285,2.199819252550869,6.191821070490881,1670.9954826244762,0.8115513786198214,0,2.2378603385484857,58.555245870613476,0.35698371498769493,0.05
M-03,2026-01-01 19:00:00+00:00,67.34076372185989,2.47198220656256,6.424697372883477,1688.8723811023883,0.7631894225406602,0,2.2185643191463744,60.14885432588694,0.3368493120729158,0.075
M-03,2026-01-01 20:00:00+00:00,61.36875065734864,2.3428231787681537,6.269755052018543,1643.5825916476065,0.6167089796291169,0,2.228815178600481,60.684310869042434,0.3400614801678951,0.008333333333333333
M-03,2026-01-01 21:00:00+00:00,60.598877902366446,2.901389181373317,6.373358504032725,1626.9682757454077,0.5807311532515548,0,2.315024188829602,60.27451541809487,0.43859972544718995,0.058333333333333334
M-03,2026-01-01 22:00:00+00:00,62.18726811382992,2.6445592899794743,6.184068365002804,1664.8125188600156,0.8895587630580506,0,2.495731381776913,61.431141143250535,0.24695229928345114,0.058333333333333334
M-03,2026-01-01 23:00:00+00:00,62.10682753532219,2.5977581520568744,5.921342759765291,1630.4722246512192,0.6502366665700232,0,2.5263885435485416,62.03581806799073,0.2461654805912375,0.03333333333333333
M-03,2026-01-02 00:00:00+00:00,66.32611975764577,2.278094751375506,6.667600558111012,1668.4919890967442,0.7780678511809008,0,2.539434460019314,63.32143461472881,0.22670171987135174,0.025
M-03,2026-01-02 01:00:00+00:00,61.87935924429208,2.219407957215385,6.374422765772259,1680.3970754183297,0.8420496661670724,0,2.497338751794785,62.41120053513418,0.2623750037858467,0.025
M-03,2026-01-02 02:00:00+00:00,62.4613802491341,2.9912676128433247,6.314445739846108,1606.1197863458694,0.5614673213930585,0,2.605412824140647,62.593305467098425,0.3143926970673977,0.058333333333333334
M-03,2026-01-02 03:00:00+00:00,62.45494655805707,2.6061267412071123,6.641032533496252,1709.8482283356448,0.7054804053773354,0,2.5562024174462796,62.90265024304686,0.2800294129984453,0.06666666666666667
M-03,2026-01-02 04:00:00+00:00,65.10687121157807,2.389812041827013,5.871610466461767,1794.14980974304,0.9768718528239448,0,2.5137445427542024,63.38925075933821,0.28324729624691364,0.03333333333333333
M-03,2026-01-02 05:00:00+00:00,68.35337355492561,2.0402259435259,6.075398748949047,1637.5947364677388,0.7885292770608315,0,2.42082250799904,64.43034176260545,0.3366005657050412,0.05
M-03,2026-01-02 06:00:00+00:00,65.06316261679088,2.942060383943717,6.1071936364129575,1694.9420937507014,0.8646737553539738,0,2.5314834467604084,64.2198489057963,0.3858347715714632,0.016666666666666666
M-03,2026-01-02 07:00:00+00:00,67.28205966620953,2.802418271761682,5.9200425431190045,1565.9654118519168,0.5536627721757743,0,2.6286518325181247,65.12029897611588,0.36433686386287023,0.075
M-03,2026-01-02 08:00:00+00:00,66.47187670019628,2.4345554087916894,6.259797366685015,1626.7586052499964,0.6950745728648795,0,2.5358664651761855,65.78871505129291,0.3219426107408042,0.06666666666666667
M-03,2026-01-02 09:00:00+00:00,70.57074859636441,2.744792819710248,6.367337552604198,1585.4434278578651,0.6347644237610646,0,2.558977478260042,67.14134872434413,0.332789490437845,0.075
M-03,2026-01-02 10:00:00+00:00,69.07693362743125,4.091172255308371,5.9389123713913285,1700.0120149096508,0.8314729001600775,0,2.8425375138402678,67.80302579365299,0.6914203283083962,0.06666666666666667
M-03,2026-01-02 11:00:00+00:00,62.685565466713626,2.7663438642473217,6.19847866357002,1563.8669692996718,0.6291764591893995,0,2.9635571672938377,66.85839111228434,0.5769813565855146,0.041666666666666664
M-03,2026-01-02 12:00:00+00:00,75.85819585527202,3.650911112536081,6.074923980163341,1756.143752091455,0.8816402838888617,0,3.0816989553925658,68.65756331869785,0.6407473559853354,0.075
M-03,2026-01-02 13:00:00+00:00,65.51181127902362,2.9717200669330417,5.9643946136442345,1652.2332392577744,0.7031645573443954,0,3.109915921254459,68.36252192083353,0.6296199399151431,0.041666666666666664
M-03,2026-01-02 14:00:00+00:00,69.12855473363325,3.506321071556689,6.374714376354436,1644.666656445526,0.6804822362998333,0,3.2885435317152925,68.80530159307303,0.5462022749444054,0.058333333333333334
M-03,2026-01-02 15:00:00+00:00,71.9653890187257,2.929503670993645,6.172590647738641,1705.890319441725,0.7342303260458152,0,3.3193286735958587,69.03774166346658,0.5136619629269052,0.10833333333333334
M-03,2026-01-02 16:00:00+00:00,75.28574065175653,3.836890914750284,5.420240497097554,1679.186562119482,0.883041096249319,0,3.27694845016951,70.07254283418746,0.44285318551447617,0.05
M-03,2026-01-02 17:00:00+00:00,72.88909301811478,2.2206320440588416,5.857855416841615,1679.186562119482,0.8530922906573268,0,3.185996480138097,71.77313075942098,0.597670220295409,0.058333333333333334
M-03,2026-01-02 18:00:00+00:00,70.49206563631026,3.011478759456168,5.9181356074394245,1675.9747324406392,0.7832898904211711,0,3.0794244212914452,70.87877572292736,0.5535726976998036,0.03333333333333333
M-03,2026-01-02 19:00:00+00:00,73.13439399756993,4.014206147972721,5.821969356184147,1674.7006734944007,0.9292615241148324,0,3.2531721014647252,72.14920617601841,0.6653271027981771,0.06666666666666667
M-03,2026-01-02 20:00:00+00:00,73.74447586719171,3.0227789574616333,6.349342609314971,1690.8388248102535,0.7599178295200748,0,3.172581749115549,72.91852636494482,0.6577732951379983,0.06666666666666667
M-03,2026-01-02 21:00:00+00:00,73.61431231660228,3.239623608787324,6.157172847713779,1711.122197319182,0.9990975419754776,0,3.224268405414495,73.19334691459092,0.6469477776810305,0.08333333333333333
M-03,2026-01-02 22:00:00+00:00,79.1565544973335,3.624901724992812,6.27360369154997,1680.865573626692,0.8759599181874856,0,3.18893687378825,73.8384825555204,0.6116237324174472,0.041666666666666664
M-03,2026-01-02 23:00:00+00:00,74.88615049658229,4.258159689657607,5.745568598397297,1632.8375015698612,0.6567691672003363,0,3.528524814721377,74.17132546859834,0.526140916336363,0.10833333333333334
M-03,2026-01-03 00:00:00+00:00,75.50830967604887,3.6904550499117774,5.913653095083298,1666.8627190844827,0.7540098900285056,0,3.6416875297973124,75.0073661418881,0.46177295211385005,0.1
M-03,2026-01-03 01:00:00+00:00,74.31587492519697,3.804637198266329,6.243011387911202,1679.0571538621998,0.6963105982103637,0,3.6067593715129136,75.20427962982593,0.4351169756834837,0.09166666666666666
M-03,2026-01-03 02:00:00+00:00,72.94068447292194,4.800731022180245,5.585025429721139,1699.616351544434,0.84466075688333,0,3.9030847156326822,75.07031439744763,0.5485101336958655,0.06666666666666667
M-03,2026-01-03 03:00:00+00:00,71.70268883418713,3.616698553638385,5.689393341185732,1612.6719395010166,0.6785833997698255,0,3.9659305397745257,74.75171048371179,0.4738049475571637,0.058333333333333334
M-03,2026-01-03 04:00:00+00:00,73.18267819117877,4.0645954353080125,5.983696113210175,1609.0566587919564,0.6317667100113478,0,4.039212824827058,73.75606443268599,0.4435466133186732,0.1
M-03,2026-01-03 05:00:00+00:00,78.26533997941513,4.048271628018098,5.797536875878948,1582.3958804307856,0.5904325193915869,0,4.004231481220475,74.3192626798248,0.43092230316504126,0.1
M-03,2026-01-03 06:00:00+00:00,73.08386988827503,4.346838253688873,5.563203333540272,1571.4601864887434,0.6447310656831264,0,4.11362868184999,73.91518938186249,0.418470410779129,0.1
M-03,2026-01-03 07:00:00+00:00,75.47720373109885,4.076234737854611,6.051304277200199,1705.7146566619554,0.748545003796438,0,4.158894938448038,74.10874418284614,0.39222845120928235,0.05
M-03,2026-01-03 08:00:00+00:00,75.56324959205475,4.485367963843892,5.672282267485343,1758.2527368311091,0.9375006011039602,0,4.106334428725312,74.54583836936827,0.29908902504997054,0.11666666666666667
M-03,2026-01-03 09:00:00+00:00,81.84799704256214,4.69771421430296,5.672980751356293,1734.478612488748,0.9653992631361072,1,4.286503705502741,76.23672307076411,0.26925533434917387,0.10833333333333334
M-03,2026-01-03 10:00:00+00:00,80.71291909987798,4.6101593395201865,5.678796208871617,1640.647284214372,0.5571044184379226,0,4.377431022871437,77.49176322221398,0.2714388336862073,0.1
M-03,2026-01-03 11:00:00+00:00,82.5137738357514,3.767229778807296,5.702539756852105,1734.7647817971615,0.9358585010563718,0,4.330590714669636,78.19983553160336,0.3519178217616186,0.1
M-03,2026-01-03 12:00:00+00:00,80.65369019857843,4.644526539355889,5.542897074005281,1687.0253595319718,0.7906481000788681,1,4.380205428947472,79.46147224998727,0.3749007246264647,0.15
M-03,2026-01-03 13:00:00+00:00,74.903679124089,4.2869174264819145,5.40171836945885,1642.886718202978,0.7669786805950742,1,4.4153192103853565,79.36588481548561,0.34975973785059356,0.075
M-03,2026-01-03 14:00:00+00:00,83.12903837932836,4.60584340186596,5.603524978756312,1668.6444348224015,0.7809137210614087,0,4.4353984500557,80.62684961336456,0.3579477491451479,0.11666666666666667
M-03,2026-01-03 15:00:00+00:00,75.10644369631204,4.229893858857597,5.831460028627009,1614.0307973406927,0.5761799052278468,1,4.357428390814807,79.50325738898954,0.3398763162072614,0.10833333333333334
M-03,2026-01-03 16:00:00+00:00,76.69936964413596,4.229893858857597,5.839113474765971,1592.4846188692882,0.6631484989768238,1,4.294050810704376,78.8343324796992,0.31807903735932946,0.06666666666666667
M-03,2026-01-03 17:00:00+00:00,82.20390307674913,4.516105705205657,5.412048709792298,1684.2564517998053,0.951587205478844,0,4.418863465104103,78.78268735319882,0.19192193953283684,0.10833333333333334
M-03,2026-01-03 18:00:00+00:00,80.52032010097798,4.76520083298907,5.536595913827369,1649.2765054075292,0.6938193511011407,1,4.438975847376299,78.76045900359874,0.2239503767172417,0.058333333333333334
M-03,2026-01-03 19:00:00+00:00,88.8092129787103,5.206631398690362,5.61228264838921,1660.1363252976728,0.79558381841776,1,4.592261509411041,81.07804797936898,0.3676855104963503,0.09166666666666666
M-03,2026-01-03 20:00:00+00:00,83.93958863301077,4.486973769601862,5.315733808125461,1635.8757257621626,0.7894573893537223,1,4.57244990403369,81.21313968831603,0.3700024905998632,0.1
M-03,2026-01-03 21:00:00+00:00,85.67130060870993,4.840284887300379,5.901412613022181,1762.207167694253,0.997920107944356,1,4.674181742107488,82.97394917371567,0.3396480378739305,0.09166666666666666
M-03,2026-01-03 22:00:00+00:00,79.80829000527498,4.701622231095932,5.916776099715988,1785.1526832325933,0.912383265200636,0,4.7528031374805435,83.49210256723886,0.2619455143837649,0.03333333333333333
M-03,2026-01-03 23:00:00+00:00,77.26862053827165,5.295754709662269,5.501022153035511,1787.35761564805,0.8109025777728993,1,4.882744638223312,82.66955547749261,0.3100126565565559,0.05
M-03,2026-01-04 00:00:00+00:00,86.34999660172083,4.485302712244277,5.688431608773118,1743.0343642016303,0.9029601307781828,1,4.836094951432513,83.6411682276164,0.34975008644378225,0.06666666666666667
M-03,2026-01-04 01:00:00+00:00,85.02254407099652,5.248621911882659,5.619827740665063,1585.5028918756918,0.6475022714325894,1,4.843093370297896,83.01005674299745,0.35894650910386117,0.03333333333333333
M-03,2026-01-04 02:00:00+00:00,78.38902257403781,5.08228279421318,5.594574303394049,1643.0260860732603,0.8240228530020965,1,4.9423115410664495,82.08496239983528,0.32110369665836014,0.08333333333333333
M-03,2026-01-04 03:00:00+00:00,88.35628870962067,5.162229994218761,5.86637596514086,1588.9060244242696,0.5515130288041205,1,4.995969058886179,82.53246041665375,0.3274806353618724,0.058333333333333334
M-03,2026-01-04 04:00:00+00:00,82.15615024836552,4.96067439661611,5.334418296698999,1654.404615049387,0.7195935423203983,1,5.039144419806209,82.92377045716883,0.29652616076704164,0.08333333333333333
M-03,2026-01-04 05:00:00+00:00,88.32090423435498,5.95131048871732,5.07378569590785,1556.8485728622668,0.5675008356993896,1,5.148403716315385,84.7658177398494,0.4762796139384657,0.10833333333333334
M-03,2026-01-04 06:00:00+00:00,83.52489239519898,4.97992873637147,5.525838664877889,1703.5729071325025,0.829094094426646,1,5.23084138700325,84.29496703876241,0.3693552255602234,0.1
M-03,2026-01-04 07:00:00+00:00,86.6914905978056,5.791894221990577,5.563158939043015,1695.6885888988156,0.9239905103491046,1,5.321386772021236,84.5731247932306,0.4352906498736715,0.075
M-03,2026-01-04 08:00:00+00:00,85.27182205309676,4.788540749312346,5.13019122110518,1691.6573771131928,0.9772168728661756,1,5.2724297645377645,85.72025803974043,0.48161461555061696,0.1
M-03,2026-01-04 09:00:00+00:00,82.42904990971614,5.427546441124309,5.4895925001749,1732.9423516302145,0.7290646328821602,1,5.316649172355355,84.732384906423,0.48165303847693236,0.09166666666666666
M-03,2026-01-04 10:00:00+00:00,86.22996599950407,4.951155376454596,5.560831857717862,1636.3708711552902,0.5983859095173002,1,5.315062668995103,85.41135419827943,0.48307366297329296,0.03333333333333333
M-03,2026-01-04 11:00:00+00:00,79.37025572628184,5.0981046054122094,5.893342083573049,1626.242994223254,0.5552059215971982,1,5.172861688444251,83.9195794469339,0.370872921450675,0.075
M-03,2026-01-04 12:00:00+00:00,80.97924194376436,5.882487075370064,5.781200085175897,1593.6063623194154,0.6190310518159036,1,5.323288078277351,83.4953043716948,0.4512892847280045,0.06666666666666667
M-03,2026-01-04 13:00:00+00:00,82.60358938844398,5.748780037993932,5.324593464717902,1758.986604816516,0.9091764863685226,1,5.316102380944576,82.81398750346786,0.4425950693200943,0.15
M-03,2026-01-04 14:00:00+00:00,91.89558919904528,6.025546757127264,5.29246126919216,1612.97262661857,0.6236977269662853,1,5.522270048913729,83.91794869445927,0.4357548349161597,0.11666666666666667
M-03,2026-01-04 15:00:00+00:00,86.99848027276238,5.659765230451364,5.224902560444184,1554.6415502720747,0.6651095346350533,1,5.560973180468238,84.67952042163365,0.4359715929931027,0.10833333333333334
M-03,2026-01-04 16:00:00+00:00,87.5543372145352,4.888421460916189,5.070762183571065,1757.341688315424,0.9783407349178532,1,5.550517527878504,84.90024895747217,0.4539048990347322,0.05
M-03,2026-01-04 17:00:00+00:00,85.15156462390658,5.419359326582826,5.571215506490511,1657.3438778291315,0.7404769488995975,0,5.60405998140694,85.86380044040963,0.4063182354293759,0.13333333333333333
M-03,2026-01-04 18:00:00+00:00,52.52701840270428,0.461035611431161,6.17192921721437,1632.945658005248,0.6753279509594063,0,4.700484737417122,81.12176318356627,2.1118693726846205,0.025
M-03,2026-01-04 19:00:00+00:00,55.02831210789585,2.4464922900893264,6.227381805719037,1689.7122003803177,0.8280297291929422,0,4.150103446099688,76.52588363680826,2.211967574663902,0.041666666666666664
M-03,2026-01-04 20:00:00+00:00,57.27718442731246,1.778452193566204,6.676774586664878,1641.342085125975,0.7322829501151236,0,3.4422543521728453,70.75614950818611,2.1709510712565483,0.05
M-03,2026-01-04 21:00:00+00:00,58.51493863279634,0.470344140496693,6.439906451888939,1712.8807000305712,0.9521146633071632,0,2.5773508371804,66.00889256819178,2.1443735699944386,0.016666666666666666
M-03,2026-01-04 22:00:00+00:00,51.997307208258086,1.6548313034669169,6.365885386464112,1750.124871345011,0.9640105266249814,0,2.038419144272188,60.08272090047893,1.8307922155676988,0.03333333333333333
M-03,2026-01-04 23:00:00+00:00,58.96189192272153,1.5810728350388157,6.592838182981994,1826.1997618894509,0.993439533039454,0,1.398704729014853,55.71777545028143,0.7851117900776816,0.058333333333333334
M-03,2026-01-05 00:00:00+00:00,58.92287818848033,1.7491749354971506,6.297838555064745,1793.4632085542285,0.9076635127185864,0,1.6133946163591846,56.7837520812441,0.6401653098675283,0.025
M-03,2026-01-05 01:00:00+00:00,58.28971542093189,1.0238103900515243,6.234920760780583,1728.2275516247134,0.9924705880174294,0,1.376280966352884,57.327319300083445,0.5225473466795728,0.041666666666666664
M-03,2026-01-05 02:00:00+00:00,55.20132063153914,2.3971476126305533,6.545494690806895,1764.8043841234537,0.8836926871430848,0,1.4793968695302755,56.98134200078789,0.6605919049102436,0.016666666666666666
M-03,2026-01-05 03:00:00+00:00,60.80865745023316,1.5328732339692246,6.293967490003233,1701.6552762891652,0.8794400079011795,0,1.6564850517756975,57.36362847036069,0.44236168233749235,0.025
M-03,2026-01-05 04:00:00+00:00,56.150438817511954,1.7436588306555183,6.340384775519738,1667.0827125411229,0.635840151004546,0,1.6712896396404646,58.055817071903,0.4437793974289316,0.025
M-03,2026-01-05 05:00:00+00:00,56.13884619784793,1.5199805104999238,6.092645409085663,1647.404244444048,0.7265142981216572,0,1.6611075855506492,57.585309451090744,0.44695281703726564,0.008333333333333333
M-03,2026-01-05 06:00:00+00:00,56.76333625491013,2.5358379118432275,6.465409923403158,1673.7675584044507,0.872311589073687,0,1.7922180816083289,57.2253857954957,0.57499419402949,0.041666666666666664
M-03,2026-01-05 07:00:00+00:00,60.2042081900334,2.1786033639475133,6.210063832307255,1735.7695202745772,0.9048336210506512,0,1.98468357725766,57.544467923679285,0.4448993188822686,0.025
M-03,2026-01-05 08:00:00+00:00,52.97397321609141,2.3073091134268813,6.112570786374813,1641.7700179593558,0.6129768189193492,0,1.969710494057048,57.173243354438,0.4294863249275171,0.016666666666666666
M-03,2026-01-05 09:00:00+00:00,64.90983189737541,2.216757570412125,6.235994947327389,1727.3779631361929,0.9491766776368656,0,2.0836912167975314,57.856772428961705,0.37803395394980627,0.025
M-03,2026-01-05 10:00:00+00:00,61.33880917386972,1.6226503767423768,6.365792530925451,1713.1859472784756,0.9530318928599836,0,2.063523141145341,58.721500821688004,0.40225476420171286,0.058333333333333334
M-03,2026-01-05 11:00:00+00:00,61.38089867740286,1.688563923802331,5.608907536094645,1665.0939930099537,0.7116410048605899,0,2.0916203766957424,59.59517623494716,0.36040631850259564,0.05
M-03,2026-01-05 12:00:00+00:00,66.90744207911818,2.236222930456878,6.482848508234595,1676.694509950567,0.7929813846702274,0,2.0416845464646842,61.28586053898183,0.3026822522909185,0.03333333333333333
M-03,2026-01-05 13:00:00+00:00,54.558634178880965,2.320002003813709,6.5757983406203575,1649.0029556019774,0.6579401854116076,0,2.0652509864423836,60.344931537123095,0.32045727053212925,0.05
M-03,2026-01-05 14:00:00+00:00,64.68016673280708,2.353238791757928,6.798244283481707,1603.5235066865134,0.6332375290419869,0,2.072905932830891,62.29596378990903,0.32785898222573273,0.06666666666666667
M-03,2026-01-05 15:00:00+00:00,59.96660416098272,2.255079277274936,6.385309182353564,1619.940938787437,0.6139238934893965,0,2.079292883974693,61.47209250051025,0.33157401467910985,0.075
M-03,2026-01-05 16:00:00+00:00,65.59276725425458,2.620067527969763,6.105865704713191,1687.5562003924383,0.7854999576724874,0,2.245529075845924,62.181085513907725,0.3058805790832759,0.03333333333333333
M-03,2026-01-05 17:00:00+00:00,64.30392499682694,2.326927772794444,6.657968549653265,1759.066873881667,0.9347182810632624,0,2.351923050677943,62.66825656714508,0.13878915180390636,0.03333333333333333
M-03,2026-01-05 18:00:00+00:00,61.66108191699088,2.5943462476667114,6.328136032271273,1536.5964556054612,0.5872744418339362,0,2.411610270212915,61.793863206790526,0.15512526993138798,0.075
M-03,2026-01-05 19:00:00+00:00,66.54867383274464,2.8192392677535194,6.070141776610098,1721.257260155719,0.9302426159770958,0,2.49481648086955,63.79220314910114,0.2175081290750774,0.05
M-03,2026-01-05 20:00:00+00:00,66.22388641637141,2.774940763740621,6.537292449865843,1717.6645594717995,0.8903456293638734,0,2.5651001428666658,64.04948976302852,0.23036299355851353,0.05
M-03,2026-01-05 21:00:00+00:00,62.06923668869446,2.5283904983858987,6.0451953587771055,1693.6848289848915,0.8946616573464287,0,2.6106520130518263,64.39992851764715,0.17783158754150727,0.08333333333333333
M-03,2026-01-05 22:00:00+00:00,62.06923668869446,3.0482138262848077,6.407843804144709,1630.762874486772,0.7700392583082891,0,2.682009729437667,63.81267342338714,0.2525630669711691,0.016666666666666666
M-03,2026-01-05 23:00:00+00:00,62.44134643955722,2.5401226516718096,6.342714153241991,1683.9664208426286,0.8892032339494863,0,2.7175422092505612,63.50224366384219,0.20268888384065306,0.09166666666666666
M-03,2026-01-06 00:00:00+00:00,65.68583415590746,2.4875629377865334,6.548380971710583,1623.0926078534037,0.6639437883212618,0,2.699744990937198,64.17303570366161,0.21964821539782342,0.05
M-03,2026-01-06 01:00:00+00:00,68.60074321224549,3.4258456751613213,6.46189296957975,1679.316218337574,0.8742729056337423,0,2.8008460588384985,64.51504726691175,0.37224762148103185,0.058333333333333334
M-03,2026-01-06 02:00:00+00:00,69.87271439454204,2.8669696428601923,5.991576743565065,1706.8791146792996,0.7832260059408853,0,2.816184205358427,65.12318526327353,0.3728622131858344,0.041666666666666664
M-03,2026-01-06 03:00:00+00:00,68.67205568224605,2.9001514238899286,5.415384003736335,1658.121329434665,0.8986155664700051,0,2.8781443596090988,66.22365509553212,0.3453468001402413,0.041666666666666664
M-03,2026-01-06 04:00:00+00:00,71.32109414614412,2.393624789126752,5.898047073544972,1724.5105064974596,0.9733755250208762,0,2.769046186749423,67.7656313384404,0.3822939143100862,0.05
M-03,2026-01-06 05:00:00+00:00,67.91483728626574,3.11062629801721,6.241310413235422,1638.61415717737,0.5967332295808379,0,2.8641301278069893,68.67787981289182,0.38490737509475903,0.06666666666666667
M-03,2026-01-06 06:00:00+00:00,66.05243680108154,3.049113151767635,6.079883669926774,1578.3312662453518,0.5832734180802289,0,2.957721830137173,68.73898025375416,0.3407720255816314,0.041666666666666664
M-03,2026-01-06 07:00:00+00:00,64.91354050900047,2.898390123460984,6.481217133312759,1655.1677935170735,0.6626130493255611,0,2.86981257152045,68.12444646988,0.2524440364630171,0.06666666666666667
M-03,2026-01-06 08:00:00+00:00,66.98144896536681,2.864482823381534,6.031873862191537,1667.8576935966785,0.7827078790990659,0,2.869398101607341,67.64256889835079,0.25245167893627063,0.058333333333333334
M-03,2026-01-06 09:00:00+00:00,66.73999235171216,3.1253968674614656,6.257038986645017,1610.615199655787,0.7530716484572236,0,2.9069390088692635,67.3205583432618,0.273785658487744,0.09166666666666666
M-03,2026-01-06 10:00:00+00:00,67.98129441150552,3.0017380585141877,6.203111417161679,1586.202111017765,0.6304282191662134,0,3.0082912204338363,66.76392505415537,0.10830944636307213,0.05
M-03,2026-01-06 11:00:00+00:00,63.0061569615193,3.209770863038588,5.648518477744005,1609.1490127345885,0.5987356591460261,0,3.0248153146040657,65.94581166669764,0.1320136243034329,0.06666666666666667
M-03,2026-01-06 12:00:00+00:00,71.77518641350895,3.769865988356988,6.0574968897330645,1726.8334060111515,0.9721210928479398,0,3.1449407873689577,66.89960326876887,0.33318683387419823,0.05
M-03,2026-01-06 13:00:00+00:00,68.7419699455146,3.989472300571443,6.080756829228874,1703.4132220108618,0.9644961985557696,0,3.3267878168873675,67.53767484152122,0.44924459382081905,0.025
M-03,2026-01-06 14:00:00+00:00,76.58498209935544,3.172833168363398,5.761294001729049,1730.986881694708,0.9356560011104156,0,3.378179541051012,69.13826369718599,0.40080743413584563,0.09166666666666666
M-03,2026-01-06 15:00:00+00:00,72.28252670662438,2.6834344176651017,6.0456801861854,1608.9425258964336,0.6148877415051186,0,3.304519132751618,70.0620194230047,0.48773959613490986,0.058333333333333334
M-03,2026-01-06 16:00:00+00:00,73.89463756442223,3.9475759127488015,5.731050498997558,1599.8434768992447,0.5768425593382376,0,3.462158775124054,71.04757661515748,0.5219566400553484,0.06666666666666667
M-03,2026-01-06 17:00:00+00:00,72.71074580638418,4.381141507823565,5.481788748478168,1720.6998975124814,0.9186916008302396,0,3.6573872159215495,72.66500808930162,0.6187630258418831,0.058333333333333334
M-03,2026-01-06 18:00:00+00:00,69.63074720307448,2.963327125983425,5.554425207432663,1720.6780285670534,0.7831295629298619,0,3.522964072192623,72.30760155422922,0.6745352259921704,0.1
M-03,2026-01-06 19:00:00+00:00,77.7651342221658,3.315186274526171,5.976479635472616,1641.554701968006,0.5837751236746092,0,3.410583067851744,73.81146226700442,0.6363573839847432,0.08333333333333333
M-03,2026-01-06 20:00:00+00:00,70.19782369932179,3.853231764718693,6.358820769264763,1593.3739889067533,0.6286481770262718,0,3.5239828339109596,72.74693586699881,0.6460664692176975,0.06666666666666667
M-03,2026-01-06 21:00:00+00:00,74.67949159153638,4.059537084140381,5.657726477350471,1611.035047800198,0.656162093122578,0,3.753333278323506,73.14643001448415,0.5199416063384602,0.06666666666666667
M-03,2026-01-06 22:00:00+00:00,74.30819794852434,3.810968114687344,5.599317096770135,1777.9938609701844,0.8936597767255887,0,3.73056531197993,73.21535674516782,0.5126748797424672,0.05
M-03,2026-01-06 23:00:00+00:00,76.08492058193636,3.905325979457686,5.471531617267354,1667.702462408178,0.9799403652783366,0,3.65126272391895,73.77771920775986,0.4204131689313845,0.11666666666666667
M-03,2026-01-07 00:00:00+00:00,76.63226128881526,3.331415213885715,5.615536075076414,1770.4336550821347,0.9521516715497436,0,3.7126107385693317,74.94463822204999,0.31311395127427183,0.075
M-03,2026-01-07 01:00:00+00:00,76.65963087319449,4.005901134195653,5.805789782082782,1718.9216503159348,0.7260088131705538,0,3.827729881847579,74.7603876638881,0.260292251542331,0.06666666666666667
M-03,2026-01-07 02:00:00+00:00,77.91687946437088,3.9393819535868335,6.173607863528069,1759.9923236466414,0.9995360462909584,0,3.8420882466589354,76.04689695806296,0.2643252331194433,0.025
M-03,2026-01-07 03:00:00+00:00,79.75888622850957,4.555756339290276,4.845074345640878,1700.012017352126,0.8131595298608041,0,3.9247914558505848,76.89346273089181,0.3925145523347324,0.03333333333333333
M-03,2026-01-07 04:00:00+00:00,77.14582381087364,4.1665799769499845,5.979585977467206,1626.7138284471766,0.6745499763388612,0,3.9840600995610242,77.3664003746167,0.39868977216650486,0.041666666666666664
M-03,2026-01-07 05:00:00+00:00,77.45359707354493,4.3170748210617775,6.090338833694653,1679.0969512852869,0.6952510821215556,0,4.052684906495039,77.59451312321814,0.4174233415750225,0.09166666666666666
M-03,2026-01-07 06:00:00+00:00,77.59880741253164,4.982547589529714,6.070445846090828,1673.9639951287895,0.8453152036527105,0,4.32787363576904,77.75560414383752,0.3901929907021268,0.075
M-03,2026-01-07 07:00:00+00:00,80.19764351915484,3.8600637745006656,6.255870058868046,1743.7771480423023,0.9569398164484784,0,4.303567409153209,78.34527291816424,0.4178248122316482,0.09166666666666666
M-03,2026-01-07 08:00:00+00:00,74.756151387077,4.08266442631957,5.693785282692402,1620.5012060787092,0.7051190328092746,0,4.327447821275332,77.81848490528193,0.39639205488052776,0.09166666666666666
M-03,2026-01-07 09:00:00+00:00,73.82490517914327,3.52259594808636,5.843975734746161,1641.7816803552782,0.6376127459031279,0,4.155254422741345,76.82948806372089,0.4905897808245801,0.10833333333333334
M-03,2026-01-07 10:00:00+00:00,83.77649653474997,4.771523377462818,6.425388483435144,1822.302830928604,0.8965147972555727,1,4.256078322826817,77.93460018436694,0.5517350937999576,0.08333333333333333
M-03,2026-01-07 11:00:00+00:00,77.86440516669741,4.581113584031927,6.425388483435144,1667.2706723895858,0.6932724479358982,0,4.300084783321842,78.00306819989235,0.5678672389723121,0.09166666666666666
M-03,2026-01-07 12:00:00+00:00,77.37265992940635,4.329787671516478,5.9469053984959634,1655.085326026523,0.7774892868852199,0,4.19129146365297,77.9653769527048,0.4639993247350093,0.09166666666666666
M-03,2026-01-07 13:00:00+00:00,79.48432940116962,4.971911344426316,5.496245122614057,1666.5065595596109,0.8750836886740082,1,4.376599391973911,77.84649126637395,0.5234688745624801,0.075
M-03,2026-01-07 14:00:00+00:00,75.84334140131442,5.125748382363856,6.197008112089254,1581.4839160222016,0.5813108956332187,1,4.550446717981292,78.02768960208017,0.5768166783974098,0.08333333333333333
M-03,2026-01-07 15:00:00+00:00,84.85503522897426,4.197727366928152,5.947274047705847,1704.2020163581503,0.9652762167618104,0,4.662968621121591,79.86604461038533,0.3620922715836284,0.1
M-03,2026-01-07 16:00:00+00:00,78.67251800845104,5.433743734138199,5.670959966627748,1685.4573934794685,0.604562390405898,0,4.7733386805674884,79.01538152266885,0.482654100840732,0.09166666666666666
M-03,2026-01-07 17:00:00+00:00,76.420796914486,4.539043655905272,5.552377957503569,1741.5243403989375,0.8220132696315365,1,4.766327025879712,78.77478014730029,0.48629694556443115,0.05
M-03,2026-01-07 18:00:00+00:00,77.50091265420029,4.254635534555371,5.911445864172822,1705.606924136078,0.7926618920231672,0,4.753801669719528,78.7961556014326,0.5005484718647533,0.06666666666666667
M-03,2026-01-07 19:00:00+00:00,83.9330159617963,4.259808406445769,5.780798484879558,1684.9931726367045,0.7770144078464182,1,4.63511784672277,79.53760336153705,0.5224339725444928,0.125
M-03,2026-01-07 20:00:00+00:00,81.02858925197523,5.022661610263106,5.326709855355444,1628.0937439069976,0.5902462131099806,1,4.617936718039312,80.40181133664719,0.5044575259427938,0.1
M-03,2026-01-07 21:00:00+00:00,85.51183899549197,4.7944243640773125,5.874055530183419,1740.1379988404865,0.9652981410319752,1,4.717386217564171,80.51127863106682,0.46208608507721277,0.14166666666666666
M-03,2026-01-07 22:00:00+00:00,77.43324613326462,5.021912342227485,5.5450119960287125,1633.2352596306462,0.7111990310580321,1,4.648747652245719,80.30473331853574,0.3518290219030889,0.075
M-03,2026-01-07 23:00:00+00:00,84.50904416182493,4.987837838114623,5.473220641460006,1700.545849549804,0.7248844702805222,1,4.723546682613944,81.65277452642556,0.3710245600878204,0.041666666666666664
M-03,2026-01-08 00:00:00+00:00,86.75248615612031,5.64079872562704,5.762802686560133,1600.2556075386806,0.6024246987829246,1,4.9545738811258895,83.19470344341222,0.4448659051593472,0.15
M-03,2026-01-08 01:00:00+00:00,88.10061630169089,5.229555298631481,4.744831261577125,1733.2498911690616,0.865136330714672,1,5.116198363156841,83.88930350006133,0.291790761979017,0.075
M-03,2026-01-08 02:00:00+00:00,87.09733639555202,5.414821778038769,5.422175833617142,1688.2131709324915,0.6963360910424936,1,5.181558391119451,84.90076135732413,0.3100014400365513,0.1
M-03,2026-01-08 03:00:00+00:00,83.52661262160984,4.805720727591976,5.6605148876968565,1664.876731050591,0.6257537701872393,1,5.183441118371896,84.56989029501044,0.3072016896386357,0.075
M-03,2026-01-08 04:00:00+00:00,79.21308916473043,4.646285594734856,5.61204945391378,1604.8589557788175,0.5887348063335472,1,5.120836660456457,84.86653080025474,0.3770392533224942,0.09166666666666666
M-03,2026-01-08 05:00:00+00:00,87.01007540204137,5.546702502241819,5.806450116495921,1705.501585382553,0.8673658275543339,1,5.213980771144324,85.2833693402908,0.40556406868709616,0.1
M-03,2026-01-08 06:00:00+00:00,84.05605828421324,4.909916546214069,5.943826947718587,1678.1114105159547,0.7143954426237205,1,5.092167074575495,84.83396469497296,0.35879272446168936,0.06666666666666667
M-03,2026-01-08 07:00:00+00:00,90.84005307037212,5.523017666548283,5.900552853224925,1678.0605732925414,0.8004737159139885,1,5.1410774692282954,85.29053748975316,0.39901489794159234,0.1
M-03,2026-01-08 08:00:00+00:00,84.98792541487823,5.367150354037276,5.237521118825147,1677.5006195299436,0.7434482305699716,1,5.133132231894713,84.93896899297421,0.3929016889143403,0.11666666666666667
M-03,2026-01-08 09:00:00+00:00,88.4755297251451,5.445841058652869,5.9072855372534,1643.6113013204456,0.6068014407140332,1,5.239818953738195,85.76378851023009,0.3726002853555362,0.075
M-03,2026-01-08 10:00:00+00:00,88.8853781181807,5.72091918415804,5.704366610163153,1694.3395202189297,0.9558842365218124,1,5.418924551975393,87.37583666913845,0.2759918675526324,0.09166666666666666
M-03,2026-01-08 11:00:00+00:00,87.64465169813529,5.462462135030424,5.138591380591062,1648.6932114839449,0.695616210041403,0,5.404884490773493,87.4815993851541,0.2702750937206812,0.075
M-03,2026-01-08 12:00:00+00:00,62.86577143180489,1.75054892518951,6.13681311525782,1735.9185541262807,0.8950948597689525,0,4.878323220602733,83.94988490975273,1.5369331581897883,0.03333333333333333
M-03,2026-01-08 13:00:00+00:00,52.740314857971725,1.3904141118059823,6.255689621290365,1735.9185541262807,0.6186590265520102,0,4.189555961479017,77.59992854101932,2.035401418043415,0.025
M-03,2026-01-08 14:00:00+00:00,59.02361215755576,1.817749974752335,6.218078956892002,1652.991788956473,0.8265799809174524,0,3.597989231598193,73.27254299813224,2.1379112503910096,0.058333333333333334
M-03,2026-01-08 15:00:00+00:00,48.51573894957755,1.2209461884939727,6.685586342211024,1642.8917813612736,0.657116496879168,0,2.8938400865717107,66.61257786887099,2.103052244530029,0.03333333333333333
M-03,2026-01-08 16:00:00+00:00,51.12792855747938,1.8398274132184735,6.596796377624794,1650.0146722610937,0.7264392297406346,0,2.2469914580817827,60.319669608754104,1.5951320521272132,0.025
M-03,2026-01-08 17:00:00+00:00,61.20244927127597,1.8770517873162145,5.913288787959156,1736.8328089028605,0.7256165360897857,0,1.6494230667960814,55.91263587094421,0.27470242471619283,0.008333333333333333
M-03,2026-01-08 18:00:00+00:00,53.72846788945327,1.3370575352612692,6.146310532671733,1632.9931733761507,0.6020797650901089,0,1.5805078351413746,54.38975194721894,0.2953496374996472,0.025
M-03,2026-01-08 19:00:00+00:00,55.8888589514354,2.08419447454556,6.373229538322567,1696.8549396244207,0.8241193368001425,0,1.696137895597971,54.91450929612955,0.33867382055052814,0.025
M-03,2026-01-08 20:00:00+00:00,58.878214428009485,1.8180766790289355,6.507596994377372,1737.2563009779806,0.7407434812950711,0,1.6961923463107376,54.89027634120518,0.3386973088025803,0.0
M-03,2026-01-08 21:00:00+00:00,60.26011626980663,1.6477572402444796,6.422480182638813,1702.5389626798765,0.8202793953201053,0,1.7673275216024888,56.84767256124335,0.25286561844105054,0.016666666666666666
M-03,2026-01-08 22:00:00+00:00,60.11580137527225,1.5605223050302597,6.308491552886994,1702.4172241932888,0.8403499616408932,0,1.7207766702377862,58.345651364208834,0.262379640097459,0.075
M-03,2026-01-08 23:00:00+00:00,58.48426336618997,1.8421080177101423,6.209526509695204,1621.494073053723,0.5965093207580574,0,1.7149527086367744,57.892620380027836,0.25857735793280956,0.06666666666666667
M-03,2026-01-09 00:00:00+00:00,58.57782703776842,2.541751063734177,6.032787845531936,1682.011402345115,0.5578065186277026,0,1.9157349633822591,58.70084690474703,0.35587102303636436,0.025
M-03,2026-01-09 01:00:00+00:00,61.07044231640333,2.486713780418044,6.104856484159355,1607.8051955930855,0.7432435350236293,0,1.9828215143610064,59.56444413224168,0.42517184663465285,0.041666666666666664
M-03,2026-01-09 02:00:00+00:00,54.898600083727246,1.5460488326214898,6.104856484159355,1611.0316965010993,0.6252026259735376,0,1.9374835399597654,58.90117507486131,0.4593804129612182,0.041666666666666664
M-03,2026-01-09 03:00:00+00:00,56.62417027610082,2.4705696675989497,5.967850986466794,1622.0530097135636,0.6880123890685685,0,2.074618944518844,58.29518407591035,0.4780281570567222,0.041666666666666664
M-03,2026-01-09 04:00:00+00:00,60.56097460504779,1.3996503235593218,6.252876938529935,1708.552434689798,0.8736790880671543,0,2.047806947607021,58.36937961420626,0.5156604658438299,0.025
M-03,2026-01-09 05:00:00+00:00,61.74670890422672,2.538544213253217,6.179973336127752,1703.8205982238833,0.7042523000190232,0,2.1638796468642,58.91312053721239,0.5379967221512554,0.075
M-03,2026-01-09 06:00:00+00:00,65.44037008912905,2.3870134613393104,6.158275101417998,1750.6032495225238,0.872087190333251,0,2.1380900464650554,60.05687771243916,0.5196563548673063,0.03333333333333333
M-03,2026-01-09 07:00:00+00:00,67.79290660196752,2.5377239591654197,6.0480011120604615,1682.001954718152,0.9763358471607084,0,2.1465917429229515,61.17728842669985,0.5268678618057442,0.06666666666666667
M-03,2026-01-09 08:00:00+00:00,65.31966866110231,2.20773786913202,6.2132500659382925,1688.3097523385416,0.9185095633690248,0,2.25687324900804,62.9141331895957,0.437735928877088,0.041666666666666664
M-03,2026-01-09 09:00:00+00:00,59.97301506096468,1.5617137561640222,5.718794255584575,1732.8040697542856,0.8487399943327846,0,2.1053972637688854,63.47227398707301,0.5015923511571869,0.041666666666666664
M-03,2026-01-09 10:00:00+00:00,67.96005671251186,2.544408945655944,6.037968579457215,1734.3822944422436,0.9420756920679298,0,2.2961903674516555,64.70545433831703,0.38320096462239905,0.025
M-03,2026-01-09 11:00:00+00:00,68.92111095740546,3.238131068800011,5.564966042279991,1604.9932321352624,0.6293976248439036,0,2.4127881767094546,65.9011880138468,0.5442722664213562,0.025
M-03,2026-01-09 12:00:00+00:00,60.393849951967326,1.8408820928260088,6.421611089407939,1699.0478061055137,0.9103342350195888,0,2.3217662819572378,65.06010132431986,0.5929357167285483,0.058333333333333334
M-03,2026-01-09 13:00:00+00:00,66.38814209740842,2.321056165919968,6.1421658855803045,1640.099400746044,0.7838710241204906,0,2.2856549830829955,64.82597390689334,0.5836784133995897,0.06666666666666667
M-03,2026-01-09 14:00:00+00:00,67.51544480025733,2.5880696892863013,5.942008054210906,1762.0122354997716,0.8878306359489667,0,2.349043619775376,65.19193659675251,0.5940837169380391,0.058333333333333334
M-03,2026-01-09 15:00:00+00:00,65.123506856374,2.824714621805154,6.160166793254264,1693.7109541263571,0.8941810655781193,0,2.559543764048898,66.05035189598739,0.47014679351395644,0.03333333333333333
M-03,2026-01-09 16:00:00+00:00,68.0241815426607,2.249739851402825,6.194119059784647,1704.4782695144695,0.8388665927241937,0,2.5104322483400447,66.06103936767887,0.4871278667801664,0.03333333333333333
M-03,2026-01-09 17:00:00+00:00,64.70938861191117,2.6079616671353114,6.174027438550652,1636.9477900428717,0.6182922853213388,0,2.4054040147292617,65.35908564342982,0.34648192682109386,0.025
M-03,2026-01-09 18:00:00+00:00,65.29663752587058,2.703748517851801,6.410849565146945,1612.4941242071511,0.5754784977438692,0,2.549215085566894,66.17621690574703,0.22202852327103345,0.058333333333333334
M-03,2026-01-09 19:00:00+00:00,70.6658742761025,2.7205549663561173,5.857657737963519,1741.1759414248677,0.8975269377633921,0,2.6157982189729183,66.88917226886271,0.19858716269638546,0.075
M-03,2026-01-09 20:00:00+00:00,67.51750852767314,3.0857183658619616,5.929254053731603,1683.4599546012334,0.7938492180059726,0,2.698739665068862,66.88951622343201,0.2742133031600478,0.13333333333333333
M-03,2026-01-09 21:00:00+00:00,66.39111797025217,3.182001856614998,5.202762812505821,1704.3557611868532,0.9539424958292462,0,2.758287537537169,67.1007847424117,0.3383375945738141,0.058333333333333334
M-03,2026-01-09 22:00:00+00:00,74.52239374539683,3.020621679576156,5.969454113232283,1704.467530634051,0.7859841363041797,0,2.886767842232724,68.1838201095344,0.2381247405662542,0.06666666666666667
M-03,2026-01-09 23:00:00+00:00,70.56710291562516,3.388577870711968,6.056910709795282,1604.009490626984,0.5967622741909866,0,3.0168705428288334,69.16010582682006,0.2668471868108077,0.058333333333333334
M-03,2026-01-10 00:00:00+00:00,69.2200756337084,3.7948625045189353,5.710053666665933,1755.3361295515062,0.8718676889822972,0,3.1987228739400226,69.81401217812636,0.3646482067663186,0.05
M-03,2026-01-10 01:00:00+00:00,72.83056430259333,2.977920839608757,5.974245584816562,1729.9266126061236,0.99131017830345,0,3.241617186148796,70.17479384920817,0.30786718951259834,0.09166666666666666
M-03,2026-01-10 02:00:00+00:00,71.95045301499484,2.789224178877357,5.693848168550701,1700.9676072176487,0.8328298881667482,0,3.1922014883180285,70.91361793042846,0.35766312518921817,0.05
M-03,2026-01-10 03:00:00+00:00,75.71267080412366,3.69395556678832,5.798029339650401,1680.5041436985173,0.8736659421487916,0,3.277527106680249,72.46721006940705,0.4117244008999008,0.08333333333333333
M-03,2026-01-10 04:00:00+00:00,72.91603902381117,3.7982976830552015,5.957714909333848,1629.0000836789131,0.5864953972794023,0,3.4071397739267564,72.19948428247609,0.43634615734752324,0.06666666666666667
M-03,2026-01-10 05:00:00+00:00,73.60214064415955,3.7982976830552015,6.061572561161315,1721.7983568041486,0.9973042594308608,0,3.4754264093172957,72.70532390389849,0.46404125319733475,0.03333333333333333
M-03,2026-01-10 06:00:00+00:00,69.37080789535057,2.7760218705774804,6.101204564584556,1701.0974697595675,0.8256376723404352,0,3.3056196369937196,72.73044594750552,0.5080930374794065,0.08333333333333333
M-03,2026-01-10 07:00:00+00:00,72.05229838930889,3.5696848766629605,5.651957411071388,1677.7440402601396,0.9289538243426968,0,3.404246976502753,72.60073496195811,0.4888297270169821,0.08333333333333333
M-03,2026-01-10 08:00:00+00:00,71.30538180010387,3.378927451412133,5.884046483442636,1688.7488567032838,0.7997249713201688,0,3.50253085525855,72.49322309280961,0.389667094297074,0.11666666666666667
M-03,2026-01-10 09:00:00+00:00,74.48972695428391,2.4648210559692645,6.249369364458652,1573.3818378941287,0.699663613751226,0,3.2976751034553735,72.28939911783633,0.5563461431456708,0.05
M-03,2026-01-10 10:00:00+00:00,77.84397977605585,4.128253792166162,5.782801010847643,1719.8968743977623,0.949965991526652,0,3.3526677883072007,73.11072257654378,0.6274867287166138,0.058333333333333334
M-03,2026-01-10 11:00:00+00:00,71.42146626016934,3.311800939155696,6.018250297633332,1621.0549424806247,0.721303194085217,0,3.2715849976572824,72.74727684587874,0.5886145693416663,0.058333333333333334
M-03,2026-01-10 12:00:00+00:00,72.42426520132742,3.4977443231906853,6.259957554363933,1712.852959603719,0.9142891188962828,0,3.3918720730928165,73.25618639687487,0.5387182752998046,0.1
M-03,2026-01-10 13:00:00+00:00,75.7021248730833,3.3223611469824315,5.969283889277463,1700.851780357111,0.8339944963001076,0,3.3506514514793957,73.86449081083728,0.531809446807416,0.08333333333333333
M-03,2026-01-10 14:00:00+00:00,78.3932244882752,3.481280730750957,5.571086555478453,1661.9073725007086,0.7255016288709288,0,3.3677103313691994,75.0457979255325,0.5345324840831083,0.1
M-03,2026-01-10 15:00:00+00:00,72.1216083927616,4.595946388204533,5.64067250331032,1615.9680988198777,0.628271919470608,0,3.722897886741744,74.65111149861211,0.5224998475462596,0.058333333333333334
M-03,2026-01-10 16:00:00+00:00,74.40898603027546,4.3889067515230025,5.701546074994279,1566.590547273884,0.6021469012658666,0,3.7663400466345505,74.07861254098205,0.5714825498293327,0.08333333333333333
M-03,2026-01-10 17:00:00+00:00,75.266671022222,4.430353010542951,5.760967903723061,1563.8991559828542,0.611357028568209,0,3.95276539186576,74.71948000132416,0.5759761251545872,0.09166666666666666
M-03,2026-01-10 18:00:00+00:00,76.68162090030813,4.042271302615254,5.89351693760281,1602.6597240953572,0.7221616779528361,1,4.0435198884365215,75.42903928448762,0.5310915828695604,0.075
M-03,2026-01-10 19:00:00+00:00,76.61784737791514,3.6730491542681096,5.509962547939054,1597.4237421245916,0.6156372455361471,1,4.101967889650801,75.5816597019596,0.44877009000120366,0.08333333333333333
M-03,2026-01-10 20:00:00+00:00,74.6737037542878,3.5123839353676365,5.79581296145198,1642.1042452115155,0.6652925680522446,1,4.107151757086914,74.96173957962834,0.4402654706955527,0.09166666666666666
M-03,2026-01-10 21:00:00+00:00,80.8443572120585,4.159853104332386,5.601243506663671,1693.3895916994168,0.891143020041063,0,4.034469543108224,76.41553104951117,0.3745208775630267,0.1
M-03,2026-01-10 22:00:00+00:00,78.64838054313229,3.75889964255618,6.272448176607778,1738.5780936746592,0.8881380323824826,0,3.92946835828042,77.12209680165398,0.3421961370742946,0.08333333333333333
M-03,2026-01-10 23:00:00+00:00,75.68925434876648,4.924471975253118,5.999422719195802,1792.2807978038588,0.9584310598837676,0,4.011821519065447,77.19252735607806,0.5067436206824378,0.06666666666666667
M-03,2026-01-11 00:00:00+00:00,74.42643286044877,4.422843674955248,5.717860776522207,1684.040175767591,0.8350105783841612,0,4.075250247788779,76.81666268276815,0.5343815653746024,0.075
M-03,2026-01-11 01:00:00+00:00,81.54815412618636,3.594610097644443,6.430179319184006,1630.9985454772795,0.6973228903963358,0,4.062177071684835,77.6383804741467,0.5469994650384827,0.058333333333333334
M-03,2026-01-11 02:00:00+00:00,75.8184561308495,4.717729401099334,5.9679176220307575,1590.8999143330843,0.6167427767705318,1,4.263067982640119,77.82917253690698,0.5256187761095562,0.1
M-03,2026-01-11 03:00:00+00:00,77.16914800503548,5.038311090937394,5.913386536675249,1598.755648351325,0.5749156379500947,0,4.4094776470742865,77.21663766906981,0.6071423747053936,0.11666666666666667
M-03,2026-01-11 04:00:00+00:00,78.66941620258784,4.5973068932493,6.005283887571953,1735.6444070847858,0.939007086776666,0,4.5492121888564725,77.22014361231241,0.5172973900123535,0.05
M-03,2026-01-11 05:00:00+00:00,76.93145619187564,4.452650209481901,5.818972621527423,1587.8543787900717,0.5815903518286977,1,4.470575227894603,77.4271772528306,0.4836082355308551,0.10833333333333334
M-03,2026-01-11 06:00:00+00:00,80.56130745690992,4.891179104441944,5.62959264497079,1627.7002133112464,0.7044519712970575,0,4.548631132809053,78.4496563522408,0.5113624157942975,0.03333333333333333
M-03,2026-01-11 07:00:00+00:00,79.78021279768444,4.15051939153686,5.981339409119047,1715.3496458077293,0.861069340728525,1,4.641282681791122,78.15499946415714,0.3175810344666259,0.1
M-03,2026-01-11 08:00:00+00:00,87.73579628979958,5.191896612300775,5.500948270275729,1690.2021185896567,0.782122113533004,1,4.720310550324696,80.14122282398215,0.390934199786358,0.05
M-03,2026-01-11 09:00:00+00:00,78.07428601875735,4.619460148651108,5.806616356035465,1703.9941691540607,0.8751569395249756,1,4.650502059943648,80.29207915960245,0.3588745882686801,0.06666666666666667
M-03,2026-01-11 10:00:00+00:00,87.28991881268001,4.921718645635539,5.458903446246655,1643.7229486947708,0.6501729360147717,0,4.704570685341355,81.72882959461782,0.37340140963992463,0.058333333333333334
M-03,2026-01-11 11:00:00+00:00,73.694839717009,5.993550009021575,5.197684630041915,1665.584248345561,0.7794133326678574,1,4.961387318597967,81.18939351547338,0.6163470022024454,0.10833333333333334
M-03,2026-01-11 12:00:00+00:00,83.75178297891485,3.934096563500205,5.624227175135687,1728.661824010462,0.8242995406128978,1,4.801873561774344,81.72113943580753,0.7479501863223441,0.11666666666666667
M-03,2026-01-11 13:00:00+00:00,83.8614139438611,4.761813433271231,5.488379661657512,1696.7475083345594,0.966684631424788,0,4.9037559020634065,82.40133962683699,0.6800308665540721,0.11666666666666667
M-03,2026-01-11 14:00:00+00:00,78.6587321059144,4.529069452251702,5.664856280036752,1570.476170501767,0.5835719386709586,1,4.7932847087218935,80.88849559618946,0.6776948364504528,0.075
M-03,2026-01-11 15:00:00+00:00,84.82920862567781,4.468236902323401,5.715153020796225,1728.4702108665265,0.956251789713466,1,4.768080834333943,82.01431603067618,0.6881832813740419,0.125
M-03,2026-01-11 16:00:00+00:00,85.46712214501179,5.087122921472268,5.590600531420822,1703.465670196697,0.6606906229432234,1,4.795648213640064,81.71051658606483,0.6987996361915061,0.075
M-03,2026-01-11 17:00:00+00:00,85.98802380738339,4.689111164042353,5.87350747244448,1718.0923455442337,0.894405858311722,1,4.5782417394768595,83.75938060112722,0.3832473455138841,0.10833333333333334
M-03,2026-01-11 18:00:00+00:00,81.43796345359146,5.673840629550793,5.751150758739015,1633.9656696859254,0.6503100958069515,1,4.868199083818625,83.37374401357333,0.4506339956523593,0.075
M-03,2026-01-11 19:00:00+00:00,86.48612516277409,4.940369845683116,5.03814767097126,1672.6033166211753,0.92015930858365,1,4.897958485887272,83.81119588339216,0.4480919482304632,0.125
M-03,2026-01-11 20:00:00+00:00,87.18229338848376,5.67713551512069,5.525497529028202,1730.23733596795,0.8026435521105706,1,5.08930282969877,85.23178943048704,0.5010576307454799,0.1
M-03,2026-01-11 21:00:00+00:00,86.98320200718604,5.852541283706708,5.5742602833743,1707.0601149679878,0.8639577227384383,1,5.320020226595989,85.5907883274051,0.47596653134122635,0.1
M-03,2026-01-11 22:00:00+00:00,89.93685913306533,4.476509361639486,5.873665487056013,1675.7730206087397,0.7379564671295474,1,5.218251299957191,86.33574449208068,0.5878517896163101,0.08333333333333333
M-03,2026-01-11 23:00:00+00:00,91.64303032050172,6.073646105722329,5.502437108552807,1617.0635344560371,0.7379564671295474,1,5.449007123570521,87.2782455776004,0.6099295241715549,0.10833333333333334
M-03,2026-01-12 00:00:00+00:00,84.09803446010034,5.463662354401841,5.972781001885141,1593.0380985490574,0.5610988290809207,1,5.413977411045695,87.72159074535188,0.6003952544953373,0.06666666666666667
M-03,2026-01-12 01:00:00+00:00,89.48511939521372,5.183114536996751,5.576547314191933,1678.2987552891116,0.957089610138888,1,5.454434859597967,88.22142311742515,0.5694813461190654,0.058333333333333334
M-03,2026-01-12 02:00:00+00:00,86.86863559557624,5.431072770116344,5.932935396976851,1599.1656247715114,0.5518957248613658,1,5.413424402097243,88.16914681860722,0.5589998349545551,0.13333333333333333
M-03,2026-01-12 03:00:00+00:00,93.70896931728032,5.528328107043051,5.581918302385907,1755.3751831594618,0.8934933072679951,1,5.359388872653301,89.29010803695628,0.5225445956926985,0.14166666666666666
M-03,2026-01-12 04:00:00+00:00,87.87356575029807,5.594882716119249,5.771149060234384,1713.4425508057775,0.7609590202861503,1,5.545784431733261,88.94622580649506,0.2942059024262475,0.10833333333333334
M-03,2026-01-12 05:00:00+00:00,85.6731579515552,6.085719770341054,5.245160345831874,1652.95228772406,0.6409604814665684,0,5.547796709169714,87.95124707833732,0.2985476486460065,0.058333333333333334
M-03,2026-01-12 06:00:00+00:00,60.74210485813211,0.8923192331177345,5.245160345831874,1683.5530543721932,0.778262997496002,0,4.785906188955697,84.05859214467593,1.9302425984411131,0.03333333333333333
M-03,2026-01-12 07:00:00+00:00,57.773164834678695,1.389798363945469,6.062321134393383,1544.9115814740587,0.5709397643097203,0,4.153686826780484,78.77326638458676,2.349755238320379,0.03333333333333333
M-03,2026-01-12 08:00:00+00:00,53.90459398685761,1.7339329338923677,5.887852767722761,1695.0660585235398,0.9412007213402838,0,3.537496854076488,73.27925944980034,2.431135617739979,0.025
M-03,2026-01-12 09:00:00+00:00,54.93434845592485,1.654062418663383,6.180217484281147,1634.1732270915288,0.6752661440555577,0,2.89178590601321,66.81682263957443,2.308001836361425,0.03333333333333333
M-03,2026-01-12 10:00:00+00:00,55.94655638301638,1.349815582343752,6.545687155968352,1735.3024622315538,0.8809952957459914,0,2.1842747170506267,61.49565441169415,1.934004653689691,0.025
M-03,2026-01-12 11:00:00+00:00,58.32529664799736,2.6917139449374496,6.018706793934432,1735.4796649469574,0.974635767390282,0,1.6186070794833594,56.937677527767825,0.6030276629600577,0.0
M-03,2026-01-12 12:00:00+00:00,56.57102326711529,2.297508093144402,6.378070234604853,1705.7969885577445,0.7891251492190473,0,1.852805222821137,56.24249726259837,0.5333913647575751,0.03333333333333333
M-03,2026-01-12 13:00:00+00:00,61.59648057901828,2.432210175427956,6.834552911824337,1641.473942704774,0.568191422444349,0,2.026540524734885,56.87971655332163,0.5220656581202734,0.016666666666666666
M-03,2026-01-12 14:00:00+00:00,62.41703547264318,2.7670047902138672,5.997635954259051,1762.6659514894695,0.9803933246877616,0,2.198719167455135,58.29845680095256,0.5740310049329237,0.041666666666666664
M-03,2026-01-12 15:00:00+00:00,58.905905149242095,2.1558877584359477,5.879390094169634,1719.2194653865,0.8327329672344101,0,2.282356724083896,58.96038291650543,0.5120097818289614,0.041666666666666664
M-03,2026-01-12 16:00:00+00:00,65.41577087868353,1.8017011990482408,6.310802610539243,1682.236282115946,0.7963623075702065,0,2.357670993534644,60.53858533244995,0.3572487651636023,0.03333333333333333
M-03,2026-01-12 17:00:00+00:00,61.4803926043521,1.7795407019770142,6.680762376512459,1729.7528148664858,0.9729197761624264,0,2.2056421197079046,61.06443465850908,0.38002807023351515,0.025
M-03,2026-01-12 18:00:00+00:00,57.09557128896401,1.2651145642219817,6.114226444095269,1699.2695201446647,0.8620773683692426,0,2.033576531554168,61.15185932881719,0.5330328313752901,0.025
M-03,2026-01-12 19:00:00+00:00,61.56602185247213,1.7315430232131757,6.414535810380599,1676.0240854574024,0.6495169605241335,0,1.9167986728517048,61.14678287439284,0.5042049275946582,0.03333333333333333
M-03,2026-01-12 20:00:00+00:00,57.82194870475222,2.66217718128623,6.627671423617588,1707.032187013714,0.8449395801344994,0,1.8993274046970985,60.38093507974435,0.4694720977063761,0.008333333333333333
M-03,2026-01-12 21:00:00+00:00,61.92542548369156,2.0861543770463093,6.332324421729827,1759.7729369575509,0.99997626585454,0,1.887705174465492,60.884188468819254,0.46266421899631627,0.06666666666666667
M-03,2026-01-12 22:00:00+00:00,58.289299963257065,2.048976463968687,6.0244321568628525,1617.8365916975697,0.6410372696549012,0,1.9289177186188997,59.69644331624818,0.4644807423250676,0.041666666666666664
M-03,2026-01-12 23:00:00+00:00,63.48828398192945,2.3586953480081885,5.818536617237289,1624.5236539568134,0.6194953235893161,0,2.0254434929574288,60.031091879177744,0.4868683121557531,0.03333333333333333
M-03,2026-01-13 00:00:00+00:00,58.8075176851026,2.524073525141468,5.931229040558825,1730.5364761746162,0.945341450475822,0,2.2352699864440098,60.31641627853418,0.3439687927174717,0.03333333333333333
M-03,2026-01-13 01:00:00+00:00,63.14639698684899,2.7391417396398547,5.975063616935341,1706.3795061259827,0.850816179025486,0,2.403203105848456,60.57981213426365,0.2906920523313361,0.058333333333333334
M-03,2026-01-13 02:00:00+00:00,60.97823836130704,2.3130971854960727,6.386180765457062,1604.632410569015,0.6938484918900019,0,2.3450231065500966,61.105860410356115,0.2620119759349101,0.058333333333333334
M-03,2026-01-13 03:00:00+00:00,62.81922019141893,1.8488333514140511,6.457162758806195,1657.2627227678545,0.8449963795532889,0,2.305469602278054,61.25482619497734,0.32032975305221106,0.075
M-03,2026-01-13 04:00:00+00:00,64.3849744751029,2.1454737576562697,6.289859306703491,1740.3590644971705,0.9613721175612242,0,2.3215524845593176,62.27077194695166,0.307022389780962,0.06666666666666667
M-03,2026-01-13 05:00:00+00:00,69.77397931364055,1.734389115248245,5.705420059274422,1683.5112423697128,0.6347236362846799,0,2.2175014457659934,63.31838783557017,0.387229972250547,0.075
M-03,2026-01-13 06:00:00+00:00,66.57853489643223,2.895718989691171,6.167206786483794,1664.9585042676438,0.8536147470700641,0,2.279442356524277,64.61355737079177,0.4674842875493677,0.041666666666666664
M-03,2026-01-13 07:00:00+00:00,70.4355923387491,3.474205607013289,6.166559595429263,1682.431880346248,0.929703131323927,0,2.4019530010865164,65.82842326277513,0.6661516868136855,0.05
M-03,2026-01-13 08:00:00+00:00,66.37645590562558,2.6143577665874727,5.96636605575843,1692.9234570932815,0.7604941509705099,0,2.4521630979350832,66.72812618682822,0.6694601488832044,0.03333333333333333
M-03,2026-01-13 09:00:00+00:00,63.4219816742264,2.716772447374918,5.8685950186811215,1658.4420489392078,0.7583130129097688,0,2.596819613928561,66.8285864339628,0.6035466400819777,0.041666666666666664
M-03,2026-01-13 10:00:00+00:00,64.31052405071314,1.882478622563564,6.400973310609726,1624.5594103559365,0.5966723779000732,0,2.55298709141311,66.81617802989783,0.6505974121622334,0.06666666666666667
M-03,2026-01-13 11:00:00+00:00,63.50310500890296,3.7525191224764103,6.056881726407511,1594.2138173168337,0.7286717352533868,0,2.889342092617804,65.77103231244158,0.6642817609289218,0.058333333333333334
M-03,2026-01-13 12:00:00+00:00,67.6754858913391,2.5073502876223737,5.789617958471784,1652.9759917996505,0.8145204407709254,0,2.824613975606338,65.95385747825938,0.6822155068584163,0.075
M-03,2026-01-13 13:00:00+00:00,61.27022374603982,3.11683203612669,6.066464842494051,1612.0198003641965,0.650660404871751,0,2.765051713791905,64.42629604614116,0.6275708913096679,0.05
M-03,2026-01-13 14:00:00+00:00,70.11643315377384,3.1062849699237822,6.140680079203149,1643.4314697794505,0.6710426041261317,0,2.847039581014623,65.04962558749921,0.6360228809141988,0.03333333333333333
M-03,2026-01-13 15:00:00+00:00,68.00449441483909,3.5738185761389185,6.363725889215249,1658.4825988634198,0.860730909814317,0,2.98988060247529,65.81337771093466,0.6944699219415624,0.058333333333333334
M-03,2026-01-13 16:00:00+00:00,72.676072020616,3.8899520150056057,5.803446505582022,1650.8901739729372,0.5893244566735241,0,3.32445950121563,67.20763570591846,0.5145043300217613,0.08333333333333333
M-03,2026-01-13 17:00:00+00:00,69.79197719719754,2.566780072276413,6.130380710870683,1642.3308818553865,0.5918042890413178,0,3.1268363261822976,68.25578107063423,0.5440748275518569,0.058333333333333334
M-03,2026-01-13 18:00:00+00:00,65.09695610053659,3.491923086591622,6.035328051124737,1674.6028731204583,0.876798028958032,0,3.290931792677172,67.82602610550047,0.4621793045536325,0.016666666666666666
M-03,2026-01-13 19:00:00+00:00,67.69070397573424,3.2392757415137514,5.534902631372278,1710.3319128807111,0.7517204385454079,0,3.311339076908349,68.89610614378289,0.45561111195428616,0.06666666666666667
M-03,2026-01-13 20:00:00+00:00,61.45115519451285,3.770582967898409,6.098028439294234,1615.899189181859,0.5957862548869768,0,3.4220554099041203,67.45189315057273,0.4760706991507402,0.05
M-03,2026-01-13 21:00:00+00:00,72.14341869310164,3.2593159189991376,5.840972136993154,1733.2532682776714,0.9100579926885414,0,3.369638300380823,68.14171386361647,0.47332511363736274,0.05
M-03,2026-01-13 22:00:00+00:00,74.30384195821865,3.5857783816762407,6.031600788404634,1700.7554109307016,0.6187902273553215,0,3.3189426948259295,68.41300885321692,0.41970304325305957,0.075
M-03,2026-01-13 23:00:00+00:00,70.1555781659591,4.435823500310313,5.909577526602014,1729.722216025618,0.9648125923342588,0,3.630449932831579,68.47360901467718,0.4427655789464266,0.08333333333333333
M-03,2026-01-14 00:00:00+00:00,69.42987619165646,3.668273421071485,5.632696877045509,1793.092718330901,0.9433520685945228,0,3.6598416552448896,69.19576236319716,0.437553306136233,0.06666666666666667
M-03,2026-01-14 01:00:00+00:00,68.69713096146963,4.229848028900582,5.462778421985395,1672.5058469611606,0.757780586527315,0,3.824937036476028,69.36350019415305,0.43399473437962677,0.025
M-03,2026-01-14 02:00:00+00:00,69.86951513439533,3.174831626217918,5.587787141412124,1610.8837173130828,0.6467675873019548,0,3.725645146195946,70.76656018413347,0.5103501837306986,0.05
M-03,2026-01-14 03:00:00+00:00,74.94040278794574,4.155958792563355,5.524252641614549,1725.1573699119704,0.9723179974622184,0,3.8750856251233157,71.23272419994082,0.4766547379035649,0.09166666666666666
M-03,2026-01-14 04:00:00+00:00,71.70107914306858,4.086783036046517,5.753891297597507,1710.441685874781,0.9647126014958882,0,3.958586400851695,70.7989303974158,0.45940864842246376,0.09166666666666666
M-03,2026-01-14 05:00:00+00:00,70.5501634374248,3.4875832636479047,5.6049159800465045,1586.8241935098306,0.5733582346339736,0,3.80054636140796,70.86469460932676,0.4241486326698818,0.075
M-03,2026-01-14 06:00:00+00:00,75.76845541951506,4.019911139847103,5.709402388678348,1561.8415950843073,0.6273186848621599,0,3.859152647870564,71.92112448063652,0.42650367111560195,0.11666666666666667
M-03,2026-01-14 07:00:00+00:00,73.65349137268714,4.282981549266283,6.094342600276543,1825.7687537160252,0.995294189446694,0,3.86800823459818,72.74718454917279,0.4361816711002417,0.09166666666666666
M-03,2026-01-14 08:00:00+00:00,81.00565719232826,3.804054174041993,5.956674276203162,1781.5892964229429,0.966181807722859,0,3.972878659235526,74.60320822549492,0.28596563663956315,0.08333333333333333
M-03,2026-01-14 09:00:00+00:00,73.41880372273664,2.880796322800099,5.849055172882427,1653.069910364195,0.7940438195001857,0,3.76035158094165,74.34960838129341,0.5093133940864886,0.05
M-03,2026-01-14 10:00:00+00:00,72.35393546628968,4.3408214960616975,5.945282719818046,1720.1526290340762,0.954741118409943,0,3.802691324277513,74.45841776849693,0.5507508640506352,0.06666666666666667
M-03,2026-01-14 11:00:00+00:00,76.87607387740897,4.095574845126053,5.883210301316789,1634.3146919930086,0.6192815105841399,0,3.9040232545238713,75.51273617516095,0.5369378507143582,0.075
M-03,2026-01-14 12:00:00+00:00,77.7818488278128,4.34576802910084,5.678991350587215,1635.4756449331944,0.6318765370389798,0,3.958332736066161,75.84830174321057,0.5666608514513392,0.125
M-03,2026-01-14 13:00:00+00:00,73.15204445840389,3.399010889178861,5.476905543175956,1593.7942940818548,0.5848705843865253,0,3.8110042927182572,75.7647272574967,0.5801263065945309,0.041666666666666664
M-03,2026-01-14 14:00:00+00:00,75.79484899906957,3.8569949384348616,5.660146314410212,1714.9567153266075,0.9009990139132558,0,3.819827753450402,74.89625922528693,0.5804019938978715,0.11666666666666667
M-03,2026-01-14 15:00:00+00:00,77.44935888708754,5.286430603087174,5.492443241470341,1771.5084042853862,0.9024659664900412,1,4.220766800164914,75.56801841934542,0.6307081017926777,0.08333333333333333
M-03,2026-01-14 16:00:00+00:00,82.38759671006241,4.029826138726478,5.678218058080629,1682.3990251577927,0.8989841392066831,0,4.168934240609044,77.24029529330753,0.6316469059747885,0.06666666666666667
M-03,2026-01-14 17:00:00+00:00,77.92745524613676,3.533528439871584,6.342458668832444,1672.3499506711337,0.8040944019195447,0,4.0752598397333,77.41552552142883,0.6841927564022031,0.06666666666666667
M-03,2026-01-14 18:00:00+00:00,76.2153951344197,4.135860465949015,5.759886270341903,1621.5482943162124,0.6344541176605611,0,4.040275245874662,77.15444990586332,0.6728674258877944,0.058333333333333334
M-03,2026-01-14 19:00:00+00:00,81.32009403665677,4.344601124628559,5.759886270341903,1702.310152102597,0.887873859990033,0,4.197873618449612,78.5157915022388,0.5993535929959116,0.06666666666666667
M-03,2026-01-14 20:00:00+00:00,77.9714081955391,4.324605575873429,5.710857137403946,1649.681120713977,0.7103302382436596,0,4.275808724689373,78.87855136831705,0.5761151060372917,0.08333333333333333
M-03,2026-01-14 21:00:00+00:00,82.41511066178784,4.83069749795168,6.174351549214186,1691.6680894045844,0.8937003693632888,0,4.1998532071667904,79.70617666410043,0.42695962403143195,0.06666666666666667
M-03,2026-01-14 22:00:00+00:00,80.64101093170008,3.829217234088855,5.476981386938511,1615.4502990104393,0.5823497499853871,0,4.166418389727187,79.41507903437338,0.45016154904634254,0.13333333333333333
M-03,2026-01-14 23:00:00+00:00,77.51339049463219,4.855069573724084,5.481429825423414,1625.8013569142736,0.6505622204630351,0,4.38667524536927,79.34606824245594,0.39895848682465296,0.058333333333333334
M-03,2026-01-15 00:00:00+00:00,81.43885455419961,3.742844077452908,5.967533177431247,1585.8896533518323,0.5921888859368306,1,4.321172513953252,80.21664481241926,0.4736467551486544,0.058333333333333334
M-03,2026-01-15 01:00:00+00:00,82.24848457618414,5.769244300901067,5.727563935966944,1682.2044595764885,0.8522832276974595,0,4.558613043332004,80.37137656900715,0.7589204455962871,0.041666666666666664
M-03,2026-01-15 02:00:00+00:00,85.91120204263447,4.823943014568953,5.421146400195442,1659.3862225923576,0.8427353221338971,0,4.641835949781258,81.69467554352305,0.7554979019935649,0.10833333333333334
M-03,2026-01-15 03:00:00+00:00,79.35142956685151,5.227206126950998,5.65185722738862,1707.1926769335644,0.970717701168036,1,4.707920721281144,81.18406202770034,0.7917918637344844,0.10833333333333334
M-03,2026-01-15 04:00:00+00:00,77.82784279375925,4.455684029704348,5.901138724182707,1683.1857927385945,0.787456560622049,1,4.812331853883727,80.71520067137686,0.6871339316154069,0.11666666666666667
M-03,2026-01-15 05:00:00+00:00,85.68287584356841,4.968090480313359,5.503107917208077,1678.6728987167514,0.8420387440312971,1,4.831168671648606,82.07678156286623,0.6900826736957366,0.08333333333333333
M-03,2026-01-15 06:00:00+00:00,87.1567822575274,5.636461354588476,5.586737834603063,1712.5881320677418,0.8574984995218959,0,5.1467715511712,83.02976951342087,0.4994968068291971,0.06666666666666667
M-03,2026-01-15 07:00:00+00:00,89.06624033360667,4.15186937240769,5.55453932723429,1754.144403790983,0.9617723285402008,1,4.87720906308897,84.16606213965794,0.5317630508842165,0.11666666666666667
M-03,2026-01-15 08:00:00+00:00,88.94253760853823,4.63524740623791,5.578916801062701,1665.5198218181442,0.8335834759565184,1,4.845759795033796,84.67128473397524,0.5410422431053579,0.1
M-03,2026-01-15 09:00:00+00:00,88.36600917725634,4.672972760840273,4.951256226856959,1679.8900199643706,0.9601400795502554,1,4.753387567348676,86.17371466904272,0.5092723885092578,0.09166666666666666
M-03,2026-01-15 10:00:00+00:00,85.39527700977841,4.611000091169243,5.297843382703571,1660.3940913159224,0.8369278598107035,1,4.779273577592825,87.43495370504591,0.4948571738144778,0.1
M-03,2026-01-15 11:00:00+00:00,82.2237857164932,5.43954944796748,5.346722877666741,1626.4769610856715,0.6828366945063243,1,4.857850072201845,86.85843868386671,0.5635042007996116,0.06666666666666667
M-03,2026-01-15 12:00:00+00:00,84.45105165613637,5.64056741544621,5.298356678015483,1666.8650869476255,0.7674083378366984,1,4.858534415678134,86.40748358363487,0.5646402433397476,0.1
M-03,2026-01-15 13:00:00+00:00,84.12842929400453,5.972092957666105,5.368317705976415,1625.1770098995617,0.6561083836110955,1,5.161905013221204,85.58451507703451,0.5970808736387329,0.1
M-03,2026-01-15 14:00:00+00:00,83.47888867314151,5.015180917161195,5.475069585288347,1687.052098573007,0.8427513545736571,1,5.2252272650417515,84.67390692113507,0.5482023947856246,0.15
M-03,2026-01-15 15:00:00+00:00,88.97318230805426,4.67314879336904,5.474341761054416,1759.9012455213615,0.9990048969243694,1,5.225256603796546,84.77510244293471,0.5481669316098062,0.10833333333333334
M-03,2026-01-15 16:00:00+00:00,80.94518411508848,5.729692114796616,5.645472221877999,1635.4205139941605,0.6670634996323688,1,5.411705274401108,84.03342029381973,0.4839422290695744,0.08333333333333333
M-03,2026-01-15 17:00:00+00:00,83.71159122982833,6.012483707463957,6.00122369463466,1586.0521467985027,0.6009213328932128,1,5.50719431765052,84.28138787937557,0.5434060891693928,0.13333333333333333
M-03,2026-01-15 18:00:00+00:00,87.79212098261715,5.733167079642984,5.7219804492299176,1685.4062389736378,0.871676854623191,1,5.522627595016648,84.83823276712238,0.5492353008278319,0.09166666666666666
M-03,2026-01-15 19:00:00+00:00,82.81417232957827,5.068447423755747,5.354137545971202,1640.220654406658,0.593492741795905,1,5.37202000603159,84.619189939718,0.5246830889142163,0.09166666666666666
M-03,2026-01-15 20:00:00+00:00,89.39492468836573,5.724436357782993,5.581657208476188,1692.5297180431626,0.7950394888668726,1,5.490229246135223,85.60519594225538,0.5078354697977411,0.13333333333333333
M-03,2026-01-15 21:00:00+00:00,86.99388647076543,5.1195146129027975,5.780280383129559,1783.113161487447,0.9291990224629164,1,5.5646235493908485,85.27531330270723,0.381073777838933,0.075
M-03,2026-01-15 22:00:00+00:00,88.76951766761606,6.093083925566418,5.619144787257223,1710.9375014490693,0.7443533559230628,1,5.625188851185816,86.57936889479515,0.43728707367028236,0.15
M-03,2026-01-15 23:00:00+00:00,88.62397207307707,5.904253566577922,5.431568055450438,1691.1871081632344,0.7661899939654028,0,5.607150494371477,87.39809903533661,0.42000653322861486,0.1
M-03,2026-01-16 00:00:00+00:00,48.85219852101147,0.8426939644448644,6.467340735108108,1619.323615764399,0.8225780826095921,0,4.792071641838457,80.90811195840233,1.9788922189190186,0.008333333333333333
M-03,2026-01-16 01:00:00+00:00,50.26994714366848,1.6206859426841778,6.107092042116805,1687.9114514833052,0.7522881725090244,0,4.217444728326529,75.48407442741738,2.3486250961814914,0.025
M-03,2026-01-16 02:00:00+00:00,54.03934105748825,1.5055649469486656,6.053725411022753,1669.162756210262,0.92637791165609,0,3.5142994931874743,69.59147715560447,2.437087936832369,0.0
M-03,2026-01-16 03:00:00+00:00,56.97084513353726,0.920494338119731,6.433061410740347,1709.375597818702,0.8680191238267075,0,2.81446278072363,64.5876369327331,2.4863414534809727,0.016666666666666666
M-03,2026-01-16 04:00:00+00:00,52.05150201839759,1.3516536949510611,6.423605422813204,1715.0662200362212,0.9441903766990928,0,2.0242244089544035,58.46796765786336,1.9262950356162507,0.025
M-03,2026-01-16 05:00:00+00:00,55.43321052407978,0.7916194755091354,6.392767647808206,1623.866389292864,0.7307614114088143,0,1.1721187271096059,52.93617406636381,0.363661084239402,0.025
M-03,2026-01-16 06:00:00+00:00,56.88382191707669,1.6754372940353015,6.643659699740322,1650.2516152169096,0.6098324058859066,0,1.3109092820413455,54.27477796570801,0.3716124103623935,0.016666666666666666
M-03,2026-01-16 07:00:00+00:00,59.47166554053181,1.3114235460635644,6.00420936165377,1683.2950829434112,0.7086678493288782,0,1.2593655492712432,55.80839769851857,0.340169682463898,0.016666666666666666
M-03,2026-01-16 08:00:00+00:00,54.35424244293539,1.4067508968885878,6.71837988895475,1551.119721895504,0.5856172684908532,0,1.242896540927897,55.860881262759754,0.32804206809451336,0.041666666666666664
M-03,2026-01-16 09:00:00+00:00,49.7591351905592,1.87314633730226,6.184602007565307,1746.8198298936677,0.900376995531536,0,1.4016718741249852,54.65892960559674,0.368801295838807,0.041666666666666664
M-03,2026-01-16 10:00:00+00:00,49.7591351905592,1.1741312644802129,6.338831632950233,1642.9979312206888,0.6023629851568653,0,1.3720848023798438,54.27686846762368,0.38055026500183736,0.008333333333333333
M-03,2026-01-16 11:00:00+00:00,51.55513823202637,1.6457835386190174,6.170701079923206,1623.5346320631131,0.6458444360621541,0,1.514445479564824,53.630523085614776,0.26094602853205023,0.03333333333333333
M-03,2026-01-16 12:00:00+00:00,56.515209222039,1.862623690869369,6.788700365561792,1652.9800558001723,0.647003387960613,0,1.545643212370502,53.56908763644183,0.29323507987302494,0.008333333333333333
M-03,2026-01-16 13:00:00+00:00,50.528566961585256,1.640975966975296,6.505012894627401,1622.1228910041498,0.5645206596244849,0,1.6005686158557904,52.0785712066174,0.27057817453304334,0.016666666666666666
M-03,2026-01-16 14:00:00+00:00,61.580167038365154,1.851077028981562,5.893972894301102,1726.337788485845,0.8600407967152484,0,1.6746229712046194,53.28289197252237,0.267711641230832,0.05
M-03,2026-01-16 15:00:00+00:00,60.88230590961959,1.9491103053915535,5.900696447463033,1677.0484476521806,0.8058696202702353,0,1.687283632552835,55.13675375903242,0.2804701873355509,0.025
M-03,2026-01-16 16:00:00+00:00,62.33990093524669,1.267204603993545,6.086962462438478,1636.0733894286154,0.7627323304796897,0,1.702795855805057,57.23354804981367,0.24698781058004107,0.016666666666666666
M-03,2026-01-16 17:00:00+00:00,57.884880167640425,2.184783117246472,6.508116034612612,1732.8081350309556,0.8407044596698025,0,1.7926291189096328,58.28850503908268,0.31165882557578517,0.016666666666666666
M-03,2026-01-16 18:00:00+00:00,64.35347000818281,2.617890281741653,6.196709432533591,1693.7744460378744,0.91453980743924,0,1.9185068840550137,59.59488183677331,0.4618964373154324,0.041666666666666664
M-03,2026-01-16 19:00:00+00:00,59.91355674835803,2.3527682981067297,6.5523926177096286,1678.4357922710735,0.8440865466964456,0,2.037138939243586,61.159046801235455,0.4677306431511507,0.016666666666666666
M-03,2026-01-16 20:00:00+00:00,57.55334008372088,2.334973167988262,6.3099348857366095,1666.3685009566077,0.7468705423640609,0,2.1177882957447025,60.4879089754614,0.4709394979931632,0.025
M-03,2026-01-16 21:00:00+00:00,61.106150022540646,1.6928333581111132,6.4300513695125465,1635.3682270299144,0.646944036888842,0,2.075075471197963,60.52521632761491,0.500021634762995,0.016666666666666666
M-03,2026-01-16 22:00:00+00:00,60.647863544383085,2.58096248410359,5.939629126102758,1679.4320745363989,0.6658789204528638,0,2.29403511788297,60.24321009580431,0.33636722392222207,0.041666666666666664
M-03,2026-01-16 23:00:00+00:00,60.15924650835127,1.6909463801860412,5.756458904772773,1745.5602876326247,0.9195751194858646,0,2.211728995039565,60.62227115258946,0.41877172430679377,0.03333333333333333
M-03,2026-01-17 00:00:00+00:00,59.66528485676582,2.5346522697831237,6.1693028058986,1766.4571698403854,0.9635785610307293,0,2.1978559930464767,59.84090696068662,0.40373418850630743,0.05
M-03,2026-01-17 01:00:00+00:00,60.541997039382174,1.1703666873706786,5.885667528110711,1687.243175713388,0.7258668503306668,0,2.0007890579238015,59.945647009190644,0.5681075011565007,0.075
M-03,2026-01-17 02:00:00+00:00,62.27882487990192,1.2621840083536344,6.005765367346723,1673.2077899941112,0.6481281180425968,0,1.8219908646513634,60.733227808554155,0.6092251309126144,0.058333333333333334
M-03,2026-01-17 03:00:00+00:00,60.28836005799407,1.7487891368802886,6.142492447142611,1605.6748075176954,0.5861616053703892,0,1.8313168277795595,60.59692948112973,0.6072777438044022,0.075
M-03,2026-01-17 04:00:00+00:00,63.86980183548034,2.405471345575384,6.245485001658506,1753.9539063897253,0.9486528667930584,0,1.8020683046915253,61.133919196312604,0.5668303510299545,0.016666666666666666
M-03,2026-01-17 05:00:00+00:00,65.70115235821623,1.6856221456835527,6.54461871916527,1532.9637940243829,0.5709644240807495,0,1.8011809322744436,62.05757017129009,0.5670432321272822,0.025
M-03,2026-01-17 06:00:00+00:00,63.502234889652655,1.889480408806612,6.230228044431612,1674.6476248841327,0.7780070654889024,0,1.6936522887783585,62.69706184343789,0.4490283454489722,0.06666666666666667
M-03,2026-01-17 07:00:00+00:00,64.47114480726795,2.285047288040785,6.719250764528421,1691.582734611662,0.8570952426435683,0,1.879432388890043,63.35191980475219,0.41879995845514906,0.016666666666666666
M-03,2026-01-17 08:00:00+00:00,68.59793425025381,1.833545354589274,6.195633015546398,1616.528757214376,0.6425825892287144,0,1.9746592799293161,64.40510469981085,0.2978818953848123,0.03333333333333333
M-03,2026-01-17 09:00:00+00:00,66.07295535073186,2.2185307584241567,6.163389440601131,1763.6219485469824,0.8660045301227426,0,2.0529495501866273,65.36920391526714,0.2882179369819777,0.05
M-03,2026-01-17 10:00:00+00:00,63.11170913267698,2.527522205362193,6.000750262691823,1715.543465370915,0.8863513736910233,0,2.0732913601510954,65.24285513146658,0.320565983663653,0.016666666666666666
M-03,2026-01-17 11:00:00+00:00,64.70668183514394,2.186084912245008,6.367537049894308,1688.2689363720506,0.6973230748134704,0,2.1567018212446714,65.07711004428786,0.258651845089205,0.041666666666666664
M-03,2026-01-17 12:00:00+00:00,66.42428381350318,2.638562208225396,5.559363142929392,1644.1345804443624,0.6411799444009314,0,2.281548787814469,65.56411819826296,0.28346620389245447,0.05
M-03,2026-01-17 13:00:00+00:00,63.80909028781712,2.87855996037535,6.12659277581569,1682.3424431282635,0.7981544386818005,0,2.3804675665368964,65.45377577835448,0.3740229927961807,0.075
M-03,2026-01-17 14:00:00+00:00,66.20708807123535,3.179146628888836,6.355903848427893,1603.7842931636967,0.6578740796799256,0,2.6047344455868235,65.05530141518473,0.3837854963872363,0.05
M-03,2026-01-17 15:00:00+00:00,64.04800047507867,2.174598103796656,6.045693165826367,1633.3021939942803,0.6186456601719857,0,2.59741233648224,64.7178089359092,0.3929373591416675,0.03333333333333333
M-03,2026-01-17 16:00:00+00:00,67.02161367102406,3.595076253360274,5.923044389511913,1553.2797641484906,0.5551033947147906,0,2.775338011148586,65.36945969230038,0.5608033928973211,0.06666666666666667
M-03,2026-01-17 17:00:00+00:00,63.20588632843168,3.308117611144389,6.306366997694626,1535.4130832537385,0.623447945521536,0,2.9623434609651498,65.11932710784833,0.5097667869650556,0.075
M-03,2026-01-17 18:00:00+00:00,67.39425041327767,2.757314769069168,5.862691987557096,1669.0280548913993,0.8015084349915598,0,2.9821355544391124,65.28098820781075,0.4968225012122021,0.06666666666666667
M-03,2026-01-17 19:00:00+00:00,67.22304047229306,3.626088196494141,5.698346430118584,1605.513516397251,0.7620873177478763,0,3.106723593792244,65.8499799052234,0.5558735490700363,0.05
M-03,2026-01-17 20:00:00+00:00,68.92119266557349,3.079010836446158,6.046507466769611,1724.3292673515684,0.9790601722877464,0,3.0900342950517974,66.30233067094643,0.554766386424236,0.041666666666666664
M-03,2026-01-17 21:00:00+00:00,68.18805113380759,2.170396720051651,6.279657276729986,1671.7094000162542,0.793921341130975,0,3.0893340644276304,66.99233911406793,0.5561538680411909,0.05
M-03,2026-01-17 22:00:00+00:00,71.64776371250156,3.2285201137372943,6.070653027865644,1663.4635234896612,0.8488813655173695,0,3.0282413744904666,67.76336412098085,0.5074917376193215,0.05
M-03,2026-01-17 23:00:00+00:00,67.92294557182517,3.912971273013115,6.0594836283166025,1654.4319289760551,0.7985965075150687,0,3.1290503181352545,68.54954066154643,0.6214790335229433,0.075
M-03,2026-01-18 00:00:00+00:00,69.96087105296283,3.4217816839304627,5.977264442293569,1629.772622230009,0.7955588812184615,0,3.23979480394547,68.97731076816062,0.6008492710821424,0.03333333333333333
M-03,2026-01-18 01:00:00+00:00,72.87259045538454,3.181136579797403,6.260300499281104,1710.233524388606,0.8910701681830498,0,3.1656362011626804,69.91890243200919,0.570319286844304,0.03333333333333333
M-03,2026-01-18 02:00:00+00:00,73.10386849328444,2.867321746428301,5.94250477062901,1666.7366742213526,0.6398274347413476,0,3.1303546861597042,70.61601506996102,0.5831533748541193,0.058333333333333334
M-03,2026-01-18 03:00:00+00:00,66.61111821784291,4.300271174057198,5.7347932583019325,1584.207844584805,0.725750641560176,0,3.4853337618272953,70.35319291730023,0.5275345903365849,0.08333333333333333
M-03,2026-01-18 04:00:00+00:00,67.87319010183637,4.637785249774195,5.827698820648757,1601.8737559803235,0.7195608767417602,0,3.7202112845001127,69.72409731552271,0.6815644060970549,0.08333333333333333
M-03,2026-01-18 05:00:00+00:00,74.56136601881771,3.140330710361384,5.9795582553167685,1631.9930102652183,0.7775430758735838,0,3.5914378573914902,70.8305007233548,0.7102478007298981,0.125
M-03,2026-01-18 06:00:00+00:00,71.77973593200153,3.477752697964948,5.759683222037854,1630.3471301295729,0.7342260054938169,0,3.6007663597305712,71.13364486986124,0.707937661768795,0.08333333333333333
M-03,2026-01-18 07:00:00+00:00,70.4436024918364,2.679305123063269,5.600999343569915,1672.5251275297524,0.6858707595136647,0,3.5171277836082155,70.72881354260322,0.792074220604656,0.06666666666666667
M-03,2026-01-18 08:00:00+00:00,75.89093470642155,3.340901571316458,6.039979123243927,1609.4480427880503,0.6652112943731888,0,3.5960577544229086,71.19332457812608,0.7359804351908756,0.08333333333333333
M-03,2026-01-18 09:00:00+00:00,72.21530965714865,4.096598128010739,6.061498605494492,1640.19268674436,0.702807617810058,0,3.5621122467484994,72.12735648467704,0.7008632313325529,0.058333333333333334
M-03,2026-01-18 10:00:00+00:00,77.07823442305028,3.611338973670251,5.699258351664302,1776.442397144274,0.9730599554322826,0,3.3910378673978414,73.66153053821269,0.47450996759886244,0.06666666666666667
M-03,2026-01-18 11:00:00+00:00,73.63607977986126,3.980179459577639,5.840193539944109,1665.4184066017824,0.6379696178922214,0,3.5310126589338844,73.50731616505328,0.5084239628905906,0.06666666666666667
M-03,2026-01-18 12:00:00+00:00,78.26134352193282,3.876184985357214,6.018110463312151,1683.070722804809,0.7083278618408317,0,3.5974180401659286,74.5875840967085,0.5257991810099188,0.06666666666666667
M-03,2026-01-18 13:00:00+00:00,76.95581368116014,4.824590287610065,5.696299526569042,1660.1265231519765,0.7587407163330966,0,3.9549655675903943,75.67295262826245,0.5056288923500631,0.03333333333333333
M-03,2026-01-18 14:00:00+00:00,70.96602217174964,4.619177399076607,5.563392237936851,1742.365142302678,0.961204629990184,0,4.168011538883753,74.8521338724838,0.4626173654665663,0.16666666666666666
M-03,2026-01-18 15:00:00+00:00,77.13515492592765,3.701254976048273,5.525072880528463,1638.5791310567367,0.6622203137139343,0,4.102121013556675,75.67210808394697,0.5013554786548833,0.11666666666666667
M-03,2026-01-18 16:00:00+00:00,76.69399031858285,4.467834130932847,5.5938321026726,1621.1037863405534,0.7308443512293022,0,4.244870206433775,75.60806739986906,0.453299384740345,0.025
M-03,2026-01-18 17:00:00+00:00,82.74003137114202,3.670013351298256,5.7100858905763205,1787.8961324434729,0.9906960616166822,0,4.193175855053877,77.12539266508252,0.5043346186149401,0.09166666666666666
M-03,2026-01-18 18:00:00+00:00,74.82658226545054,4.360979081757412,5.637667406615133,1639.7841741624857,0.7610208159152398,0,4.2739748711205765,76.5529324556688,0.48172001476051984,0.09166666666666666
M-03,2026-01-18 19:00:00+00:00,72.45322859957344,4.895408005877318,5.6320761638789705,1632.7234285370014,0.63034488940847,1,4.285777824165119,75.8025016087377,0.4984850667770589,0.075
M-03,2026-01-18 20:00:00+00:00,77.71622561394476,4.59730393994529,5.721883467470359,1729.032260769864,0.8879570686687216,0,4.282132247643233,76.92753551577022,0.49563097399002454,0.08333333333333333
M-03,2026-01-18 21:00:00+00:00,73.53394938507384,3.872590252824111,5.402032897049761,1642.387199647846,0.6981777990563369,1,4.310688127105872,76.32733459229458,0.4590564068270944,0.09166666666666666
M-03,2026-01-18 22:00:00+00:00,75.05309859965705,5.021390959241857,5.5012225807661626,1621.537458686102,0.7616187379669115,0,4.402947598490708,76.05385263914027,0.5446093484271237,0.041666666666666664
M-03,2026-01-18 23:00:00+00:00,79.35928412171955,4.386317911383218,6.061941045410039,1744.6156550912472,0.8967932235819184,1,4.522331691838201,75.49039476423653,0.41486510513428115,0.08333333333333333
M-03,2026-01-19 00:00:00+00:00,81.83014238210623,3.8461226553792014,5.572386012994269,1779.8244266305892,0.942066382420444,0,4.436522287441833,76.65765478367915,0.4995217212899073,0.075
M-03,2026-01-19 01:00:00+00:00,73.5749232665967,3.9763589888728568,5.546120157553427,1644.116284853369,0.714645002714926,1,4.283347451274422,76.84460389484968,0.47074594557117727,0.10833333333333334
M-03,2026-01-19 02:00:00+00:00,86.3010807206054,4.754781449380864,5.759825596281367,1674.5831887235354,0.8862789382548071,1,4.309593702847018,78.27541307929313,0.4954910432734221,0.1
M-03,2026-01-19 03:00:00+00:00,75.49692636825507,4.678101430523431,5.78710433859889,1625.2353172643263,0.7400584731800106,0,4.443845565796905,78.60257590982333,0.46135483602388794,0.1
M-03,2026-01-19 04:00:00+00:00,86.75560789334436,5.046137755982834,5.636399254381277,1680.1782025925263,0.7266987258767355,1,4.447970031920401,80.55299412543788,0.4676187671934904,0.06666666666666667
M-03,2026-01-19 05:00:00+00:00,87.439936408869,4.513804781464558,5.53448549111934,1723.7164454409055,0.9603969270897508,0,4.4692178436006245,81.89976950662945,0.46715328756874236,0.125
M-03,2026-01-19 06:00:00+00:00,80.30631717158559,5.063366442410026,5.709244472421303,1630.5697919911845,0.6206893828243796,0,4.672091808105762,81.64579863820936,0.40223844706087436,0.075
M-03,2026-01-19 07:00:00+00:00,86.48358282537066,5.309186026644998,5.754744890976428,1744.262629804722,0.8897182528554094,1,4.894229647734452,83.79724189800501,0.29487367133695325,0.14166666666666666
M-03,2026-01-19 08:00:00+00:00,87.87590364931535,4.8751419492111365,5.40906481602388,1725.9144887630864,0.9572982790847296,1,4.9142897310394975,84.05971238612334,0.28749139423512876,0.10833333333333334
M-03,2026-01-19 09:00:00+00:00,82.25361071993451,5.490618964733141,5.281781401016383,1668.924897984462,0.9316093650158184,1,5.04970932007445,85.18582644473658,0.34046914413472407,0.06666666666666667
M-03,2026-01-19 10:00:00+00:00,78.97866964451387,4.724278998932005,5.427436446993433,1623.639070442862,0.6379553395704698,1,4.996066193899311,83.88967006993148,0.36557429298924166,0.1
M-03,2026-01-19 11:00:00+00:00,78.97866964451387,5.497440915226916,5.979479924693003,1708.350832003298,0.8662256209038735,1,5.16000554952637,82.47945894253898,0.32427355297501537,0.075
M-03,2026-01-19 12:00:00+00:00,86.57698922342207,5.248237073269602,5.936934248570755,1651.502161739106,0.9074480678844168,1,5.1908173213363,83.52457095117839,0.32202986782614007,0.06666666666666667
M-03,2026-01-19 13:00:00+00:00,84.46031075759427,4.7007510584896,5.27048254560331,1695.8278472488996,0.9074480678844168,1,5.0894114933104,83.18735893988233,0.3695865578451058,0.1
M-03,2026-01-19 14:00:00+00:00,89.00366673729964,5.367146621857808,5.558910612304025,1715.4463754540293,0.9927305177161868,0,5.1714122720848446,83.37531945454637,0.3671108052024661,0.10833333333333334
M-03,2026-01-19 15:00:00+00:00,81.41094933432925,4.515478410447966,5.41920500167574,1714.112495390706,0.9001286412241947,1,5.00888884637065,83.23487589027883,0.41078579606825555,0.13333333333333333
M-03,2026-01-19 16:00:00+00:00,89.39748260152108,5.40561241108208,5.704074793437282,1694.0059377261423,0.8128070097294684,1,5.122444415062328,84.9713447164467,0.4105465795034967,0.08333333333333333
M-03,2026-01-19 17:00:00+00:00,83.59923866822952,4.741358692285379,5.51301939987518,1692.5816178766747,0.8127196765222046,0,4.99643071123874,85.74143955373263,0.38783236104554475,0.08333333333333333
M-03,2026-01-19 18:00:00+00:00,51.16928865344423,0.8760439817488606,6.192225908591733,1597.656729932987,0.6767811639287531,0,4.267731862651949,79.840156125403,1.7017777755263817,0.025
M-03,2026-01-19 19:00:00+00:00,56.8825924597482,1.2169807553797638,6.235267661763562,1710.7942613367088,0.7006453397378225,0,3.6871034788003096,75.24386974242866,2.0773559521724327,0.03333333333333333
M-03,2026-01-19 20:00:00+00:00,61.81885623996119,1.8201501029123004,6.242275936738318,1792.492887024226,0.9787180414666712,0,3.0959373923093914,70.71306799287224,2.0071444718522065,0.008333333333333333
M-03,2026-01-19 21:00:00+00:00,53.35672263497593,1.2640318039566638,6.079220421458103,1646.6790629473574,0.5937965392958389,0,2.554029624560841,66.03736354298003,1.9860484316560416,0.03333333333333333
M-03,2026-01-19 22:00:00+00:00,50.36158762295492,1.590478024450955,6.015695845411552,1552.682873689656,0.5542853642629686,0,1.9181738934556538,59.53138104655233,1.4207726135755383,0.008333333333333333
M-03,2026-01-19 23:00:00+00:00,58.134163475370464,1.8674935604446308,6.259842827668271,1663.54295665333,0.7865439026674232,0,1.4391963714821958,55.287201847742494,0.3869504841467942,0.041666666666666664
M-03,2026-01-20 00:00:00+00:00,59.83421752898124,2.2420726549976315,6.072473997760595,1657.8815479438235,0.8062489722599593,0,1.6668678170236575,56.73135666033198,0.3911821508675341,0.016666666666666666
M-03,2026-01-20 01:00:00+00:00,55.53916335194526,2.3203365243349485,6.011669285898929,1689.8767841107615,0.6956997723082102,0,1.850760445182855,56.5074518090315,0.3966967019876729,0.041666666666666664
M-03,2026-01-20 02:00:00+00:00,56.23542618911223,2.723512606947013,6.095107419620988,1652.869981804488,0.7368838572807528,0,2.0013208625219736,55.57688013389001,0.5313360657876699,0.06666666666666667
M-03,2026-01-20 03:00:00+00:00,61.20417217516866,2.052693724095263,6.509374001637817,1567.7752218819342,0.6109167069045294,0,2.132764515878407,56.884788390588795,0.3916553293429275,0.03333333333333333
M-03,2026-01-20 04:00:00+00:00,53.67371814033149,1.986185678907778,6.301386400068118,1624.6544199225016,0.636535192577232,0,2.198715791621211,57.436810143484884,0.3060335854261526,0.041666666666666664
M-03,2026-01-20 05:00:00+00:00,62.26565596827567,1.3875891420694462,6.610855363101142,1679.4069031512447,0.6100742886054271,0,2.1187317218920136,58.12539222563575,0.4422931932030471,0.041666666666666664
M-03,2026-01-20 06:00:00+00:00,54.095518993629085,1.7759285593542091,6.72678306142198,1609.393914339182,0.5965603266630587,0,2.041041039284776,57.16894246974373,0.4569906592593386,0.03333333333333333
M-03,2026-01-20 07:00:00+00:00,57.1546348384096,1.4444692150154024,6.430705155166496,1631.4419701017034,0.6704696461910606,0,1.8950631543981853,57.4381877174878,0.4887201713738292,0.058333333333333334
M-03,2026-01-20 08:00:00+00:00,61.86064607651948,1.9774122072829712,5.929970539233192,1593.4227696589917,0.6399945827728937,0,1.770713087787512,58.375724365389,0.2904865801459406,0.041666666666666664
M-03,2026-01-20 09:00:00+00:00,61.04560474631366,2.5740353605484407,6.2248965770304885,1731.6048258577953,0.976724195170746,0,1.8576033605297078,58.34929646057983,0.4341489016230263,0.03333333333333333
M-03,2026-01-20 10:00:00+00:00,61.83696468717002,2.586036659106814,6.005136552725725,1764.1854022871669,0.9789189434707728,0,1.957578523896214,59.70983755171958,0.5284955632808828,0.05
M-03,2026-01-20 11:00:00+00:00,63.92042920624252,2.477017644755334,6.650589464334296,1693.3655435699586,0.8010312251733558,0,2.1391499410105284,59.98563309138073,0.47825889010955597,0.041666666666666664
M-03,2026-01-20 12:00:00+00:00,58.573277346577335,1.733664293071005,6.481262346083663,1588.592229033279,0.6396708772293371,0,2.132105896629995,60.73192615020543,0.4849430805917992,0.075
M-03,2026-01-20 13:00:00+00:00,63.59854876377333,2.0910716104618485,5.957779117254337,1616.4258425380797,0.5805223662988226,0,2.2398729625377354,61.805911804432725,0.35637231116980556,0.041666666666666664
M-03,2026-01-20 14:00:00+00:00,68.21912221914228,2.0240169271904964,5.895561701629018,1649.6422869703272,0.7374772538760153,0,2.247640415855656,62.86565782820319,0.34995779768514784,0.03333333333333333
M-03,2026-01-20 15:00:00+00:00,65.99832160825447,2.0367864637850057,6.196741402138995,1611.9934787899365,0.6732963498579121,0,2.158098933061751,63.69111063852666,0.31691385805622696,0.06666666666666667
M-03,2026-01-20 16:00:00+00:00,60.49226008379038,2.37979130818093,6.139352788123844,1620.9324568092252,0.6134679301072803,0,2.1237247079074364,63.46699320463006,0.26873751313280314,0.03333333333333333
M-03,2026-01-20 17:00:00+00:00,59.43544286378367,2.415296341470809,6.257981235034904,1617.5338901066032,0.6885136809424806,0,2.1134378240266822,62.719495480886906,0.2532439350572337,0.041666666666666664
M-03,2026-01-20 18:00:00+00:00,62.501820106234426,3.1385070623451314,5.665238676763467,1583.6588731065058,0.5922717272736245,0,2.34757828557237,63.37425260749642,0.4238563264483902,0.041666666666666664
M-03,2026-01-20 19:00:00+00:00,70.89536167199046,2.679273142178329,6.203151714198667,1657.8339234415794,0.6549255699666605,0,2.4456118741917834,64.59038809219929,0.4206740362533951,0.075
M-03,2026-01-20 20:00:00+00:00,69.57848170971334,2.9150064555055373,6.208934336415994,1714.6155255550536,0.9907384252758752,0,2.594110128910957,64.81694800729446,0.39877607942063664,0.016666666666666666
M-03,2026-01-20 21:00:00+00:00,60.57158341550349,2.004052061784008,5.96463824281618,1588.7678423151158,0.565724924972528,0,2.588654395244124,63.91249164183596,0.4080421723997599,0.041666666666666664
M-03,2026-01-20 22:00:00+00:00,65.21527024582224,2.662519868281189,5.835592441421792,1641.990634894802,0.6036949042350269,0,2.6357758219275005,64.6996600021746,0.39522191693703895,0.075
M-03,2026-01-20 23:00:00+00:00,66.43122650699756,2.494632551166181,5.922458017652064,1690.0964237563924,0.8850927563472824,0,2.648998523543396,65.86562394271024,0.38762430282105675,0.041666666666666664
M-03,2026-01-21 00:00:00+00:00,66.63151563772657,3.5586286712696813,6.350412905429336,1683.9449984711157,0.6156292468797295,0,2.7190187916974877,66.55390653129227,0.5117918266377572,0.03333333333333333
M-03,2026-01-21 01:00:00+00:00,64.87529946718064,3.289060346650091,5.872500038933804,1588.4699395404004,0.6855310939821592,0,2.8206499924427813,65.55056283049065,0.560544132248936,0.06666666666666667
M-03,2026-01-21 02:00:00+00:00,70.0596775881088,2.5728127017690907,6.307874541789138,1783.7746326504327,0.9702039518527384,0,2.7636177001533735,65.63076214355654,0.5664013960677742,0.041666666666666664
M-03,2026-01-21 03:00:00+00:00,67.74193160016972,4.0123250797523,6.205152013697111,1641.698124694758,0.7806212265188208,0,3.098329869814755,66.82582017433425,0.6187389512701456,0.041666666666666664
M-03,2026-01-21 04:00:00+00:00,68.03502744093355,2.323960792680232,6.102781447063889,1652.944248455457,0.8612731506239326,0,3.0419033572145957,67.29577970685281,0.678940770809146,0.06666666666666667
M-03,2026-01-21 05:00:00+00:00,67.25386775161421,2.742052741938277,5.218277132883765,1684.400175881479,0.897656218685245,0,3.083140055676612,67.43288658095558,0.6457561638672927,0.041666666666666664
M-03,2026-01-21 06:00:00+00:00,70.33790960145461,3.8063576584143135,6.113159786743731,1712.8535822881763,0.7912279485560193,0,3.1244282202007176,68.05061890824358,0.6887279750431873,0.09166666666666666
M-03,2026-01-21 07:00:00+00:00,71.47027266061097,3.685987875476296,5.863376467195513,1674.7076697918249,0.8639417215511,0,3.190582808338418,69.14978110714864,0.7257710451953037,0.09166666666666666
M-03,2026-01-21 08:00:00+00:00,66.34434920573258,2.994289477922716,6.073762586415626,1660.3481522669176,0.7219606114641987,0,3.260828937697356,68.53055971008594,0.6724584901798701,0.06666666666666667
M-03,2026-01-21 09:00:00+00:00,66.73241923831014,3.5938602672616438,5.748713297708382,1608.5793180336104,0.6562913002169002,0,3.1910848022822464,68.36230764977601,0.5963187157005955,0.11666666666666667
M-03,2026-01-21 10:00:00+00:00,74.87773253133676,2.926395003374054,6.197510899788183,1644.7840991760747,0.7053229986020657,0,3.29149050406455,69.50275849817655,0.4551151206869406,0.041666666666666664
M-03,2026-01-21 11:00:00+00:00,68.67569423701792,3.283321411935381,6.039726789061943,1761.6635449754472,0.8484321304914204,0,3.3817019490640674,69.73972957907718,0.3701364927028745,0.06666666666666667
M-03,2026-01-21 12:00:00+00:00,69.11678260890399,2.890257014433677,5.951692367231619,1695.9489492318014,0.845420427257891,0,3.2290185084006278,69.53620841365206,0.3482290539645067,0.08333333333333333
M-03,2026-01-21 13:00:00+00:00,66.9898894657534,3.5148049398669574,6.235477630050279,1632.7182643595113,0.6186025306338668,0,3.2004880191324045,68.7894778811758,0.3079890644755083,0.075
M-03,2026-01-21 14:00:00+00:00,72.2611262185617,3.7993498869453934,6.026864488315296,1671.1993117942836,0.7847770529364503,0,3.3346647539695176,69.77560738331398,0.36942756813119915,0.06666666666666667
M-03,2026-01-21 15:00:00+00:00,69.94207868699594,3.9234764301680585,6.109493329539079,1658.5005846368892,0.7292132398786042,0,3.3896007811205866,70.31055062476162,0.4344635114526347,0.05
M-03,2026-01-21 16:00:00+00:00,71.40211787183154,3.09136176947866,6.251633210837846,1665.935928932682,0.682785194092205,0,3.4170952421380214,69.73128151484407,0.40339656843516053,0.125
M-03,2026-01-21 17:00:00+00:00,67.61892907554221,3.0908659485748005,6.251633210837846,1628.6037212177532,0.561317275490605,0,3.3850193315779245,69.55515398793146,0.4233204193582995,0.075
M-03,2026-01-21 18:00:00+00:00,68.5915023233855,3.699461180301736,5.91827110567035,1635.0799630034026,0.5933844704646619,0,3.5198866925559344,69.46760727367838,0.35803619444081375,0.075
M-03,2026-01-21 19:00:00+00:00,74.57731172204427,4.3011877852395575,6.024028332766222,1688.1341859255149,0.9419338382858392,0,3.6509505001180345,70.73217764972686,0.47922621504890217,0.06666666666666667
M-03,2026-01-21 20:00:00+00:00,75.42300615888335,3.951692151532078,6.269579055362038,1604.0154733516165,0.7462326390603968,0,3.676340877549148,71.25915763978047,0.49251273308178073,0.09166666666666666
M-03,2026-01-21 21:00:00+00:00,79.32491299545242,3.934691438988629,5.533164032595429,1722.3819163547903,0.9707431705886846,0,3.67821004568591,72.82296335785655,0.49365818735824213,0.11666666666666667
M-03,2026-01-21 22:00:00+00:00,72.22757284113978,3.626614992703714,5.998703371816153,1692.1567128350136,0.6596699622288995,0,3.7674189162234195,72.9605391860746,0.407188861448462,0.125
M-03,2026-01-21 23:00:00+00:00,76.91694732925141,4.235687698962541,5.716017195597535,1715.3276675149357,0.9012877053854982,1,3.9582225412880425,74.51020889502612,0.27281108454954445,0.05
M-03,2026-01-22 00:00:00+00:00,72.99225773840733,4.579366554113878,5.4226510565176325,1657.3770069898442,0.6912589667824867,0,4.104873436923399,75.2436681308631,0.33524706437237495,0.06666666666666667
M-03,2026-01-22 01:00:00+00:00,81.97374103669118,3.686139555207817,5.51434135851129,1640.0869463057445,0.7046599740827519,0,4.002365398584776,76.47640634997092,0.35656817683272884,0.041666666666666664
M-03,2026-01-22 02:00:00+00:00,78.68875962258112,4.279586310488084,5.754229251998636,1706.956354642172,0.9472343264297138,0,4.057014425077444,77.02069859392054,0.3720400201857702,0.075
M-03,2026-01-22 03:00:00+00:00,74.8604115993941,4.872184886118654,5.748434465597184,1663.1076192204248,0.6425373947658402,0,4.213263332932448,76.27661502791081,0.4889021422518638,0.09166666666666666
M-03,2026-01-22 04:00:00+00:00,80.84611134298774,4.257788663036227,5.752374830011179,1716.8581971336785,0.9297211465159814,1,4.318458944654533,77.71303811155214,0.39662477307060096,0.075
M-03,2026-01-22 05:00:00+00:00,79.75057776445419,4.657349234114865,5.733576949267812,1749.7826082049282,0.9328963643901568,0,4.38873586717992,78.1853098507526,0.41591309842460994,0.125
M-03,2026-01-22 06:00:00+00:00,70.51164383276242,4.265875961614916,5.561601983107521,1624.8623260697043,0.7328019762876259,0,4.33648743509676,77.77187419981179,0.4067661816988806,0.1
M-03,2026-01-22 07:00:00+00:00,75.55506013776042,5.511791480070594,5.561601983107521,1698.1473781229613,0.9601659570734592,0,4.640762755907223,76.70209404999,0.49602016914625285,0.08333333333333333
M-03,2026-01-22 08:00:00+00:00,78.50862320899888,4.98289848287877,5.720757598590323,1747.880516800663,0.8084235165293545,0,4.757981451305671,76.67207131439295,0.4763081222567273,0.125
M-03,2026-01-22 09:00:00+00:00,83.46528365080755,4.96585228499842,6.062361304781571,1729.2332433091328,0.9678675835426788,1,4.773592684452299,78.1062166562952,0.48229715570663123,0.08333333333333333
M-03,2026-01-22 10:00:00+00:00,78.1211762055437,4.981398830996366,5.946142229778396,1626.2994864607667,0.6552186734174851,0,4.894194379112322,77.65206080005453,0.4130166402257465,0.09166666666666666
M-03,2026-01-22 11:00:00+00:00,77.33237627339159,4.317955026944239,5.433658182231749,1674.3724902637457,0.7216818975832049,0,4.837628677917218,77.24902721821077,0.4710991026280736,0.03333333333333333
M-03,2026-01-22 12:00:00+00:00,79.95821939857963,4.545955015507622,5.160977747905716,1734.3993945304353,0.9178042863844248,1,4.884308520232668,78.8234564791803,0.4134658711810868,0.1
M-03,2026-01-22 13:00:00+00:00,80.06955140377019,4.507153271333552,6.136440892298847,1622.762573210974,0.7425771917012777,0,4.716868818776495,79.57587169018193,0.29497966990979996,0.11666666666666667
M-03,2026-01-22 14:00:00+00:00,79.27240443465675,4.806287329959576,5.630815492124607,1664.4040380566748,0.756039194354713,0,4.687433626623297,79.70316856112491,0.27095768416405086,0.08333333333333333
M-03,2026-01-22 15:00:00+00:00,82.73602510776367,4.57440843715162,5.653236270290149,1622.0754411330256,0.5983701329212878,0,4.622192985315496,79.5816254706176,0.23529132134097688,0.1
M-03,2026-01-22 16:00:00+00:00,82.9120963908516,4.962584039938989,5.588352823010973,1650.0450739913963,0.8212916069268275,1,4.619057186805933,80.3801121681689,0.22960324936487417,0.175
M-03,2026-01-22 17:00:00+00:00,87.32704379861127,3.786244591063469,5.962032349551111,1650.4157164894302,0.7975603768138333,0,4.530438780825804,82.04589008903885,0.4048168075260007,0.06666666666666667
M-03,2026-01-22 18:00:00+00:00,82.08674166484943,5.473244870278015,5.834515613085566,1690.2233218341282,0.8629360370237313,0,4.684987089954203,82.40064380008381,0.5594130366590502,0.09166666666666666
M-03,2026-01-22 19:00:00+00:00,86.44918908742683,4.687581958008934,5.633185874432018,1676.2949191227824,0.7610605441662579,0,4.715058537733434,83.46391674735992,0.5527514527138365,0.09166666666666666
M-03,2026-01-22 20:00:00+00:00,80.79864647191661,5.002965431234787,5.501327434320582,1589.4959125037226,0.6987284988738942,1,4.747838221279302,83.71829042023657,0.5649409674046729,0.075
M-03,2026-01-22 21:00:00+00:00,83.87421564026411,4.909465674952192,5.865423606322273,1659.2572643519763,0.7610944422600692,1,4.803681094246064,83.90798884231997,0.560914693737248,0.10833333333333334
M-03,2026-01-22 22:00:00+00:00,84.88645541986817,5.087551392813303,5.489487763188955,1556.1686148165131,0.5950990169856751,1,4.824508986391783,84.23704868048941,0.5702378209068768,0.10833333333333334
M-03,2026-01-22 23:00:00+00:00,84.23164203324328,6.07432409296928,5.8172465383224825,1740.9009901759869,0.8128878701915491,1,5.205855570042752,83.7211483862614,0.4974634472626848,0.09166666666666666
M-03,2026-01-23 00:00:00+00:00,84.52938156435646,5.228582903010614,6.11243537052694,1677.1660099638984,0.8197674680261087,1,5.165078575498185,84.12825503617924,0.4809141962744234,0.11666666666666667
M-03,2026-01-23 01:00:00+00:00,87.78496206999637,4.851716246758767,5.854877933757169,1646.6315162574358,0.8696527991957302,1,5.192434290289824,84.3508838666075,0.45212724745587257,0.09166666666666666
M-03,2026-01-23 02:00:00+00:00,88.0163365857889,5.159320683615548,5.4530808090029375,1701.5406722392734,0.9002007395140948,1,5.21849349901995,85.55383221891954,0.44344533094793953,0.075
M-03,2026-01-23 03:00:00+00:00,82.58274608257358,5.082170993861089,5.665838618667449,1751.9626624168498,0.8442581543604336,1,5.2472777188381,85.3385872926378,0.4245782022664693,0.06666666666666667
M-03,2026-01-23 04:00:00+00:00,86.2991961871893,4.300406079073127,5.273645579601996,1657.3907616806664,0.7729388261183202,1,5.116086833214737,85.57404408719133,0.5777751052686696,0.06666666666666667
M-03,2026-01-23 05:00:00+00:00,87.29386368925486,5.374481708910273,5.603548075698731,1598.7002242534106,0.6371140415537535,1,4.99944643587157,86.08441436319326,0.3836768779560989,0.08333333333333333
M-03,2026-01-23 06:00:00+00:00,86.50486592503556,5.511971925827607,5.358601995909832,1733.6239230241329,0.9434626773414082,1,5.046677939674402,86.41366175663977,0.4319337219906655,0.11666666666666667
M-03,2026-01-23 07:00:00+00:00,90.4983499222107,5.466773563446385,5.560249933414122,1664.7644527018774,0.8013487564784485,1,5.149187492455671,86.86589306534215,0.4490556139060934,0.075
M-03,2026-01-23 08:00:00+00:00,87.62553049456278,5.34410317535882,5.894489161708299,1785.3695490644295,0.9695759415322358,1,5.179984574412884,86.80075871680447,0.4561695742240892,0.11666666666666667
M-03,2026-01-23 09:00:00+00:00,84.52958545593766,5.755457233961282,5.731848456104772,1652.200899064312,0.5963647161118323,1,5.292198947762916,87.12523194569849,0.5072479263768821,0.15833333333333333
M-03,2026-01-23 10:00:00+00:00,82.26880372364388,6.062620659944194,5.517881098645029,1692.5023703702027,0.836093857999149,1,5.585901377908094,86.45349986844091,0.2752570106084642,0.1
M-03,2026-01-23 11:00:00+00:00,93.14998722659486,5.321657496470076,5.695631020696534,1739.9175417631668,0.9677374636947798,0,5.577097342501394,87.42952045799757,0.28407519977892043,0.11666666666666667
M-03,2026-01-23 12:00:00+00:00,54.49914757790156,1.8156254880054568,6.662259689510616,1656.0576134616877,0.681828673515487,0,4.961039602864369,82.09523406680857,1.5665733277772396,0.016666666666666666
M-03,2026-01-23 13:00:00+00:00,62.40523113577266,2.2161665395848344,6.3296083607799885,1722.4842745585277,0.8483562581206823,0,4.419271765554111,77.41304760240223,1.886173211233999,0.03333333333333333
M-03,2026-01-23 14:00:00+00:00,59.06610070225706,1.8019826224586943,6.120186879883908,1627.4861947229906,0.6695042843558259,0,3.828918340070756,72.65314263701795,2.0828842134889825,0.016666666666666666
M-03,2026-01-23 15:00:00+00:00,62.2237148452961,2.116241081053372,5.635092955760059,1630.7288958247275,0.716863870782253,0,3.222382314586105,68.93549753524435,1.934240358209194,0.058333333333333334
M-03,2026-01-23 16:00:00+00:00,64.27279314874205,2.450404950253011,5.885218869556616,1720.6659146762292,0.9305207375312524,0,2.6203463629709076,65.93616243942738,1.3461604872379136,0.025
M-03,2026-01-23 17:00:00+00:00,55.48558451611068,1.6533913251554258,6.056548443429,1685.8930083516611,0.7885141889946954,0,2.008968667751799,59.658761987680016,0.3019815805391792,0.05
M-03,2026-01-23 18:00:00+00:00,61.56967215497758,1.9293517751386975,6.360884090193149,1631.0027294309511,0.6748452965331723,0,2.0279230489406728,60.83718275052602,0.2907803390747471,0.03333333333333333
M-03,2026-01-23 19:00:00+00:00,53.69438221427016,1.2334630169647651,6.300384948382786,1684.436141695766,0.8391729254125765,0,1.8641391285039945,59.38537459694228,0.41413672211909436,0.041666666666666664
M-03,2026-01-23 20:00:00+00:00,58.97391989837672,2.5335335896378126,6.496706178180329,1781.948695059614,0.9273257293615496,0,1.9860642897005139,59.370011129628885,0.4924585600421277,0.041666666666666664
M-03,2026-01-23 21:00:00+00:00,55.36968652061949,1.58261104534322,5.821530054380188,1662.8193505749618,0.6220267296371753,0,1.8971259504154887,58.227673075516115,0.5120440451759325,0.041666666666666664
M-03,2026-01-23 22:00:00+00:00,61.22307592806231,2.231932375676798,5.888217968070527,1631.6774998127764,0.6106184347722996,0,1.8607138546527864,57.71938687206949,0.470949714391827,0.041666666666666664
M-03,2026-01-23 23:00:00+00:00,63.79216390410998,2.107816484630367,6.2169866875197375,1669.3227393751465,0.7819914572016495,0,1.9364513812319435,59.10381677006938,0.46746726266967564,0.016666666666666666
M-03,2026-01-24 00:00:00+00:00,58.499068981431456,2.470696927421551,6.243513085752423,1635.0869386597694,0.6205436701954545,0,2.0266755732790855,58.59204957447835,0.5155877575297519,0.03333333333333333
M-03,2026-01-24 01:00:00+00:00,63.35803773691916,1.5866412926003708,6.117441986252177,1602.9748209491172,0.6073940483353852,0,2.085538619218353,60.202658828253185,0.41780582527940774,0.06666666666666667
M-03,2026-01-24 02:00:00+00:00,64.23533714254634,1.6388452904019866,6.045731374688927,1608.2876767635455,0.6797436346392024,0,1.9364239026790486,61.07956170228146,0.38424804034461124,0.11666666666666667
M-03,2026-01-24 03:00:00+00:00,65.2465353521788,1.6388452904019866,5.726690045147624,1731.0429031042866,0.9984404070665588,0,1.94579627685551,62.72570317420801,0.37445299481396777,0.03333333333333333
M-03,2026-01-24 04:00:00+00:00,56.69218484787138,2.2757546090566945,6.36902526354497,1677.898387017206,0.7351730987464381,0,1.953099982418826,61.97055466084285,0.3815111520981619,0.058333333333333334
M-03,2026-01-24 05:00:00+00:00,67.38990289178703,2.5795480728379987,6.498149466321109,1627.659051663173,0.6501239899149739,0,2.0317219137867646,62.57017782545569,0.4602532696803875,0.025
M-03,2026-01-24 06:00:00+00:00,63.46303136958165,2.4628435050125708,5.73029652620688,1733.5968705891348,0.7909139660683526,0,2.030413010051935,63.397504890147395,0.4587639579803377,0.041666666666666664
M-03,2026-01-24 07:00:00+00:00,64.68003516711951,2.25917197257712,6.414550830798595,1715.4585909621778,0.9086437347919591,0,2.1425014567147262,63.6178377951808,0.4080039833587282,0.075
M-03,2026-01-24 08:00:00+00:00,64.2443566470218,2.895586916160854,5.754670242454906,1670.9237480487536,0.827976620985049,0,2.3519583943412044,63.619341045926696,0.4201359720919189,0.058333333333333334
M-03,2026-01-24 09:00:00+00:00,71.63650788859832,2.895586916160854,5.895217555519659,1841.6998619506385,0.9873625423707852,0,2.561415331967682,64.68433646866329,0.2850752860684081,0.016666666666666666
M-03,2026-01-24 10:00:00+00:00,64.08639125534184,2.6672369324981826,6.081082110154488,1663.5111836625056,0.6608094484192605,0,2.6266623858745968,65.9167042032417,0.24915564930321782,0.05
M-03,2026-01-24 11:00:00+00:00,70.0528893119974,2.954388750639983,6.141969931893376,1730.6298268330215,0.8337829804674852,0,2.689135832174927,66.36053527327675,0.2800571051096979,0.05
M-03,2026-01-24 12:00:00+00:00,63.84681146899602,2.728432441978104,5.739751424994729,1563.306402076881,0.5848048010151006,0,2.733400655002516,66.42449862317915,0.2571924064127252,0.041666666666666664
M-03,2026-01-24 13:00:00+00:00,65.72036676646684,3.104360241251655,6.085428088209187,1716.885793191472,0.8053635243053872,0,2.874265366448272,66.59788722307037,0.15773435858611679,0.058333333333333334
M-03,2026-01-24 14:00:00+00:00,68.09926090718413,3.237153182781313,6.1771729113431615,1730.375666730661,0.9459395394900784,0,2.9311930775516815,67.24037126643076,0.21734259242258266,0.05
M-03,2026-01-24 15:00:00+00:00,70.27805912026137,3.597869044961719,5.9611520694218445,1626.9048184290714,0.6221939418199091,0,3.048240099018493,67.01396313837459,0.34559456818429574,0.03333333333333333
M-03,2026-01-24 16:00:00+00:00,68.19652052371441,3.996285253994846,6.077178302585298,1691.9590749158665,0.9470903939442477,0,3.26974815260127,67.69898468310336,0.4596540707871295,0.09166666666666666
M-03,2026-01-24 17:00:00+00:00,61.55627974328063,3.204303781007693,5.901901328697537,1642.3339280293449,0.8565824641561084,0,3.311400657662555,66.28288308831723,0.4360805316123415,0.05
M-03,2026-01-24 18:00:00+00:00,67.7695564896761,2.999572077690756,5.733407740651285,1568.6575204171525,0.6273589131231171,0,3.356590596947997,66.93667392509725,0.3730853761191118,0.06666666666666667
M-03,2026-01-24 19:00:00+00:00,66.13801462975769,3.61022529091254,6.033555205516024,1608.6584201671235,0.603084247707869,0,3.4409014385581442,67.00628190231238,0.36166945874359097,0.075
M-03,2026-01-24 20:00:00+00:00,72.69237848932269,3.4758831184562307,5.850954197489269,1623.1540452760755,0.898723201649853,0,3.4806897611706304,67.7718014993355,0.34763074934128274,0.058333333333333334
M-03,2026-01-24 21:00:00+00:00,66.89920369566418,3.104201781254101,6.166111355315411,1653.6683461183577,0.7284963484909589,0,3.3984118838860273,67.20865892856929,0.3719220373591718,0.03333333333333333
M-03,2026-01-24 22:00:00+00:00,68.5217979361843,2.479964095942312,5.842850808376276,1584.2418762380137,0.6309711062098067,0,3.1456916908772725,67.2628718306476,0.3986273463108427,0.058333333333333334
M-03,2026-01-24 23:00:00+00:00,73.34402063474217,3.214533217642753,5.683522527917725,1605.0760069830822,0.6910877479769355,0,3.1473965969831155,69.22749531255785,0.398949907783694,0.06666666666666667
M-03,2026-01-25 00:00:00+00:00,72.9467164313302,3.268099146947208,5.88545836119303,1699.6851161014758,0.8593732220365395,0,3.1921511085258576,70.09035530283354,0.3940823172501729,0.058333333333333334
M-03,2026-01-25 01:00:00+00:00,73.36800396961384,3.525419889097813,5.999630246875456,1746.2897948490188,0.939971846926032,0,3.1780168748900697,71.29535352614289,0.3772499867751168,0.058333333333333334
M-03,2026-01-25 02:00:00+00:00,76.17440755008516,3.554046443553589,6.148351140994503,1783.8412087097256,0.9320732928644287,0,3.1910440957396293,71.87569170293663,0.39070281523526457,0.06666666666666667
M-03,2026-01-25 03:00:00+00:00,81.0649809976689,3.676786156399016,5.630637878303793,1619.9188802106262,0.6564621809618453,0,3.286474824930449,74.23665458660409,0.43289838683665244,0.10833333333333334
M-03,2026-01-25 04:00:00+00:00,70.4232564228213,4.148373592194506,5.821998533470007,1659.9805474163654,0.7538261427444076,0,3.5645430743058135,74.55356433437693,0.3362984649989112,0.075
M-03,2026-01-25 05:00:00+00:00,69.91738416979297,3.0834543493513165,6.023754503604513,1659.9805474163654,0.9222238906347856,0,3.5426965962572408,73.98245825688541,0.3664857808159566,0.075
M-03,2026-01-25 06:00:00+00:00,71.5796934879329,4.248214774485826,5.661889112408064,1588.0639041313898,0.6035938425706556,0,3.7060492008470107,73.75462109965251,0.43215896098246975,0.06666666666666667
M-03,2026-01-25 07:00:00+00:00,73.20505668805637,3.951909264536052,6.388837545518054,1693.0776332314058,0.8155865150934514,0,3.777130763420051,73.72746321939293,0.4315811694720887,0.09166666666666666
M-03,2026-01-25 08:00:00+00:00,76.67441940546419,3.576795955736195,6.428166353917279,1683.737891287903,0.813118024623404,0,3.7809223487838186,73.81079852862278,0.4293233499115789,0.08333333333333333
M-03,2026-01-25 09:00:00+00:00,75.37959546055217,4.5851094214097285,5.692786721134275,1675.0451084290448,0.7075049420548574,0,3.9323095596189375,72.86323427243666,0.5329083728905195,0.05
M-03,2026-01-25 10:00:00+00:00,75.163291240362,3.776624810655686,6.016156027671585,1719.2174551416545,0.8762505461243003,0,3.8703514293624672,73.6532400753601,0.5243048511966627,0.03333333333333333
M-03,2026-01-25 11:00:00+00:00,79.221808476415,3.9626416920020926,5.7037355065221576,1755.5451678549302,0.979430247041014,0,4.016882653137597,75.20397745979712,0.3563593595637879,0.075
M-03,2026-01-25 12:00:00+00:00,78.19516626631915,4.320767313311446,5.226464310562986,1739.4257341034756,0.9501688458496876,0,4.028974742941867,76.30655625619481,0.3668552821617981,0.075
M-03,2026-01-25 13:00:00+00:00,79.37106929562454,3.940437473754258,5.542454903298642,1640.058183887326,0.8658549585688995,0,4.027062777811568,77.33422502412284,0.3673667967194062,0.075
M-03,2026-01-25 14:00:00+00:00,78.64032670363696,3.800555402883744,5.995585302783619,1543.4015564936465,0.5599868280346694,0,4.064356019002826,77.66187624048497,0.32094001977407854,0.09166666666666666
M-03,2026-01-25 15:00:00+00:00,78.34164793006,4.930787039635003,5.7249376960341305,1607.207436533883,0.6785962194185723,0,4.121968955373705,78.1555516520696,0.4415009821585068,0.11666666666666667
M-03,2026-01-25 16:00:00+00:00,85.33870968350081,4.5537359585003285,6.05550439319265,1730.1598303565463,0.967212359736694,0,4.251487480014479,79.85145472592608,0.43384915894393977,0.10833333333333334
M-03,2026-01-25 17:00:00+00:00,77.43131855883445,4.113396804862373,5.602426850172364,1723.9793552940132,0.9704045708157492,0,4.276613332157859,79.55303973966265,0.41784560742401056,0.025
M-03,2026-01-25 18:00:00+00:00,79.88986126409125,4.420729861386895,5.716654224108176,1695.567891034878,0.9272256742274216,0,4.2932737568371,79.835488905958,0.4219311175203976,0.06666666666666667
M-03,2026-01-25 19:00:00+00:00,78.82887482772986,4.82443763964965,5.440708914860371,1768.414526384614,0.8352642988381308,0,4.440607117819666,79.74512316130888,0.4283755949757951,0.08333333333333333
M-03,2026-01-25 20:00:00+00:00,77.75084508944332,4.89499171960657,5.712394078174767,1724.2620182403375,0.9658747402380252,1,4.623013170606803,79.59687622560995,0.3208412728570489,0.06666666666666667
M-03,2026-01-25 21:00:00+00:00,79.25825989595765,4.491367657585023,5.727314497362179,1599.820008006197,0.6420564503841159,0,4.549776606931807,79.74964488659289,0.2846470913012482,0.058333333333333334
M-03,2026-01-25 22:00:00+00:00,79.60464079575864,4.781170082071716,5.922630421629497,1607.8780864999533,0.5940840793537473,0,4.587682294193705,78.79396673863586,0.3000086832220045,0.10833333333333334
M-03,2026-01-25 23:00:00+00:00,73.31482615575612,4.440450841196417,5.618644764362733,1565.6722656763857,0.577253850946864,0,4.642191300249379,78.10788467145613,0.2139761832341964,0.10833333333333334
M-03,2026-01-26 00:00:00+00:00,77.05378582531668,4.245459993141821,6.093912812832392,1630.4562056012105,0.8187169343057749,1,4.612979655541866,77.63520543166038,0.2577439329933856,0.075
M-03,2026-01-26 01:00:00+00:00,78.52635507229412,4.526797364134179,5.449950145850341,1702.839197841516,0.8078617894391167,0,4.563372942955954,77.58478547242109,0.23668866795111176,0.08333333333333333
M-03,2026-01-26 02:00:00+00:00,84.76238662076848,4.041633362533761,5.626729360925871,1725.7813334989728,0.8840617032617222,1,4.421146550110486,78.75337572764195,0.25336879188378064,0.075
M-03,2026-01-26 03:00:00+00:00,83.9989454437544,5.137559348495491,6.331571001566391,1639.3063641627364,0.6741015608756601,1,4.52884516526223,79.54348998560808,0.389795091560808,0.09166666666666666
M-03,2026-01-26 04:00:00+00:00,78.5117643663076,4.804099775468873,5.233554037180957,1624.847136639183,0.6953722940544467,1,4.532666780828423,79.3613439140329,0.39286401600257964,0.06666666666666667
M-03,2026-01-26 05:00:00+00:00,85.15393231206716,4.400673802158055,6.172148062231689,1652.5055131723698,0.7066069755056776,1,4.52603727432203,81.33452827341807,0.39506084091069527,0.11666666666666667
M-03,2026-01-26 06:00:00+00:00,80.72065251854747,5.363205575729623,5.684287643570272,1666.5008056482295,0.750649400655368,0,4.71232820475333,81.94567272228987,0.4887262280063892,0.09166666666666666
M-03,2026-01-26 07:00:00+00:00,83.92324864058787,5.577708144441043,5.90288500860495,1718.6879407427257,0.9230569177622048,0,4.887480001471141,82.84515498367216,0.5873088566570337,0.09166666666666666
M-03,2026-01-26 08:00:00+00:00,80.57277700057607,5.831264371280503,5.765966419265188,1657.228722159775,0.7638279403810175,0,5.1857518362622645,82.14688671364009,0.5227110752711809,0.10833333333333334
M-03,2026-01-26 09:00:00+00:00,84.74046989073682,5.118273882412932,5.619081361151118,1633.1635041042275,0.7821570618189028,1,5.182537591915172,82.2704741214705,0.5231258187537633,0.06666666666666667
M-03,2026-01-26 10:00:00+00:00,82.27767333192345,5.636078991864244,6.149221365324328,1793.354011909266,0.9296065925730814,1,5.3212007946477335,82.8981256157398,0.5129176988626516,0.14166666666666666
M-03,2026-01-26 11:00:00+00:00,83.11530504416055,5.29123136251981,5.493195993092345,1658.992804118289,0.6080984343257293,1,5.469627054708027,82.55835440442205,0.25952607727927923,0.08333333333333333
M-03,2026-01-26 12:00:00+00:00,87.29097638114185,4.763906944026332,5.531117020145092,1697.474100694605,0.7905616603602653,1,5.369743949424144,83.6534083815211,0.3908003221712023,0.125
M-03,2026-01-26 13:00:00+00:00,80.59022994574262,4.786497001534151,5.193173920160544,1588.5151900861265,0.6852526743586509,1,5.23787542560633,83.09790526571356,0.4373137339293624,0.14166666666666666
M-03,2026-01-26 14:00:00+00:00,84.38564201631644,5.263019921629319,5.331353711039686,1678.7069716098567,0.7329519256645609,1,5.143168017331132,83.73338276833695,0.33194016182285596,0.13333333333333333
M-03,2026-01-26 15:00:00+00:00,92.44151379831244,5.4833443112424005,5.560345207058804,1739.6264328590469,0.9303488535076092,1,5.20401308880271,85.01689008626623,0.3588338924367402,0.075
M-03,2026-01-26 16:00:00+00:00,88.34828425357865,5.594035627481892,5.444517564915673,1718.5338424945458,0.8261889791951189,1,5.197005861405651,86.02865857320876,0.34898448116818054,0.08333333333333333
M-03,2026-01-26 17:00:00+00:00,96.41945830049048,4.285661418388138,5.595777372638069,1722.9684309965735,0.8956046536166069,1,5.029410870717039,88.24601744926373,0.502412699643692,0.041666666666666664
M-03,2026-01-26 18:00:00+00:00,88.30958991102321,5.346609991874152,5.583492639038613,1690.6970685400702,0.8793241235533189,1,5.126528045358342,88.41578637091065,0.4971167020990377,0.16666666666666666
M-03,2026-01-26 19:00:00+00:00,88.48957490399181,5.210957378212206,5.750881032971956,1649.8989573565186,0.6406502422834912,1,5.197271441471352,89.73234386395217,0.4684238487629516,0.075
M-03,2026-01-26 20:00:00+00:00,85.26642845360566,6.297492041477987,5.3213887334938885,1673.1277755653657,0.7162748560226517,1,5.3696834614461295,89.87914160350037,0.6519066787040397,0.10833333333333334
M-03,2026-01-26 21:00:00+00:00,85.76059830974418,5.132252720592689,5.328776926828637,1635.3315202344047,0.7277560317644015,1,5.311168196337844,88.765655688739,0.6554116170951361,0.08333333333333333
M-03,2026-01-26 22:00:00+00:00,86.45984602422148,5.616897305851616,5.208229955765009,1748.0008361485982,0.9299323667816116,1,5.314978476066131,88.45091598384613,0.6574482693761861,0.10833333333333334
M-03,2026-01-26 23:00:00+00:00,88.32486901391644,6.443564860084391,5.449577449844889,1570.402807880964,0.5812909603792724,1,5.674629049682173,87.10181776941714,0.5655640626629568,0.13333333333333333
M-03,2026-01-27 00:00:00+00:00,88.68339004316739,5.441717109752203,5.3022925155998255,1662.4967286058388,0.77499941272399,1,5.690480235995182,87.16411779144117,0.5557800740779839,0.16666666666666666
M-03,2026-01-27 01:00:00+00:00,93.30549055185486,5.893791173448631,5.407084492984917,1636.8470399538062,0.912488327979442,1,5.804285868534586,87.96677039941834,0.5055967341422073,0.11666666666666667
M-03,2026-01-27 02:00:00+00:00,82.74065751607847,5.704073204046626,5.530779581327474,1589.0205359805502,0.5851671646130698,1,5.705382728962693,87.54580857649712,0.44412600708978217,0.075
M-03,2026-01-27 03:00:00+00:00,92.04630172688265,5.724566433721687,5.799217487939538,1743.0588081692774,0.8236566885843839,1,5.804101681150859,88.59342581268687,0.34631112305984846,0.125
M-03,2026-01-27 04:00:00+00:00,88.9441805085549,5.632111549278877,5.082368673103934,1700.1197863028888,0.8617267917025906,1,5.806637388388736,89.00748156007579,0.344718296073142,0.16666666666666666
M-03,2026-01-27 05:00:00+00:00,90.5193117342471,5.054810627394062,5.114568779610524,1580.1440528165108,0.5653820992449915,0,5.575178349607014,89.37322201346423,0.2940342404491105,0.08333333333333333
M-03,2026-01-27 06:00:00+00:00,54.429191893112886,1.1443672296755814,5.965219745961426,1648.4604199820585,0.7633619919736228,0,4.858953369594244,83.66418898845514,1.8422099021979623,0.025
M-03,2026-01-27 07:00:00+00:00,55.665844207016,1.6950051188323227,6.489131044300471,1631.7475184410398,0.7254908505255384,0,4.15915569382486,77.39091459764867,2.143364884937746,0.025
M-03,2026-01-27 08:00:00+00:00,58.05180228607786,1.1100415969020898,6.381498333137033,1756.297180654469,0.911192471400242,0,3.39348375930077,73.27610539264856,2.296208646646779,0.06666666666666667
M-03,2026-01-27 09:00:00+00:00,60.67853327805463,1.0375357104652658,6.294652983499453,1720.5079683735246,0.949238317421416,0,2.6123119720913666,68.04814398451056,2.1362602534200743,0.025
M-03,2026-01-27 10:00:00+00:00,58.42781097944369,1.2009198874382283,5.979564211007365,1782.3571539833545,0.927871005105619,0,1.8737800284512585,62.962082396325364,1.5759632540951363,0.0
M-03,2026-01-27 11:00:00+00:00,55.617646156305895,1.7935529071220375,6.038657002663996,1666.787916940045,0.7235313556869065,0,1.3302370750725876,57.14513813333516,0.32654186802656054,0.05
M-03,2026-01-27 12:00:00+00:00,56.445751824100256,0.264993211122253,6.187146113302206,1684.9377785188365,0.90399458107154,0,1.1836747386470328,57.48123145516639,0.548536550719495,0.05
M-03,2026-01-27 13:00:00+00:00,62.91769264439599,1.915096856976266,6.347932596594807,1676.8502017030808,0.7414391927725916,0,1.2203566950043567,58.68987286139639,0.5949635113725533,0.016666666666666666
M-03,2026-01-27 14:00:00+00:00,59.37595506623144,2.149755032186673,5.647402611025573,1757.7800375294096,0.8133235203275733,0,1.3936422675517874,58.910564991421985,0.6987635379287028,0.025
M-03,2026-01-27 15:00:00+00:00,55.190554085422285,2.4187746158161083,6.0717074909949655,1730.516338934838,0.890948295299187,0,1.6238487517769276,57.995901792649924,0.7807005455198932,0.058333333333333334
M-03,2026-01-27 16:00:00+00:00,54.48872289924572,1.948347282328892,5.705992486234834,1662.4044531771212,0.7538492542971218,0,1.748419984258705,57.33938711261694,0.7590506213873593,0.03333333333333333
M-03,2026-01-27 17:00:00+00:00,59.64530634992105,2.4827394377327314,5.969898093012456,1738.0600459475136,0.9940820058687992,0,1.863284406027154,58.010663811552796,0.8171675832823627,0.025
M-03,2026-01-27 18:00:00+00:00,59.94074866918695,2.331873078496072,6.285333299066323,1652.1785849175244,0.6543787599601862,0,2.2077643839227905,58.59316328573391,0.24160139282192164,0.03333333333333333
M-03,2026-01-27 19:00:00+00:00,65.36126583799313,1.283365602248764,6.334379519227596,1724.7747559813652,0.8602498964386601,0,2.1024758414682068,59.000425484666756,0.4459149982374732,0.03333333333333333
M-03,2026-01-27 20:00:00+00:00,60.25440891906423,2.278451828148784,6.019256763325812,1640.126616029177,0.7248728530334236,0,2.1239253074618922,59.1468344601389,0.45170182127823055,0.06666666666666667
M-03,2026-01-27 21:00:00+00:00,63.15727967070036,1.7064646209823358,6.264096195039963,1773.4314642908275,0.9510122698315022,0,2.0052069749895964,60.474622057685245,0.4523153174632406,0.041666666666666664
M-03,2026-01-27 22:00:00+00:00,51.87461775409599,2.341911272022458,5.965485085276624,1709.9931592684145,0.823461990168848,0,2.0708009732718575,60.03893786682695,0.4705883669166429,0.06666666666666667
M-03,2026-01-27 23:00:00+00:00,65.17144556911006,2.7497495667119147,6.61870941648058,1657.7727361411085,0.5985874975082055,0,2.115302661435055,60.959961070025116,0.5266236887801321,0.016666666666666666
M-03,2026-01-28 00:00:00+00:00,57.10413663355949,3.3376435860940856,6.191613839488605,1693.3617899711294,0.7153057363772322,0,2.282931079368057,60.48719239742055,0.7301070359173306,0.06666666666666667
M-03,2026-01-28 01:00:00+00:00,53.624095423502894,2.082621002531783,6.141933123455486,1647.2123654289364,0.6600601672521567,0,2.4161403127485603,58.530997328338835,0.5656511653247888,0.016666666666666666
M-03,2026-01-28 02:00:00+00:00,62.51446406405007,2.8601051882508566,6.7448568859357,1618.217934793057,0.5528170153106964,0,2.5130825394322387,58.90767318583648,0.5867820931433586,0.025
M-03,2026-01-28 03:00:00+00:00,66.70465495908782,2.6807611661136934,6.144714633085566,1554.5758449380946,0.6036271006738814,0,2.675465296954132,59.49890240056772,0.43378354510224243,0.03333333333333333
M-03,2026-01-28 04:00:00+00:00,62.15865128016224,1.5032705485239124,6.302329189113694,1538.314434678002,0.5520277439020015,0,2.5356918430377076,61.21290798824543,0.6459726542491178,0.016666666666666666
M-03,2026-01-28 05:00:00+00:00,63.0856476798472,2.8821154698297446,6.221065618665458,1785.5496607104535,0.9690776983222228,0,2.5577528268906793,60.865275006701616,0.6569127565015084,0.025
M-03,2026-01-28 06:00:00+00:00,61.420326798985954,2.608715418396069,6.546411679117144,1590.0550772265092,0.5932909233675594,0,2.4362647989410102,61.584640034272695,0.5410144900284155,0.06666666666666667
M-03,2026-01-28 07:00:00+00:00,59.41796395699915,2.6552398108882347,6.200224680323019,1742.3028699825638,0.989013326894431,0,2.531701267000418,62.550284789855404,0.516085418629157,0.025
M-03,2026-01-28 08:00:00+00:00,64.05559802386414,2.208407351441587,5.759955380045096,1600.6558244292828,0.5985411482828332,0,2.4230849608655403,62.80714044982441,0.5015188142438018,0.025
M-03,2026-01-28 09:00:00+00:00,63.77174682899108,2.7285704105562143,6.308390776909629,1702.887942381803,0.9826606920175468,0,2.431053168272627,62.31832242814162,0.5067837772558383,0.05
M-03,2026-01-28 10:00:00+00:00,62.01809615237664,3.248318534267248,6.4791305224216025,1683.0347562139484,0.8308912845569415,0,2.7218944992298497,62.29489657351069,0.3416896236754047,0.041666666666666664
M-03,2026-01-28 11:00:00+00:00,66.82526401152941,1.7227446192959883,6.038971024405849,1762.986241874196,0.990063151392533,0,2.52866602414089,62.9181659621244,0.5162102781382499,0.05
M-03,2026-01-28 12:00:00+00:00,64.18498900550168,3.2487696316446635,6.043168072091439,1562.5492432968915,0.6173002088157818,0,2.635341726348989,63.378942996543685,0.5960248859985007,0.06666666666666667
M-03,2026-01-28 13:00:00+00:00,68.76508503154045,2.2450847989836857,6.015145250678001,1633.196070979065,0.6153008861438916,0,2.5669825576982315,64.93679650896723,0.6164568117239306,0.016666666666666666
M-03,2026-01-28 14:00:00+00:00,59.09982108401174,3.600907851772739,6.098921841776086,1677.674169676313,0.6766746652246377,0,2.7990659744200896,64.1108336856585,0.709555362869661,0.041666666666666664
M-03,2026-01-28 15:00:00+00:00,64.77600319963325,3.171519006422973,6.387909458615608,1599.456589789159,0.561574877998792,0,2.872890740397883,64.2782097474322,0.7236567038284218,0.08333333333333333
M-03,2026-01-28 16:00:00+00:00,62.51161026111836,3.446937797068764,5.814853475762773,1727.2120167462772,0.7305577843750575,0,2.905993950864802,64.36046209888916,0.7483854868425311,0.05
M-03,2026-01-28 17:00:00+00:00,70.0847520130538,2.6380676500899805,5.59460854381788,1692.7953559449727,0.6870286929238767,0,3.058547789330468,64.90371009914321,0.51623127855407,0.058333333333333334
M-03,2026-01-28 18:00:00+00:00,70.89735115052262,3.087656707565172,6.106117840726984,1701.922365518759,0.8161062365086873,0,3.031695635317219,66.02243712331337,0.5084900029625615,0.075
M-03,2026-01-28 19:00:00+00:00,72.96644718081485,3.818238727287557,6.020493157451682,1626.626134261228,0.7075026794163964,0,3.2938879567011976,66.72266414819244,0.41957954261306213,0.05
M-03,2026-01-28 20:00:00+00:00,71.57241025314877,3.5490270365044045,5.769668393743419,1749.631818541902,0.9015695042330982,0,3.285241154156475,68.80142900971528,0.4124611724282746,0.016666666666666666
M-03,2026-01-28 21:00:00+00:00,71.36404510280649,2.791374429915314,6.181311849575109,1532.363667575379,0.5764165287401513,0,3.2218837247385324,69.89943599357748,0.4598929712568808,0.06666666666666667
M-03,2026-01-28 22:00:00+00:00,69.18472014694304,3.5092813363455475,5.933317438498954,1733.524661014513,0.847458040168054,0,3.232274314617996,71.01162097454826,0.4666493309958019,0.058333333333333334
M-03,2026-01-28 23:00:00+00:00,69.18472014694304,3.1524704659676064,5.87156003822332,1688.2101714820126,0.7986360487836616,0,3.318008117264267,70.8616156635298,0.37362906075060986,0.06666666666666667
M-03,2026-01-29 00:00:00+00:00,69.5871247752168,3.5698038912077217,5.589205232988828,1628.1042027768246,0.5574032664420323,0,3.3983659812046914,70.64324460097883,0.3659476457718868,0.09166666666666666
M-03,2026-01-29 01:00:00+00:00,76.26724301689681,3.780160335119133,6.1710277997180505,1685.8493558699242,0.7712628270519089,0,3.3920195825099544,71.19337724032583,0.3574410559377184,0.06666666666666667
M-03,2026-01-29 02:00:00+00:00,74.88646126283714,4.037385775875412,5.897403621644902,1778.8946528406127,0.875301864503099,0,3.473412705738456,71.74571907527388,0.44517809519903806,0.025
M-03,2026-01-29 03:00:00+00:00,67.06058547448185,2.839951143851181,5.7966570399775,1653.3570303754905,0.7470790317555369,0,3.481508824727767,71.02847580388645,0.4304931451416958,0.09166666666666666
M-03,2026-01-29 04:00:00+00:00,74.61942304828352,3.664174263201495,5.894585858827472,1616.6634812202635,0.6767900051730267,0,3.5073243125370914,71.93425962077653,0.43708545013902833,0.05
M-03,2026-01-29 05:00:00+00:00,74.0690216870074,3.616236846977422,6.07584273842321,1668.3336897970028,0.7687506252498779,0,3.5846187093720605,72.74830987745393,0.40132595197837684,0.075
M-03,2026-01-29 06:00:00+00:00,77.40846177150551,3.758042736904508,6.361020785177892,1658.1792403614886,0.7104302642986423,0,3.615991850321526,74.05186604350205,0.40725013672358057,0.008333333333333333
M-03,2026-01-29 07:00:00+00:00,76.75733746302882,3.5224636184163822,5.898987472514834,1728.6183792025877,0.9380959534537544,0,3.5730423975377335,74.13354845119072,0.39999791877030355,0.058333333333333334
M-03,2026-01-29 08:00:00+00:00,75.16953034547777,3.893694025216911,6.242038495199557,1662.5724380371166,0.7079500842020849,0,3.5490937724279834,74.18072663163082,0.3697980931703798,0.08333333333333333
M-03,2026-01-29 09:00:00+00:00,77.74279920716975,3.5814016281109,6.1885725594519245,1645.4035199513023,0.7715813078240253,0,3.6726688531379366,75.96109558707879,0.13437922086500456,0.09166666666666666
M-03,2026-01-29 10:00:00+00:00,76.38414381297825,3.862992125949628,5.628956690011337,1644.4401179217384,0.7255595658990306,0,3.7058051635959584,76.25521571452792,0.15482349608013074,0.075
M-03,2026-01-29 11:00:00+00:00,70.51245956489117,4.511283331398604,5.593449231750065,1627.623611472233,0.5760172468291364,0,3.8549795776661555,75.66245536084188,0.35414859459782744,0.10833333333333334
M-03,2026-01-29 12:00:00+00:00,82.47818352265055,3.6778683787508974,5.962547334980346,1759.713684659712,0.9017945234987964,0,3.8416171846405542,76.50740898603273,0.3600017887950583,0.11666666666666667
M-03,2026-01-29 13:00:00+00:00,74.04359497481474,4.239201804221034,5.448766543889541,1617.3281739962017,0.5657974409033156,0,3.9610735489413287,76.05511857133037,0.35173911717061007,0.08333333333333333
M-03,2026-01-29 14:00:00+00:00,77.88878212386226,4.986031422276299,5.9621722441892695,1646.6600742642495,0.7352191144385265,1,4.143129781784561,76.5083272010611,0.5414302989547968,0.08333333333333333
M-03,2026-01-29 15:00:00+00:00,76.5728525878758,4.717340874646856,5.551129634120871,1720.4804641007731,0.713568268813254,0,4.3324529895405535,76.31333609784546,0.5029620346900519,0.10833333333333334
M-03,2026-01-29 16:00:00+00:00,84.09313134419052,3.890939582386495,5.822728002446354,1682.9680556940375,0.9361272642827876,0,4.3371108989466975,77.59816735304751,0.49784826026226453,0.06666666666666667
M-03,2026-01-29 17:00:00+00:00,74.5196322205581,3.9981008844666,6.093836562140212,1751.9787234223331,0.9101690068844914,0,4.251580491124697,78.26602946232533,0.5059572118172074,0.025
M-03,2026-01-29 18:00:00+00:00,77.52239836671261,4.503905005279389,6.170169107992271,1649.2754946366388,0.7368775862822469,1,4.389253262212779,77.440065269669,0.4244438295260701,0.041666666666666664
M-03,2026-01-29 19:00:00+00:00,79.17624648422066,4.392196531345683,6.002346318500447,1593.7290884670042,0.5736375949576491,1,4.41475238340022,78.29550718790331,0.4181757558284621,0.11666666666666667
M-03,2026-01-29 20:00:00+00:00,78.19879090941637,5.095564596929592,5.838470589750162,1598.3618695431103,0.5971384121867365,1,4.433007912509102,78.347175318829,0.4493330073757866,0.058333333333333334
M-03,2026-01-29 21:00:00+00:00,81.55494692859129,4.757170615096936,5.358746022506772,1590.891205382895,0.7946547056351605,1,4.439646202584116,79.17752437561492,0.45463668585083233,0.075
M-03,2026-01-29 22:00:00+00:00,79.70542342798376,4.8156227035879615,6.2011911156991,1726.7086382613452,0.7921001355906311,1,4.593760056117694,78.4462397229138,0.38242528048227276,0.1
M-03,2026-01-29 23:00:00+00:00,76.81963194898525,3.4834778784223226,5.866906371463672,1660.3581757907684,0.6330177825132219,0,4.507989555110314,78.82957301098499,0.5594680809549892,0.075
M-03,2026-01-30 00:00:00+00:00,79.6599654462742,4.353383016168644,5.492197226171667,1647.465281715742,0.7233861469614971,1,4.48290255692519,79.18583419091192,0.5630511560250722,0.125
M-03,2026-01-30 01:00:00+00:00,78.49287133412341,4.587342795850796,5.200742042552092,1749.9720116310646,0.9702645471018064,1,4.515426934342709,79.07193833256238,0.5623995361267423,0.06666666666666667
M-03,2026-01-30 02:00:00+00:00,78.49287133412341,4.710652529865482,5.5419758367262295,1685.380234942459,0.8290588887722647,1,4.451274923165356,79.12095173668023,0.5016625625945651,0.075
M-03,2026-01-30 03:00:00+00:00,83.53400426336414,4.555167993337439,5.471055694102577,1680.2957550439353,0.803140785756108,1,4.417607819538774,79.45079462580902,0.48347644948489327,0.1
M-03,2026-01-30 04:00:00+00:00,83.54762141146261,4.421365636586685,4.9723529967240765,1667.8633160998277,0.8443068934783878,1,4.3518983083718945,80.09116095638883,0.443720457078582,0.1
M-03,2026-01-30 05:00:00+00:00,86.91224310622803,4.7000260563344005,5.059492011650077,1608.0682852106825,0.7053517152339086,1,4.554656338023908,81.7732628159293,0.14478480194245233,0.041666666666666664
M-03,2026-01-30 06:00:00+00:00,81.62675799124241,4.666587488150766,5.8738890129513885,1593.2745179599776,0.6023475758571751,1,4.606857083354261,82.101061573424,0.10998301665928095,0.058333333333333334
M-03,2026-01-30 07:00:00+00:00,81.08051772259407,4.577289378930683,5.518392957939563,1675.3289742690615,0.599292033927544,1,4.605181513867576,82.53233597150245,0.11041550280360296,0.075
M-03,2026-01-30 08:00:00+00:00,80.69381370259417,4.360914530183463,5.892548613335943,1671.1772140542537,0.6843153141100158,1,4.546891847253906,82.89915969958092,0.1335020816285416,0.1
M-03,2026-01-30 09:00:00+00:00,80.43733326287172,5.461842834469626,5.902231251841617,1679.0850724819293,0.8652951642260598,1,4.698004320775937,82.3830478661655,0.397283517273273,0.075
M-03,2026-01-30 10:00:00+00:00,81.46942010505929,5.896426421058821,5.5735671950288825,1607.8812839372742,0.6326026962217348,1,4.9438477848546265,82.03668098176495,0.5976995033225869,0.041666666666666664
M-03,2026-01-30 11:00:00+00:00,87.94756847869289,5.554471146933584,5.860855256362776,1662.56212325692,0.7317255209503656,1,5.08625529995449,82.20923521050909,0.6289604016528938,0.14166666666666666
M-03,2026-01-30 12:00:00+00:00,85.25816646146195,5.84108326461542,5.834345464213033,1741.1136009954016,0.9837625952440112,1,5.282004596031933,82.81446995554568,0.6544758814070997,0.075
M-03,2026-01-30 13:00:00+00:00,85.76701443081429,5.153798656415704,5.964938377228892,1655.050287339143,0.7797099880210725,1,5.378089475612769,83.59555274024905,0.5667649950292335,0.1
M-03,2026-01-30 14:00:00+00:00,82.40966633331387,5.390374100632864,5.37975517659215,1688.6761573046049,0.8818611941014118,1,5.54966607068767,83.88152817870233,0.28106500048573474,0.10833333333333334
M-03,2026-01-30 15:00:00+00:00,83.66454614446208,5.0453944474586825,5.348356176206955,1663.7147097718698,0.7287491815862019,1,5.480258006185846,84.41939699230073,0.35004563849791975,0.09166666666666666
M-03,2026-01-30 16:00:00+00:00,94.8963989869123,5.295179089280852,5.698200581403993,1760.8353255428308,0.9590831130459184,1,5.380050117556184,86.6572268059429,0.28756497541955095,0.13333333333333333
M-03,2026-01-30 17:00:00+00:00,86.84536204907386,5.519443736533302,5.387712310970338,1640.5489946937803,0.7367039729402116,1,5.374212215822804,86.47352573433972,0.28364466304967184,0.13333333333333333
M-03,2026-01-30 18:00:00+00:00,93.1197514048825,6.445869417149784,5.567890903171143,1755.474749363041,0.9490952233121592,1,5.475009907911865,87.78378989157648,0.5043393712482067,0.1
M-03,2026-01-30 19:00:00+00:00,88.89975591640695,5.307235295975239,6.092854416760083,1589.5037376894734,0.5602652075412219,1,5.500582681171788,88.3059134725086,0.4884339994072317,0.13333333333333333
M-03,2026-01-30 20:00:00+00:00,95.51117748867624,5.302453782198254,5.804669920858695,1744.7841349237597,0.9224297401084046,1,5.485929294766019,90.489498665069,0.493692142507826,0.1
M-03,2026-01-30 21:00:00+00:00,85.46251709746782,4.400640273176052,5.775724904541127,1620.3221185173156,0.6783756782267587,1,5.378470265718914,90.78916049056996,0.6531701629773008,0.10833333333333334
M-03,2026-01-30 22:00:00+00:00,91.17962247473864,5.979412544047379,4.880114022880576,1643.0395891533474,0.6329092645276214,1,5.492509174846668,90.169697738541,0.6941644292325629,0.14166666666666666
M-03,2026-01-30 23:00:00+00:00,90.55128153087092,5.928446561462331,5.420517202197376,1634.09753779813,0.7601107272054365,0,5.560676312334839,90.78735098550719,0.7170434654461199,0.10833333333333334
M-04,2026-01-01 00:00:00+00:00,54.45167190004572,1.0754756945191264,6.58803143047472,1636.40794155482,0.6009124962766869,0,1.0754756945191264,54.45167190004572,0.0,0.03333333333333333
M-04,2026-01-01 01:00:00+00:00,52.720875693778126,0.742317942296572,6.229094614156596,1647.977768606817,0.7786569464561552,0,0.9088968184078492,53.586273796911925,0.2355781058014358,0.06666666666666667
M-04,2026-01-01 02:00:00+00:00,51.61859704777312,1.5042622406177912,6.702903644832753,1658.8148092598683,0.6070414471149707,0,1.1073519591444965,52.930381547198984,0.38197100756589336,0.016666666666666666
M-04,2026-01-01 03:00:00+00:00,48.80594233627692,1.6378427030549538,6.721731740965123,1711.947506994082,0.73567934669062,0,1.239974645122111,51.89927174446847,0.40941788890765807,0.016666666666666666
M-04,2026-01-01 04:00:00+00:00,54.79273201798443,1.4946472469553318,6.684078984035429,1726.952643115157,0.7911875395021246,0,1.290909165488755,52.47796379917166,0.3724095630392741,0.025
M-04,2026-01-01 05:00:00+00:00,51.11556047478352,1.521077771487828,6.165737171759511,1739.457318393362,0.822364341868226,0,1.3292705998219339,52.25089657844031,0.3460934902292662,0.025
M-04,2026-01-01 06:00:00+00:00,55.68043178828183,1.2285177573017323,6.124408379885663,1625.3040695409088,0.8499035432183315,0,1.3547776102857014,52.45568989314632,0.32885837551043856,0.03333333333333333
M-04,2026-01-01 07:00:00+00:00,57.27273269999352,1.0373658818853884,6.455262469568659,1585.7873754073669,0.6600450529366566,0,1.4039522668838378,53.21433272751556,0.22444314871266396,0.016666666666666666
M-04,2026-01-01 08:00:00+00:00,60.64956753656347,1.395282874563821,5.629622166575677,1599.5574138448317,0.6419389871126494,0,1.385789039208176,54.71949447564728,0.2190467007354273,0.008333333333333333
M-04,2026-01-01 09:00:00+00:00,53.45233685063253,1.1879788969730596,6.118665657539032,1582.296502193663,0.6367154443246359,0,1.310811738194527,55.493893561373206,0.19067014156606876,0.016666666666666666
M-04,2026-01-01 10:00:00+00:00,55.81476164324502,1.5413361250317985,6.028562761442591,1701.7008330709402,0.8549003103690438,0,1.3185932178739381,55.66423183224998,0.20037874363987465,0.016666666666666666
M-04,2026-01-01 11:00:00+00:00,58.43316221636985,1.7587916088258324,6.032490621346781,1746.0544643724402,0.8694222896912189,0,1.358212190763605,56.88383212251437,0.2623413255211236,0.03333333333333333
M-04,2026-01-01 12:00:00+00:00,59.43185099777328,2.550598866291954,6.581081500801686,1741.0095154108585,0.9515939383597942,0,1.5785590422619755,57.509068657429616,0.539956254431039,0.041666666666666664
M-04,2026-01-01 13:00:00+00:00,60.01216886796098,1.7980758642045485,6.126009615702501,1746.3427482175682,0.9062447144320476,0,1.705344039315169,57.96564135209085,0.4725705807404191,0.05
M-04,2026-01-01 14:00:00+00:00,55.99985462395762,2.234150077222396,6.388371327013076,1764.4730488117928,0.9215946015875032,0,1.845155239758265,57.19068919998987,0.48638043507748663,0.05
M-04,2026-01-01 15:00:00+00:00,58.92583473086375,2.61934591923669,6.183961488140357,1760.5003080707029,0.955157510318224,0,2.0837164101355365,58.10293884669508,0.4491884924471938,0.05
M-04,2026-01-01 16:00:00+00:00,55.57486066075744,2.0716252019180126,6.417490764155252,1711.5820455394226,0.8493130749049054,0,2.1720979229499053,58.062955349613816,0.36550063790306087,0.016666666666666666
M-04,2026-01-01 17:00:00+00:00,61.32173181113545,2.098430547485318,6.041718627890487,1636.049350647345,0.8493130749049054,0,2.2287044127264863,58.54438361540809,0.310912394845165,0.03333333333333333
M-04,2026-01-01 18:00:00+00:00,62.15164224450102,2.028131943806627,6.070266788458408,1723.512767290807,0.9421087696157464,0,2.1416265923122655,58.99768215652938,0.2736605859621102,0.025
M-04,2026-01-01 19:00:00+00:00,62.02297369849125,2.078122175023164,5.851268112389263,1802.164061412247,0.9771036641269352,0,2.1883009774487014,59.33281629495108,0.22243439500685475,0.041666666666666664
M-04,2026-01-01 20:00:00+00:00,54.82633169107808,2.1189305269066767,6.168114756097914,1756.218598813393,0.949485881351064,0,2.1690977190627483,59.13722913947115,0.22265795699810345,0.05
M-04,2026-01-01 21:00:00+00:00,61.54273510236639,1.784220443993105,6.050023187311068,1628.0589629935434,0.6322643731483132,0,2.0299101398554837,59.57337920138827,0.12413767433340653,0.058333333333333334
M-04,2026-01-01 22:00:00+00:00,63.771003041455415,2.20941573817159,6.5575848708708016,1583.9288867254666,0.6996293473800359,0,2.05287522923108,60.939402931504596,0.1444773701230075,0.03333333333333333
M-04,2026-01-01 23:00:00+00:00,63.73964235737265,2.6002022870853936,6.165363213950798,1710.8811326347673,0.90918864383524,0,2.1365038524977593,61.342388022544135,0.26829002733968177,0.058333333333333334
M-04,2026-01-02 00:00:00+00:00,64.00643977555697,2.441195390068181,6.666201236153881,1709.5425130022256,0.8743797254261034,0,2.2053477602080185,61.65152094438679,0.28724667258312775,0.03333333333333333
M-04,2026-01-02 01:00:00+00:00,59.30062678344724,2.0287567472529617,6.231839252591645,1740.582543298379,0.9313754726261892,0,2.1971201889129843,61.19779645854612,0.29228244329920605,0.08333333333333333
M-04,2026-01-02 02:00:00+00:00,58.4361010508315,2.5939447329392675,6.453010200286899,1665.4885484061813,0.880722514156598,0,2.2762892232517498,61.799424685171694,0.3289057046671522,0.03333333333333333
M-04,2026-01-02 03:00:00+00:00,60.22016979230916,1.474423499455002,5.878869182082213,1632.4014663221658,0.7235299481827815,0,2.224656399162066,61.5789971334955,0.4302920118131666,0.058333333333333334
M-04,2026-01-02 04:00:00+00:00,58.43791936319333,2.4699576553440057,5.815477921160478,1619.5517440691815,0.5758566923198841,0,2.2680800520241355,60.69014985378515,0.4414482583317799,0.05
M-04,2026-01-02 05:00:00+00:00,63.36324617296904,3.2319932128084554,6.680569278949482,1587.687986462401,0.6402379404705292,0,2.3733785396446456,60.62741715638453,0.5876528903121199,0.058333333333333334
M-04,2026-01-02 06:00:00+00:00,67.6819319769791,1.5010741954226765,6.146851833579144,1691.7634501280522,0.8823241551651104,0,2.2166916738703946,61.239999189954894,0.6834750467677871,0.058333333333333334
M-04,2026-01-02 07:00:00+00:00,61.12252507382938,2.53557933429789,6.370203200004879,1640.0495765431688,0.6504211214722758,0,2.301162105044549,61.543648905018586,0.6869132374099193,0.03333333333333333
M-04,2026-01-02 08:00:00+00:00,61.78816509191742,2.466768205748221,6.283988199869307,1701.507548566866,0.7581939218297962,0,2.279966017179375,62.10232624519958,0.6779759652367462,0.05
M-04,2026-01-02 09:00:00+00:00,65.9352063990361,2.8132053304448843,6.4085569921701016,1673.409336788779,0.8490458209781859,0,2.5030963223443554,63.05483234632073,0.5718355823216211,0.08333333333333333
M-04,2026-01-02 10:00:00+00:00,63.54790714820844,2.4480050728065086,6.40346237653264,1620.380014837105,0.7667577458769887,0,2.499437558588106,63.906496977156586,0.5721601561201679,0.058333333333333334
M-04,2026-01-02 11:00:00+00:00,67.03358845849687,2.6443122374482857,6.149186154155093,1625.1638008871928,0.6696037953681555,0,2.401490729361411,64.51822069141122,0.46122133930869436,0.05
M-04,2026-01-02 12:00:00+00:00,63.34208438987692,3.567353152412987,6.077075808099125,1618.8571133263313,0.6928755941771865,0,2.7458705555264626,63.794912760227525,0.4243880502665341,0.03333333333333333
M-04,2026-01-02 13:00:00+00:00,64.76966950796727,3.74395644498625,6.156487740321074,1689.8215688129435,0.813773105149594,0,2.9472667406411897,64.40277016591718,0.5672947365850474,0.016666666666666666
M-04,2026-01-02 14:00:00+00:00,60.04050202324296,2.9670122468084634,5.9795873855114685,1665.1761928853357,0.7789556038949801,0,3.030640747484563,64.11149298780475,0.5170919229039052,0.041666666666666664
M-04,2026-01-02 15:00:00+00:00,67.45545207577788,2.92851939616361,5.7037846046271605,1672.2491133806757,0.7397180058779851,0,3.049859758437684,64.36486726726173,0.5094810440404222,0.075
M-04,2026-01-02 16:00:00+00:00,67.45545207577788,3.58463102544633,6.234263326813295,1762.2635091250438,0.9518565230973236,0,3.2392974172109876,65.01612475518998,0.4486170209020968,0.058333333333333334
M-04,2026-01-02 17:00:00+00:00,72.47035646754595,3.400270077868952,5.8700973101261935,1661.852072386521,0.7521169220758632,0,3.365290390614432,65.92225275669814,0.34145149420530163,0.05
M-04,2026-01-02 18:00:00+00:00,67.17539856308592,2.8181786794021964,6.401403241724383,1593.5633100875136,0.660270000273363,0,3.240427978445967,66.56113845223298,0.38675670581902516,0.041666666666666664
M-04,2026-01-02 19:00:00+00:00,65.18535666692678,3.697016567364181,6.313065914596175,1633.924313519455,0.6757597349306741,0,3.2326046655089553,66.6304196453929,0.37482495782484243,0.09166666666666666
M-04,2026-01-02 20:00:00+00:00,63.81526479029239,4.158134935248686,6.331687634908456,1607.969729876026,0.5587572876842457,0,3.431125113582326,67.25954677323448,0.5004145246804467,0.075
M-04,2026-01-02 21:00:00+00:00,67.58381370331698,3.2748621155696376,6.051290772219471,1668.7350827347511,0.801927071480325,0,3.4888489001499967,67.28094037782432,0.4480818868705715,0.08333333333333333
M-04,2026-01-02 22:00:00+00:00,71.88127617403391,3.48388968956857,5.858712995585038,1682.3950918480396,0.9630442310987486,0,3.4720586775037034,68.01857772753367,0.4456558751978244,0.06666666666666667
M-04,2026-01-02 23:00:00+00:00,73.23727973213362,3.727039192651888,6.14739651300082,1752.3016474027995,0.9077489018448548,0,3.5265201966341935,68.1463982716316,0.45499690398142395,0.05
M-04,2026-01-03 00:00:00+00:00,73.87411062691176,3.600188413872136,5.4694009188763095,1662.2344860716198,0.7646934170448272,0,3.6568551523791832,69.26285028226924,0.29558992209667967,0.05
M-04,2026-01-03 01:00:00+00:00,70.23223933676849,3.711689887237727,6.177430327190084,1786.7350476565457,0.9846002744166868,0,3.659300705691441,70.10399739390952,0.2960489941658295,0.06666666666666667
M-04,2026-01-03 02:00:00+00:00,66.29025567693259,4.790279474566757,6.177828401812516,1603.1134117705562,0.5578792365254597,0,3.764658128911119,70.51649587501622,0.5295094526137964,0.09166666666666666
M-04,2026-01-03 03:00:00+00:00,65.80959922495524,3.1886443551819696,5.884799610921327,1631.0098683319447,0.7316141827801662,0,3.7502885021798416,70.22079346195594,0.5463614404115504,0.058333333333333334
M-04,2026-01-03 04:00:00+00:00,70.68638736121837,3.71147777567129,5.963369316860678,1648.1688979671817,0.6501080443296394,1,3.788219849863628,70.02164532648668,0.5318758013205146,0.03333333333333333
M-04,2026-01-03 05:00:00+00:00,74.85832332556085,3.0715056643440994,5.862978073688553,1700.0647930054397,0.8745428120827201,0,3.6789642618123293,70.29181925872454,0.6087322547618366,0.075
M-04,2026-01-03 06:00:00+00:00,75.21514880846506,3.952985117939843,5.960630593384681,1670.3494895449162,0.763863342219858,0,3.7377637124902807,70.51532562231677,0.6165893824760744,0.06666666666666667
M-04,2026-01-03 07:00:00+00:00,75.45518758347576,3.348223776784011,5.931872299341946,1695.637571231197,0.7798849268382544,0,3.6771860274146615,71.38581699676799,0.6371743740112518,0.1
M-04,2026-01-03 08:00:00+00:00,75.89986374906728,4.271242154522817,5.774326072621975,1713.095184457743,0.8533573479197607,0,3.5906798074073385,72.98741834212376,0.46882440592299035,0.075
M-04,2026-01-03 09:00:00+00:00,70.1352533909585,4.260235369889696,5.845886512157592,1714.9264366530258,0.803251085936016,0,3.769278309858626,73.7083607031243,0.48872675676356847,0.09166666666666666
M-04,2026-01-03 10:00:00+00:00,74.79271294733427,4.122669982650427,5.57262503621246,1671.8397097388854,0.7130633761598087,0,3.8378103443551486,74.39274830081028,0.5074710135595988,0.06666666666666667
M-04,2026-01-03 11:00:00+00:00,69.36556965377609,4.357816786250682,5.92300908309883,1614.6021138442804,0.5675450320080705,0,4.05219553133958,73.47728935551282,0.37284096733914746,0.075
M-04,2026-01-03 12:00:00+00:00,77.17755341375145,4.072447942379993,5.789893784102732,1686.0765681382031,0.6866990400441197,0,4.072106002079605,73.80435678972722,0.36965952648009043,0.06666666666666667
M-04,2026-01-03 13:00:00+00:00,79.37393548764273,4.223388616987607,5.886820904353302,1710.3756536517085,0.8620698089586749,0,4.217966808780204,74.45748144042172,0.10437387745392106,0.08333333333333333
M-04,2026-01-03 14:00:00+00:00,82.59655778970391,3.801473709654559,5.73679003894092,1736.2548896519338,0.9827575461501914,0,4.139672067968828,75.57359711386115,0.1940707973894036,0.06666666666666667
M-04,2026-01-03 15:00:00+00:00,76.84532672026876,3.863214777252073,5.820194310617765,1663.494179983062,0.7561451835331564,0,4.07350196919589,76.6919426687462,0.21163156852769283,0.125
M-04,2026-01-03 16:00:00+00:00,73.71419240774703,4.555307972722628,5.614279454568785,1573.3293201937224,0.5855668553794298,0,4.14560830087459,76.51218924548165,0.29067617620501596,0.08333333333333333
M-04,2026-01-03 17:00:00+00:00,76.59327213826285,4.195797248421866,5.504803003954255,1645.189591909906,0.6232257984458072,0,4.1186050445697875,77.71680632622945,0.27407102406119416,0.05
M-04,2026-01-03 18:00:00+00:00,75.38226401120448,4.810350480619512,6.140636116762281,1673.99709237578,0.9957667325298446,0,4.241588800943041,77.41759142580496,0.3901809517064536,0.06666666666666667
M-04,2026-01-03 19:00:00+00:00,76.72575582241112,5.0997910335166345,5.69771332749706,1711.0857245996606,0.8573526469417183,1,4.387655870364546,76.97622814826634,0.52333013825973,0.075
M-04,2026-01-03 20:00:00+00:00,81.74043080968906,5.211427337088362,6.093090216875568,1677.4102204905537,0.7935156343947339,1,4.622648141603512,76.83354031826389,0.5240293630429755,0.06666666666666667
M-04,2026-01-03 21:00:00+00:00,81.69406063145541,4.0192082326892455,5.343906275366417,1655.878566664891,0.8755844047502113,1,4.648647050843041,77.64166263679499,0.4809114046779457,0.075
M-04,2026-01-03 22:00:00+00:00,82.29936264782293,4.2239071897238905,5.686047722827883,1722.9136223921626,0.948384989984682,1,4.593413587009919,79.0725243434743,0.5118136865508174,0.08333333333333333
M-04,2026-01-03 23:00:00+00:00,81.46462090118183,4.680754502904184,5.498639816716138,1748.0719366727503,0.8356906447153951,0,4.674239796090305,79.8844158039608,0.4733072311163087,0.05
M-04,2026-01-04 00:00:00+00:00,83.84484439362048,4.638484886586077,5.799314702791466,1667.2616789996955,0.8820727771611416,0,4.645595530418065,81.29484586769681,0.46859961726620514,0.09166666666666666
M-04,2026-01-04 01:00:00+00:00,76.8413140035299,4.823316537967374,5.49088806110808,1667.2616789996955,0.731204941529512,1,4.599516447826522,81.31410556454993,0.42672696584225345,0.06666666666666667
M-04,2026-01-04 02:00:00+00:00,77.12350819918721,4.266379827478468,5.8645476141948905,1598.6262799685478,0.7037528768247427,1,4.442008529558207,80.54461846279963,0.31564921111926575,0.06666666666666667
M-04,2026-01-04 03:00:00+00:00,81.48292729561501,4.950536017977332,5.554214298597742,1664.5302395678427,0.663786029866442,1,4.59722982710622,80.50942957349291,0.29443176818119476,0.06666666666666667
M-04,2026-01-04 04:00:00+00:00,83.7291314490917,5.093462594837394,5.950865411720474,1699.1336360538735,0.900200766092984,1,4.742155727958472,80.74772437370436,0.2878563524859405,0.06666666666666667
M-04,2026-01-04 05:00:00+00:00,77.70308928873641,4.785470535459341,5.620187498464476,1694.12830685097,0.9489749033971536,0,4.759608400050998,80.12080243829679,0.2865605994773898,0.09166666666666666
M-04,2026-01-04 06:00:00+00:00,83.97886673883437,4.332603299692934,5.529347708556741,1611.6469067772052,0.5641051787692318,1,4.708628135568808,80.14313949583243,0.3354559320929868,0.05
M-04,2026-01-04 07:00:00+00:00,82.27231261416412,4.332603299692934,5.924449036288534,1646.8092809705536,0.7787140559808087,1,4.626842595856401,81.04830593093814,0.3607662435418025,0.06666666666666667
M-04,2026-01-04 08:00:00+00:00,80.54450622543824,4.889609703577994,5.299282806092487,1699.8502746289723,0.7404095466531828,1,4.730714241872988,81.61847226864664,0.3240798188202508,0.10833333333333334
M-04,2026-01-04 09:00:00+00:00,81.57187304007313,5.528369063864366,5.913276921860502,1605.4305230500622,0.6983854917608575,1,4.827019749520828,81.63329655938965,0.4598742745162884,0.041666666666666664
M-04,2026-01-04 10:00:00+00:00,82.3479422629914,5.270367496139959,5.425678519468892,1665.4341345900912,0.8124093162216122,1,4.8565038997379215,81.40309836170628,0.48533932165798005,0.03333333333333333
M-04,2026-01-04 11:00:00+00:00,78.68494120760066,5.547074322360134,5.408148876247461,1753.8945908332507,0.7976409940782123,1,4.983437864221387,81.56674034818366,0.5573041660458123,0.15833333333333333
M-04,2026-01-04 12:00:00+00:00,92.01341325997382,5.623346497144463,5.408148876247461,1568.8731391998458,0.7406786574093581,1,5.198561730463308,82.90583143504023,0.5022285194218663,0.11666666666666667
M-04,2026-01-04 13:00:00+00:00,86.11882166370984,5.153737015202058,5.282693108424471,1613.605594217572,0.6530043642066082,1,5.335417349714828,83.54691627663118,0.2831663527875656,0.075
M-04,2026-01-04 14:00:00+00:00,84.37162485593652,4.635452803165329,5.578964721886315,1596.0555063296458,0.6713517836620266,1,5.293057866312719,84.18476938171422,0.36914925729917963,0.08333333333333333
M-04,2026-01-04 15:00:00+00:00,85.07672747320699,6.344800131464504,5.469154938948946,1624.36885791824,0.6851113613797083,1,5.429129710912741,84.76891178723655,0.569394945899414,0.1
M-04,2026-01-04 16:00:00+00:00,89.99530831556285,5.845515859237523,5.67146436828218,1524.6484693666916,0.6938482332524638,0,5.524987771429001,86.04347279599845,0.5855070279954864,0.09166666666666666
M-04,2026-01-04 17:00:00+00:00,91.69360521352009,5.906072800661855,5.630518410178364,1690.9872266235136,0.951703195781183,0,5.584820851145955,88.21158346365168,0.6061931042767502,0.15
M-04,2026-01-04 18:00:00+00:00,58.11247792653943,1.2563586074512432,6.519315119256552,1653.9338118869775,0.7715556152761893,0,4.856989536197085,82.56142757474595,1.8651016610326243,0.016666666666666666
M-04,2026-01-04 19:00:00+00:00,56.983773463082194,1.2514390851044666,6.37393122603439,1674.966256675055,0.7261048599245631,0,4.206606547847487,77.70558620797468,2.3565639320758662,0.016666666666666666
M-04,2026-01-04 20:00:00+00:00,54.725575586261456,0.3686019109656276,6.5817264619631946,1673.4504445697694,0.9251574642304544,0,3.4954647324808694,72.76457799636218,2.802820087784919,0.0
M-04,2026-01-04 21:00:00+00:00,50.421177082612864,1.4017351547681185,6.91175768218684,1719.1394272692305,0.943087488172936,0,2.6716205696981388,66.98865293126316,2.5088514632729546,0.03333333333333333
M-04,2026-01-04 22:00:00+00:00,55.66410690254877,0.9701332942046158,6.427191142500568,1656.515555624696,0.6848235691881999,0,1.859056808859321,61.266786029094135,2.0165101919389934,0.03333333333333333
M-04,2026-01-04 23:00:00+00:00,46.2271543759746,0.9057352967339676,6.34428785030215,1664.8942762936967,0.8583694956643317,0,1.0256672248713399,53.68904422283655,0.3727790354477448,0.016666666666666666
M-04,2026-01-05 00:00:00+00:00,54.30589253271112,1.013090468822108,6.351173590466102,1722.0610188251392,0.9727028077815418,0,0.9851225350998174,53.05461332386516,0.35549893837558394,0.025
M-04,2026-01-05 01:00:00+00:00,54.25718788901722,1.1703267635573218,6.686696862650061,1600.9379867821094,0.5683370920752221,0,0.9716038148419598,52.600182394854336,0.344725120227272,0.03333333333333333
M-04,2026-01-05 02:00:00+00:00,54.77055843570373,1.9427943939670052,6.1257268027391865,1704.62713426381,0.8107752923540728,0,1.2339692286755228,52.607679536428044,0.3900674878081871,0.05
M-04,2026-01-05 03:00:00+00:00,56.60686684922863,1.191270186785245,6.502997983285796,1686.5675947829525,0.7417623574331237,0,1.1988917340117105,53.638627830864,0.3813288459202252,0.016666666666666666
M-04,2026-01-05 04:00:00+00:00,56.71620007022648,1.593486519816243,5.927881539011214,1628.351083683213,0.6269795677672607,0,1.302783938280315,53.813976692143626,0.3913237851725,0.016666666666666666
M-04,2026-01-05 05:00:00+00:00,54.63569465990415,2.2141953952970086,6.59463898204123,1652.9857221121426,0.6281411386910991,0,1.5208606213741553,55.21540007279855,0.4802811897588508,0.025
M-04,2026-01-05 06:00:00+00:00,56.62081313691896,1.203439523235035,6.053482046280582,1604.7076792171097,0.6455971760332269,0,1.5525854637763097,55.60122017349986,0.4450251539293823,0.008333333333333333
M-04,2026-01-05 07:00:00+00:00,55.62149464999259,1.7862987802293555,6.166893658653405,1722.7187368063032,0.9375635876623628,0,1.6552474665549821,55.82860463366242,0.4087787219649655,0.058333333333333334
M-04,2026-01-05 08:00:00+00:00,58.11860583147667,1.9256221038607075,6.310394243175304,1722.7187368063032,0.7640733011109294,0,1.6523854182039324,56.38661253295791,0.4064161115817329,0.0
M-04,2026-01-05 09:00:00+00:00,64.0779915323518,1.3564178290259834,5.865762777752871,1725.996813297044,0.9252060085588314,0,1.6799100252440555,57.631799980145104,0.37317401088695756,0.008333333333333333
M-04,2026-01-05 10:00:00+00:00,61.44591062503925,1.3126379877934364,6.092053119492228,1613.4871702566916,0.8295745741698377,0,1.6331019365735875,58.420085072613894,0.40263332108013616,0.0
M-04,2026-01-05 11:00:00+00:00,63.13402985241473,2.659750929578406,6.263144619211564,1609.8296709681829,0.750770656391173,0,1.7073611922871539,59.83647427136567,0.5465930626950842,0.058333333333333334
M-04,2026-01-05 12:00:00+00:00,61.58748793536082,2.535057611367505,6.098345708946627,1666.795793882197,0.8493947015896154,0,1.9292975403092323,60.66425340443931,0.5708642113690189,0.03333333333333333
M-04,2026-01-05 13:00:00+00:00,66.40235235781714,2.0980885340037347,6.429644035974249,1640.253129964893,0.7325883670250299,0,1.9812624992716288,62.461063022410066,0.5694329374944994,0.05
M-04,2026-01-05 14:00:00+00:00,57.198884254354375,2.256962595525583,6.310774172445978,1681.153489770205,0.7959005546898396,0,2.0364859145491083,62.30777609288969,0.5789449520328465,0.041666666666666664
M-04,2026-01-05 15:00:00+00:00,57.268271072984525,2.5311252244825373,6.32948767930835,1628.373987264751,0.6546373497805064,0,2.2322704804585336,61.17282268299514,0.49559502739955913,0.058333333333333334
M-04,2026-01-05 16:00:00+00:00,57.417004128506434,1.5170347294003532,6.1570763802454485,1662.2838987232474,0.7751873004377974,0,2.2663366040596866,60.50133826690634,0.42117630732958705,0.03333333333333333
M-04,2026-01-05 17:00:00+00:00,62.33743435064827,2.480489860807192,6.289473865354729,1773.9322212761042,0.8580221030563886,0,2.236459759264484,60.368572349945254,0.3931102746053958,0.06666666666666667
M-04,2026-01-05 18:00:00+00:00,62.57342580448531,1.108070673523307,6.154542832745926,1712.5599479407772,0.783730175577336,0,1.9986286029571179,60.532895328132675,0.5687526242713842,0.041666666666666664
M-04,2026-01-05 19:00:00+00:00,64.5167894149344,2.8136029275127363,6.512880855360994,1707.259560994171,0.8331388699543997,0,2.117881001875285,60.21863483765221,0.6612657260122579,0.06666666666666667
M-04,2026-01-05 20:00:00+00:00,64.09542611982742,2.6128305238366947,6.181966993335963,1571.567732522438,0.5589986710121039,0,2.17719232326047,61.36805848189772,0.6915036000663153,0.016666666666666666
M-04,2026-01-05 21:00:00+00:00,62.914128631918295,2.401727466231017,6.247078463270029,1629.898695324067,0.7717166163146328,0,2.15562603021855,62.30903474172002,0.6801827763787153,0.03333333333333333
M-04,2026-01-05 22:00:00+00:00,60.11191293276852,2.883852554869065,5.874143978032492,1635.1888733214346,0.5836239693887662,0,2.3834290011300023,62.75818620909703,0.6518271100220779,0.03333333333333333
M-04,2026-01-05 23:00:00+00:00,68.84956168088539,2.6685977082376158,6.212734760278659,1751.466774780144,0.90346655402765,0,2.4147803090350726,63.843540764136556,0.661875495963806,0.05
M-04,2026-01-06 00:00:00+00:00,66.89208921941749,2.745560138699406,6.018577779340268,1655.1805040265087,0.8874307846509676,0,2.687695219897756,64.56331799995858,0.17054371494313228,0.03333333333333333
M-04,2026-01-06 01:00:00+00:00,67.65826660301025,2.1396585034352054,6.370380588536306,1726.5823650820505,0.9640394568486348,0,2.5753711492181677,65.08689753130456,0.2661642741477599,0.05
M-04,2026-01-06 02:00:00+00:00,60.6827181001526,3.4490392796722005,6.377401047795527,1598.88541933573,0.5910239826112589,0,2.7147392751907518,64.51811286135876,0.4471172227424459,0.058333333333333334
M-04,2026-01-06 03:00:00+00:00,68.10974691961147,2.8042688463578407,6.802872731510613,1670.7700916065924,0.7618707320660436,0,2.781829505211889,65.38404924264096,0.42014321656881987,0.025
M-04,2026-01-06 04:00:00+00:00,59.76117243982859,2.6222142451463317,6.079256965787512,1640.100566675772,0.6530752606326482,0,2.7382231202581,65.32559249381764,0.42101326341957185,0.08333333333333333
M-04,2026-01-06 05:00:00+00:00,64.21113564226339,3.060505096217467,6.296416693812916,1696.6419387718863,0.8870993054963667,0,2.8035410182547422,64.55252148738063,0.43810506664795396,0.058333333333333334
M-04,2026-01-06 06:00:00+00:00,69.55634016164204,2.892968714355138,6.422191068095202,1709.9626086268431,0.877281280822001,0,2.828109114197364,64.99656331108473,0.438336452857706,0.041666666666666664
M-04,2026-01-06 07:00:00+00:00,65.02374952218696,3.226607514499342,6.39157314389543,1606.4468842105514,0.5874972189981281,0,3.0092672827080533,64.5574771309475,0.2995400704396455,0.041666666666666664
M-04,2026-01-06 08:00:00+00:00,65.97541955096075,2.3496265669047816,5.905946504991542,1686.6206615396952,0.9457819185726666,0,2.8260318305801504,65.43959403941552,0.3126967694516392,0.05
M-04,2026-01-06 09:00:00+00:00,65.796402669801,3.775567335523151,5.6942998492635954,1589.0957446212888,0.5539878396503989,0,2.9879149121077018,65.05403666444712,0.4965488099438804,0.075
M-04,2026-01-06 10:00:00+00:00,76.67203603199823,3.4040949877109887,6.336366915165599,1783.0719296752343,0.9610017452980396,0,3.118228369201811,67.87251392980873,0.4838146128834213,0.075
M-04,2026-01-06 11:00:00+00:00,67.44469930150689,2.659192015832724,5.98284695072778,1638.07214440429,0.6806467317938958,0,3.051342855804354,68.41144120634931,0.5197928941902518,0.1
M-04,2026-01-06 12:00:00+00:00,76.38863567194751,2.164854941200069,5.688409117964545,1687.9421494051187,0.858226388209733,0,2.9299905602785095,69.55015712473356,0.6361357466039335,0.058333333333333334
M-04,2026-01-06 13:00:00+00:00,66.10252129458456,3.087363977739031,5.681066440760058,1687.4551985892474,0.9606631442128302,0,2.9067833041517908,69.72995242013316,0.6256031897468385,0.075
M-04,2026-01-06 14:00:00+00:00,69.75934607179728,3.2233140137900143,5.904097219844757,1616.5134900331582,0.7026760747520722,0,3.052397878632663,70.36060684027258,0.5691121488044273,0.05
M-04,2026-01-06 15:00:00+00:00,73.17073507347115,3.744476499177264,5.651607183090643,1643.0879064110727,0.5956836336365472,0,3.047216072575015,71.58966224088427,0.561298643599908,0.06666666666666667
M-04,2026-01-06 16:00:00+00:00,69.59473459506776,3.6041938977782473,5.962430303928561,1620.5648159665714,0.582160855060246,0,3.080565890919558,70.41011200139586,0.5918562852472364,0.058333333333333334
M-04,2026-01-06 17:00:00+00:00,64.06364866726602,3.675200639445676,6.028657347962978,1639.0111259016403,0.6185945918023721,0,3.249900661521717,69.84660356235572,0.5925298754110205,0.05
M-04,2026-01-06 18:00:00+00:00,70.78878987587117,2.928522523893996,5.653833553635917,1665.0735748644347,0.7448825641574833,0,3.3771785919707047,68.91329592967632,0.34182449559780514,0.125
M-04,2026-01-06 19:00:00+00:00,74.90588147443529,4.323988204120495,6.349974220329716,1664.875851477295,0.7919787935581464,0,3.5832826297009484,70.38052262631811,0.4778708222476423,0.058333333333333334
M-04,2026-01-06 20:00:00+00:00,70.23710582087006,4.320586007606456,5.707828891129643,1645.0262859651052,0.7210672022438189,0,3.7661612953370223,70.46014925116357,0.5206099965116381,0.1
M-04,2026-01-06 21:00:00+00:00,77.02306876825219,2.8804059595012887,5.568445857115787,1771.0521422019372,0.9114869737923852,0,3.6221495387243596,71.10220486696042,0.6347960004064669,0.075
M-04,2026-01-06 22:00:00+00:00,78.89357382435021,3.016433983113844,6.1266639763998985,1723.949150322588,0.9323928118080808,0,3.5241895529469596,72.65201140517415,0.6817362814235365,0.11666666666666667
M-04,2026-01-06 23:00:00+00:00,71.09381671113493,4.004317819498393,5.869615585944888,1658.6280426761184,0.6134074875088249,0,3.5790424162890786,73.8237060791523,0.7090116460878682,0.125
M-04,2026-01-07 00:00:00+00:00,77.28369586127133,3.2693118117981044,5.890301858778527,1767.1463810689556,0.9833768352662532,0,3.635840630939763,74.90619041005233,0.6583142509884993,0.08333333333333333
M-04,2026-01-07 01:00:00+00:00,71.08679401143709,3.488983844730005,6.046603199471817,1590.7649166394954,0.6286399133383285,0,3.496673237708015,74.26967583288597,0.5654560492948244,0.03333333333333333
M-04,2026-01-07 02:00:00+00:00,75.92493654349654,3.1652721484347146,6.069985160332813,1727.881842729088,0.9774653881645958,0,3.3041209278460584,75.21764761999039,0.4018056236020882,0.13333333333333333
M-04,2026-01-07 03:00:00+00:00,77.99033372765416,3.4638261605836265,5.538880949108608,1736.0679247578237,0.8962537876980397,0,3.4013576280264477,75.37885844655737,0.34539262516268054,0.1
M-04,2026-01-07 04:00:00+00:00,77.50173692851143,4.820118745035658,6.177582431635824,1711.710973602669,0.7714970722022148,0,3.701971755013416,75.14688563058425,0.6195133739062342,0.08333333333333333
M-04,2026-01-07 05:00:00+00:00,76.47954395135044,4.141687683212984,5.516951218023327,1718.0901541099129,0.9857672025032548,0,3.724866732299182,76.04450683728683,0.6352599431944039,0.1
M-04,2026-01-07 06:00:00+00:00,76.54405409362293,3.682498795587869,6.029881262335186,1677.696525494828,0.8978786808637682,0,3.7937312295974763,75.92123320934543,0.5972582054147663,0.06666666666666667
M-04,2026-01-07 07:00:00+00:00,78.82048959514121,3.6424132610310265,5.8779126407358095,1664.2478384108708,0.8328745481089626,0,3.8193027989809796,77.21018247329613,0.5847545720624059,0.075
M-04,2026-01-07 08:00:00+00:00,78.55182191726995,4.19872015120346,5.877126866108749,1673.461286189738,0.8891677942528096,0,3.9915441327757706,77.64799670225835,0.4995775256451256,0.075
M-04,2026-01-07 09:00:00+00:00,79.4855024814467,3.800480707784356,6.024043446436651,1665.1258089785742,0.8892257975450376,0,4.0476532239758924,77.8971914945571,0.4443012748465999,0.1
M-04,2026-01-07 10:00:00+00:00,79.4855024814467,4.052587744689389,5.838688688612891,1568.5695074563869,0.6642043823444388,0,3.919731390584848,78.22781908671298,0.24172526126631885,0.15
M-04,2026-01-07 11:00:00+00:00,72.32079700487465,5.173756458849407,5.822110003052139,1670.6784126546036,0.7607839649157666,0,4.091742853190918,77.5346945956337,0.5723534093657132,0.08333333333333333
M-04,2026-01-07 12:00:00+00:00,80.95819179185592,3.595502342849587,6.087724077193452,1715.149603081746,0.7758449079746921,1,4.077243444401204,78.27038421200585,0.585739647685162,0.08333333333333333
M-04,2026-01-07 13:00:00+00:00,69.34780652502843,3.782220297701647,5.881309054927317,1728.0195287889342,0.8171369070516796,0,4.100544617179641,76.6916037003204,0.5674783476315816,0.09166666666666666
M-04,2026-01-07 14:00:00+00:00,83.64583078389715,4.835127301367256,5.644983735113365,1706.6651865271433,0.6579751820250682,0,4.2066124755402745,77.5406051780916,0.643836829657562,0.075
M-04,2026-01-07 15:00:00+00:00,79.32008000084221,4.109953976178975,5.638498685120627,1766.566159969442,0.9675228159868654,0,4.258191353606044,77.5130347646575,0.6166144475862678,0.08333333333333333
M-04,2026-01-07 16:00:00+00:00,81.25050327086495,3.458615364263057,5.341352505800141,1730.552312381198,0.9829663047749366,1,4.159195956868321,77.8072015628939,0.6984719424777636,0.075
M-04,2026-01-07 17:00:00+00:00,83.82755865268805,4.5096139859473015,5.380834693614405,1625.753679229229,0.7243204908099783,1,4.048505544717971,79.72499517086278,0.5402334404708207,0.058333333333333334
M-04,2026-01-07 18:00:00+00:00,82.72034290077782,3.908010372475623,5.774475682918333,1705.6138264464244,0.8348126513604281,1,4.100590216322311,80.01868702234977,0.5014999432578845,0.09166666666666666
M-04,2026-01-07 19:00:00+00:00,79.63607864220441,4.383856879814189,5.39938579280057,1705.316727712722,0.7357347242038096,0,4.2008629800077335,81.7333990418791,0.4849873813160344,0.041666666666666664
M-04,2026-01-07 20:00:00+00:00,79.63607864220441,4.890630068618961,6.262667955930371,1636.1602373503506,0.5874866671951452,1,4.210113441216351,81.06510701826365,0.499807519184144,0.05
M-04,2026-01-07 21:00:00+00:00,79.75014586555956,5.407887988102408,6.262667955930371,1599.369568885728,0.6525815350789478,1,4.426435776536923,81.13678466238319,0.6917944219701815,0.08333333333333333
M-04,2026-01-07 22:00:00+00:00,74.79067503510942,4.418319136796009,5.744012567818155,1543.1949721817498,0.6015746223307318,1,4.586386405292416,80.0601466230906,0.5104472389848632,0.075
M-04,2026-01-07 23:00:00+00:00,83.86346618076625,5.130449635005622,6.037910494792841,1656.9421194901558,0.7258939526114951,1,4.689859013468802,80.06613121110364,0.5529291507296878,0.1
M-04,2026-01-08 00:00:00+00:00,82.15486780720843,5.267682925455083,5.818321603500468,1684.9813033173518,0.7877703945195842,0,4.916471105632045,79.97188536217541,0.434310525450605,0.08333333333333333
M-04,2026-01-08 01:00:00+00:00,82.14572608331743,5.594803220973038,5.442436341378077,1591.6264435447868,0.5548332288677258,1,5.118295495825187,80.39015993569426,0.41837452142412623,0.06666666666666667
M-04,2026-01-08 02:00:00+00:00,81.39789636479686,4.868912816759276,5.152339421147167,1727.3877359291669,0.8759559226692051,1,5.114675953848573,80.68379622279299,0.4208248491362429,0.058333333333333334
M-04,2026-01-08 03:00:00+00:00,86.18289587362263,5.455206137051666,5.779428265336988,1667.764114904102,0.7036007660468265,1,5.1225623120067825,81.75592122413684,0.42780418628708405,0.09166666666666666
M-04,2026-01-08 04:00:00+00:00,83.22306443262384,5.158809829598696,5.5106336428691485,1575.4812559860034,0.6580059807063503,1,5.245977427473897,83.16131945705591,0.25653451906900426,0.08333333333333333
M-04,2026-01-08 05:00:00+00:00,89.35542333853185,5.197665496965891,6.272513137894744,1712.3284404252618,0.984343215659132,1,5.257180071133941,84.07664565001684,0.2519064007987095,0.06666666666666667
M-04,2026-01-08 06:00:00+00:00,87.55584660522433,5.548382846781495,5.836842941663944,1608.438460661233,0.589999024266324,1,5.30396339135501,84.97680878301948,0.2788694483471812,0.14166666666666666
M-04,2026-01-08 07:00:00+00:00,85.00208570220178,5.443290022788099,5.1734589524477625,1801.7672589388712,0.9957275567874896,1,5.2787111916575205,85.45286871950022,0.2529185277136426,0.10833333333333334
M-04,2026-01-08 08:00:00+00:00,86.50267262802657,4.498274548215272,6.212622900735566,1702.6873872041913,0.8517122515789655,1,5.216938146900186,86.30366476337184,0.38421090570435307,0.058333333333333334
M-04,2026-01-08 09:00:00+00:00,93.81433027490807,5.311548791262533,5.514660203364619,1722.6111518663888,0.8979415247185243,1,5.192995255935331,87.5755704969194,0.37062921283679195,0.125
M-04,2026-01-08 10:00:00+00:00,92.63886890153668,5.3963783601852935,5.319436504045683,1656.4845961533365,0.7780173215030032,1,5.232590011033097,89.14487124173822,0.3788455207530163,0.14166666666666666
M-04,2026-01-08 11:00:00+00:00,88.25299457150881,6.63245278190136,6.022874787495806,1674.7326026481155,0.7276300151984629,0,5.471721225189008,88.96113311390104,0.6830685577672526,0.13333333333333333
M-04,2026-01-08 12:00:00+00:00,58.02323713818834,2.162116751990854,6.717953846601456,1667.4241627326708,0.8904452606914726,0,4.907343542723901,84.0390315360617,1.5079379978666978,0.008333333333333333
M-04,2026-01-08 13:00:00+00:00,58.60532907823557,1.8204987951911769,6.315134731604256,1690.2712850336766,0.7977893088826988,0,4.303545004791082,79.639572098734,1.919547907527679,0.016666666666666666
M-04,2026-01-08 14:00:00+00:00,56.49928270579011,1.4748233844908367,6.1313317624708805,1609.671221947007,0.5729440238464035,0,3.7996364775036757,74.6390071116946,2.22995625218539,0.03333333333333333
M-04,2026-01-08 15:00:00+00:00,60.62455682108306,2.430219857635684,6.0771686910362375,1661.3791942465243,0.8299044643120377,0,3.3194149885658675,69.10737820272375,2.147988426270156,0.05
M-04,2026-01-08 16:00:00+00:00,59.82436499839856,2.2666559327492317,6.394910567720301,1686.7406045872851,0.9448352439227152,0,2.797794583993191,63.63829421886741,1.9095166456833281,0.03333333333333333
M-04,2026-01-08 17:00:00+00:00,66.1080932326264,1.4203363662632429,6.2952630721467,1725.7319154904312,0.949224735780794,0,1.9291085147201714,59.947477329053676,0.423406146819329,0.041666666666666664
M-04,2026-01-08 18:00:00+00:00,55.94086979425216,1.9420560140528265,6.481407649131449,1727.7603439238374,0.989461723226182,0,1.8924317250638332,59.60041610506431,0.40845256848940587,0.05
M-04,2026-01-08 19:00:00+00:00,58.74424029827601,1.9570199091752527,6.5108887649351965,1568.0662580485312,0.5969171822255468,0,1.9151852440611792,59.62356797507105,0.40744532268615713,0.058333333333333334
M-04,2026-01-08 20:00:00+00:00,57.766016876435245,3.0092960805130087,6.123710157006963,1709.5454620449343,0.7969628677014329,0,2.170930693398208,59.834690336845235,0.5368023846503672,0.05
M-04,2026-01-08 21:00:00+00:00,61.2364518402033,2.259217529123116,6.342460745472093,1677.7289064475174,0.8921536456747068,0,2.14243030531278,59.936672840031946,0.5246854415317492,0.05
M-04,2026-01-08 22:00:00+00:00,59.54353105027538,2.492972529332345,6.102721991291311,1638.4256037180578,0.6970025717453636,0,2.1801497380766324,59.889867182011415,0.5432099729270946,0.06666666666666667
M-04,2026-01-08 23:00:00+00:00,60.72269859895183,2.2375601872279103,6.022348950520301,1612.6327855177517,0.6745313135989376,0,2.31635370823741,58.99230140973231,0.3975061871712794,0.041666666666666664
M-04,2026-01-09 00:00:00+00:00,66.23009123022311,2.2605131520626927,6.382243588844797,1672.8888147837158,0.938401708092211,0,2.369429897905721,60.70717164906082,0.3566995252536806,0.05
M-04,2026-01-09 01:00:00+00:00,66.23009123022311,2.8951623832964835,6.241315788824076,1670.4457828418097,0.6435881982040701,0,2.525786976925926,61.954813471052,0.34519565090339677,0.025
M-04,2026-01-09 02:00:00+00:00,62.72088801165207,3.112268174955565,5.906776114594364,1603.500369515526,0.6776357969441829,0,2.542948992666352,62.78062532692147,0.37528978688425474,0.05
M-04,2026-01-09 03:00:00+00:00,60.41544276594356,2.828761301792331,6.456685190903608,1647.4210947421284,0.5868712442005855,0,2.637872954777888,62.64379048121151,0.36092489574535214,0.03333333333333333
M-04,2026-01-09 04:00:00+00:00,69.78421064972186,2.588623212413693,6.338750371925293,1754.7302729534597,0.8176869176627553,0,2.6538147352914456,64.35057041445259,0.3553135132462461,0.08333333333333333
M-04,2026-01-09 05:00:00+00:00,60.49990923874351,2.512971627327329,6.267993807593411,1657.6544379306697,0.6916769502603691,0,2.6997166419746823,64.31343885441787,0.30501327365589326,0.08333333333333333
M-04,2026-01-09 06:00:00+00:00,65.00475375940883,2.16746341363638,6.37961587246717,1718.1547834464154,0.909619789910583,0,2.6842083522369635,64.10921594261549,0.332901257658653,0.058333333333333334
M-04,2026-01-09 07:00:00+00:00,62.18921499499632,2.557363404771326,6.071767937224918,1617.5801209556448,0.7121752932781984,0,2.627908522482771,63.435736570077694,0.3183351219230324,0.03333333333333333
M-04,2026-01-09 08:00:00+00:00,64.81564717123408,2.360827833203057,5.936421445666768,1681.2864661827475,0.8931454618423881,0,2.5026684655240192,63.78486309667469,0.22329515878725995,0.025
M-04,2026-01-09 09:00:00+00:00,70.02846425668773,3.7312096857576007,6.212892621468307,1675.074210923662,0.7409676144614182,0,2.653076529518231,65.38703334513205,0.5507349847884581,0.05
M-04,2026-01-09 10:00:00+00:00,65.86186514466708,2.8978590194358933,5.782371382526048,1640.5032869031456,0.603260292864218,0,2.7046158306885975,64.7333090942896,0.5579196281263901,0.041666666666666664
M-04,2026-01-09 11:00:00+00:00,71.28841625696948,2.690010926450019,6.337334930429846,1638.8487962433678,0.9384993277742656,0,2.734122380542379,66.53139359732725,0.5503877798213994,0.09166666666666666
M-04,2026-01-09 12:00:00+00:00,67.86399251892311,3.2099632348055747,6.2974040234526,1590.378026799196,0.5768069001567158,0,2.907872350737245,67.00793339057964,0.4977592514134299,0.041666666666666664
M-04,2026-01-09 13:00:00+00:00,67.63672699500931,2.1226914424986703,6.0223773322448935,1649.1247530315727,0.8193701575280907,0,2.835427023691802,67.91585205724846,0.5832639105643656,0.05
M-04,2026-01-09 14:00:00+00:00,74.09534727502704,2.997641423208558,6.105013452827944,1647.9769006825993,0.7298125811676625,0,2.9415626220260527,69.46246874121395,0.5356238372644684,0.08333333333333333
M-04,2026-01-09 15:00:00+00:00,71.36277735505895,3.439046982465568,5.913052751559766,1626.879759518633,0.7939034960305472,0,2.892868838144047,69.68485425760916,0.45698712702200806,0.06666666666666667
M-04,2026-01-09 16:00:00+00:00,73.0811331098311,3.111509458594454,5.551934312507604,1742.2826552413362,0.924574425239006,0,2.9284772446704737,70.8880655851365,0.4656945863178245,0.05
M-04,2026-01-09 17:00:00+00:00,70.41788927650768,3.2479685772028897,6.070627882498862,1678.320450615116,0.8548943943518734,0,3.021470186462619,70.74297775505953,0.46425847152796673,0.03333333333333333
M-04,2026-01-09 18:00:00+00:00,68.88393726995577,3.2300158707973385,6.43826857331077,1775.5064580708977,0.9686122218156424,0,3.0248122924612466,70.91296854689831,0.4659558556501677,0.09166666666666666
M-04,2026-01-09 19:00:00+00:00,67.21283476075355,4.506123274448232,5.827789304009621,1690.3392258806027,0.6291600558222326,0,3.422050931119507,70.84231984118902,0.5512246870801454,0.058333333333333334
M-04,2026-01-09 20:00:00+00:00,76.03837010045555,3.3084613598345824,5.790763791062825,1715.7288285419647,0.8496185552462578,0,3.47385425389051,71.16615697876044,0.5168986231422554,0.10833333333333334
M-04,2026-01-09 21:00:00+00:00,70.07897080573322,3.5529856236590684,6.259180655174287,1759.275861174932,0.9878506669565604,0,3.492844027422761,70.95218922053948,0.5174567598507837,0.041666666666666664
M-04,2026-01-09 22:00:00+00:00,68.76778058187038,3.1308202551658217,5.810770963262439,1763.577780786773,0.9601086347789672,0,3.496062493517989,70.23329713254603,0.5146630934364722,0.058333333333333334
M-04,2026-01-09 23:00:00+00:00,70.39132824781412,3.198071443714066,6.28148597725929,1568.1645100548144,0.5502493741748068,0,3.487746304603185,70.22887029443042,0.5198506745576609,0.05
M-04,2026-01-10 00:00:00+00:00,74.54043325823177,3.330325016588397,6.162610458234559,1739.69475093624,0.832728639662806,0,3.5044644955683615,71.17161962580975,0.5114495316540765,0.08333333333333333
M-04,2026-01-10 01:00:00+00:00,71.79558726999042,4.938473903626819,5.638389143631504,1708.4817443692712,0.7932534573116186,0,3.5765229337647924,71.93541171068257,0.682614280417143,0.03333333333333333
M-04,2026-01-10 02:00:00+00:00,75.10128602088359,3.4674449247207626,5.987355523564642,1749.5619925993412,0.967066101687825,0,3.603020194579156,71.77923103075392,0.6731477779510455,0.075
M-04,2026-01-10 03:00:00+00:00,74.43840230067376,4.007180361187103,6.330248645634383,1601.3012329697087,0.6721890363874806,0,3.678719317500495,72.50580294657733,0.6916790431292817,0.03333333333333333
M-04,2026-01-10 04:00:00+00:00,74.62979140275561,4.197002242534154,5.608035175983448,1661.7716725278326,0.6044110625651655,0,3.856416315395217,73.48280475005821,0.6589485508035718,0.08333333333333333
M-04,2026-01-10 05:00:00+00:00,74.84600224082682,4.561391594303777,5.636649899267403,1686.9575816613906,0.7907540922102618,0,4.083636340493502,74.22525041556032,0.6204618437905701,0.058333333333333334
M-04,2026-01-10 06:00:00+00:00,76.54891326029406,4.170428138876575,6.030775520744173,1653.5607735029778,0.779931625326163,0,4.223653527541532,74.5599970825707,0.4994578035289494,0.08333333333333333
M-04,2026-01-10 07:00:00+00:00,73.87905535850363,4.573020767849144,5.669040424829166,1645.104018143826,0.6682693756267439,0,4.162744671578586,74.90724176398957,0.4089304228484282,0.09166666666666666
M-04,2026-01-10 08:00:00+00:00,81.34187856088528,3.98851213425356,5.942340178195132,1595.7295133519017,0.5587072005006943,1,4.249589206500719,75.94734052065652,0.25991685334432707,0.10833333333333334
M-04,2026-01-10 09:00:00+00:00,75.05555771946852,3.383509874299309,5.872193788862659,1620.263767661375,0.6335543377123355,0,4.145644125352753,76.05019975712231,0.43915549302567125,0.03333333333333333
M-04,2026-01-10 10:00:00+00:00,75.11440692915424,4.489339369666375,5.934157632418639,1710.380969460319,0.7471980398930566,0,4.19436697987479,76.1309690115221,0.46163470422398467,0.075
M-04,2026-01-10 11:00:00+00:00,79.77503911403765,3.269891785318955,6.313686430787397,1731.3728990158354,0.9193416970960586,0,3.979117011710653,76.95247515705724,0.5490874294143264,0.075
M-04,2026-01-10 12:00:00+00:00,72.48773175678872,4.38554101776572,5.866450478478309,1605.5055479101277,0.553334230870956,0,4.014969158192177,76.27561157313967,0.5706756158415255,0.1
M-04,2026-01-10 13:00:00+00:00,73.13466416023198,4.413887675843886,5.4420580148551885,1606.7533865620908,0.7284245913798467,0,3.9884469761913013,76.15154637342773,0.5425582218410668,0.075
M-04,2026-01-10 14:00:00+00:00,85.06777986837542,4.786255224032431,6.1091866892686255,1729.867851867045,0.8771134080086779,0,4.121404157821113,76.77252992467609,0.6328158410837711,0.041666666666666664
M-04,2026-01-10 15:00:00+00:00,74.72980330321116,4.192155904497303,5.660583148229454,1704.9491842420728,0.7819276814129468,1,4.256178496187445,76.71823752196653,0.5203484497803141,0.1
M-04,2026-01-10 16:00:00+00:00,80.19008254329911,4.812572578630183,5.929492515130449,1687.771346520037,0.668371883536846,1,4.310050697681413,77.56418345765735,0.5642002558377438,0.075
M-04,2026-01-10 17:00:00+00:00,78.89731347395256,4.070729814987793,6.160229682229261,1714.968881131287,0.9811229676822418,1,4.443523702626219,77.41789585097649,0.3033358887665944,0.09166666666666666
M-04,2026-01-10 18:00:00+00:00,83.16557168029779,3.800007574168824,5.933562174928864,1651.521183224403,0.7244351527112435,1,4.34593479536007,79.197535838228,0.4034037069690506,0.10833333333333334
M-04,2026-01-10 19:00:00+00:00,84.44415290422512,4.920979099276703,5.669634962202541,1680.054919320513,0.9140676587512496,1,4.4304500325988725,81.08245062889353,0.46837467043587805,0.05
M-04,2026-01-10 20:00:00+00:00,76.8444997494501,4.5838370134138176,6.362866725220225,1685.168367414115,0.7688106802033189,1,4.396713664162437,79.71190394240597,0.4442916915339217,0.08333333333333333
M-04,2026-01-10 21:00:00+00:00,78.8548041684039,5.029797689299852,5.615076448249739,1789.2410996476988,0.9947552794084856,0,4.536320628296195,80.39940408660476,0.49577947014120505,0.075
M-04,2026-01-10 22:00:00+00:00,80.43192781628586,4.913619960158528,5.4737614299484765,1726.662854674817,0.8201144408628059,1,4.5531618585509195,80.43971163210254,0.5085910535211852,0.1
M-04,2026-01-10 23:00:00+00:00,82.03112952654084,5.470943303528597,5.9962037452524415,1654.698300888415,0.859148995036321,0,4.78653077330772,80.96201430753393,0.5614517077094265,0.10833333333333334
M-04,2026-01-11 00:00:00+00:00,81.38654238465992,5.006194857361447,5.926002034002163,1574.816239291047,0.6226911400328334,1,4.987561987173158,80.66550942492762,0.2858961679154877,0.075
M-04,2026-01-11 01:00:00+00:00,88.06000907079172,5.417371088059162,5.842246255527648,1730.5456398195702,0.9483321086372772,1,5.070293985303567,81.26815211935538,0.33103419016763314,0.09166666666666666
M-04,2026-01-11 02:00:00+00:00,84.91409602218997,5.413048191071279,6.077678886448921,1652.4859779357903,0.7170209668461557,1,5.208495848246478,82.6130848314787,0.25066300319180007,0.11666666666666667
M-04,2026-01-11 03:00:00+00:00,88.59379355958212,4.818320227674496,5.365173817183906,1737.942497792488,0.8336465470762118,1,5.173249604642252,84.23624973000841,0.29223617250238904,0.175
M-04,2026-01-11 04:00:00+00:00,83.2652089946767,5.104452058117086,5.343341121222907,1662.9282943827557,0.7290372643987271,0,5.205054954302011,84.70846325974021,0.26768114281939603,0.1
M-04,2026-01-11 05:00:00+00:00,89.36398907242005,5.295349150940661,5.881730937842971,1561.429729567448,0.60684909763107,1,5.175789262204021,85.93060651738675,0.2410740609828544,0.125
M-04,2026-01-11 06:00:00+00:00,89.36398907242005,4.68250409451437,5.628449122614931,1633.9326507880232,0.7918886267211267,1,5.121840801729509,87.26018096534676,0.3123103874600099,0.1
M-04,2026-01-11 07:00:00+00:00,83.48019164275424,4.611017141934957,5.248319997674091,1592.489821316354,0.7385717279931494,1,4.987448477375475,86.49687806067385,0.3325428606279942,0.11666666666666667
M-04,2026-01-11 08:00:00+00:00,87.80401685519477,4.831774723702077,5.823307056095258,1719.6935475439363,0.8427322690887327,1,4.890569566147274,86.97853153284132,0.26065679788315455,0.09166666666666666
M-04,2026-01-11 09:00:00+00:00,83.48163326046745,5.358924843475612,5.969821547687962,1692.2931576422716,0.7213376459876965,1,4.980670335447461,86.12650481632221,0.3178482778100687,0.075
M-04,2026-01-11 10:00:00+00:00,83.2499359499288,5.634972787377483,5.35099720282463,1719.2932265513653,0.8432408054475617,1,5.0690904569908595,86.12395930886423,0.41737721904919806,0.09166666666666666
M-04,2026-01-11 11:00:00+00:00,94.9157400515507,5.556621999763454,5.36542638563229,1635.1911282516803,0.7515202688210993,1,5.112635931794658,87.04925113871933,0.45741348324272996,0.1
M-04,2026-01-11 12:00:00+00:00,86.08524122858134,5.296895494032243,5.650003390626928,1723.4986586208668,0.925153949295208,1,5.21503449838097,86.50279316474621,0.4079609940819131,0.14166666666666666
M-04,2026-01-11 13:00:00+00:00,85.21395667966566,5.737314877763763,5.512329352775467,1723.5343544476284,0.9742884044562384,1,5.402750787685772,86.79175400423145,0.32516957411157804,0.15
M-04,2026-01-11 14:00:00+00:00,80.08157042603592,5.604905250461111,5.484681986268147,1600.1477137299796,0.7071353357050809,1,5.531605875478944,85.50467959937164,0.16965094689749088,0.08333333333333333
M-04,2026-01-11 15:00:00+00:00,87.92918423683507,5.547828715561137,6.0610135992040926,1637.1839158335622,0.5754620816464782,1,5.563089854159865,86.24593809543292,0.14724416128403015,0.10833333333333334
M-04,2026-01-11 16:00:00+00:00,83.43939436574037,5.853996201583122,5.608362335367764,1657.791839741451,0.6115819099810154,1,5.599593756527472,86.27751449806817,0.18966726270813072,0.15833333333333333
M-04,2026-01-11 17:00:00+00:00,92.17520811980673,6.03931256517764,5.394719377675616,1721.307587938148,0.8661601626636725,1,5.680042184096503,85.82075917611085,0.25789250261585006,0.14166666666666666
M-04,2026-01-11 18:00:00+00:00,85.3254373808006,5.333853190072308,5.42470886425027,1625.428426457495,0.6931748932137739,1,5.686201800103181,85.69412520148073,0.24712770091089295,0.13333333333333333
M-04,2026-01-11 19:00:00+00:00,94.40542406676724,5.4984099576134025,5.557758736969944,1565.077503775231,0.6475472064108097,1,5.646384313411453,87.22603643266432,0.2563205566109026,0.13333333333333333
M-04,2026-01-11 20:00:00+00:00,88.49958359778111,5.575992682755175,5.682991231530723,1569.4795555001754,0.7795368443035514,1,5.641565552127131,88.6290386279552,0.2575252550519791,0.15833333333333333
M-04,2026-01-11 21:00:00+00:00,88.95763761704035,6.937658796477321,5.3735479498235605,1668.024122630051,0.6667605083082654,1,5.873203898946495,88.80044752465606,0.5797808976096879,0.075
M-04,2026-01-11 22:00:00+00:00,88.77079474286232,5.303268573399031,5.630097473259919,1734.6728358260293,0.7917055799944391,1,5.781415960915813,89.6890142541764,0.6252418144089258,0.15
M-04,2026-01-11 23:00:00+00:00,97.3085338511446,6.3090860933846455,5.158388250469747,1595.5146960256257,0.5535073406656279,1,5.82637821561698,90.5445685427327,0.6564193958971418,0.125
M-04,2026-01-12 00:00:00+00:00,95.41044414759088,5.934874418832592,5.510587650651234,1636.3920225746187,0.7104798828190103,1,5.92654842041036,92.22540300386441,0.6104782096527561,0.15
M-04,2026-01-12 01:00:00+00:00,86.05929047230025,5.836646116906786,5.104625358572986,1605.8517718916191,0.628858780429176,1,5.982921113625925,90.83438073811992,0.5777769154113063,0.075
M-04,2026-01-12 02:00:00+00:00,96.83056237937488,6.326053374162024,5.088303491253899,1745.01500931866,0.9955706472032406,1,6.107931228860401,92.22287720171887,0.5527231941605262,0.15833333333333333
M-04,2026-01-12 03:00:00+00:00,93.96336175077168,6.567461164855879,5.514008351055945,1686.695729377052,0.6932834989616019,1,6.04623162359016,93.05716455734076,0.4532975898203239,0.10833333333333334
M-04,2026-01-12 04:00:00+00:00,95.63804130714465,6.583377692806953,5.253864385873582,1683.9319888612922,0.7733360280323998,1,6.25958314349148,94.20170565138783,0.3133088266056627,0.11666666666666667
M-04,2026-01-12 05:00:00+00:00,93.59575191052484,5.662886022320508,5.452971851508193,1551.867499483105,0.5874377715964204,0,6.151883131647456,93.58290866128453,0.39365295914129134,0.16666666666666666
M-04,2026-01-12 06:00:00+00:00,61.219735237024345,1.3878622896902173,6.025668448261046,1732.3024975007372,0.9130011989456042,0,5.394047776790394,87.88445717619011,1.9988861154123287,0.041666666666666664
M-04,2026-01-12 07:00:00+00:00,55.230489299535,1.7875188899947627,6.898864770575424,1717.8778365724831,0.9321502861105292,0,4.719193238971724,82.7463236473959,2.451787672261684,0.025
M-04,2026-01-12 08:00:00+00:00,55.81905207501833,1.965110352497753,6.185878357058744,1727.1102359393642,0.8731573780523908,0,3.992369402027679,75.91107193000315,2.5254563809765753,0.025
M-04,2026-01-12 09:00:00+00:00,59.57198350236216,1.2298632110807397,6.07095523642398,1608.7066305197548,0.5733561670744497,0,3.102769743065155,70.17917555526822,2.3724108923099156,0.05
M-04,2026-01-12 10:00:00+00:00,58.68794875346197,1.8996373782959544,6.418454360978649,1711.9145719700127,0.7727814363749849,0,2.3221463573133225,64.0208267963211,1.6624274886326385,0.05
M-04,2026-01-12 11:00:00+00:00,63.32254876280716,2.670735601050008,6.371890030818846,1714.9078839556237,0.8839931202665182,0,1.8234546204349058,58.97529293836816,0.5073732424396965,0.016666666666666666
M-04,2026-01-12 12:00:00+00:00,59.69075164045808,1.9771832387925885,6.207300672893641,1766.4982386739337,0.9873660255011848,0,1.9216747786186346,58.72046233894045,0.4611174792556884,0.075
M-04,2026-01-12 13:00:00+00:00,66.26822078561874,2.417878207610632,6.380075779136254,1729.9259897033248,0.9035774473643936,0,2.0267346648879463,60.560084253287734,0.4950032748677581,0.041666666666666664
M-04,2026-01-12 14:00:00+00:00,62.77143766599056,0.9276436220998155,6.132723761460772,1748.0999773330796,0.994937282759032,0,1.8538235431549566,61.71881518511643,0.670813720640061,0.06666666666666667
M-04,2026-01-12 15:00:00+00:00,65.14084729891741,2.55533517664276,5.970554329184263,1704.4125250293655,0.677608538815928,0,2.074735537415293,62.64695915120899,0.64186208170648,0.058333333333333334
M-04,2026-01-12 16:00:00+00:00,62.12029789366766,2.546661655738507,6.047219695510154,1749.904808743955,0.98567476951545,0,2.1825729169890518,63.21901734124327,0.6606385021918565,0.06666666666666667
M-04,2026-01-12 17:00:00+00:00,61.18882662073138,1.7122161269814602,6.4024321467765,1688.7036040046935,0.9156729825711316,0,2.0228196713109603,62.86339698423064,0.6343535701263215,0.041666666666666664
M-04,2026-01-12 18:00:00+00:00,58.85333682536236,1.703903461036668,6.100456210497285,1714.6957283728902,0.8810924904969262,0,1.9772730416849738,62.723827848381354,0.6479506388670428,0.03333333333333333
M-04,2026-01-12 19:00:00+00:00,62.83844136719281,1.9580633302859691,6.294380467261462,1729.5223925141102,0.9682561831482408,0,1.90063722879753,62.152197945310355,0.6115877640880645,0.058333333333333334
M-04,2026-01-12 20:00:00+00:00,67.3280923476721,1.7860873807331412,6.04732687816516,1655.9941583343514,0.7206520356279924,0,2.043711188569751,62.91164039225728,0.40343081863901026,0.03333333333333333
M-04,2026-01-12 21:00:00+00:00,55.85027060485805,2.078005246421168,5.902316934760209,1657.3652117205868,0.5674067170732301,0,1.9641562001994854,61.363210943247395,0.32100627013295013,0.09166666666666666
M-04,2026-01-12 22:00:00+00:00,59.94289922484559,2.7667427633901527,5.887806294006608,1704.7882890835008,0.9257407884551832,0,2.000836384808093,61.00031116511038,0.40298513554405324,0.075
M-04,2026-01-12 23:00:00+00:00,62.25413246397905,1.908232377498961,5.944634933645634,1691.8894077189332,0.731975311553466,0,2.0335057598943433,61.177862138984985,0.3823232187241402,0.06666666666666667
M-04,2026-01-13 00:00:00+00:00,57.251335060616135,2.9642882590495616,5.941062904916454,1711.6286269008378,0.7779706499941956,0,2.2435698928964922,60.91086184486062,0.4947346689601653,0.03333333333333333
M-04,2026-01-13 01:00:00+00:00,59.835575483478266,3.580428367486224,6.300462280933128,1722.955742838269,0.8364232538547256,0,2.513964065763201,60.41038419757487,0.7058059924402287,0.025
M-04,2026-01-13 02:00:00+00:00,68.3079040022637,2.4170994997131743,6.277902960068452,1627.4984613663582,0.713005274646351,0,2.6191327522598735,60.5736861400068,0.61709416698779,0.05
M-04,2026-01-13 03:00:00+00:00,61.40828040570295,2.8313597096970478,6.005386685605744,1607.7117107801607,0.7922180940792274,0,2.7446918294725204,61.50002110681428,0.5588661498635674,0.058333333333333334
M-04,2026-01-13 04:00:00+00:00,69.52076439135439,2.875328321214899,6.432470243237248,1757.5208886517726,0.9694772937282956,0,2.7627894224433116,63.09633196789908,0.5614750892740895,0.041666666666666664
M-04,2026-01-13 05:00:00+00:00,63.9192315677598,2.995399256364037,6.079793242643184,1605.844608290915,0.6509834156556498,0,2.943983902254157,63.37384848519587,0.37499928908353664,0.05
M-04,2026-01-13 06:00:00+00:00,62.51346936425583,2.9612889455639206,5.661602225397283,1677.8776948384932,0.6833791366529626,0,2.9434840166732172,64.25087086913582,0.3749688073350377,0.06666666666666667
M-04,2026-01-13 07:00:00+00:00,61.72634612346617,3.372286224549216,6.281498426575671,1592.535471854623,0.5683245528768545,0,2.9087936595170487,64.5659993091338,0.30788333327424505,0.041666666666666664
M-04,2026-01-13 08:00:00+00:00,63.768622230731296,2.5513461397867605,5.728175772689337,1780.3922197007607,0.9272626650716836,0,2.9311680995293137,63.80945234721174,0.26719379623083306,0.058333333333333334
M-04,2026-01-13 09:00:00+00:00,69.29955605693473,3.0792001635635726,6.147657050762346,1755.4158412499116,0.9208338003976372,0,2.9724748418404006,65.12466495575036,0.2678346203389034,0.075
M-04,2026-01-13 10:00:00+00:00,65.79967375844103,3.543174601336122,6.553558863814011,1599.4149991518466,0.6891505164499852,0,3.083782555193938,64.50448318359814,0.34658368281478213,0.05
M-04,2026-01-13 11:00:00+00:00,69.18988984536917,3.866513733585432,6.207297799279439,1643.441316137703,0.5559685216675745,0,3.228968301397504,65.38292622986637,0.46453941289781636,0.058333333333333334
M-04,2026-01-13 12:00:00+00:00,71.54027815194755,2.4499334925044205,6.01252397687461,1734.5700644083731,0.9259106078322924,0,3.1437423925542536,66.88739436114832,0.5604724067027563,0.058333333333333334
M-04,2026-01-13 13:00:00+00:00,71.70636395788893,2.754511400467069,6.2007459590912966,1613.2751819613,0.5777135002586483,0,3.0407799218738965,68.55073066688546,0.5667993389591274,0.075
M-04,2026-01-13 14:00:00+00:00,62.41083069448607,3.3390789086664494,5.98007494761184,1588.6088876213405,0.6214602790586501,0,3.172068716687177,68.32443207751125,0.5200622704705103,0.058333333333333334
M-04,2026-01-13 15:00:00+00:00,67.6250080802243,2.8601890936736094,5.742719787636011,1616.418904928883,0.6421972447105637,0,3.135566871705517,68.04534074805952,0.5353454676756191,0.041666666666666664
M-04,2026-01-13 16:00:00+00:00,67.01603094828693,3.19027382421138,6.2381008560176845,1733.9178406114256,0.9500242140510802,0,3.07675007551806,68.24806694636716,0.4998131941274585,0.06666666666666667
M-04,2026-01-13 17:00:00+00:00,67.7518404721818,2.8671237704785875,5.54805096174447,1739.413456332227,0.8516301487390759,0,2.9101850816669192,68.00839205083592,0.3171180582118393,0.08333333333333333
M-04,2026-01-13 18:00:00+00:00,70.6517704021416,3.4670884976020715,5.773503373576095,1641.146815844857,0.7215171353432074,0,3.079710915849861,67.86030742586827,0.2928122787184054,0.041666666666666664
M-04,2026-01-13 19:00:00+00:00,74.02401398554616,3.425183812967933,6.291568711823119,1741.7047676980874,0.852330511829408,0,3.1914896512666715,68.2465824304778,0.27104429030362537,0.1
M-04,2026-01-13 20:00:00+00:00,69.73733583710695,3.6862610524391073,5.881787118597456,1611.4374721896893,0.6139601749079,0,3.249353341895448,69.46766662091463,0.337713472307575,0.03333333333333333
M-04,2026-01-13 21:00:00+00:00,67.00328312245864,3.2858657081714115,5.463445930325632,1629.3576998712651,0.7582716582327265,0,3.3202994443117486,69.36404579462035,0.2792619526533489,0.05
M-04,2026-01-13 22:00:00+00:00,69.59576848192499,4.046128952154471,6.250443594546328,1598.20996661056,0.573236923843883,0,3.462941965635597,69.7940020502267,0.3944050380595491,0.06666666666666667
M-04,2026-01-13 23:00:00+00:00,72.63037141655637,3.044316317358313,6.352629995670938,1634.7274834578168,0.5566514264637964,0,3.4924740567822177,70.60709054095578,0.34432307953555347,0.075
M-04,2026-01-14 00:00:00+00:00,72.68506325218925,3.4879178038206864,6.028123727084749,1592.434655665848,0.5857529366040334,0,3.4959456078186535,70.9459726826304,0.34412089106324373,0.06666666666666667
M-04,2026-01-14 01:00:00+00:00,81.21712188461916,3.9515724021483583,5.546575211748449,1788.6527976221755,0.901786906287463,0,3.583677039348725,72.14482399914256,0.38691178786942426,0.06666666666666667
M-04,2026-01-14 02:00:00+00:00,75.92936394806866,3.20524786533463,5.420842190533461,1691.8843754461757,0.8381303291677792,0,3.5035081748313117,73.17682868430285,0.410518339891599,0.058333333333333334
M-04,2026-01-14 03:00:00+00:00,79.60994836691769,4.392181252513237,5.865625796681012,1736.5004259502657,0.8430540962966078,0,3.6878940988882825,75.27793955837934,0.5255490688218482,0.05
M-04,2026-01-14 04:00:00+00:00,73.32939060336858,3.9156158654090394,5.246540413846855,1657.3857223616749,0.7073445880186299,0,3.666141917764044,75.90020991195328,0.5102342927025341,0.10833333333333334
M-04,2026-01-14 05:00:00+00:00,75.49789548724198,3.858200730884992,5.345191507530469,1720.2783879776032,0.748821632417101,0,3.8017893200184907,76.37813059040089,0.410247089251214,0.09166666666666666
M-04,2026-01-14 06:00:00+00:00,78.8324579354438,4.344362373988652,5.907477031357723,1693.2745550404595,0.7609903278056389,0,3.9445300817131517,77.40269637094332,0.42781631832239037,0.075
M-04,2026-01-14 07:00:00+00:00,78.09910880326585,3.645509135455557,5.580372082938736,1623.3997804683358,0.6304246917687187,0,3.8935195372643516,76.88302752405109,0.4447213710332628,0.1
M-04,2026-01-14 08:00:00+00:00,72.22874221387377,2.86464796564157,6.047934479395347,1665.5086022887265,0.8668942038596941,0,3.8367528873155083,76.26625723501861,0.5575678596373074,0.08333333333333333
M-04,2026-01-14 09:00:00+00:00,80.53715335566399,4.220377611108138,5.885003553957637,1748.9515293157997,0.9666588610547592,0,3.8081189470813253,76.42079139980966,0.526907474826726,0.09166666666666666
M-04,2026-01-14 10:00:00+00:00,74.32430329995286,3.76357614469824,5.73202003424653,1642.3870644744943,0.6679144996592471,0,3.7827789936295253,76.58661018257371,0.5243535504771438,0.05
M-04,2026-01-14 11:00:00+00:00,76.80500165796576,4.453509966371803,5.562316145335824,1671.500119493742,0.794997904501765,0,3.8819971995439935,76.80446121102767,0.5932721659619269,0.075
M-04,2026-01-14 12:00:00+00:00,80.14699399866838,4.209786621797954,5.708599873958812,1688.3062121780192,0.9410030102807282,0,3.859567907512211,77.02355055489842,0.5745442065640982,0.08333333333333333
M-04,2026-01-14 13:00:00+00:00,74.26417119569766,4.467704445789227,6.095825011663233,1646.718376733439,0.7709189546062272,0,3.996600459234489,76.3843942869704,0.6102207135759771,0.08333333333333333
M-04,2026-01-14 14:00:00+00:00,72.02466869846408,5.157212600419299,5.656739486605956,1610.9084350115927,0.6884409463459743,0,4.378694565030777,76.35038203440212,0.45860118987953247,0.05
M-04,2026-01-14 15:00:00+00:00,76.6615215142412,4.9617729171791005,5.444887549356678,1647.652789361725,0.8614328213051905,0,4.502260449375938,75.70444339416498,0.5049515218306124,0.09166666666666666
M-04,2026-01-14 16:00:00+00:00,78.29108627093605,4.9617729171791005,5.779146126825339,1686.2938584519716,0.8226642114059473,0,4.70195991145608,76.36557388932886,0.3744591171687583,0.05
M-04,2026-01-14 17:00:00+00:00,76.73278501039684,3.9332834391154265,5.803051917126808,1600.2494208306043,0.7520126934441324,0,4.6152554902466845,76.3535377814007,0.4868528229615579,0.05
M-04,2026-01-14 18:00:00+00:00,78.95582574255107,4.659175239696925,5.642436687331735,1628.5208303276283,0.7196658584749822,0,4.690153593229846,76.15500973871447,0.44474575709184766,0.11666666666666667
M-04,2026-01-14 19:00:00+00:00,83.01999345598043,4.378322528721059,5.711006625988348,1613.4220441149098,0.6236520036499155,0,4.675256607051818,77.61431344876162,0.4550642615430264,0.11666666666666667
M-04,2026-01-14 20:00:00+00:00,79.23073430432238,5.2701183648424745,5.965962536856252,1641.5664900311635,0.584616137155657,0,4.69407423445568,78.81532438307133,0.48059790332476265,0.13333333333333333
M-04,2026-01-14 21:00:00+00:00,80.37839922912892,4.999628703051877,5.559656784570296,1590.7231981727473,0.6146819097263271,0,4.700383532101144,79.43480400221928,0.4850430555172116,0.06666666666666667
M-04,2026-01-14 22:00:00+00:00,83.53440583270122,4.496527073315439,5.55095893324896,1663.16162084469,0.6570012848042266,1,4.622842558123867,80.30869059584681,0.47190915604860156,0.08333333333333333
M-04,2026-01-14 23:00:00+00:00,79.09820616439261,4.322192793284268,5.545549977158582,1673.914311066444,0.6951039621868291,0,4.687660783818674,80.7029274548461,0.3750150253015428,0.08333333333333333
M-04,2026-01-15 00:00:00+00:00,78.81499472085586,4.6969761706781,5.625116335179215,1612.61194001452,0.6295371729195021,1,4.693960938982203,80.67945561789689,0.37475820057405146,0.09166666666666666
M-04,2026-01-15 01:00:00+00:00,79.28073536138236,5.422174558491295,5.660607036546115,1604.031768954722,0.5955427406216999,1,4.867936277277242,80.05624593546389,0.4361837924739066,0.08333333333333333
M-04,2026-01-15 02:00:00+00:00,82.03689020486242,5.212591419656634,5.457962919923246,1662.1269690715949,0.9735587845122348,1,4.858348453079603,80.52393858555389,0.42609076062683227,0.10833333333333334
M-04,2026-01-15 03:00:00+00:00,82.02470519503593,5.320632027440372,4.95453374454519,1770.099325161275,0.8998022368209397,1,4.911849007144351,80.79832291320507,0.4656906311786587,0.09166666666666666
M-04,2026-01-15 04:00:00+00:00,81.7666346904372,5.183567690646123,5.761485284962666,1641.1260852641406,0.7523198579404142,1,5.026355776699465,80.5036943894944,0.42591237418951317,0.058333333333333334
M-04,2026-01-15 05:00:00+00:00,85.16400677096468,5.090728030532534,5.659914978749995,1618.4701599352477,0.5620687541081986,1,5.15444498290751,81.51466115725641,0.25173953356914136,0.125
M-04,2026-01-15 06:00:00+00:00,83.21106044254165,4.880985239470186,5.562509591422078,1695.8981191369928,0.7683438032200838,0,5.185113161039524,82.24733877753738,0.18800173298490644,0.18333333333333332
M-04,2026-01-15 07:00:00+00:00,83.8733975831214,5.195968131560919,5.802728838404899,1792.4228244606677,0.9580757279315054,1,5.147412089884461,83.01278248116056,0.14974295152189487,0.06666666666666667
M-04,2026-01-15 08:00:00+00:00,88.59484269160754,5.410577191517655,5.58056455033323,1732.5037155806583,0.9899638097887884,1,5.180409718527965,84.10577456228474,0.1847101634258018,0.09166666666666666
M-04,2026-01-15 09:00:00+00:00,85.82137307299018,5.211281055874817,5.468968918439618,1657.9662078445251,0.6705654454975339,1,5.162184556600373,84.73855254194378,0.17313984333657495,0.06666666666666667
M-04,2026-01-15 10:00:00+00:00,86.0177944912889,5.645403547296812,5.308897663745378,1727.7410771114996,0.9154753957076732,1,5.239157199375487,85.44707917541906,0.26358363184629524,0.11666666666666667
M-04,2026-01-15 11:00:00+00:00,85.95166606572221,4.602252046051528,5.585508168538948,1660.016716922357,0.8793782038321851,1,5.157744535295319,85.5783557245453,0.3718145989112983,0.1
M-04,2026-01-15 12:00:00+00:00,83.69988568000863,5.861960352683736,5.294096057932141,1598.7139687582528,0.6425224870356847,1,5.3212403874975776,85.65982659745647,0.43592873897649614,0.08333333333333333
M-04,2026-01-15 13:00:00+00:00,93.11998800060002,4.634615643732161,5.338510303062116,1712.4198473263684,0.8856467770673904,1,5.227681639526119,87.20092500036958,0.5202711393186711,0.06666666666666667
M-04,2026-01-15 14:00:00+00:00,87.19311540291869,5.630623845889281,5.290313524749704,1695.1483456374108,0.8240150225110354,1,5.264356081921389,86.9673037855881,0.5430012601127621,0.08333333333333333
M-04,2026-01-15 15:00:00+00:00,82.0224816267701,5.302240231002842,5.379958220841797,1690.9472910884415,0.7369200388645388,1,5.279515944442727,86.3341552112181,0.5424926108606499,0.08333333333333333
M-04,2026-01-15 16:00:00+00:00,87.01609041900367,4.562006221969441,5.016742394566665,1624.9765272755974,0.6746578412683586,1,5.098949723554831,86.50053786583722,0.5756409761924532,0.125
M-04,2026-01-15 17:00:00+00:00,85.8211530045202,5.451479051231053,5.426304625499778,1714.0836281986628,0.8194814699650851,1,5.240487557751419,86.47878568897022,0.5318238919678768,0.13333333333333333
M-04,2026-01-15 18:00:00+00:00,86.78299730065089,5.71787418838266,5.607444196940955,1657.0456324491608,0.569156283632844,1,5.216473197034573,86.99263762574394,0.5004783079175225,0.075
M-04,2026-01-15 19:00:00+00:00,83.84501959203702,5.363869111834616,4.955879429170672,1601.2302369957574,0.5598128802726192,1,5.338015441718316,85.4468095576501,0.4115640711694884,0.1
M-04,2026-01-15 20:00:00+00:00,89.48961849316689,5.993314660394001,5.612525398256676,1605.814828662638,0.7076284796110018,1,5.398463910802435,85.82956007269145,0.4834869608801906,0.08333333333333333
M-04,2026-01-15 21:00:00+00:00,92.5754438677932,5.689099859129828,5.566112159761667,1770.6454395492142,0.9480633901365344,1,5.462940515490267,87.58838711286198,0.493774253945945,0.09166666666666666
M-04,2026-01-15 22:00:00+00:00,94.7623040354088,5.738572953446767,5.178945653123305,1744.9007957829183,0.917826532678453,1,5.659034970736488,88.87942271559616,0.22478322741764334,0.10833333333333334
M-04,2026-01-15 23:00:00+00:00,94.7623040354088,4.788536801120396,5.292360275458584,1627.8226295066363,0.7093818473562701,0,5.548544595718044,90.3696145540776,0.42286554893828593,0.10833333333333334
M-04,2026-01-16 00:00:00+00:00,52.54985206343595,2.507668424911098,6.224682512172898,1653.2613082167245,0.8002938691094146,0,5.013510301806118,84.6640903478751,1.2957439225134706,0.016666666666666666
M-04,2026-01-16 01:00:00+00:00,57.33577762981084,1.1897580231295095,6.438304435296326,1608.717130523574,0.6996904330288488,0,4.317825120355267,80.24588335417074,1.9994611537327338,0.025
M-04,2026-01-16 02:00:00+00:00,54.56309607707438,2.0376948513722395,6.16266648905723,1707.850120268304,0.9016173940232644,0,3.6585551521849733,74.424796284822,1.988624249354164,0.041666666666666664
M-04,2026-01-16 03:00:00+00:00,55.96049022123178,2.1186079757567406,6.5661953004162426,1730.4544321223184,0.988749615444006,0,3.063473171622792,68.3223040103951,1.783071627464571,0.016666666666666666
M-04,2026-01-16 04:00:00+00:00,58.31295315325437,1.5536593129812983,6.187395553440949,1668.937067855852,0.7637737061212866,0,2.365987564878547,62.24741219670269,1.2728852390286198,0.025
M-04,2026-01-16 05:00:00+00:00,59.62339643104369,1.7419614198226725,6.521946751690186,1688.5878134740915,0.8622664187120532,0,1.8582250013289263,56.39092759597517,0.46366174324117027,0.016666666666666666
M-04,2026-01-16 06:00:00+00:00,56.30795719326056,2.627290194080893,6.340358138727227,1648.710422503628,0.769154828733045,0,1.8781619628572257,57.017278450945945,0.49843970074339083,0.06666666666666667
M-04,2026-01-16 07:00:00+00:00,56.17879423164856,2.1258881144448134,6.156391849569024,1676.2623215675658,0.8851380935787309,0,2.0341836447431096,56.82444788458556,0.3697627204093321,0.025
M-04,2026-01-16 08:00:00+00:00,58.23405676096331,1.5351988913229484,6.179414732067857,1764.1218576625708,0.8197598521954594,0,1.950434318068228,57.436274665233704,0.42202182509566155,0.041666666666666664
M-04,2026-01-16 09:00:00+00:00,52.65512625343972,1.8086588267839745,6.08347175485016,1653.9443706463887,0.6711713251205828,0,1.8987761265727665,56.8853806706017,0.41624958920879124,0.03333333333333333
M-04,2026-01-16 10:00:00+00:00,57.20557959013401,1.634672418037315,6.388717032505999,1733.500678913521,0.8808517652891168,0,1.9122783107487695,56.70081841008164,0.4039479923346447,0.05
M-04,2026-01-16 11:00:00+00:00,58.914791529784495,2.0828578693375603,6.406637360122692,1665.5712285366978,0.6957583679526265,0,1.9690943856679175,56.5827175932051,0.399146851876412,0.058333333333333334
M-04,2026-01-16 12:00:00+00:00,60.274507742746586,1.654118318762254,6.020689540936633,1733.7517596550426,0.899180828676954,0,1.806899073114811,57.243809351452775,0.246874596036131,0.058333333333333334
M-04,2026-01-16 13:00:00+00:00,59.76414934752997,2.425325221327773,6.367938229882312,1692.8084793860862,0.7523026629116097,0,1.856805257595304,57.841368537433006,0.337783498604799,0.041666666666666664
M-04,2026-01-16 14:00:00+00:00,61.042924735948695,1.3977114178384078,6.626261675373584,1672.448021951912,0.5518276152511977,0,1.833890678681214,58.30951319993057,0.36733485839583874,0.041666666666666664
M-04,2026-01-16 15:00:00+00:00,61.53991337892301,1.9752339931753775,6.16830164779599,1664.1244518910794,0.6582008015813164,0,1.8616532064131146,59.7903110541778,0.3713196007455295,0.016666666666666666
M-04,2026-01-16 16:00:00+00:00,58.43775138252591,1.9752339931753775,5.973439931228553,1603.4453266897672,0.6038139686624989,0,1.918413468936125,59.99567301957645,0.3553705620641197,0.05
M-04,2026-01-16 17:00:00+00:00,54.26437370154388,1.7413810052312166,6.244559299735237,1704.8742347968923,0.8224548954490876,0,1.8615006582517344,59.22060338153634,0.35108554688876165,0.041666666666666664
M-04,2026-01-16 18:00:00+00:00,59.87739701534033,1.8511866029784363,6.26787235936818,1678.6335497002722,0.817270863310186,0,1.8943453722877648,59.15441826030196,0.3367288522637467,0.09166666666666666
M-04,2026-01-16 19:00:00+00:00,65.17340276703177,2.0509686647897705,6.434791562179704,1723.1267096319812,0.7197515806632577,0,1.8319526128647645,60.055960496885604,0.23923449451591455,0.03333333333333333
M-04,2026-01-16 20:00:00+00:00,59.55845064405161,2.734290263647385,6.435871576981008,1657.4099832648892,0.784902413449202,0,2.054715753832927,59.80854814823609,0.3504491505338201,0.025
M-04,2026-01-16 21:00:00+00:00,63.17832601925086,2.723014734986098,6.278203706921525,1642.391592848426,0.7064461907556437,0,2.179345877468047,60.08161692162406,0.4384479917113731,0.025
M-04,2026-01-16 22:00:00+00:00,60.40537174066766,2.412999356094931,5.695065006041597,1648.300098493619,0.6510690480857906,0,2.252306771287973,60.40955364798102,0.4340911751652182,0.05
M-04,2026-01-16 23:00:00+00:00,63.66280383497968,2.3850144459151283,6.027205438703053,1667.60975245745,0.741382164050912,0,2.359579011401958,61.975958670220315,0.3548796779956333,0.08333333333333333
M-04,2026-01-17 00:00:00+00:00,61.1120483731216,2.774199180995906,6.177986586594216,1662.5458438180688,0.7932547740758314,0,2.513414441071536,62.18173389651721,0.2832500438951824,0.05
M-04,2026-01-17 01:00:00+00:00,67.44263227409066,2.36711627742793,6.265646877491476,1639.636355399858,0.755196029673281,0,2.566105709844563,62.55993881436035,0.19598049631955125,0.08333333333333333
M-04,2026-01-17 02:00:00+00:00,69.21759736243322,3.296081620654033,6.166286446091433,1777.8824509340463,0.9558694753595228,0,2.6597376026790047,64.16979660075728,0.35889245541749143,0.05
M-04,2026-01-17 03:00:00+00:00,61.81047512706904,1.9917287838702469,6.352327210550603,1552.29320699816,0.5859766753050056,0,2.537856610826363,63.94182145206031,0.44656934562536843,0.075
M-04,2026-01-17 04:00:00+00:00,60.38096133480695,2.8262560484510733,5.808107351647582,1629.120992387028,0.8236596980204589,0,2.6067327262190525,63.937753051083526,0.4552454916185333,0.03333333333333333
M-04,2026-01-17 05:00:00+00:00,59.34961855260965,2.4354959820550297,6.050008009983397,1622.7949736352452,0.6722393948762605,0,2.615146315575703,63.21888883735519,0.4507727995367048,0.06666666666666667
M-04,2026-01-17 06:00:00+00:00,72.06824397552114,2.6853300176702506,5.7242667495826485,1632.694336931213,0.6882992725219903,0,2.6003347883547607,65.04492143775511,0.44593547381216736,0.05
M-04,2026-01-17 07:00:00+00:00,69.61413819787433,3.8842750718832137,5.613936603870937,1705.789090095907,0.9243910812631158,0,2.8531945874306412,65.40683909171906,0.6640445081342699,0.075
M-04,2026-01-17 08:00:00+00:00,68.49214851172039,3.201546104009876,6.345691806162765,1696.0939747140676,0.6546488104813835,0,2.8374386679899484,65.28593094993359,0.6524547348035001,0.075
M-04,2026-01-17 09:00:00+00:00,66.4614399797286,3.935693772552168,5.676056551136749,1696.0939747140676,0.96384309254866,0,3.1614328327702683,66.06109175871018,0.6308076820341578,0.075
M-04,2026-01-17 10:00:00+00:00,71.28828069585586,3.0090054330825,5.927324939866108,1695.7417741567403,0.9264121000261782,0,3.191891063542173,67.87897831888499,0.6156161256927931,0.041666666666666664
M-04,2026-01-17 11:00:00+00:00,66.95894094454741,2.3549285545074747,6.019593708269848,1684.8556799999126,0.7557485698873092,0,3.1784631589509136,69.14719871754129,0.6359570648347997,0.075
M-04,2026-01-17 12:00:00+00:00,68.41027674474952,2.789074444320416,6.012138481684339,1684.8556799999126,0.7484056332374922,0,3.1957538967259413,68.53753751241268,0.6211048864631312,0.058333333333333334
M-04,2026-01-17 13:00:00+00:00,66.69657503877335,3.4531806484365823,6.1029896067881,1634.499648796401,0.7409698758056653,0,3.123904826151503,68.05127698589585,0.5459102105921406,0.09166666666666666
M-04,2026-01-17 14:00:00+00:00,71.91417104177303,2.3805223934946182,6.390860360075156,1641.608018790134,0.5738926575238517,0,2.987067541065626,68.62161407423797,0.6203760807383103,0.058333333333333334
M-04,2026-01-17 15:00:00+00:00,71.33460687041936,2.9415158637842835,5.929622189797169,1654.6312724054046,0.8750206163021967,0,2.8213712229376458,69.43380855601976,0.41515876889520625,0.03333333333333333
M-04,2026-01-17 16:00:00+00:00,69.84330823776071,3.363365522096709,5.957975709193152,1635.0498533867042,0.7543484116243865,0,2.8804312377733474,69.1929798130039,0.46891507298076773,0.058333333333333334
M-04,2026-01-17 17:00:00+00:00,69.82741784487237,2.96210430231197,6.0797530923511145,1697.2211861820044,0.8303669199046269,0,2.981627195740763,69.67105929639139,0.39204092037455146,0.075
M-04,2026-01-17 18:00:00+00:00,70.41146883270916,3.2871614707471144,6.317980931788258,1657.847078618868,0.8311074598019629,0,3.064641700145213,70.00459131105133,0.39582991289583813,0.11666666666666667
M-04,2026-01-17 19:00:00+00:00,67.68880525705264,2.9496145890193426,6.154425000312826,1590.0068757316435,0.557353626180612,0,2.9807140235756733,70.16996301409789,0.34739378011244565,0.06666666666666667
M-04,2026-01-17 20:00:00+00:00,66.46635622869553,3.420169394958174,5.455845871986319,1680.7239206754468,0.7750025214017682,0,3.1539885238195993,69.26199387858496,0.22634438730083198,0.058333333333333334
M-04,2026-01-17 21:00:00+00:00,72.12804668461969,4.103735758888591,5.813379068981916,1644.466336377676,0.8589296824079518,0,3.347691839670317,69.39423384761835,0.42140437590093155,0.058333333333333334
M-04,2026-01-17 22:00:00+00:00,65.37918423418262,3.083115221467499,5.724109619489664,1663.072074297348,0.5960961589523499,0,3.3009834562321156,68.65021318035534,0.43464314655143177,0.06666666666666667
M-04,2026-01-17 23:00:00+00:00,72.56541507920905,2.7083116335008675,5.753559756325422,1611.2477009697536,0.5634653220127456,0,3.2586846780969316,69.10654605274478,0.48378900626786037,0.041666666666666664
M-04,2026-01-18 00:00:00+00:00,72.61114876109366,3.835260795092432,5.881038441363473,1683.1940091778447,0.7230253448157802,0,3.3500345654878174,69.4731593741422,0.5388542089174427,0.075
M-04,2026-01-18 01:00:00+00:00,73.80446822585854,4.510248704890436,6.079046773203887,1668.8112662770504,0.5939363447249035,0,3.6101402514663334,70.49243653560984,0.6680793630677146,0.075
M-04,2026-01-18 02:00:00+00:00,75.04702514252301,3.706610542765138,6.223227756993348,1700.5902583818136,0.9718337529280084,0,3.657880442767494,71.92254802124775,0.6619959233066043,0.06666666666666667
M-04,2026-01-18 03:00:00+00:00,74.81197995106159,3.779871803343,5.938230084381504,1710.527981197179,0.7793130403293151,0,3.6039031168432287,72.36987023232142,0.6308417600683763,0.09166666666666666
M-04,2026-01-18 04:00:00+00:00,72.72192743436482,4.602071279957485,5.5682854507930335,1746.5311192202666,0.8110310277463919,0,3.8570624599248924,73.5936607656851,0.6826988154638307,0.075
M-04,2026-01-18 05:00:00+00:00,77.65509406949549,3.0110006547611747,5.567895557666476,1696.0386936737916,0.8151360169986699,0,3.907510630134944,74.44194059739952,0.5850316868102683,0.06666666666666667
M-04,2026-01-18 06:00:00+00:00,78.02796826685939,3.9503469928248807,5.509877764701362,1719.7410727438232,0.824980050811353,0,3.9266916630903523,75.34474384836048,0.5840749636842436,0.08333333333333333
M-04,2026-01-18 07:00:00+00:00,79.54450524045261,4.103006648511926,6.14079320408021,1741.7334223542382,0.9612604181706436,0,3.8588179870272676,76.30141668412615,0.5231873380825653,0.1
M-04,2026-01-18 08:00:00+00:00,76.70472904670712,3.91556377130361,5.586316936952127,1659.0604872087658,0.6243227626559612,0,3.8936435251170125,76.57770066815684,0.5179577247178551,0.075
M-04,2026-01-18 09:00:00+00:00,78.20043233831686,4.433826976487723,5.605940052214574,1596.8774912326412,0.6460375125038628,0,4.002636053974467,77.1424427326994,0.5565930203215581,0.075
M-04,2026-01-18 10:00:00+00:00,76.84997879388423,4.553913387982035,5.848292123760999,1643.9193516762632,0.8029032448911853,0,3.994609738645225,77.83045129261929,0.5464753479834136,0.1
M-04,2026-01-18 11:00:00+00:00,73.50864721871291,3.5436918768195342,5.924406806452956,1617.6921386102515,0.577337823938486,0,4.083391608988285,77.13937681748884,0.36924877656466804,0.075
M-04,2026-01-18 12:00:00+00:00,77.23098305416546,3.68758127074732,5.512055269651513,1604.4697456131676,0.5808260532056452,0,4.039597321975358,77.00654594870653,0.40228860572754466,0.1
M-04,2026-01-18 13:00:00+00:00,74.76941874740875,4.186645534348811,5.98941522111032,1618.2151239310083,0.7047820579466463,0,4.053537136281506,76.21069819986589,0.4063538199707556,0.11666666666666667
M-04,2026-01-18 14:00:00+00:00,79.28687692788799,4.5022635398284,5.407439894327732,1716.1832592405908,0.9689594605435972,0,4.151320431035637,76.6410561800627,0.43601982395828903,0.05
M-04,2026-01-18 15:00:00+00:00,82.72342236401501,4.931305583149508,5.276296466455986,1692.0770113557926,0.9293753352601932,1,4.234233532145935,77.39488785101238,0.5362622175211583,0.1
M-04,2026-01-18 16:00:00+00:00,80.06974734966305,4.838821369901508,5.813870120049496,1751.468510756279,0.9685833989448194,1,4.28171819579918,77.9315159436422,0.5809799158911686,0.058333333333333334
M-04,2026-01-18 17:00:00+00:00,79.45448681563056,4.023509163055055,5.03200423429726,1685.7088465206366,0.6881267418553888,1,4.3616877435051,78.92248920979513,0.48400549564376155,0.09166666666666666
M-04,2026-01-18 18:00:00+00:00,82.02096085307224,4.815767936442932,5.886510537397968,1713.478858121369,0.7840823101669314,0,4.549718854454369,79.72081884294626,0.377078689920932,0.06666666666666667
M-04,2026-01-18 19:00:00+00:00,79.62389442116485,5.034090173434374,5.161469833424993,1657.7465968372362,0.7235982144972639,0,4.690959627635296,80.52989812190562,0.3725698041408898,0.075
M-04,2026-01-18 20:00:00+00:00,83.26671404121481,5.181161054197154,4.992642159353744,1722.3985404355064,0.7597918180013623,1,4.804109213363422,81.19320430746008,0.405441869405436,0.075
M-04,2026-01-18 21:00:00+00:00,78.16794794979558,3.975092826651572,6.113731439908117,1636.438342128516,0.7681903038291401,1,4.644740420613766,80.43395857175685,0.5178058183663055,0.10833333333333334
M-04,2026-01-18 22:00:00+00:00,83.05335661382315,5.28645945115376,5.715612118154734,1569.365161454881,0.5893313836055639,1,4.719346767489141,80.9312267824502,0.5798885384254837,0.11666666666666667
M-04,2026-01-18 23:00:00+00:00,76.84959372296323,5.504656589391061,5.024981414730518,1694.440102848059,0.7378158730493551,1,4.966204671878476,80.49707793367232,0.5381899627195398,0.1
M-04,2026-01-19 00:00:00+00:00,85.27799110473046,4.894755545817453,5.750479521280073,1709.760444372139,0.8936747066046573,1,4.979369273440896,81.03991630894869,0.5347291100549687,0.06666666666666667
M-04,2026-01-19 01:00:00+00:00,79.44637000522796,3.541581717054364,5.520831920338212,1656.0644165090198,0.7800152085886017,1,4.730617864044228,81.01032890629254,0.7902722573953602,0.11666666666666667
M-04,2026-01-19 02:00:00+00:00,85.66545587949743,4.409002965502597,5.7265735323005424,1652.5134769598865,0.6576205152425426,1,4.601924849261802,81.41011921267297,0.7646864492707881,0.075
M-04,2026-01-19 03:00:00+00:00,87.48262961786908,5.12358885905213,5.513478950161281,1698.9705650715946,0.8055645706277839,1,4.793340854661894,82.96256615735189,0.7187630013144444,0.08333333333333333
M-04,2026-01-19 04:00:00+00:00,78.53679697578153,5.075436332472244,5.322052824787934,1698.9705650715946,0.6013958744586569,1,4.758170334881641,82.20980621767829,0.6945633701712184,0.10833333333333334
M-04,2026-01-19 05:00:00+00:00,82.72516964864354,5.481231313210208,5.544169876253067,1700.535923902872,0.71602740208159,1,4.754266122184833,83.18906887195833,0.68957601014932,0.125
M-04,2026-01-19 06:00:00+00:00,86.96238858243915,5.481231313210208,5.628539923584544,1683.168733929382,0.8569729145540812,1,4.852012083416959,83.46980178490978,0.7521955652693055,0.09166666666666666
M-04,2026-01-19 07:00:00+00:00,85.69478699775848,5.528813534649059,5.202125871653313,1631.8126175728994,0.7072143572507643,1,5.1832173863494075,84.5112046169982,0.42699920028385385,0.1
M-04,2026-01-19 08:00:00+00:00,85.75276989223077,5.496368496506054,5.233101430995703,1595.0784370914785,0.6485456368862628,1,5.3644449748499845,84.52575695245376,0.20651227593439433,0.13333333333333333
M-04,2026-01-19 09:00:00+00:00,86.71926775143926,5.055387977526983,5.47338771131697,1669.2386551534098,0.6180694661506326,1,5.353078161262459,84.39852997471546,0.22359156197329827,0.1
M-04,2026-01-19 10:00:00+00:00,85.59497936788114,5.154225937841802,5.526599002447551,1743.1854548810686,0.9529351612287666,1,5.366209762157386,85.57489370673206,0.20561542789454193,0.125
M-04,2026-01-19 11:00:00+00:00,87.82184748387859,5.269800461079773,6.03178768741113,1717.232405944182,0.9620250348904512,1,5.330971286802313,86.42434001260456,0.2000014080934713,0.175
M-04,2026-01-19 12:00:00+00:00,87.49867661869807,5.962553682734373,5.368100884977841,1753.8007875986548,0.8631079389446878,1,5.4111916817230075,86.51372135198106,0.32793572325827475,0.025
M-04,2026-01-19 13:00:00+00:00,86.34054924131485,5.233965914003233,5.529168737519065,1710.3896686400924,0.8385721580514888,1,5.362050411615368,86.62134839257378,0.3288750762329053,0.10833333333333334
M-04,2026-01-19 14:00:00+00:00,90.6492845893276,4.996390027097853,5.407642121103541,1661.790414733406,0.7998408664299924,1,5.278720666714003,87.43743417542326,0.350655719873735,0.13333333333333333
M-04,2026-01-19 15:00:00+00:00,88.45139651586403,4.77471447861815,5.425470454058724,1680.2342640711097,0.9071099290432872,1,5.231941750229197,87.72612230282738,0.40145044895112314,0.1
M-04,2026-01-19 16:00:00+00:00,81.77792686910051,5.386805803765167,5.561301208798139,1561.7259486131504,0.6029616524148714,1,5.270705061216424,87.08994688636396,0.4036681500256598,0.10833333333333334
M-04,2026-01-19 17:00:00+00:00,89.98693028591478,5.4429036892701,4.884125311820494,1725.674181075007,0.8490951307381958,0,5.299555599248146,87.45079402003664,0.40973096164667194,0.075
M-04,2026-01-19 18:00:00+00:00,55.45793626478843,1.099399778913376,6.5111852772047465,1651.2608749431045,0.7305750917383582,0,4.489029948611313,82.11067062771838,1.6792515463148254,0.041666666666666664
M-04,2026-01-19 19:00:00+00:00,57.42488548179065,2.1240169351672886,6.554179872537625,1664.5253960575976,0.8080556143500068,0,3.970705118805322,77.29139333446433,1.8722084267019223,0.016666666666666666
M-04,2026-01-19 20:00:00+00:00,57.7968441501441,1.21759764117076,6.3828804372491,1736.1734838022403,0.994082361490944,0,3.340906387817474,71.81598659460042,2.0819949360194583,0.016666666666666666
M-04,2026-01-19 21:00:00+00:00,58.452167137441485,1.6921022018603753,6.69268387321744,1681.0102754059203,0.7290716095264689,0,2.827137675024511,66.81611503152999,2.037278303470978,0.008333333333333333
M-04,2026-01-19 22:00:00+00:00,61.1021030298709,1.8963677040592375,5.978692644458812,1736.1282909447843,0.87089526157872,0,2.2453979917401896,63.37014439165839,1.614708635257861,0.03333333333333333
M-04,2026-01-19 23:00:00+00:00,63.74320324332199,2.8066279289567566,6.677392004699503,1707.475466038076,0.8444351533613879,0,1.8060186983546327,58.99618988455959,0.6275398409403949,0.041666666666666664
M-04,2026-01-20 00:00:00+00:00,58.65134586751874,2.148128555882426,6.247984760482429,1589.042449857577,0.7289433851746037,0,1.9808068278494744,59.528424818347986,0.529802751195007,0.025
M-04,2026-01-20 01:00:00+00:00,57.42456210662164,2.0173846100815944,6.3393420402748415,1777.1148081216288,0.9656741162449358,0,1.9630347736685252,59.52837092248648,0.5258114680615421,0.05
M-04,2026-01-20 02:00:00+00:00,60.10423579474628,2.069780742467556,6.387743791883757,1697.2574445394878,0.7955666758344014,0,2.1050652905513245,59.912936196586834,0.3787005879893882,0.058333333333333334
M-04,2026-01-20 03:00:00+00:00,59.85700026210857,2.235601534859214,6.157939375707846,1534.3998780653108,0.7955666758344014,0,2.1956485127177974,60.14707505069802,0.32073040215920007,0.05
M-04,2026-01-20 04:00:00+00:00,65.51425030164756,2.2232113253948427,6.010262751331975,1620.4445448370695,0.8351060571568563,0,2.250122449607065,60.88243292932746,0.2855612724989365,0.05
M-04,2026-01-20 05:00:00+00:00,61.08417872096092,2.351484247515645,6.116966311775047,1781.9958861337143,0.9846952900080818,0,2.1742651693668797,60.43926217560062,0.1214710710354257,0.05
M-04,2026-01-20 06:00:00+00:00,55.31065398577061,3.061543645577772,6.423555713465136,1561.6413926204243,0.5880706508469264,0,2.3265010176494374,59.88248019530926,0.3798161545435588,0.025
M-04,2026-01-20 07:00:00+00:00,57.36323588704052,2.070629515962988,6.165550634493976,1641.084623311084,0.6978570483467111,0,2.3353751686296698,59.87225915871241,0.3716843620264894,0.058333333333333334
M-04,2026-01-20 08:00:00+00:00,59.50060630199025,1.731591430346949,6.269133927934212,1697.814575406469,0.6877507754313531,0,2.2790102832762353,59.77165424325307,0.4394766720716895,0.06666666666666667
M-04,2026-01-20 09:00:00+00:00,60.06167952697329,2.3127867694258923,5.868871498668794,1697.7475758332214,0.8496241534755651,0,2.2918744890373484,59.80576745406386,0.4390813891101138,0.06666666666666667
M-04,2026-01-20 10:00:00+00:00,68.35891484416896,2.1636625752038112,5.652334610240973,1698.696658938528,0.8736294144566088,0,2.281949697338843,60.27987821115076,0.4416095531530642,0.008333333333333333
M-04,2026-01-20 11:00:00+00:00,63.09087228906728,3.06611265146788,6.17472544934505,1705.8327954731624,0.8842876135781248,0,2.401054431330882,60.61432713916849,0.5477327534819215,0.016666666666666666
M-04,2026-01-20 12:00:00+00:00,65.19011419839308,2.557030503097692,5.8658488766364805,1719.930907624697,0.9185255434543164,0,2.316968907584202,62.26090384127223,0.4573217963730252,0.03333333333333333
M-04,2026-01-20 13:00:00+00:00,60.07609804820164,2.683664586616498,6.063271507688549,1591.5655998347702,0.6064296443849766,0,2.419141419359787,62.71304753479908,0.4597528508602637,0.03333333333333333
M-04,2026-01-20 14:00:00+00:00,66.35748121375194,2.657258155427637,6.047865470100026,1654.2906414043982,0.69569564727001,0,2.573419206873235,63.8558600200927,0.31560361140344095,0.03333333333333333
M-04,2026-01-20 15:00:00+00:00,65.93416212694808,2.9094500654219875,6.047865470100026,1705.2756174363926,0.8538092677413126,0,2.6728630895392507,64.83460712008849,0.31102448562888957,0.05
M-04,2026-01-20 16:00:00+00:00,64.88569579751979,2.8182416275107927,6.015624642529476,1654.2189136130294,0.622757646319907,0,2.7819595982570813,64.2557372789803,0.18661115696566286,0.06666666666666667
M-04,2026-01-20 17:00:00+00:00,64.38982464652207,2.0261708915875447,6.160590373325482,1699.8984526703102,0.9320605088857346,0,2.6086359716103584,64.47222933855609,0.3112380933230019,0.041666666666666664
M-04,2026-01-20 18:00:00+00:00,63.51919741975503,2.420180592483905,6.196844176981154,1725.4689049446322,0.8319271788398648,0,2.5858276531747273,64.19374320878309,0.3206483253905459,0.058333333333333334
M-04,2026-01-20 19:00:00+00:00,59.00324345764302,2.571911980441623,6.329665355994845,1747.6450245198926,0.692294485286328,0,2.5672022188122483,64.01493411035665,0.31705421695665487,0.016666666666666666
M-04,2026-01-20 20:00:00+00:00,64.83544422398087,2.908697718199293,5.87664641839905,1624.840665269548,0.7348842683681176,0,2.6091088126075244,63.76126127872814,0.3465801526950967,0.03333333333333333
M-04,2026-01-20 21:00:00+00:00,66.02155053684032,2.541404974625764,5.864859128145025,1626.7533245949523,0.6892524966669066,0,2.547767964141487,63.775826013710194,0.31381260478281847,0.06666666666666667
M-04,2026-01-20 22:00:00+00:00,69.58133778948977,2.858785077949921,5.589142358128718,1723.4228896506452,0.8215705290953459,0,2.5545252058813417,64.55843301237185,0.32115212445587754,0.05
M-04,2026-01-20 23:00:00+00:00,67.0528481967869,2.658829022470446,6.186171728160617,1723.4228896506452,0.8323996072509985,0,2.6599682276951584,65.00227027074932,0.19010789296576774,0.03333333333333333
M-04,2026-01-21 00:00:00+00:00,64.58164115281204,3.6845746816440577,6.175153233083213,1694.08524863733,0.914981927640215,0,2.870700575888517,65.17934422625882,0.4258113654806342,0.016666666666666666
M-04,2026-01-21 01:00:00+00:00,69.4151034661926,3.800084198327836,6.729553747614012,1708.161834908215,0.8930745590431812,0,3.07539594553622,66.91465422768374,0.5347251109907667,0.05
M-04,2026-01-21 02:00:00+00:00,61.94291760227949,3.714542573769596,5.901051087360728,1688.668604492818,0.7372318666610443,0,3.2097034214646034,66.43256645740018,0.5834627402780278,0.06666666666666667
M-04,2026-01-21 03:00:00+00:00,66.74473120125045,3.9946084895087,5.960583834700398,1659.948869772744,0.8087398102054251,0,3.451904007278426,66.5530965681352,0.5512948858181898,0.058333333333333334
M-04,2026-01-21 04:00:00+00:00,74.68075710885347,3.5664606154525105,6.013837881845878,1750.2465158579778,0.8418522366636881,0,3.569849930195524,67.40299978802916,0.4685074094181234,0.041666666666666664
M-04,2026-01-21 05:00:00+00:00,79.53479016027573,3.1747981745076377,6.237279405384856,1722.1112403970055,0.959617490209943,0,3.65584478886839,69.48332344861063,0.2754022746635389,0.1
M-04,2026-01-21 06:00:00+00:00,70.75166804494356,4.401783692183818,6.192718443797984,1644.578580709102,0.6511118336141632,0,3.7753796239583495,70.51166126396589,0.412092233459905,0.06666666666666667
M-04,2026-01-21 07:00:00+00:00,66.85249150285888,3.7864081146117914,6.1580156583414345,1622.630206610096,0.6540498491916332,0,3.773100276672342,70.08455927007694,0.4119660625480887,0.058333333333333334
M-04,2026-01-21 08:00:00+00:00,71.49601689981291,3.71354570456329,5.78107255555097,1649.2012568408618,0.7392216437035494,0,3.772934131804624,71.6767424863325,0.41199460198454596,0.058333333333333334
M-04,2026-01-21 09:00:00+00:00,69.91076775748157,2.750138410439837,6.064742759462108,1638.0497384070263,0.5779292826817332,0,3.5655224519598137,72.20441524570435,0.5634805582243929,0.05
M-04,2026-01-21 10:00:00+00:00,69.77719664993144,2.896286476382705,5.7629331874761975,1658.3024089016064,0.5928132525131656,0,3.4538267621148466,71.38715516921735,0.6261903936600473,0.05
M-04,2026-01-21 11:00:00+00:00,73.9494570525418,3.2316850939341557,5.715882086160809,1715.150887657699,0.6971904907326731,0,3.4633079153525994,70.45626631792835,0.6215340151593223,0.08333333333333333
M-04,2026-01-21 12:00:00+00:00,73.58042742324133,3.659217485155341,6.218715495705853,1726.9265810629329,0.7435412854473652,0,3.3395468808478532,70.92772621431132,0.4466017630667355,0.06666666666666667
M-04,2026-01-21 13:00:00+00:00,71.0911100763404,3.428459203360952,6.140938365518068,1611.372801264366,0.5782335210748539,0,3.2798887289727134,71.63416264322491,0.3960130154967863,0.041666666666666664
M-04,2026-01-21 14:00:00+00:00,75.91026648032343,3.1094258615994,5.688668566877095,1595.8588531901244,0.6319658688873324,0,3.179202088478732,72.36987090664333,0.3359476034875915,0.075
M-04,2026-01-21 15:00:00+00:00,69.20834037360996,3.1836361200526726,6.570607593143103,1610.830631070629,0.6165964225969806,0,3.2514517067475377,72.25279967599806,0.2641620480799913,0.06666666666666667
M-04,2026-01-21 16:00:00+00:00,77.67094239018218,2.9316217320572955,5.629294971016607,1712.1515876730264,0.9649990690129892,0,3.2573409160266364,73.56842396603984,0.25489162927163217,0.075
M-04,2026-01-21 17:00:00+00:00,77.28308141486754,3.9927790998657273,5.694333411904162,1653.9394901268895,0.6257796926556911,0,3.3841899170152314,74.12402802642747,0.3920499458217524,0.058333333333333334
M-04,2026-01-21 18:00:00+00:00,76.86162555620561,2.718466858868254,6.039256683078588,1644.855445681332,0.7708964670823144,0,3.2273981459673835,74.67089438192151,0.44464837123187295,0.10833333333333334
M-04,2026-01-21 19:00:00+00:00,73.72600366407899,4.278667695519864,5.920109960135898,1729.9843405459412,0.904513299024875,1,3.3690995613272023,75.11004331321128,0.621743876611901,0.09166666666666666
M-04,2026-01-21 20:00:00+00:00,80.9671955973739,4.325549604830473,5.713711245664585,1709.8188270499738,0.9897842627831536,0,3.5717868518657148,75.9528648327197,0.7118568211984736,0.08333333333333333
M-04,2026-01-21 21:00:00+00:00,79.23350777823683,4.225605912071928,5.420631008964944,1710.901374064481,0.8129117321313598,0,3.7454484838689237,77.62372606682418,0.7251991268245968,0.075
M-04,2026-01-21 22:00:00+00:00,81.54183816841653,3.438373518097628,5.984639817460417,1621.2895772317204,0.7342780707940723,0,3.829907114875646,78.26887536319657,0.6354133077400532,0.041666666666666664
M-04,2026-01-21 23:00:00+00:00,81.99106915534631,4.324325604028724,5.699107147842892,1662.3799325341613,0.7987639713397066,0,3.885164865569479,79.05353998660969,0.6660859108429069,0.075
M-04,2026-01-22 00:00:00+00:00,79.23389072704988,4.71312042641688,5.418041498389592,1595.3375149836518,0.5542711713593121,0,4.217607126827583,79.44891751508374,0.4194213233950324,0.09166666666666666
M-04,2026-01-22 01:00:00+00:00,78.54972905608746,4.848615667615602,6.004705687869716,1722.403231369066,0.7864452507317026,0,4.312598455510206,80.25287174708515,0.4939381546188247,0.11666666666666667
M-04,2026-01-22 02:00:00+00:00,74.3757446961109,4.361946426891684,5.851522148250726,1655.547558832327,0.6341520818379864,0,4.318664592520407,79.15429659687464,0.4943523449610897,0.10833333333333334
M-04,2026-01-22 03:00:00+00:00,74.05637103167919,3.708864434541203,5.886536576478912,1647.4254074253938,0.5568776246150037,1,4.232541012931954,78.29144047244837,0.5550880819726772,0.016666666666666666
M-04,2026-01-22 04:00:00+00:00,84.51061851897892,4.589765245689339,5.788878739388943,1614.1252629108455,0.7285835805601966,0,4.424439634197238,78.7862371975421,0.4041214053467292,0.058333333333333334
M-04,2026-01-22 05:00:00+00:00,80.19951392336479,4.103496975472529,5.723844442632401,1639.1838802574716,0.7449831852250243,1,4.387634862771207,78.48764465887852,0.42459966444910174,0.15
M-04,2026-01-22 06:00:00+00:00,76.60821479729543,3.918367227993913,5.800618055662079,1604.1409317231414,0.6325415438949888,1,4.255175996367378,78.05003200391945,0.42671384519963146,0.041666666666666664
M-04,2026-01-22 07:00:00+00:00,75.7878021114473,4.580025273562985,5.651915647057344,1715.7499357970512,0.6524912351037914,0,4.210410930691943,77.58971084647942,0.3610419563649167,0.13333333333333333
M-04,2026-01-22 08:00:00+00:00,76.21346387111555,4.745375485542719,5.607543554188931,1751.1409089823774,0.8701122449991845,0,4.274315773800448,77.89599737564686,0.4220136409598334,0.075
M-04,2026-01-22 09:00:00+00:00,78.50151787314225,4.287924655397302,5.607543554188931,1694.4225711348322,0.8701122449991845,0,4.370825810609798,78.63685518255737,0.32094935025310634,0.03333333333333333
M-04,2026-01-22 10:00:00+00:00,81.80569310737896,4.820202319846688,6.054639453970491,1726.475731610364,0.908230262240523,0,4.409231989636023,78.18603428062404,0.3633722582795964,0.058333333333333334
M-04,2026-01-22 11:00:00+00:00,81.0677629417751,5.064636842997157,6.054639453970491,1687.429372675557,0.8121489530837787,1,4.569421967556794,78.3307424503591,0.4104421126547042,0.058333333333333334
M-04,2026-01-22 12:00:00+00:00,83.33152615969179,4.565554404976068,5.524605204360908,1633.2050997714375,0.6306184632148548,1,4.67728649705382,79.45129434409183,0.26406354651621583,0.06666666666666667
M-04,2026-01-22 13:00:00+00:00,83.85320642237744,4.767222474168348,5.624647911410392,1721.6438414101024,0.8668753625707399,0,4.708486030488047,80.79552839591351,0.2613182167622973,0.10833333333333334
M-04,2026-01-22 14:00:00+00:00,79.42828796784829,4.566431129615295,5.795481944407885,1693.0708259895575,0.8237049507685237,1,4.67866197116681,81.33133241203564,0.2664274640274516,0.05
M-04,2026-01-22 15:00:00+00:00,84.12684447775294,4.79685328596045,5.828859821000359,1675.8068078742576,0.7000858713254516,1,4.763483409594001,82.26888684613742,0.18603410783898072,0.041666666666666664
M-04,2026-01-22 16:00:00+00:00,82.62044857756482,5.083964009356746,5.080118165733225,1580.8895992900584,0.6139195563753694,1,4.807443691179011,82.40467942450174,0.2284465750669328,0.1
M-04,2026-01-22 17:00:00+00:00,84.46910462034066,5.066406760123262,5.692127913926848,1673.7118736327218,0.8505283837915363,1,4.807738677366695,82.97156970426266,0.2288458957171075,0.09166666666666666
M-04,2026-01-22 18:00:00+00:00,84.07637268714552,4.759458287122408,5.437045251528772,1726.5651564161922,0.9244965213932148,1,4.840055991057752,83.0957107921716,0.19963143121079338,0.058333333333333334
M-04,2026-01-22 19:00:00+00:00,81.2040348410726,5.552289711612328,5.921807680260448,1787.4289989591182,0.9469510382302542,0,4.970900530631748,82.65418219528748,0.3459809046554106,0.10833333333333334
M-04,2026-01-22 20:00:00+00:00,84.50079021499054,4.475338144619425,5.208234486542436,1731.0910958486572,0.9204482885113194,1,4.95571836646577,83.49959923647785,0.36854240606745003,0.05
M-04,2026-01-22 21:00:00+00:00,84.31494949771698,4.562725968627591,5.55476957736322,1638.8247859487349,0.7106024511934397,1,4.916697146910294,83.53095007313853,0.39979657398506824,0.10833333333333334
M-04,2026-01-22 22:00:00+00:00,82.00755790328144,5.281769749517346,5.738301795480736,1733.0615545898288,0.8096306646620287,1,4.949664770270393,83.42880162742462,0.42378417139211605,0.08333333333333333
M-04,2026-01-22 23:00:00+00:00,84.42868966430818,5.1147699160055495,5.90662165243567,1629.3332186511093,0.7923962100709789,1,4.957725296250775,83.42206580141921,0.4268972485485116,0.058333333333333334
M-04,2026-01-23 00:00:00+00:00,85.01684048093853,5.179122973787601,5.492138193232439,1653.5515381275895,0.7127177885941027,1,5.0276694106949735,83.57881043371805,0.4222701395858185,0.09166666666666666
M-04,2026-01-23 01:00:00+00:00,85.85139092751676,5.847254227225994,5.634312366461407,1668.6484172826686,0.681654889739827,1,5.0768301632972515,84.35336978145874,0.5046885153645093,0.075
M-04,2026-01-23 02:00:00+00:00,87.9698470527498,4.184724178611974,5.950589116386341,1687.0519631460522,0.8196429730105119,1,5.028394502296009,84.93154592108529,0.5819857124608072,0.08333333333333333
M-04,2026-01-23 03:00:00+00:00,90.118627752474,5.072149518397733,5.381388477948415,1721.88556094233,0.9749608416449695,1,5.1132984272577,85.89882563021145,0.5357895308578399,0.125
M-04,2026-01-23 04:00:00+00:00,89.71261619625537,5.649819282214164,5.612690935575031,1657.943269515565,0.6759205486927427,1,5.174640016040503,87.18300201237378,0.5783160736443738,0.11666666666666667
M-04,2026-01-23 05:00:00+00:00,95.15579447020838,6.000035987535743,5.906677674893394,1780.164539156533,0.9827305554939496,1,5.322184361295535,88.97085281335713,0.6662320141150774,0.09166666666666666
M-04,2026-01-23 06:00:00+00:00,85.19868190939754,5.894211110255725,5.473007782318471,1676.4933385421807,0.8319659531549475,1,5.441365717373556,89.00115971810031,0.6986913982968218,0.11666666666666667
M-04,2026-01-23 07:00:00+00:00,82.24962109378163,5.6333969984496415,5.221694508965011,1695.738982666149,0.9174067799798752,1,5.40572284591083,88.40086474581112,0.6790222963989747,0.11666666666666667
M-04,2026-01-23 08:00:00+00:00,87.75290598499335,5.777568272116903,5.6992790979468575,1725.9811388034689,0.9716452718363048,1,5.671196861494985,88.36470790118504,0.3255545892096086,0.1
M-04,2026-01-23 09:00:00+00:00,83.74364760892556,5.05751816293466,5.056914686464787,1606.9911894529332,0.5577485019209402,1,5.668758302251139,87.30221121059363,0.3309492707787367,0.06666666666666667
M-04,2026-01-23 10:00:00+00:00,92.42549525935183,6.169471007930087,5.722975829889997,1765.4626762829864,0.9566506286272698,1,5.755366923203794,87.75435772110971,0.3880683720566068,0.125
M-04,2026-01-23 11:00:00+00:00,90.47249353249984,5.620146930604397,5.494419147797281,1561.749545609673,0.5873033818809482,0,5.692052080381902,86.97380756482495,0.3707705992609117,0.09166666666666666
M-04,2026-01-23 12:00:00+00:00,59.26661927991425,2.086156106429748,6.471612963346596,1602.785755026783,0.5714178676276158,0,5.057376246410906,82.65179712657775,1.498805604648296,0.05
M-04,2026-01-23 13:00:00+00:00,53.41629233114333,1.2441595270248509,6.44260098656676,1677.0360840057915,0.697036891439393,0,4.325836667840108,77.84624233280469,2.108554581449513,0.008333333333333333
M-04,2026-01-23 14:00:00+00:00,57.04432585010164,1.219182980368163,6.275216463405603,1641.407736596809,0.7622200993198448,0,3.5661057858819842,72.72814564365608,2.2939328028423374,0.025
M-04,2026-01-23 15:00:00+00:00,57.96630038770232,2.021016701562332,6.09294908796004,1753.279263189925,0.91297166481756,0,3.0600222089865965,68.43192110678554,2.233244473810202,0.03333333333333333
M-04,2026-01-23 16:00:00+00:00,57.86591289550172,2.118554527329205,5.927156365746321,1644.8525175004188,0.8526577337088891,0,2.3848694622197826,62.67199071281052,1.6382677786352702,0.008333333333333333
M-04,2026-01-23 17:00:00+00:00,57.39860709502874,1.491006347161081,6.490623901042771,1668.8658498529414,0.738266521395972,0,1.6966793649792302,57.15967630656533,0.4266014261481853,0.05
M-04,2026-01-23 18:00:00+00:00,59.67189398251747,1.312247574723702,6.377661031220623,1667.3369195998491,0.8630410621610315,0,1.567694609694889,57.22722209033253,0.4015512795676126,0.05
M-04,2026-01-23 19:00:00+00:00,57.69133000170981,2.3869591249558493,6.295084515705684,1619.4055263755504,0.6710550231512229,0,1.7581612093500556,57.939728368760285,0.4806394476848872,0.041666666666666664
M-04,2026-01-23 20:00:00+00:00,59.09430803594522,2.0167264220852994,5.972616225820068,1663.7635704219924,0.7429563652026717,0,1.8910851163029114,58.281392066400876,0.40630462489044944,0.03333333333333333
M-04,2026-01-23 21:00:00+00:00,55.35731014828543,2.51708731998314,5.611257274802223,1687.015440624613,0.6526016218176505,0,1.9737635527063795,57.84656035983139,0.481539082551889,0.05
M-04,2026-01-23 22:00:00+00:00,61.89483596233909,2.3323338365529964,6.1383712246586,1749.5596168300558,0.9094811571458006,0,2.0093934375770113,58.51804753763762,0.501874631770688,0.03333333333333333
M-04,2026-01-23 23:00:00+00:00,59.37433125287228,1.859329825226948,5.716133764120762,1662.521722125308,0.7525287698660149,0,2.0707806839213228,58.847334897278216,0.44510094995046756,0.058333333333333334
M-04,2026-01-24 00:00:00+00:00,56.90387774496544,1.839830245897621,6.49536009803509,1687.325243057216,0.7916003797493244,0,2.1587111291169756,58.38599885768622,0.2905681765625845,0.05
M-04,2026-01-24 01:00:00+00:00,63.67353027235351,2.9996318999907854,6.206853284033214,1697.5349908892651,0.9512343016536025,0,2.260823258289465,59.38303223612683,0.4504749937326636,0.03333333333333333
M-04,2026-01-24 02:00:00+00:00,60.04162482790251,2.3947935602552333,5.969018999302254,1599.4266278981136,0.6208198402051582,0,2.323834447984454,59.54091836811971,0.4357019430976768,0.025
M-04,2026-01-24 03:00:00+00:00,63.56057704211092,1.817083921685696,5.920447937752331,1684.391073718877,0.621940338335544,0,2.20716721493488,60.90812951709063,0.46625376778298294,0.03333333333333333
M-04,2026-01-24 04:00:00+00:00,68.74286382080236,2.3170383631238747,6.490711764330291,1740.2954282884398,0.9070251658121832,0,2.2046179693633596,62.04946749350117,0.4654737101015075,0.03333333333333333
M-04,2026-01-24 05:00:00+00:00,57.48735965175998,2.249893041793497,6.199355968709416,1732.9764810518866,0.9281950834647044,0,2.269711838791118,61.73497222664912,0.43375835038837474,0.06666666666666667
M-04,2026-01-24 06:00:00+00:00,65.52896307204342,2.9463171769206817,6.270708577564703,1700.08113751282,0.8659795852817255,0,2.454126327294961,63.17248644782878,0.4493719864242006,0.05
M-04,2026-01-24 07:00:00+00:00,61.54536024357127,2.6797868768987443,6.081441436997573,1700.08113751282,0.6511697685688352,0,2.4008188234462877,62.817791443031744,0.3862569416644811,0.041666666666666664
M-04,2026-01-24 08:00:00+00:00,69.01241021526546,2.4263632969536006,6.575261632589942,1702.5613649051738,0.8480938978533181,0,2.4060804462293492,64.31292234092557,0.38637345488642666,0.041666666666666664
M-04,2026-01-24 09:00:00+00:00,62.21969878478267,1.7032657877326869,6.3211405106096725,1686.6369787096214,0.5996914799184926,0,2.387110757237181,64.08944263137086,0.42220721852542764,0.05
M-04,2026-01-24 10:00:00+00:00,65.69855941707974,3.1823463855966807,6.0779138371604775,1747.1330606754211,0.9650867349672276,0,2.5313287609826483,63.58205856408375,0.5280134932829769,0.058333333333333334
M-04,2026-01-24 11:00:00+00:00,65.0046858602306,3.137919843757241,6.307800022893487,1537.9901634704445,0.5521757014473303,0,2.6793332279766062,64.83494626549553,0.5570109495529839,0.041666666666666664
M-04,2026-01-24 12:00:00+00:00,64.10125736375883,3.166849177005476,5.65960144687216,1697.9267766433252,0.5521757014473303,0,2.716088561324072,64.59699531411476,0.5847378274058256,0.06666666666666667
M-04,2026-01-24 13:00:00+00:00,61.57874049002882,1.9186821861776764,6.102072987631598,1620.5456779528402,0.5774874811821383,0,2.589237779537227,64.60255868852435,0.6704601440486735,0.09166666666666666
M-04,2026-01-24 14:00:00+00:00,67.38188819843519,3.082945432340272,6.377731822700488,1595.0646932517034,0.5628664866092891,0,2.6986681354350055,64.33080501905265,0.6918024510504057,0.05
M-04,2026-01-24 15:00:00+00:00,68.5782669903177,3.1429436664605443,5.654878156938602,1730.821665775714,0.97640924083997,0,2.938614448556315,65.39056638664181,0.5008118750529761,0.03333333333333333
M-04,2026-01-24 16:00:00+00:00,67.64434126699616,3.812734312049273,5.7615214666827725,1779.282662300393,0.9603492784312628,0,3.0436791029650805,65.71486336162788,0.6152253993381079,0.041666666666666664
M-04,2026-01-24 17:00:00+00:00,67.03154667923461,2.982113207022827,6.065783011715624,1626.294114673236,0.7060087490958818,0,3.0177113301760112,66.05267349812856,0.613738470511674,0.05
M-04,2026-01-24 18:00:00+00:00,66.42948535264746,2.8878337076276224,5.454259000465771,1652.3170362493147,0.7111409090622397,0,2.971208751946369,66.44071149627665,0.610741469317406,0.075
M-04,2026-01-24 19:00:00+00:00,68.2092780942715,2.8964184977937744,6.3252412591911975,1706.9587632463454,0.9309480336896432,0,3.1341648038823853,67.54580109698377,0.34741303171062127,0.025
M-04,2026-01-24 20:00:00+00:00,65.32291597313396,3.1146315468216774,6.424971885475532,1603.968153936373,0.5598685385889985,0,3.1394458229626196,67.20263905943357,0.3467188665610514,0.075
M-04,2026-01-24 21:00:00+00:00,71.4550949543566,3.1468824228072108,5.529029945736889,1681.3753448773052,0.8394528101905825,0,3.140102282353731,67.68211038677337,0.3467305422432296,0.10833333333333334
M-04,2026-01-24 22:00:00+00:00,65.93056446997426,3.4271470671556834,5.988793003714636,1595.5780698946571,0.6835953857711932,0,3.0758377415381326,67.39648092060305,0.20312145061201492,0.025
M-04,2026-01-24 23:00:00+00:00,72.18942243610917,2.842375242387181,5.695946916972648,1696.1707207597194,0.651103565283379,0,3.052548080765525,68.25612688008216,0.22305049600479618,0.05
M-04,2026-01-25 00:00:00+00:00,66.26838014010835,3.394535541028016,6.389236631498076,1604.1558744067204,0.5578659714192221,0,3.1369983863322575,68.22927601132564,0.2432246255775124,0.08333333333333333
M-04,2026-01-25 01:00:00+00:00,66.77603575902678,3.0496963870735048,5.669118878522723,1647.433641668324,0.685174603550829,0,3.1625447012122123,67.99040228878486,0.21982646042654339,0.08333333333333333
M-04,2026-01-25 02:00:00+00:00,69.99999535062895,3.046302909385341,6.028533306128361,1632.176099312347,0.7871734890289264,0,3.151156594972823,68.76991551836736,0.22452470400357621,0.058333333333333334
M-04,2026-01-25 03:00:00+00:00,71.48674662312756,3.3019316719880787,5.890576284152695,1757.088654305341,0.947666191340666,0,3.176998136502968,68.77519079649583,0.23270791014866418,0.025
M-04,2026-01-25 04:00:00+00:00,70.61036910742708,3.4047266702129773,5.997049628654581,1728.3288258535451,0.9416333539313498,0,3.173261403679183,69.5551582360713,0.2280205586146258,0.058333333333333334
M-04,2026-01-25 05:00:00+00:00,71.61836254055869,3.1881758579930537,6.188893095255328,1643.7316212016178,0.7446072060952345,0,3.2308948396134958,69.4599815868129,0.16172444919799772,0.06666666666666667
M-04,2026-01-25 06:00:00+00:00,71.71857233311069,3.079915883899401,5.660298356088124,1763.0888650340123,0.7951781625433567,0,3.1784582300920596,70.36834695231329,0.1485212208019091,0.08333333333333333
M-04,2026-01-25 07:00:00+00:00,74.95629225928033,4.069662155853654,5.84479151281082,1714.8620023009928,0.7389655196688267,0,3.348452524888751,71.73172303568889,0.3780394764140956,0.075
M-04,2026-01-25 08:00:00+00:00,72.96559770440021,3.5966516344414066,5.901423551846688,1633.9879270835215,0.6728970080330214,0,3.440177312398095,72.22599009465075,0.35620135221789123,0.06666666666666667
M-04,2026-01-25 09:00:00+00:00,68.90256712220115,4.196924937885328,5.79136832021091,1687.2025661205896,0.6936124455180614,0,3.5893428567143033,71.79529351116302,0.4592276059930489,0.058333333333333334
M-04,2026-01-25 10:00:00+00:00,74.46189101327509,2.9559752696641097,6.307795874036631,1710.0281214360596,0.9800699940266524,0,3.5145509566228252,72.43721382880436,0.5268696925468909,0.06666666666666667
M-04,2026-01-25 11:00:00+00:00,68.35195448798734,3.67505784355091,5.718166030200228,1560.3271378123532,0.5749590387373659,0,3.595697954215801,71.89281248670913,0.5035257906121373,0.06666666666666667
M-04,2026-01-25 12:00:00+00:00,73.36436385030545,3.7482066446799833,5.238797748728911,1598.8867908548104,0.6205589641758714,0,3.707079747679232,72.16711107290827,0.436000789488808,0.09166666666666666
M-04,2026-01-25 13:00:00+00:00,74.50659545220454,4.057594269540874,5.592991918245996,1592.9756127972405,0.5525871240369996,0,3.7050684332937682,72.09216160506229,0.4340169575441285,0.041666666666666664
M-04,2026-01-25 14:00:00+00:00,75.59968031840344,4.451577848600376,5.618797934708424,1743.3380413568946,0.9350500038680578,0,3.8475561356535963,72.53117537406284,0.5226010390545756,0.09166666666666666
M-04,2026-01-25 15:00:00+00:00,78.1433276075413,2.899485378456962,5.690114742934646,1752.575017071111,0.964423998913108,0,3.631316209082202,74.07130212161952,0.6102098976125502,0.06666666666666667
M-04,2026-01-25 16:00:00+00:00,74.15196759999561,4.31847847888344,5.73226445924034,1768.1051201355592,0.9971941945101264,0,3.8584000772854243,74.01964821940628,0.5600865463688645,0.058333333333333334
M-04,2026-01-25 17:00:00+00:00,80.99216341473858,3.805603055047412,6.103007897625239,1795.757956031422,0.9986077641778812,0,3.880157612534841,76.12634970719814,0.5540428694537399,0.08333333333333333
M-04,2026-01-25 18:00:00+00:00,83.6499440878513,4.174009856175704,5.859128149794506,1647.3912458198151,0.7090382654375682,0,3.9511248144507953,77.84061308012245,0.5609879725361171,0.075
M-04,2026-01-25 19:00:00+00:00,74.89660115309235,4.588400367158658,6.074973195991262,1671.9766582466857,0.7167440283641733,1,4.039592497387092,77.90561403027043,0.6198972054007235,0.09166666666666666
M-04,2026-01-25 20:00:00+00:00,67.87533625252648,4.1562371061762535,5.978948036616751,1593.556541344166,0.5767691974629532,0,3.9903690403164056,76.61822335262427,0.591726130757709,0.06666666666666667
M-04,2026-01-25 21:00:00+00:00,80.73343211283185,4.215332985605825,6.236519534980577,1628.4720191796214,0.7098505481445336,0,4.209676974841216,77.04990743683936,0.2540491531977603,0.08333333333333333
M-04,2026-01-25 22:00:00+00:00,84.25431378770877,4.364884074215593,6.295215697475019,1663.2315892496065,0.7941030104891078,0,4.217411240729907,78.73363180145822,0.2586880068359683,0.05
M-04,2026-01-25 23:00:00+00:00,79.37877482347417,4.364884074215593,5.83768970572959,1557.1936235167211,0.5560366824182729,0,4.310624743924605,78.46473370291416,0.16408969264279688,0.06666666666666667
M-04,2026-01-26 00:00:00+00:00,78.87762622911053,4.904467898869769,5.874599973316,1640.228519790459,0.8097622043603991,0,4.432367751040282,77.66934739312403,0.27556670429832225,0.13333333333333333
M-04,2026-01-26 01:00:00+00:00,84.9521083629872,4.904467898869769,6.250000333752008,1711.49696217552,0.8906406493183859,1,4.4850456729921335,79.34526526143983,0.33513210353831335,0.05
M-04,2026-01-26 02:00:00+00:00,80.96685236647971,4.597412775942924,6.082733809934884,1565.2730160569731,0.5920210939754567,0,4.5585749512865785,81.52718461376539,0.2944960433435709,0.06666666666666667
M-04,2026-01-26 03:00:00+00:00,81.20871857653809,4.418366638517119,5.611217177833727,1741.7847545719972,0.9590632877776692,1,4.5924138934384615,81.6063990243831,0.2563639903163496,0.125
M-04,2026-01-26 04:00:00+00:00,83.16469935379224,4.108486463952175,5.237266757477396,1643.3059004642798,0.5934632101734421,1,4.549680958394558,81.42479661873033,0.31625046833275294,0.11666666666666667
M-04,2026-01-26 05:00:00+00:00,80.35358259556928,4.417451536463031,5.314927574162903,1698.5477776284338,0.909946409140425,1,4.558442202102465,81.58726458074618,0.3107880206435449,0.075
M-04,2026-01-26 06:00:00+00:00,83.47367865299941,4.51648854829682,5.897766408266082,1674.3250188781087,0.8346219557575212,1,4.493778977006973,82.35327331806099,0.26072372314138087,0.075
M-04,2026-01-26 07:00:00+00:00,84.4348570883881,4.5524076781852685,5.95898852009732,1645.234818985865,0.7857401301586696,1,4.435102273559557,82.26706477229448,0.1754984330071459,0.075
M-04,2026-01-26 08:00:00+00:00,82.59078139309841,4.735468830704139,5.626104837248584,1736.0652727767,0.7973569549525349,1,4.458111616019759,82.53771961006426,0.20721838256489603,0.1
M-04,2026-01-26 09:00:00+00:00,83.27362366201685,4.595401911249254,5.496201184555509,1658.1055659191177,0.7312837475053269,1,4.487617494808448,82.88187045764406,0.21295195279358803,0.14166666666666666
M-04,2026-01-26 10:00:00+00:00,81.62646116558525,5.054137396121753,6.11620815386371,1662.6685080077434,0.7449998026097775,1,4.645225983503377,82.62549742627621,0.22578951116767354,0.10833333333333334
M-04,2026-01-26 11:00:00+00:00,85.42926341140154,5.054195092246092,6.02364439050001,1750.7837165761666,0.906231460380482,1,4.751349909467221,83.47144422891493,0.24605093943168177,0.075
M-04,2026-01-26 12:00:00+00:00,87.604316730875,4.671811093162656,5.847078277333146,1665.4724194700343,0.7867345173729785,1,4.777237000278194,84.15988390856086,0.22354017065415593,0.075
M-04,2026-01-26 13:00:00+00:00,89.39176914875273,4.925430353247606,5.989010198492907,1648.638504508308,0.8759898185987492,1,4.839407446121917,84.98603591862162,0.19903421778857247,0.14166666666666666
M-04,2026-01-26 14:00:00+00:00,83.65374475282366,4.835499396488951,5.626277545661435,1655.517386420033,0.7829087212688443,1,4.856079207086052,85.16319647857584,0.19267457053209658,0.10833333333333334
M-04,2026-01-26 15:00:00+00:00,83.00992754677421,5.114544243533177,5.426164755184759,1633.5292286721285,0.7877884093106553,1,4.942602929133372,85.1192471260354,0.16706336898789134,0.11666666666666667
M-04,2026-01-26 16:00:00+00:00,88.31760390340175,5.368448917082494,5.415782553267027,1648.4815684646435,0.7386392108886843,1,4.994988182626829,86.23443758233815,0.24165695757103797,0.08333333333333333
M-04,2026-01-26 17:00:00+00:00,83.45252421309814,5.5935401961244295,5.282792298005972,1626.658621366774,0.6052572326233722,0,5.084879033273219,85.90498104928758,0.34590960965206385,0.125
M-04,2026-01-26 18:00:00+00:00,86.1238110566222,5.023826442693146,5.663689306312117,1685.9157149983328,0.749923174263253,1,5.143548258194968,85.65823010357877,0.286606740395284,0.075
M-04,2026-01-26 19:00:00+00:00,88.68227287722046,4.837898505935879,5.5388864948445775,1706.0549209831345,0.9540909560525844,1,5.1289596169763465,85.53998072499007,0.3017570208236531,0.11666666666666667
M-04,2026-01-26 20:00:00+00:00,87.90223182306421,6.207970840938236,5.450125705631024,1589.0762749700723,0.5951186637070062,1,5.357704857717894,86.2480619033635,0.4938595969579952,0.10833333333333334
M-04,2026-01-26 21:00:00+00:00,82.73836840981782,5.754614113821002,5.176191415311973,1627.7868449283003,0.7583108134390066,1,5.464383169432531,86.2028020472041,0.49992295560125466,0.09166666666666666
M-04,2026-01-26 22:00:00+00:00,91.1601440224752,5.557129050606746,5.176191415311973,1737.197917452928,0.866259320319772,1,5.49582985835324,86.67655873371633,0.4986140511300962,0.15
M-04,2026-01-26 23:00:00+00:00,89.10200439734784,5.269865689896465,5.316310502758002,1736.033138230412,0.7731432145270692,1,5.4418841073152455,87.61813876442461,0.5034146384265207,0.11666666666666667
M-04,2026-01-27 00:00:00+00:00,90.46958166646222,6.035774408281054,5.316125623010064,1725.2101345951833,0.9822568100731952,1,5.610542101579896,88.34243386606461,0.504854801971065,0.13333333333333333
M-04,2026-01-27 01:00:00+00:00,92.97725989231525,4.955556766767176,5.422980768368592,1663.133008943401,0.9116918842978784,1,5.630151811718446,89.05826503524709,0.46991749784529635,0.1
M-04,2026-01-27 02:00:00+00:00,91.5130959118932,6.254149947987083,5.110541946498012,1577.7771837476184,0.6130404265276478,1,5.63784832955992,89.6600757167186,0.4815092312973544,0.10833333333333334
M-04,2026-01-27 03:00:00+00:00,88.78204295120167,5.544011892192639,5.17625778561786,1785.2571797602695,0.934910270256902,1,5.602747959288528,90.66735480694922,0.4789644061446313,0.075
M-04,2026-01-27 04:00:00+00:00,89.62781249690318,6.363471941739661,5.208694811306608,1653.3559686391009,0.6070481126891017,1,5.737138441144013,90.41196621935389,0.5683818425555607,0.075
M-04,2026-01-27 05:00:00+00:00,86.22935177336251,5.8495968798282565,5.847029920791942,1724.507720954873,0.8574393061893585,0,5.833760306132645,89.933190782023,0.520303365805721,0.13333333333333333
M-04,2026-01-27 06:00:00+00:00,48.60014990249985,1.541687283726456,6.550743039961758,1686.702739690292,0.7301257601293492,0,5.084745785373545,82.95495215469595,1.809338143117323,0.016666666666666666
M-04,2026-01-27 07:00:00+00:00,54.31039603368599,1.0776761684288507,6.385316539143257,1656.64338896457,0.8746675312671977,0,4.438432352317158,76.51047484492439,2.445490272755725,0.0
M-04,2026-01-27 08:00:00+00:00,48.56464033135104,1.541560968953679,6.478773677047445,1614.0313878696352,0.5851783671465929,0,3.6530008558115905,69.35239891483404,2.501828570506841,0.008333333333333333
M-04,2026-01-27 09:00:00+00:00,51.58931392113284,0.976125936427,6.903718196454182,1575.3358112478757,0.5743395427946176,0,2.8916865298506504,63.1536107431559,2.506306867000002,0.025
M-04,2026-01-27 10:00:00+00:00,53.65042037024791,1.6434231168767863,6.324428868535769,1690.025196923532,0.7684597855681543,0,2.105011725706838,57.157378722046694,1.8547018453095123,0.016666666666666666
M-04,2026-01-27 11:00:00+00:00,55.98312364785053,1.4564086476881657,6.2840876891951,1684.5174589340124,0.7025476478019416,0,1.3728136870168228,52.116340701128024,0.27628928468271235,0.0
M-04,2026-01-27 12:00:00+00:00,51.5042608217653,1.5283095646928784,6.26203532718994,1680.055857511766,0.7243112811946559,0,1.3705840671778933,52.60035918767227,0.274703364825867,0.016666666666666666
M-04,2026-01-27 13:00:00+00:00,58.58012154658981,0.9070376850509468,6.019267823000509,1677.5545974238466,0.7074032218298354,0,1.3421443199482426,53.31198010648958,0.31671343171130445,0.03333333333333333
M-04,2026-01-27 14:00:00+00:00,54.58570643341783,0.6585684080677798,6.12274153603463,1626.5444598568563,0.8106787528568055,0,1.1949788931339262,54.31549112350071,0.39977494654812784,0.016666666666666666
M-04,2026-01-27 15:00:00+00:00,56.37716424172617,1.1952229138244554,6.234680208551264,1718.4144535306466,0.8588209848299739,0,1.231495056033502,55.113466176932924,0.38553933687940817,0.008333333333333333
M-04,2026-01-27 16:00:00+00:00,51.50834995545116,1.3806084480627512,6.182363675615113,1608.5797273472208,0.5796433305802372,0,1.187692611231163,54.756454441133464,0.34183067526348926,0.025
M-04,2026-01-27 17:00:00+00:00,54.86125840580478,1.579313239646844,6.331278578841725,1734.7132270239642,0.9056933452058826,0,1.2081767098909426,54.569476900792516,0.3641103874704954,0.03333333333333333
M-04,2026-01-27 18:00:00+00:00,57.27848704536154,1.0640713794020953,6.466928623159244,1724.518974529498,0.955743588880764,0,1.1308036790091454,55.53184793805855,0.3302252738432464,0.03333333333333333
M-04,2026-01-27 19:00:00+00:00,61.344547854962414,1.692427161371355,6.334161839133823,1684.4767931279323,0.8820279194944232,0,1.2617019250625467,55.992585656120646,0.3762412174107522,0.016666666666666666
M-04,2026-01-27 20:00:00+00:00,53.29386769398931,1.5000791882983102,6.350298670928871,1719.7201518442257,0.9953367178916276,0,1.401953721767635,55.77727919954922,0.23783084317424477,0.0
M-04,2026-01-27 21:00:00+00:00,57.219917523072766,2.195486132761366,5.964131076425939,1774.6062298107415,0.8669232678264194,0,1.56866425825712,55.91773807977366,0.3749717835544007,0.05
M-04,2026-01-27 22:00:00+00:00,56.75498587797392,0.8992682684527111,6.020659811104122,1619.8326478318756,0.6805208674834241,0,1.4884408949887804,56.79217740019413,0.4641401658214287,0.041666666666666664
M-04,2026-01-27 23:00:00+00:00,56.75498587797392,1.814998686363587,6.39005095029806,1670.718645514346,0.7292097566435528,0,1.527721802774904,57.10779864555565,0.4829606065568154,0.05
M-04,2026-01-28 00:00:00+00:00,58.260899999842565,2.4491984117437955,6.172816068545895,1560.404971332865,0.5727685665423038,0,1.7585763081651873,57.27153413796915,0.5441763220239668,0.041666666666666664
M-04,2026-01-28 01:00:00+00:00,56.5965173283019,2.472005940978643,6.483488919391677,1625.741651329948,0.6265423400365688,0,1.8885061047664022,56.480195716859065,0.6138330337059789,0.03333333333333333
M-04,2026-01-28 02:00:00+00:00,55.76414857250795,1.5520908491010983,6.290091709797693,1612.5840340764023,0.5862387464004833,0,1.8971747149002,56.89190919661217,0.6075860189867697,0.06666666666666667
M-04,2026-01-28 03:00:00+00:00,60.63363378971973,2.089512457917793,6.420491819349348,1720.9896646245631,0.9938102994327684,0,1.8795124357596045,57.460861907719995,0.5986545282676947,0.06666666666666667
M-04,2026-01-28 04:00:00+00:00,64.90907458560298,1.5884266485240073,6.581422402852615,1680.6537066820297,0.8922661358139826,0,1.9943721657714872,58.81987669232484,0.40905549344753345,0.025
M-04,2026-01-28 05:00:00+00:00,62.53757534688898,1.858104349312056,6.3945192459219005,1648.4996819372689,0.714051597961906,0,2.0015564429295654,59.78364160381068,0.40563934061085455,0.05
M-04,2026-01-28 06:00:00+00:00,66.26366916665914,2.1107108741222262,5.468547485997641,1606.4972760921066,0.5597313567595283,0,1.9451418533259706,61.117436464946785,0.3507569230507977,0.041666666666666664
M-04,2026-01-28 07:00:00+00:00,59.83144097563952,2.113752012994333,6.496112388858078,1742.2514959963928,0.9678654051502484,0,1.8854328653285855,61.65659040616972,0.2625279927701442,0.041666666666666664
M-04,2026-01-28 08:00:00+00:00,61.423427833281416,1.443897463256579,6.133205659322211,1753.6627298600208,0.9578167024177002,0,1.8674006343544989,62.59980361629863,0.29205834290993066,0.05
M-04,2026-01-28 09:00:00+00:00,62.70770922494731,2.422856541907664,6.114373822912816,1640.4803093014211,0.6350982505048591,0,1.9229579816861444,62.94548285550322,0.36528571511363167,0.08333333333333333
M-04,2026-01-28 10:00:00+00:00,64.18412801105882,3.041752597166245,5.882882277200657,1774.211336177363,0.9690652370364452,0,2.165178973126517,62.824658426412526,0.5394316258663793,0.03333333333333333
M-04,2026-01-28 11:00:00+00:00,64.71471734991621,2.148238723099553,6.150822375148124,1699.375843501568,0.8878550253835928,0,2.2135347020911005,63.18751542691707,0.5190173182586924,0.05
M-04,2026-01-28 12:00:00+00:00,61.906147394076406,2.1110494627101315,6.072368822284902,1692.2532792181962,0.9429629211879004,0,2.2135911335224177,62.46126179815328,0.5190039207651493,0.041666666666666664
M-04,2026-01-28 13:00:00+00:00,64.06343570945248,2.905669002267306,6.207474439637831,1670.3675614441397,0.8199257199429435,0,2.345577298401247,63.166594253788766,0.5850311425813294,0.03333333333333333
M-04,2026-01-28 14:00:00+00:00,63.5265646151472,2.3860200769314157,6.200839811939466,1732.5273310194834,0.8981391805026229,0,2.5025977340137193,63.517117050766394,0.3878102058943757,0.041666666666666664
M-04,2026-01-28 15:00:00+00:00,59.86595918408819,2.204939142179719,6.33592649864657,1596.402796197465,0.6035094701181439,0,2.466278167392395,63.043492043956554,0.40652456089046757,0.041666666666666664
M-04,2026-01-28 16:00:00+00:00,60.41505805597717,2.5621563613382903,6.233531738377336,1633.704253927251,0.6674046022383687,0,2.3863454614210693,62.41531371810961,0.3052859239740185,0.025
M-04,2026-01-28 17:00:00+00:00,65.38071384869596,3.215020946782026,6.293010560154846,1578.877709883712,0.723478569295867,0,2.564142498701482,62.52631313457291,0.42575462400149444,0.058333333333333334
M-04,2026-01-28 18:00:00+00:00,60.99339294030504,2.99971727160212,6.203635891821012,1645.0953528411917,0.6922389261651382,0,2.7122538001834795,62.37418739227767,0.38965249570782357,0.041666666666666664
M-04,2026-01-28 19:00:00+00:00,64.76029408541808,1.994784343872124,6.388194587853981,1661.8277572707325,0.7261508071910889,0,2.560439690450949,62.4903304549386,0.46866046855180915,0.041666666666666664
M-04,2026-01-28 20:00:00+00:00,73.47924782338113,2.6236920969671926,6.071387566475566,1725.141564067318,0.8569928329392144,0,2.6000516937902454,64.14911098964427,0.46095057748406765,0.05
M-04,2026-01-28 21:00:00+00:00,57.28454348405289,2.764671881301137,6.034767013548848,1672.496863059634,0.792483987233483,0,2.6933404836438153,63.718875039638384,0.4197966798907154,0.05
M-04,2026-01-28 22:00:00+00:00,66.21785890553241,2.9493493624646003,6.03886391358497,1750.382063144412,0.951055188198654,0,2.7578726504982,64.68600851456425,0.4253213211144718,0.075
M-04,2026-01-28 23:00:00+00:00,70.70372063168385,2.967374787835608,5.913061309416819,1733.148679644254,0.9660091240681477,0,2.716598290673797,65.5731763117289,0.3818838239708662,0.05
M-04,2026-01-29 00:00:00+00:00,67.92481137023005,2.5704906824166267,5.978927485057794,1645.6717798756504,0.8545110409808958,0,2.6450605258095483,66.7284127167164,0.35767623350487654,0.06666666666666667
M-04,2026-01-29 01:00:00+00:00,72.73010004875592,3.5962484397019665,5.763592348124013,1666.521697127736,0.741313621288925,0,2.9119712084478553,68.05671371060605,0.3725890228582524,0.058333333333333334
M-04,2026-01-29 02:00:00+00:00,67.82586947753366,2.854694402684568,6.485382764287615,1686.1415888722547,0.8591658221212647,0,2.9504715927340843,67.11448398629814,0.34796408107549553,0.075
M-04,2026-01-29 03:00:00+00:00,69.43423492394402,3.5873295340714764,5.7461095185632685,1598.4945041109763,0.6183158296116313,0,3.0875812015291406,69.13943255961333,0.41561213753351267,0.041666666666666664
M-04,2026-01-29 04:00:00+00:00,70.55962428407143,2.9566976130219933,6.468625128346753,1690.2024341685676,0.8961238251240945,0,3.0888059099553735,69.86306012270315,0.4151338861791084,0.058333333333333334
M-04,2026-01-29 05:00:00+00:00,71.02286177684348,2.6507358489820514,6.223630439035175,1689.883327031213,0.767844234163975,0,3.0360327534797804,69.9162503135631,0.4521350554660355,0.041666666666666664
M-04,2026-01-29 06:00:00+00:00,71.02939846718259,3.1295445989567368,5.852974552871022,1749.777166720205,0.8914684140407538,0,3.129208406236465,70.43368149638852,0.3903986100439617,0.06666666666666667
M-04,2026-01-29 07:00:00+00:00,67.69133614747264,3.469370934890536,5.542176496275816,1658.284853223547,0.7877239086808898,0,3.10806215543456,69.5938875128413,0.3624793906208471,0.06666666666666667
M-04,2026-01-29 08:00:00+00:00,71.79999317888185,3.605229908900096,5.783735119600353,1681.4779814169633,0.7508906087568732,0,3.2331514064704816,70.25624146306599,0.38627792474546047,0.09166666666666666
M-04,2026-01-29 09:00:00+00:00,68.34564843396716,1.9649103563989505,6.183113918292463,1589.5957111755213,0.5876119518539696,0,2.962748210191727,70.0748103814032,0.5983876769114397,0.075
M-04,2026-01-29 10:00:00+00:00,66.34286345824844,3.3656143654478354,6.08722019737089,1700.783503803863,0.8229750204933002,0,3.0309010022627008,69.37201691043269,0.6204409351936162,0.041666666666666664
M-04,2026-01-29 11:00:00+00:00,66.45043692388418,3.0838260653547622,5.912937481133211,1626.3633111856104,0.6172054817459878,0,3.103082704991486,68.60994610160614,0.5919035562658953,0.025
M-04,2026-01-29 12:00:00+00:00,70.76766416383734,3.4649791697706087,5.998847422559659,1637.368749293086,0.6049058334555039,0,3.1589884667937986,68.56632371771526,0.6104531421447965,0.058333333333333334
M-04,2026-01-29 13:00:00+00:00,74.54250599043725,3.5426574152075343,6.0934524874907785,1643.9695178770544,0.7376501179663284,0,3.171202880179964,69.70818535820938,0.6185846147264161,0.09166666666666666
M-04,2026-01-29 14:00:00+00:00,67.61526137948034,3.773381805571906,6.236352858943867,1606.747470667936,0.5605099365236538,0,3.199228196291933,69.01073005830911,0.6454087254366261,0.075
M-04,2026-01-29 15:00:00+00:00,77.22348478947558,2.974748930739107,6.432523155882031,1786.8779590868428,0.917761844808516,0,3.367534625348626,70.49036945089385,0.2965299987396826,0.058333333333333334
M-04,2026-01-29 16:00:00+00:00,70.14141438174967,3.771777317859464,6.124861938144731,1580.953685788087,0.5820881214021367,0,3.435228450750564,71.1234612714774,0.3392827563634214,0.03333333333333333
M-04,2026-01-29 17:00:00+00:00,70.54335226994823,4.210306306437081,5.735511143358787,1675.5982750404055,0.7778594963128536,0,3.6229751575976166,71.80561382915474,0.410203128742343,0.09166666666666666
M-04,2026-01-29 18:00:00+00:00,73.85593101082802,3.855344384409039,5.6292701275375165,1714.3552097322988,0.7958520773998919,0,3.688036026704022,72.32032497031985,0.4110883747848495,0.08333333333333333
M-04,2026-01-29 19:00:00+00:00,79.09209713547328,3.416494352393623,6.022299499536765,1690.1611990677716,0.8212758248549017,0,3.6670088495683704,73.07859016115918,0.4230639068871587,0.08333333333333333
M-04,2026-01-29 20:00:00+00:00,70.73003269919816,4.030406283929115,5.789552096983575,1611.6828818620772,0.7357504660240879,0,3.7098462626279045,73.59771871444549,0.4482516195929171,0.041666666666666664
M-04,2026-01-29 21:00:00+00:00,72.86212715478912,4.07962924929817,5.669953575249558,1701.4015705690972,0.7636031888094721,0,3.8939929823877484,72.87082577533108,0.28197831683631935,0.09166666666666666
M-04,2026-01-29 22:00:00+00:00,75.4239279271479,4.535097430076241,5.495709784857244,1753.7433414982968,0.8450585642817907,0,4.021213001090545,73.75124469956411,0.37323652047103584,0.11666666666666667
M-04,2026-01-29 23:00:00+00:00,77.32244694437284,3.815805945688045,5.899235848007447,1575.3514950905703,0.5551457224415168,0,3.9554629409657056,74.88109381196823,0.3679741455348108,0.075
M-04,2026-01-30 00:00:00+00:00,77.12198460896782,4.337687865698585,6.0756323308815965,1712.2338133558428,0.9742121137650106,0,4.03585352118063,75.42543607832485,0.393527928947023,0.08333333333333333
M-04,2026-01-30 01:00:00+00:00,69.91516202623198,3.732948481438227,6.014749569480663,1680.049285311881,0.8013625030745883,0,4.0885958760213965,73.89594689345131,0.30521346676795685,0.06666666666666667
M-04,2026-01-30 02:00:00+00:00,78.0611559531539,4.410414758013332,5.390960436688712,1733.8913288062204,0.9642105208440812,0,4.1519306217021,75.11780076911059,0.32920811824698293,0.06666666666666667
M-04,2026-01-30 03:00:00+00:00,71.43388559305424,4.018565141208285,5.785594284867459,1595.9046818147074,0.5585230598221821,0,4.141753270353785,74.87976050882145,0.33281445811492383,0.11666666666666667
M-04,2026-01-30 04:00:00+00:00,75.07251872245135,4.373691263839082,6.0832839574519,1529.4459048260544,0.5585230598221821,0,4.114852242647593,74.82119230803869,0.2995199261271218,0.041666666666666664
M-04,2026-01-30 05:00:00+00:00,79.84214782458862,4.829067506129397,5.572103880173466,1718.0705110462284,0.8143424209137852,0,4.283729169387819,75.24114245474131,0.3736627322304885,0.09166666666666666
M-04,2026-01-30 06:00:00+00:00,76.72121261581097,4.371150907105188,5.502676399487252,1637.5990085519577,0.6351659645434304,0,4.2893063429555855,75.17434712254851,0.37487693378433,0.06666666666666667
M-04,2026-01-30 07:00:00+00:00,79.74964782689456,4.783161324402393,5.66621113397527,1737.4419473829928,0.8280805575100278,0,4.464341816782946,76.8134280893256,0.301064028890039,0.041666666666666664
M-04,2026-01-30 08:00:00+00:00,75.13411052152203,4.493398140346121,5.733469240441799,1643.3622072437713,0.6317304676405741,0,4.478172380505078,76.32558718405363,0.29999539422189236,0.13333333333333333
M-04,2026-01-30 09:00:00+00:00,81.90919810244581,5.099856875664813,5.883028330881494,1792.2970540861802,0.9361075010994008,0,4.658387669581166,78.07147260228555,0.29338496122979096,0.08333333333333333
M-04,2026-01-30 10:00:00+00:00,82.30961373232925,5.187096084206043,6.0259086677082125,1658.6483187150004,0.8474830196394492,1,4.793955139642326,79.27765510393188,0.3220506134131676,0.08333333333333333
M-04,2026-01-30 11:00:00+00:00,80.62446707241314,3.768315789628732,5.321732990518016,1711.1186894662094,0.9253572633433368,1,4.617163186892214,79.40804164523595,0.5256907491428452,0.1
M-04,2026-01-30 12:00:00+00:00,81.40333179965015,4.35311131765237,5.717957318046281,1569.7504182453897,0.5919963908147339,0,4.614156588650079,80.1883948425425,0.5274278962506511,0.05
M-04,2026-01-30 13:00:00+00:00,75.0073427147273,4.309696095028138,5.373598447448715,1612.4118207782185,0.5559694368274096,1,4.535245717087704,79.39801065718127,0.5324796646412631,0.058333333333333334
M-04,2026-01-30 14:00:00+00:00,81.45012956316805,4.857234040028765,5.763321254186032,1679.6202589624863,0.848472774988458,1,4.595885033701477,80.45068049745561,0.5472724123135182,0.1
M-04,2026-01-30 15:00:00+00:00,81.91230733452551,5.699706787426133,5.569546374676442,1715.2539728886627,0.8717591056133129,1,4.69586001899503,80.45119870280223,0.6931089851956106,0.13333333333333333
M-04,2026-01-30 16:00:00+00:00,81.41319864928735,5.438816334327053,5.6159561441771295,1835.4947797785917,0.9941362764027638,1,4.737813394015198,80.30179618896192,0.7351341411563846,0.125
M-04,2026-01-30 17:00:00+00:00,81.3838921117888,5.492662645846723,5.662117001593005,1630.1449432003703,0.6635195213321974,0,5.0252045367181974,80.42836702885786,0.6060397350212795,0.06666666666666667
M-04,2026-01-30 18:00:00+00:00,82.637171703695,4.495104627605884,6.068163563826581,1642.5939039484942,0.8153865677775937,1,5.048870088377115,80.63400701286533,0.5766033421058188,0.03333333333333333
M-04,2026-01-30 19:00:00+00:00,83.62763350811113,4.41696623804614,5.374068093868905,1699.2356371291833,0.8027072713905758,1,5.066748445546783,82.07072214509597,0.5501569849283231,0.09166666666666666
M-04,2026-01-30 20:00:00+00:00,85.63630073833596,4.627152203903097,5.773849793415923,1698.8014931073037,0.8738806815575813,0,5.028401472859172,82.7684173409573,0.575132883425906,0.10833333333333334
M-04,2026-01-30 21:00:00+00:00,80.05949811644602,4.693823915275617,5.541963426872426,1597.5857810865712,0.6789650955815459,1,4.860754327500753,82.4596158046107,0.47886263011030406,0.08333333333333333
M-04,2026-01-30 22:00:00+00:00,80.55492323652736,4.8780868196646505,5.619370669206535,1667.6885421532015,0.8094334515031931,1,4.767299408390352,82.31656990248405,0.38994586616446725,0.08333333333333333
M-04,2026-01-30 23:00:00+00:00,91.62824739310996,5.685045254630582,5.177456341105514,1631.647045680276,0.6978719504435135,0,4.799363176520995,84.02396244937091,0.4626501903968851,0.058333333333333334
M-05,2026-01-01 00:00:00+00:00,53.8187640335554,1.5677227953141748,6.556653487766273,1601.261938432097,0.692049251750352,0,1.5677227953141748,53.8187640335554,0.0,0.008333333333333333
M-05,2026-01-01 01:00:00+00:00,56.374010511295175,2.165118617577825,6.085111142283761,1785.316918395423,0.8723378657547873,0,1.8664207064459999,55.09638727242529,0.4224226369751405,0.041666666666666664
M-05,2026-01-01 02:00:00+00:00,63.144944625851664,1.782126160725567,6.57662565853146,1666.2678103736098,0.9560810192429255,0,1.8383225245391888,57.77923972356741,0.30263668910745173,0.03333333333333333
M-05,2026-01-01 03:00:00+00:00,62.32877431455825,2.0887545686230293,6.440529803502098,1784.4063986045617,0.9921982117775804,0,1.900930535560149,58.916623371315126,0.2770168994338605,0.041666666666666664
M-05,2026-01-01 04:00:00+00:00,62.90314412059112,1.4031416708594535,6.342388067755227,1713.125516621726,0.8765438570882113,0,1.80137276262001,59.71392752117032,0.3272804954361987,0.0
M-05,2026-01-01 05:00:00+00:00,53.44653987893989,1.37110052983681,6.462125401750049,1673.6308032103962,0.9264644811432636,0,1.7296607238228099,58.669362914131916,0.34138792773775356,0.016666666666666666
M-05,2026-01-01 06:00:00+00:00,56.65683385006138,1.6239948688551025,6.2667820681692215,1739.501267906175,0.9417393486760556,0,1.7390394027462979,59.14237455021625,0.3367913919718489,0.041666666666666664
M-05,2026-01-01 07:00:00+00:00,60.52099920137921,1.3556153724353188,6.287999622364008,1659.7190907984448,0.8137128681128803,0,1.6041221952225468,59.83353933189692,0.29099717556158533,0.03333333333333333
M-05,2026-01-01 08:00:00+00:00,58.056247252176405,2.375592062063893,6.424792471085424,1665.2032190861755,0.6669404735774096,0,1.7030331787789346,58.98542310295104,0.4308542279298074,0.058333333333333334
M-05,2026-01-01 09:00:00+00:00,62.40940518317095,1.2858762204124528,6.014753658756677,1730.8546121912034,0.9664245986349622,0,1.5692201207438385,58.998861581053156,0.4113344524717187,0.03333333333333333
M-05,2026-01-01 10:00:00+00:00,56.80624734397151,2.9707063850225124,6.181027929035366,1624.3710884204454,0.6418290322356281,0,1.8304809064376817,57.982712118283224,0.6889148956944755,0.05
M-05,2026-01-01 11:00:00+00:00,59.07262102174629,2.1083123844001124,6.179091064173194,1682.1411612730126,0.6406020093334338,0,1.9533495488648986,58.920392308750955,0.6555300828395347,0.041666666666666664
M-05,2026-01-01 12:00:00+00:00,64.20517896867935,2.0568663392512123,6.328065574728846,1679.659675912578,0.9269321192988448,0,2.025494793930917,60.17844982852062,0.6355485897823626,0.05
M-05,2026-01-01 13:00:00+00:00,61.4331447087288,1.7983535586136363,6.217979991442843,1738.7524924415377,0.946954254701181,0,2.0992844916273032,60.33047407974555,0.5638785745873287,0.041666666666666664
M-05,2026-01-01 14:00:00+00:00,61.451869716834096,1.7735820535316709,6.022378311814479,1655.5617906946227,0.6767830307859127,0,1.9989494902052662,60.8964111571885,0.5584136037082004,0.041666666666666664
M-05,2026-01-01 15:00:00+00:00,59.23990906973854,1.8230214729235452,6.131267813388158,1746.7726571590626,0.7881977681308152,0,2.088473698957115,60.36816180494977,0.45464677266812104,0.025
M-05,2026-01-01 16:00:00+00:00,64.97883144943384,1.9713406956443524,6.156217722008686,1687.113158525606,0.8792093705215368,0,1.9219127507274216,61.73025915586015,0.1431424260934161,0.025
M-05,2026-01-01 17:00:00+00:00,62.261632329314615,2.056283899665485,6.331771097528438,1620.4388171161934,0.6004798097542653,0,1.9132413366049839,62.26176104045488,0.13062036015558248,0.03333333333333333
M-05,2026-01-01 18:00:00+00:00,60.3747994741395,3.7439779224748784,6.2725191808958005,1620.822180795069,0.6859867114401914,0,2.194426600475595,61.62336445803157,0.7670574661895141,0.025
M-05,2026-01-01 19:00:00+00:00,66.62671787229188,2.6863992777174124,6.36898321172237,1777.5280535944555,0.9918344807381816,0,2.3424342203262243,62.48895998529208,0.7610008554062201,0.058333333333333334
M-05,2026-01-01 20:00:00+00:00,68.0817181344329,2.852560468504365,6.131248926258371,1777.5280535944555,0.5768635080872667,0,2.5222639561550064,63.59393472155855,0.726390405736329,0.03333333333333333
M-05,2026-01-01 21:00:00+00:00,56.71556172490013,3.2161473637850824,6.408857648412352,1584.1001867548694,0.6936692128285822,0,2.7544516046319294,63.173210164085475,0.6793059128442956,0.041666666666666664
M-05,2026-01-01 22:00:00+00:00,64.18995847252074,2.79413001680334,5.66983293507582,1700.0205879670127,0.85832659812453,0,2.891583158158427,63.041731334599966,0.5626302371731648,0.008333333333333333
M-05,2026-01-01 23:00:00+00:00,60.62067732173789,2.815017764361592,6.362172632937014,1694.8516449287504,0.8017001248163409,0,3.0180388022744453,62.76823883333717,0.398736792288668,0.025
M-05,2026-01-02 00:00:00+00:00,61.59418587164085,2.986237614034621,6.153181520655616,1723.5526531302903,0.7232048568334867,0,2.8917487508677353,62.9714698995874,0.18616325870241504,0.05
M-05,2026-01-02 01:00:00+00:00,67.66826226948244,2.2312978872571274,5.861271281607911,1704.8899804601665,0.8986810175492577,0,2.815898519124355,63.1450606324525,0.3264325920128831,0.041666666666666664
M-05,2026-01-02 02:00:00+00:00,64.5258322863784,3.3845913630626026,5.570972269284833,1595.107561742487,0.6870321894232092,0,2.904570334884061,62.55241299111008,0.40191603411527066,0.025
M-05,2026-01-02 03:00:00+00:00,66.93634186947267,3.2493652092848286,6.029778634967292,1761.3238800088052,0.9300355760296042,0,2.9101066424673516,64.25587634853883,0.4072595851932891,0.06666666666666667
M-05,2026-01-02 04:00:00+00:00,68.1250020628731,3.032749661471113,6.465028028847654,1647.5556691499296,0.8697443631810083,0,2.9498765832453144,64.9117169469309,0.40531535671180785,0.041666666666666664
M-05,2026-01-02 05:00:00+00:00,65.8388938923153,2.7476470204638272,5.900981854954877,1657.5740075654585,0.5829242703602189,0,2.9386481259290202,65.78141970869379,0.4106960232195963,0.06666666666666667
M-05,2026-01-02 06:00:00+00:00,67.28714229105987,2.8260793239242976,6.166884844411487,1596.3587856527436,0.5501318148212108,0,2.9119550775772995,66.73024577859697,0.41218636082887006,0.058333333333333334
M-05,2026-01-02 07:00:00+00:00,60.70142887445597,3.160107372176996,6.229390791023336,1606.1896649878142,0.5605227835748187,0,3.0667566583972774,65.56910687942587,0.2465733782471646,0.11666666666666667
M-05,2026-01-02 08:00:00+00:00,63.83143123446099,3.1691048301273157,6.340685773209981,1692.624649075143,0.8188937304478487,0,3.0308422362413965,65.45337337077298,0.20283457730630555,0.06666666666666667
M-05,2026-01-02 09:00:00+00:00,70.23065105269299,3.9031828374116633,5.511883637675174,1692.6024832852245,0.7998838831904269,0,3.139811840929202,66.0024249013097,0.4117496605906557,0.041666666666666664
M-05,2026-01-02 10:00:00+00:00,70.48898210903204,3.025089163988787,6.151898718278423,1714.168602092962,0.7836350057600416,0,3.1385350913488144,66.39642157566952,0.4121597061285136,0.03333333333333333
M-05,2026-01-02 11:00:00+00:00,73.33556478142059,3.573950222700473,6.120731600685004,1638.3434687373986,0.7500780041615852,0,3.276252291721589,67.64586672385373,0.39303302806721485,0.06666666666666667
M-05,2026-01-02 12:00:00+00:00,69.0236012455266,3.309534851982325,5.700299709160589,1627.387386928725,0.7216324485228744,0,3.3568282130645937,67.9352765495982,0.3261508727686821,0.08333333333333333
M-05,2026-01-02 13:00:00+00:00,69.11280985828448,3.4886793855899008,5.732840936629781,1662.5251485444694,0.7668275079607795,0,3.4115902153000772,69.33717338023628,0.31386759634043315,0.041666666666666664
M-05,2026-01-02 14:00:00+00:00,67.00355248658506,3.446183387401716,5.874722800511962,1740.170752850691,0.9538200278240114,0,3.4577699748458106,69.86586025559029,0.2905740678539867,0.058333333333333334
M-05,2026-01-02 15:00:00+00:00,70.92467069508895,3.520837106831813,5.467854157746902,1668.294750007705,0.890829756216837,0,3.394045686415836,69.98153019598962,0.20168618194038918,0.025
M-05,2026-01-02 16:00:00+00:00,74.0348656707529,3.547942056738375,5.691023300890314,1678.1339927921035,0.9052950457944552,0,3.4811878352074337,70.57251078960975,0.09526723750518663,0.09166666666666666
M-05,2026-01-02 17:00:00+00:00,70.79493552145323,4.2839777196981945,5.746449173979209,1598.8078183562468,0.55008534408321,0,3.5995257513737204,70.14907257961521,0.3456075220249565,0.041666666666666664
M-05,2026-01-02 18:00:00+00:00,77.40392921327665,3.112380043362493,6.114321077382948,1757.8032535681975,0.8781910355583005,0,3.5666666166037486,71.54579390757355,0.3857358368308799,0.06666666666666667
M-05,2026-01-02 19:00:00+00:00,76.91860980029206,3.7547632011078056,6.086468873761507,1576.4777494808775,0.6816170773157362,0,3.611013919190066,72.84676056457481,0.3902457934427703,0.03333333333333333
M-05,2026-01-02 20:00:00+00:00,70.29913317873687,3.27892395992574,6.0284260797070734,1708.1448104949336,0.9106849347029364,0,3.5831373479440707,73.39602401326677,0.409856295300399,0.10833333333333334
M-05,2026-01-02 21:00:00+00:00,74.62344283354834,3.701321460769872,5.937565827839583,1729.5970294460508,0.8614125611656728,0,3.613218073600414,74.01248603634333,0.41099099214764867,0.09166666666666666
M-05,2026-01-02 22:00:00+00:00,78.3825792619723,4.104624717114111,5.954576011038796,1702.9578826845025,0.8564242327859172,0,3.70599851699637,74.73710496821325,0.45390268670367384,0.041666666666666664
M-05,2026-01-02 23:00:00+00:00,74.71841512823498,4.5997598450131925,5.902661166334423,1647.9750607259202,0.700152441631932,0,3.7586288712155356,75.3910182360102,0.5437403557903747,0.09166666666666666
M-05,2026-01-03 00:00:00+00:00,75.41836939706675,4.484875876387463,5.624956882300787,1716.0725685300351,0.9482949749410894,0,3.9873781767196976,75.06009159997522,0.504798488306604,0.058333333333333334
M-05,2026-01-03 01:00:00+00:00,74.22266163830706,3.6798695477776495,5.312050482422381,1627.0981492355374,0.7399890535122808,1,3.9748959011646714,74.61076690631104,0.5125669821125567,0.05
M-05,2026-01-03 02:00:00+00:00,75.00073894287546,3.712353580324773,6.288888019984234,1839.9312296373732,0.9873083941369812,0,4.047134171231177,75.39436786700081,0.4163810459247098,0.13333333333333333
M-05,2026-01-03 03:00:00+00:00,80.61748691656233,5.033162797532519,5.737196914883082,1609.7789376342398,0.6871951895146857,1,4.269107727358285,76.39337521416981,0.5336475129666797,0.075
M-05,2026-01-03 04:00:00+00:00,72.4731155376904,3.610981765005697,5.774447440974011,1573.08508634756,0.6929664052810265,0,4.1868339020068825,75.40846459345616,0.5982239661052418,0.05
M-05,2026-01-03 05:00:00+00:00,73.85489344840144,4.579656444081485,5.801347824825329,1741.7007856184284,0.918585766816184,0,4.183483335184931,75.26454431348391,0.5954987700204863,0.06666666666666667
M-05,2026-01-03 06:00:00+00:00,78.47368431536252,4.347113734719629,5.711670494442002,1549.0687672902138,0.5943017497977232,0,4.160522978240292,75.7737634665332,0.5841007278360084,0.125
M-05,2026-01-03 07:00:00+00:00,76.9229691539117,4.2449059559993465,5.438026483070741,1604.387443454558,0.5581244200523982,0,4.254695712943908,76.22381471913398,0.5345558987128302,0.058333333333333334
M-05,2026-01-03 08:00:00+00:00,77.8548679134884,3.939975871826489,5.921192172408708,1643.2056830483216,0.7636389595667278,0,4.2926327615275275,76.6995028809028,0.49498046747141344,0.05
M-05,2026-01-03 09:00:00+00:00,79.50414781115833,4.533662274477964,5.716026658734096,1552.5122489866144,0.6296958532105947,0,4.209382674351769,76.51394636333546,0.37233193408302623,0.09166666666666666
M-05,2026-01-03 10:00:00+00:00,81.1252682552306,5.281773372455925,5.790933254097112,1735.680644532316,0.92996425134677,0,4.48784794226014,77.95597181625884,0.4516272963797625,0.075
M-05,2026-01-03 11:00:00+00:00,86.35756335249705,4.013416414160179,5.499250218769117,1686.6873685396426,0.8518568739387407,0,4.393474603939922,80.03975013360811,0.48642668226791125,0.1
M-05,2026-01-03 12:00:00+00:00,81.32709311315546,4.901089583002867,5.930918757093083,1759.7882065674692,0.9261589203221804,0,4.485803911987129,80.51531826657359,0.52676940232671,0.09166666666666666
M-05,2026-01-03 13:00:00+00:00,76.71458345683946,4.532001280006643,5.642086078866757,1696.2397152482824,0.594243988252757,0,4.533653132655012,80.48058731706156,0.5133799957614036,0.125
M-05,2026-01-03 14:00:00+00:00,75.16211340222837,4.563957104694256,5.647386270584256,1695.208967370621,0.7758856539030454,1,4.637650004799639,80.03179489851821,0.424586538750629,0.041666666666666664
M-05,2026-01-03 15:00:00+00:00,83.08859869028353,4.499008950510324,5.478134230681236,1603.307344768799,0.6635887628731229,1,4.631874450805033,80.62920337837241,0.4265152743277851,0.041666666666666664
M-05,2026-01-03 16:00:00+00:00,80.83648651303946,4.328170864793785,6.065515257298967,1614.0032021955028,0.7587061027905686,1,4.472940699528009,80.58107308800722,0.2925351371024357,0.13333333333333333
M-05,2026-01-03 17:00:00+00:00,79.94874964224307,5.154020503941827,5.629448400270147,1685.10891943064,0.8044491790815791,0,4.663041381158283,79.51293746963155,0.3045526386020939,0.08333333333333333
M-05,2026-01-03 18:00:00+00:00,82.09163846731732,4.739392126158864,5.411987263941596,1670.3159197835969,0.8187627388368592,0,4.6360918050176165,79.64036169532521,0.28585533415810943,0.125
M-05,2026-01-03 19:00:00+00:00,82.09163846731732,5.605000416271133,5.411987263941596,1641.4621451350276,0.7312232987113731,1,4.814924994395032,80.53653753040484,0.4784616101966794,0.09166666666666666
M-05,2026-01-03 20:00:00+00:00,80.6222870877007,4.888295406697928,5.784179023725546,1654.8286731214416,0.8454576728983689,1,4.868981378062311,81.44656647798357,0.4624918036483523,0.08333333333333333
M-05,2026-01-03 21:00:00+00:00,80.99951173095566,5.2586259682849406,5.82356103761765,1664.280157413281,0.7907835466356501,0,4.99558421435808,81.0983853180956,0.44458227198164063,0.075
M-05,2026-01-03 22:00:00+00:00,75.13144285064998,5.008365755292288,5.214445032031692,1595.9109311793727,0.6428903704994977,1,5.108950029441163,80.14754470769735,0.3052470878606717,0.05
M-05,2026-01-03 23:00:00+00:00,84.0351614479701,4.333023650776224,5.863786336035703,1603.8161789817689,0.7514265890740894,1,4.9721172205802295,80.82861334198519,0.43670814400210833,0.058333333333333334
M-05,2026-01-04 00:00:00+00:00,87.37730105714749,4.54073469569356,6.11739827528389,1628.0870452647575,0.7474433835877391,1,4.939007648836012,81.70955710695686,0.4645260952726941,0.09166666666666666
M-05,2026-01-04 01:00:00+00:00,87.71327323691374,5.344124400913574,5.91308890324482,1723.6256848148566,0.8435927939685774,1,4.895528312943086,82.64649623522295,0.39702719468225867,0.09166666666666666
M-05,2026-01-04 02:00:00+00:00,83.56177612999133,4.71983687076412,5.656995328888418,1636.5059245948607,0.6813637934397296,1,4.867451890287451,83.13641107560471,0.40354390627381936,0.15
M-05,2026-01-04 03:00:00+00:00,81.51336690938892,4.777461806180768,6.075842278540191,1590.6772866870838,0.6090608901106259,1,4.7872578632700895,83.22205360534359,0.35517122225158804,0.09166666666666666
M-05,2026-01-04 04:00:00+00:00,85.5524507832784,5.2539581403182405,5.901176332376924,1675.390660321765,0.6779925756031392,1,4.828189927441081,84.95888826078166,0.397391703737501,0.1
M-05,2026-01-04 05:00:00+00:00,90.86748972393208,4.905375829849572,5.014668619661174,1647.7795761130749,0.8937981916881641,1,4.923581957286639,86.09760964010866,0.31488760433942614,0.125
M-05,2026-01-04 06:00:00+00:00,91.47763117794048,4.342594065842437,5.372246005582695,1630.5967742155983,0.6499453468514609,1,4.890558518978119,86.78099799357416,0.3688367216702462,0.1
M-05,2026-01-04 07:00:00+00:00,89.10350185897829,5.214504239861651,6.206381527899282,1730.796268984466,0.6499453468514609,1,4.868955158802798,87.01270276391824,0.3395942361289274,0.1
M-05,2026-01-04 08:00:00+00:00,86.2779681987167,5.819882801251332,5.2517548882357215,1639.0562641773336,0.8832141376906177,1,5.0522961472173336,87.46540144203914,0.5013910320714134,0.09166666666666666
M-05,2026-01-04 09:00:00+00:00,86.50730063798721,5.513212491482538,5.228967570343395,1767.9580834247693,0.9450424787556396,1,5.174921261434295,88.29772373013886,0.5106179167999595,0.14166666666666666
M-05,2026-01-04 10:00:00+00:00,88.74567681250454,4.85496120423288,5.186362654512218,1704.8766435231637,0.8832752667292301,1,5.108421772086735,88.82992806834322,0.5240701865714835,0.10833333333333334
M-05,2026-01-04 11:00:00+00:00,85.58442397095378,5.851342686134461,5.872013396692729,1614.188799760211,0.6208347409813112,1,5.266082914800883,87.9494171095135,0.5890347046828909,0.09166666666666666
M-05,2026-01-04 12:00:00+00:00,87.7075894542332,5.629515249618152,5.935173811406085,1705.0755705457675,0.7801168495490672,1,5.480569778763503,87.32107682222896,0.38419607899335373,0.09166666666666666
M-05,2026-01-04 13:00:00+00:00,86.92911433835194,5.772500257330871,5.811494466713561,1792.6174196247407,0.949423616217406,1,5.573569115008372,86.95867890212456,0.3743186903276043,0.15833333333333333
M-05,2026-01-04 14:00:00+00:00,88.5277868589386,6.030852860925681,5.060647133240715,1596.815917602224,0.5860217768256768,1,5.608730791620764,87.3336486788282,0.41026633809740487,0.08333333333333333
M-05,2026-01-04 15:00:00+00:00,79.20505338507294,5.812431278882725,5.475263560140043,1596.815917602224,0.6254795046007809,1,5.658600589520796,86.11660747000917,0.41449740729543716,0.1
M-05,2026-01-04 16:00:00+00:00,92.04327398282584,6.170062095941807,5.301817311850461,1738.5783699116066,0.8729168952183168,1,5.877784071472283,86.66620699839605,0.19315730463818906,0.08333333333333333
M-05,2026-01-04 17:00:00+00:00,90.91214034433835,6.156973312514941,5.544246335047212,1586.5073362417163,0.6409336362510816,0,5.928722509202363,87.55415972729348,0.2228128634080887,0.175
M-05,2026-01-04 18:00:00+00:00,54.83580387219547,1.329237938387776,6.455133433893251,1635.1018994234655,0.672422368285121,0,5.2120096239973,82.07552879695385,1.9095495298399716,0.016666666666666666
M-05,2026-01-04 19:00:00+00:00,55.70582866718691,1.5654919947401624,6.294252805224141,1699.694792177282,0.8125700717270713,0,4.510841580232182,76.87164785175969,2.3776046076420805,0.025
M-05,2026-01-04 20:00:00+00:00,51.75314709965095,1.816343813285786,6.320401509664921,1628.1538000145024,0.5650015487033411,0,3.8084234056255326,70.74254122521175,2.459859935928931,0.008333333333333333
M-05,2026-01-04 21:00:00+00:00,54.97651552089595,1.4092576240732928,6.320401509664921,1750.177748142006,0.9839128013069548,0,3.074561129823961,66.70445158118225,2.398465358272567,0.0
M-05,2026-01-04 22:00:00+00:00,51.01075493187889,0.4473189239377154,6.32422695447166,1645.0906260268566,0.7747792397551159,0,2.1207706011566123,59.86569840602442,2.0310173566893996,0.025
M-05,2026-01-04 23:00:00+00:00,54.8361497353673,2.3437291956486312,6.296476406829553,1632.4345131407078,0.664373418041655,0,1.4852299150122272,53.85303330452925,0.6261731295864145,0.0
M-05,2026-01-05 00:00:00+00:00,53.05443402614947,1.0062622761498108,6.491181085253336,1553.2174249633836,0.6285702100656504,0,1.4314006379725666,53.55613833018824,0.6554624164644041,0.041666666666666664
M-05,2026-01-05 01:00:00+00:00,54.05832731955025,1.260122644240179,6.678391418620016,1602.5104931035223,0.553700338124748,0,1.3805057462225692,53.281554772248796,0.6548234595868615,0.05
M-05,2026-01-05 02:00:00+00:00,56.70501948025412,2.6271199758924224,5.981028531464647,1765.9766619657985,0.9373593875199931,0,1.5156351066570088,54.10686683568266,0.8244393693573802,0.025
M-05,2026-01-05 03:00:00+00:00,58.8085528863634,1.603862067528657,6.554537163682377,1765.9766619657985,0.843223251697161,0,1.5480691805662359,54.74553972992724,0.8232444815063966,0.016666666666666666
M-05,2026-01-05 04:00:00+00:00,57.61545942249148,1.4385588533599292,6.133140614917094,1720.8510512758253,0.8716632485998248,0,1.7132758354699382,55.84632381169601,0.6364337095101013,0.008333333333333333
M-05,2026-01-05 05:00:00+00:00,54.02480243058429,1.9019169104937308,6.097328195914224,1622.0740609691356,0.7631706082927592,0,1.6396404546107883,55.711099260898834,0.571107753921067,0.008333333333333333
M-05,2026-01-05 06:00:00+00:00,57.48345572570096,1.838398745035864,6.234545166919357,1759.080765086368,0.9889139637281386,0,1.778329866091797,56.449269544157424,0.48036418618883303,0.025
M-05,2026-01-05 07:00:00+00:00,52.7621594090488,1.277907333703729,6.401690110576351,1707.6179486176568,0.8577671904255533,0,1.7812939810023887,56.23324155907385,0.4765668950197013,0.016666666666666666
M-05,2026-01-05 08:00:00+00:00,52.7621594090488,1.696517745085454,6.295663203700966,1599.181664462035,0.5655027324379865,0,1.6261936092012277,55.576098213872946,0.2379111900230691,0.041666666666666664
M-05,2026-01-05 09:00:00+00:00,63.28674933458648,2.64078975593194,5.96457669549927,1698.167686143559,0.8473965536695292,0,1.7990148906017744,56.3224642885768,0.47596473463246136,0.03333333333333333
M-05,2026-01-05 10:00:00+00:00,58.24166802427366,2.0522358839815142,5.836626084223125,1687.571304870169,0.8235464874738618,0,1.9012943957053718,56.426832388873834,0.44813789770280726,0.025
M-05,2026-01-05 11:00:00+00:00,55.206089493610655,2.049329231470958,6.304606037040319,1629.967681883522,0.649464130757864,0,1.9258631158682433,56.6237135660449,0.45220129805216025,0.025
M-05,2026-01-05 12:00:00+00:00,63.84144435615032,1.8132150359291572,6.2244997635630295,1683.7083330732512,0.8662741177980295,0,1.9216658310171253,57.68337833778645,0.4532910633022503,0.058333333333333334
M-05,2026-01-05 13:00:00+00:00,58.01099106713794,2.0780929073858485,6.144764721420318,1723.9314120891984,0.7862601091651978,0,2.0550300932974785,58.558183614134634,0.32578895284677695,0.058333333333333334
M-05,2026-01-05 14:00:00+00:00,62.77719206429282,2.9349386539985414,6.49299286058973,1662.9822160960634,0.861671126152992,0,2.2614335781163266,60.22735572334198,0.4291353607167176,0.06666666666666667
M-05,2026-01-05 15:00:00+00:00,59.90211613422051,2.334381365794133,6.101385042074035,1590.6618893993384,0.636310638484763,0,2.210365513093359,59.663250189947654,0.39154779416475044,0.041666666666666664
M-05,2026-01-05 16:00:00+00:00,60.15762950503726,1.6885395785349175,6.33366490143876,1743.1490373889512,0.9697786901698062,0,2.149749462185593,59.98257710340825,0.44537621584122106,0.05
M-05,2026-01-05 17:00:00+00:00,57.76915332410004,2.021933450066525,6.130037902304229,1685.0524525209505,0.7935259478542802,0,2.145183498618187,60.40975440848981,0.446749927870767,0.03333333333333333
M-05,2026-01-05 18:00:00+00:00,59.55458459125383,1.9724563633480632,6.460668701605167,1619.935788354882,0.8467076512735539,0,2.1717237198546715,59.695277781007064,0.4273950849603901,0.058333333333333334
M-05,2026-01-05 19:00:00+00:00,61.008349390059,2.0972250853976457,6.46558629457585,1812.5867281456076,0.9825268688760612,0,2.174912416189971,60.194837501493915,0.42662749654188314,0.03333333333333333
M-05,2026-01-05 20:00:00+00:00,61.59887651487812,1.6272375359417897,6.139189549712047,1766.503520368309,0.9666670517274578,0,1.9569622298471792,59.998451576591464,0.2635713542721314,0.03333333333333333
M-05,2026-01-05 21:00:00+00:00,60.033823046585816,2.5510105860571834,6.1987934943407925,1630.6469960153602,0.7365074945371775,0,1.993067099891021,60.02040272865235,0.33165529377828284,0.016666666666666666
M-05,2026-01-05 22:00:00+00:00,62.11114719088947,1.8806283243890825,6.092483845431316,1651.5905621368508,0.7988791034195952,0,2.025081890866715,60.34598900962771,0.3045429215665916,0.058333333333333334
M-05,2026-01-05 23:00:00+00:00,63.43239631837772,3.2760914153941005,6.219734954385354,1690.5716560205317,0.8670201398504254,0,2.234108218421311,61.289862842007324,0.5944063996113399,0.05
M-05,2026-01-06 00:00:00+00:00,63.89213930557759,2.6706772512067167,5.634955770447321,1633.8496617979606,0.8045402435491588,0,2.3504783663977533,62.01278862772796,0.6012443095078975,0.058333333333333334
M-05,2026-01-06 01:00:00+00:00,64.9716922857223,2.673650573902877,6.071086727097795,1714.6792307927583,0.844066084412322,0,2.446549281148625,62.67334577700516,0.5987318140834252,0.041666666666666664
M-05,2026-01-06 02:00:00+00:00,61.1093932510341,2.761340665923191,6.112324679343271,1600.7132566248026,0.693319946343954,0,2.6355664694788588,62.59176523303117,0.44852108560623355,0.041666666666666664
M-05,2026-01-06 03:00:00+00:00,66.05915263747742,2.812454430696852,5.905843294716114,1709.8129683225638,0.8088154436997685,0,2.6791404435854695,63.595986831513095,0.45135425715350247,0.1
M-05,2026-01-06 04:00:00+00:00,60.66279220555028,2.41602747479613,5.710548870056631,1618.74610888085,0.604188231309296,0,2.768373635319978,63.35459433395658,0.28370223194463035,0.025
M-05,2026-01-06 05:00:00+00:00,61.59486386826371,3.1233271119733748,6.087272180508345,1541.580416030214,0.6441095089820472,0,2.7429129180831904,63.048338925604234,0.23098048389571416,0.09166666666666666
M-05,2026-01-06 06:00:00+00:00,70.7662410756119,2.409249761370217,6.200530228715907,1722.4695614955274,0.9320504377716348,0,2.699341669777107,64.19402255394328,0.2688800134663655,0.058333333333333334
M-05,2026-01-06 07:00:00+00:00,71.92934030076898,2.7808646879110834,6.274690477905583,1742.9566221698524,0.8947706345699177,0,2.7172106887784744,65.35363055645108,0.2703895217076252,0.05
M-05,2026-01-06 08:00:00+00:00,63.73705899547563,3.552948910176071,6.077994604771506,1629.0624631319463,0.8278462934749475,0,2.8491453961539546,65.79157484719131,0.43763518711522753,0.041666666666666664
M-05,2026-01-06 09:00:00+00:00,64.20967616636555,3.005026532708832,6.656415956965434,1665.5848565773497,0.6772137680999313,0,2.8812407464892846,65.48332876867268,0.44145097524311416,0.03333333333333333
M-05,2026-01-06 10:00:00+00:00,69.31342750106226,3.63559272651412,5.95893927668241,1611.7617016289605,0.626895126591612,0,3.0845016217756167,66.92510131792467,0.4645704335814837,0.041666666666666664
M-05,2026-01-06 11:00:00+00:00,70.51739990472961,2.190424414483397,5.908231971094988,1594.3705346834904,0.676688986987079,0,2.92901783886062,68.41219065733566,0.5885480154079943,0.06666666666666667
M-05,2026-01-06 12:00:00+00:00,64.65677112438955,3.615996443037209,5.956518912818248,1674.5978914419754,0.7905560203299373,0,3.130142285805119,67.39394566546527,0.581552804390008,0.041666666666666664
M-05,2026-01-06 13:00:00+00:00,67.1878277662292,3.002151849067887,5.8858846840628445,1677.8357562470046,0.6856655568871005,0,3.167023479331253,66.6036935763753,0.561648234815975,0.041666666666666664
M-05,2026-01-06 14:00:00+00:00,72.0769425520574,4.0535845925860805,5.9926667455283456,1733.9739288846256,0.9811559478525128,0,3.250462759732921,67.99367416913894,0.6591696574689552,0.041666666666666664
M-05,2026-01-06 15:00:00+00:00,73.59329175257652,3.0378757146507933,5.817406103166775,1622.4715291668192,0.8190483858133071,0,3.2559376233899147,69.55761010017409,0.656855791182091,0.075
M-05,2026-01-06 16:00:00+00:00,63.797611208385455,3.8310692992738393,5.877614685773263,1626.4257752140245,0.6683388303961304,0,3.288517052183201,68.63830738472795,0.6837496009857813,0.08333333333333333
M-05,2026-01-06 17:00:00+00:00,71.13577279597241,3.2959657965632325,5.851928477440984,1736.4254251043562,0.6985687364477854,0,3.472773949196507,68.74136953326843,0.43083918170973695,0.06666666666666667
M-05,2026-01-06 18:00:00+00:00,73.50153188612147,2.8949710467142524,5.6776544672192655,1757.8536289695269,0.9092870752699996,0,3.3526030498093475,70.2154963268904,0.48058490269658444,0.025
M-05,2026-01-06 19:00:00+00:00,71.0529212186013,3.086242971396153,5.877289824099584,1653.5199151321349,0.732250096189526,0,3.3666182368640585,70.85967856895242,0.46941715732629735,0.08333333333333333
M-05,2026-01-06 20:00:00+00:00,69.88969552553225,3.810237512381176,5.509384785538272,1730.4691274392835,0.9762396918628142,0,3.326060390163241,70.4951373978649,0.40417025919871974,0.075
M-05,2026-01-06 21:00:00+00:00,75.98736537527112,2.8316142268622464,5.71651796745138,1620.8773519530089,0.5800379713053478,0,3.291683475531816,70.894149668314,0.4407048807874044,0.08333333333333333
M-05,2026-01-06 22:00:00+00:00,77.22037254933156,3.817269576728615,5.798292004329658,1722.8311844727289,0.5800379713053478,0,3.2893835217742793,73.13127655847168,0.4373501809632349,0.03333333333333333
M-05,2026-01-06 23:00:00+00:00,72.30796389424117,3.7495621303860354,5.992937994022864,1664.1421221987205,0.7639144331111429,0,3.364982910744746,73.32664174151648,0.4761943560667392,0.075
M-05,2026-01-07 00:00:00+00:00,73.53082746179108,2.6819340704991235,5.689866131558505,1658.598570453625,0.7869202194655813,0,3.329476748042225,73.3315243374614,0.5238102259485593,0.08333333333333333
M-05,2026-01-07 01:00:00+00:00,82.09919620176471,2.5679897533064846,5.961209751242705,1647.2627614044336,0.6995064205574243,0,3.243101211693947,75.17257016798864,0.6079179446956375,0.1
M-05,2026-01-07 02:00:00+00:00,73.13284286286942,3.539774769673462,5.886826654222719,1662.68564183784,0.6948737387776648,0,3.198024087909328,75.7130947242115,0.5660390571912339,0.075
M-05,2026-01-07 03:00:00+00:00,73.45805620939686,5.0281819065591975,5.957964805975479,1773.2791239463631,0.990265459970281,0,3.5641187011921533,75.2915431965658,0.8958873736105699,0.05
M-05,2026-01-07 04:00:00+00:00,75.81721032433599,2.9323145313264987,5.6822964226908015,1710.8125128994027,0.9615500864326944,0,3.416626193625133,75.05768282573321,0.9184375684300511,0.06666666666666667
M-05,2026-01-07 05:00:00+00:00,74.9795838910908,4.467421212131517,5.884900207758068,1655.612388809988,0.8484481564528719,0,3.536269373916047,75.50295282520814,1.0124302173393245,0.08333333333333333
M-05,2026-01-07 06:00:00+00:00,70.79171983502091,4.0410730723783495,6.177461240522502,1660.1433676513168,0.8008571859913015,0,3.762792540895918,75.04643488741311,0.9318944379224463,0.058333333333333334
M-05,2026-01-07 07:00:00+00:00,72.44645951158279,4.016326761594504,5.667970119516236,1606.0661250217574,0.669600402454019,0,4.004182042277255,73.43764543904946,0.7251549860167759,0.06666666666666667
M-05,2026-01-07 08:00:00+00:00,72.44645951158279,4.311845960789278,6.194286931498107,1655.9724232390165,0.798801326155861,0,4.13286057412989,73.32324821383503,0.6941012538921595,0.058333333333333334
M-05,2026-01-07 09:00:00+00:00,78.28199693699248,4.773236846005887,5.937924861685991,1742.5334283993946,0.8124857765896101,0,4.090369730704339,74.12723833510096,0.6334873959128248,0.058333333333333334
M-05,2026-01-07 10:00:00+00:00,72.6240828433982,4.08589936736,5.873369667998511,1631.3703494160848,0.6584546349255744,0,4.282633870043256,73.59505042161133,0.2978813681954773,0.03333333333333333
M-05,2026-01-07 11:00:00+00:00,77.4177791413827,4.062327682052886,5.50524788856569,1589.105636378386,0.7300304228212704,0,4.215118281696817,74.00141629665998,0.29349782767245586,0.075
M-05,2026-01-07 12:00:00+00:00,74.20146195665599,3.980670907206303,5.749243552746651,1633.6350839337804,0.7341293944307985,0,4.2050512541681435,74.56970665026581,0.301586021062469,0.08333333333333333
M-05,2026-01-07 13:00:00+00:00,80.16191110816953,4.1661930655819575,5.607748668176107,1641.5393791036229,0.6313549106855089,0,4.230028971499386,75.85561524969695,0.28876299868439076,0.06666666666666667
M-05,2026-01-07 14:00:00+00:00,82.71170646447935,3.2847326578198226,5.704333607898792,1654.8704731477535,0.7091941898013119,0,4.058843421004476,77.56648974184638,0.47497041840018467,0.075
M-05,2026-01-07 15:00:00+00:00,84.66217351754358,4.640744317926206,5.168348649247483,1553.421197585265,0.5837145517117996,0,4.036761332991197,78.62985250527156,0.4366484783583105,0.08333333333333333
M-05,2026-01-07 16:00:00+00:00,78.74333074390286,4.119489309885889,5.456259856559317,1581.763837468808,0.6157841873053311,0,4.042359656745511,79.64972715535566,0.43761873648861305,0.1
M-05,2026-01-07 17:00:00+00:00,80.83181725517066,4.861947899323257,5.661467037739418,1574.2816238603916,0.6383917610280374,0,4.175629692957239,80.21873350765365,0.5517810331381844,0.08333333333333333
M-05,2026-01-07 18:00:00+00:00,75.09156256600215,5.279653327431231,5.514788631048369,1652.1044094329134,0.8675134013384747,0,4.392126762994727,80.36708360921135,0.6959805905313748,0.09166666666666666
M-05,2026-01-07 19:00:00+00:00,82.73564258256414,4.27483361283311,5.638297373500544,1637.1597672204962,0.6440765116960875,0,4.4102335208699195,80.79603885494379,0.690317235964123,0.08333333333333333
M-05,2026-01-07 20:00:00+00:00,80.88924713071658,4.59194770357063,5.612305184421016,1715.6651995055204,0.8186328103388827,1,4.62810269516172,80.49229563265,0.4157295804183951,0.06666666666666667
M-05,2026-01-07 21:00:00+00:00,84.42723264265528,4.268656003773925,6.306410975852168,1648.8361095796165,0.7822216036021766,1,4.566087976136341,80.45313882016862,0.4404821406692903,0.08333333333333333
M-05,2026-01-07 22:00:00+00:00,80.98052068549181,4.676229083759363,5.895780325538325,1624.0688321910511,0.6149336591526742,1,4.658877938448586,80.82600381043345,0.3823985913936675,0.058333333333333334
M-05,2026-01-07 23:00:00+00:00,79.42661157274092,4.422876942661328,5.803601870182562,1738.0544804082826,0.917274775358122,1,4.585699445671598,80.59180286336182,0.3777491028901503,0.08333333333333333
M-05,2026-01-08 00:00:00+00:00,84.7076060610132,5.566988547496158,5.688237780076536,1744.3171572745234,0.8027028121842255,0,4.633588649015753,82.19447677919699,0.4860181025929656,0.075
M-05,2026-01-08 01:00:00+00:00,82.32018727668324,4.780881930666812,5.886718198931105,1632.173056644399,0.7067100903464947,1,4.717930035321369,82.12523422821684,0.4541755824369573,0.06666666666666667
M-05,2026-01-08 02:00:00+00:00,84.42983420090347,4.76072215095966,5.715173279106173,1705.2225901961403,0.7962968652873654,1,4.7460591098862075,82.71533207324799,0.45001987659256815,0.075
M-05,2026-01-08 03:00:00+00:00,82.16816673247075,4.454481399841439,5.488606486530784,1633.4228625422738,0.6208057879291458,1,4.777030009230793,82.33882108821723,0.41567730327117325,0.075
M-05,2026-01-08 04:00:00+00:00,81.17033081647318,4.79564834124704,5.35369560244559,1655.6295815744606,0.86951310103037,1,4.7969332188120735,82.37045611004747,0.4127340769733773,0.125
M-05,2026-01-08 05:00:00+00:00,83.33488977050129,5.747452864116349,5.601215622982147,1687.349722255209,0.8178774856287647,1,5.01769587238791,83.02183580967419,0.5143733458440243,0.06666666666666667
M-05,2026-01-08 06:00:00+00:00,79.06453909078054,4.242209292564787,5.339244964929414,1649.6578895336963,0.7047807468139562,1,4.796899329899348,82.08132464796874,0.515761574389297,0.14166666666666666
M-05,2026-01-08 07:00:00+00:00,85.61773772807467,4.280721017720316,5.644722957617114,1748.0168270623096,0.9095262480086944,1,4.713539177741599,82.63091638986732,0.5575912501397178,0.075
M-05,2026-01-08 08:00:00+00:00,82.30514029067055,4.739333631352563,5.595407084736439,1662.9491141328376,0.5859368604443467,1,4.7099744244737485,82.27680073816184,0.5572975663399391,0.11666666666666667
M-05,2026-01-08 09:00:00+00:00,84.87329370238884,5.11256993982313,5.658409432102273,1604.3980583993157,0.6086661680426133,1,4.8196558478040314,82.72765523314818,0.5616990765246517,0.10833333333333334
M-05,2026-01-08 10:00:00+00:00,77.46264692340556,5.367842593217351,5.470317391038556,1528.0136388228536,0.5562745001626557,1,4.915021556465749,82.1097079176369,0.6038035938925329,0.06666666666666667
M-05,2026-01-08 11:00:00+00:00,85.52895989687275,5.526964940907985,5.783211971450849,1619.5059123843523,0.7818312459923,0,4.878273569264356,82.47538627203215,0.5470510463226074,0.1
M-05,2026-01-08 12:00:00+00:00,50.6397486978788,1.1151173105671752,5.959066069936904,1598.8840602349171,0.6672616710413437,0,4.357091572264753,77.73792120654853,1.6506548673609944,0.016666666666666666
M-05,2026-01-08 13:00:00+00:00,58.72710161073133,0.363704642853393,6.823144114670099,1695.9169056456712,0.9065474345718112,0,3.7042555097869325,73.25614852032464,2.324110350877318,0.025
M-05,2026-01-08 14:00:00+00:00,51.763161789731626,1.259362679664858,6.268388046374704,1692.297814590749,0.755025973628947,0,3.1242603511723157,68.16581877016814,2.44520725273812,0.016666666666666666
M-05,2026-01-08 15:00:00+00:00,42.50857996370448,0.8797007112127366,6.729585180147239,1623.9177751043517,0.5702973530148489,0,2.4187821464039163,61.10503314705409,2.3661643441152056,0.025
M-05,2026-01-08 16:00:00+00:00,57.738020356993445,1.229124015292139,6.235109660880667,1715.6591359103008,0.816369157947241,0,1.7289957167497143,57.817595385985406,1.8898235661331462,0.016666666666666666
M-05,2026-01-08 17:00:00+00:00,51.457935037462434,1.2803027768202306,6.737603155372177,1678.5949650444818,0.7482306149631811,0,1.0212186894017554,52.13909124275035,0.3544660095414097,0.016666666666666666
M-05,2026-01-08 18:00:00+00:00,49.73541027574973,0.8560849475300645,5.853072827863456,1666.018335148266,0.5709946333594568,0,0.9780466288955703,51.988368172395504,0.35651086951136035,0.016666666666666666
M-05,2026-01-08 19:00:00+00:00,47.38648907416679,1.6175351241495983,6.351755370570185,1647.241913374528,0.7414968272926556,0,1.187018375778271,50.09826608296808,0.2846100188593219,0.03333333333333333
M-05,2026-01-08 20:00:00+00:00,50.85587904821879,0.3682384254246279,6.044467234028486,1552.478115873439,0.5699989073119651,0,1.0384976667382328,49.947052292715945,0.43308909404168794,0.025
M-05,2026-01-08 21:00:00+00:00,58.41699567906379,0.5777500898016178,6.51237700754871,1644.070416716639,0.7588511669822686,0,0.9881725631697131,52.5984549119425,0.4711065648370754,0.016666666666666666
M-05,2026-01-08 22:00:00+00:00,60.48743675582222,1.7187764009379911,6.443936352753398,1701.925729265499,0.9029032378289604,0,1.0697812941106883,53.05669097841396,0.5559624866571496,0.041666666666666664
M-05,2026-01-08 23:00:00+00:00,55.19083123867486,2.1126370780323462,6.248706876137944,1567.4406775124546,0.5506368167481661,0,1.208503677646041,53.6788403452827,0.7033117269126505,0.016666666666666666
M-05,2026-01-09 00:00:00+00:00,59.02617323808354,2.046724788762273,6.670404186356554,1683.0467737911858,0.7671644066753066,0,1.4069436511847424,55.22730083900499,0.7503841759073043,0.008333333333333333
M-05,2026-01-09 01:00:00+00:00,53.68064694299255,1.3214543473185445,6.7437451072399295,1694.996517460534,0.950307745053532,0,1.3575968550462336,56.27632715047596,0.7434690406621681,0.05
M-05,2026-01-09 02:00:00+00:00,56.57883464232047,2.0663149855895093,6.691604120688347,1703.6943569828177,0.8197317307801324,0,1.6406096150737135,57.23015308282624,0.6010998293765921,0.03333333333333333
M-05,2026-01-09 03:00:00+00:00,54.38598912291656,2.668956805664477,6.788408450353386,1553.5891588685054,0.5665200899279869,0,1.9891440677175236,56.5583186568017,0.44845847304713504,0.05
M-05,2026-01-09 04:00:00+00:00,57.24587890132988,2.2049342902131324,6.753466752245642,1638.4786185221087,0.6776258639322317,0,2.070170382596714,56.01805901438632,0.4335089786628029,0.03333333333333333
M-05,2026-01-09 05:00:00+00:00,56.784878426138576,0.8915155760996435,6.543481054097009,1691.3206161107662,0.7718252462374635,0,1.8666501322745965,56.28373354563026,0.6447559153379946,0.025
M-05,2026-01-09 06:00:00+00:00,62.851865580834,1.763233025787714,5.995731970392135,1615.2932032833585,0.7453554759328929,0,1.8194015051121701,56.92134893608867,0.6392846895099604,0.025
M-05,2026-01-09 07:00:00+00:00,55.68005304007269,1.9273650962576745,6.443064830902611,1660.6780487719077,0.7308019029629002,0,1.9203866299353585,57.25458328560203,0.590921545326314,0.025
M-05,2026-01-09 08:00:00+00:00,60.15696607628364,2.0212192094060337,6.058414392528742,1619.3121934143242,0.7597095162484984,0,1.9128706672381124,57.8509385245959,0.5889778518045279,0.025
M-05,2026-01-09 09:00:00+00:00,62.887076545013535,2.087147474013396,6.142551325737952,1720.4803766392272,0.9960789589686389,0,1.8159024452962658,59.267786428278725,0.47681520316392845,0.0
M-05,2026-01-09 10:00:00+00:00,61.41547384596786,1.6336415632072547,6.150935072533566,1726.798870207433,0.7282119477082464,0,1.7206869907952862,59.96271891905172,0.4391448612853755,0.016666666666666666
M-05,2026-01-09 11:00:00+00:00,63.74428432157429,1.6336415632072547,6.128558225374978,1679.838717467719,0.8315635425468961,0,1.8443746553132214,61.12261990162434,0.19621462094297207,0.03333333333333333
M-05,2026-01-09 12:00:00+00:00,60.50346697677554,2.2624756593765314,6.122370114379315,1717.9608029725512,0.8710371746704066,0,1.9275817609113577,60.731220134281266,0.25265978642576065,0.03333333333333333
M-05,2026-01-09 13:00:00+00:00,60.09559467106559,2.087837137239919,6.032600160416697,1589.6138391861532,0.5842380390890944,0,1.954327101075065,61.46714373944675,0.2609883896878784,0.06666666666666667
M-05,2026-01-09 14:00:00+00:00,65.8204705411874,3.0224389469752797,5.522125439277166,1701.5361330801134,0.8127143691179367,0,2.1211970573366057,62.41106115026403,0.5118377799925292,0.075
M-05,2026-01-09 15:00:00+00:00,64.28362763110196,2.875274757862578,5.85085964286561,1717.2898156789652,0.8931661418888303,0,2.252551604644803,62.6438196646121,0.5956239194077451,0.041666666666666664
M-05,2026-01-09 16:00:00+00:00,59.97649534726476,2.0008160929338583,6.4424542115846775,1666.7652798128595,0.6430619190313989,0,2.313747359599237,62.40398991482826,0.5351057601578794,0.03333333333333333
M-05,2026-01-09 17:00:00+00:00,57.60036658632534,2.887509159547057,6.082276816154379,1724.0459190856968,0.940077988947626,0,2.522725292322537,61.380003625620105,0.45526232512086745,0.041666666666666664
M-05,2026-01-09 18:00:00+00:00,66.12679866007784,2.582923748376551,6.208668927770517,1732.0734610617912,0.9177370444723802,0,2.576133307155874,62.31722557283715,0.43705798465293494,0.08333333333333333
M-05,2026-01-09 19:00:00+00:00,67.352045316267,1.9607800573332037,5.96814736414355,1718.141125901691,0.9969370741713106,0,2.5549571271714213,63.52663401370405,0.46746856550248395,0.05
M-05,2026-01-09 20:00:00+00:00,63.3085883139494,1.426714285536594,6.300886760740528,1595.343286040841,0.6023326798610693,0,2.2890030169316407,63.10798697583105,0.5869646367537364,0.041666666666666664
M-05,2026-01-09 21:00:00+00:00,60.334742474402525,2.4045481058262013,6.022290410493234,1671.8915015176156,0.7460613666566948,0,2.2105485749255775,62.44983944971448,0.5206424762786427,0.05
M-05,2026-01-09 22:00:00+00:00,65.66749459775114,2.998325696950463,6.265144863962007,1641.116235018256,0.7537808120908795,0,2.3768001755950117,63.39833932479555,0.5943249030892632,0.058333333333333334
M-05,2026-01-09 23:00:00+00:00,66.27050737486839,2.181422327941839,6.3304712645862535,1671.180014149658,0.7111097246818473,0,2.259119036994142,64.84336278955271,0.5404380051273547,0.09166666666666666
M-05,2026-01-10 00:00:00+00:00,65.04841266981994,1.9500996793909835,6.250330851583019,1620.6613801075275,0.6189137468182724,0,2.153648358829881,64.6636317911764,0.5261682764051083,0.05
M-05,2026-01-10 01:00:00+00:00,63.458925094337175,2.4217197489600286,6.369019689664259,1607.4796563486298,0.6333082871667225,0,2.230471640767685,64.01477842085477,0.5260263233096883,0.041666666666666664
M-05,2026-01-10 02:00:00+00:00,62.597241585741,2.375988980887034,6.233969043749017,1624.635278151889,0.7437223109691664,0,2.388684089992758,63.89622063282004,0.3488497670121371,0.05
M-05,2026-01-10 03:00:00+00:00,63.82907895182929,2.7521630538264548,6.388707360567406,1675.2574407833583,0.7792953561937285,0,2.446619914659467,64.4786100457245,0.379527793763382,0.041666666666666664
M-05,2026-01-10 04:00:00+00:00,70.54940089712359,2.5839764866092825,6.080858914386693,1701.6451961415878,0.9551402178094393,0,2.377561712935937,65.2922610956199,0.284984237278925,0.06666666666666667
M-05,2026-01-10 05:00:00+00:00,61.39358065073082,2.9401464717517656,5.970623107557508,1619.795644522467,0.6045295626667819,0,2.504015736904258,64.4794399749303,0.34297734879335146,0.05
M-05,2026-01-10 06:00:00+00:00,70.93086201064422,2.9401464717517656,6.516868118683147,1625.16910812076,0.6390972094581432,0,2.669023535631055,65.45984819840102,0.24826956567013825,0.075
M-05,2026-01-10 07:00:00+00:00,67.57631679854643,2.147007007050383,6.238784133600838,1724.2632498569153,0.9499066161201796,0,2.6232380786461142,66.14608014910256,0.318418947605779,0.075
M-05,2026-01-10 08:00:00+00:00,66.12976965546343,3.0039207195884123,6.02624203204305,1676.7147621738718,0.6537116317016102,0,2.7278933684296773,66.73483482738963,0.3240444135194752,0.08333333333333333
M-05,2026-01-10 09:00:00+00:00,66.51788637547008,3.624290892272468,5.867833437556001,1712.0987791618777,0.9260937813568038,0,2.873248008170679,67.18296939799643,0.490141935570244,0.058333333333333334
M-05,2026-01-10 10:00:00+00:00,74.02247754903111,2.361734794096117,6.120501388243532,1739.230164976039,0.9422173483215132,0,2.8362077260851515,67.76181550664768,0.5236280063226781,0.03333333333333333
M-05,2026-01-10 11:00:00+00:00,74.33660462000091,3.6399561485127143,6.209710107395473,1752.169738566122,0.9855078331978172,0,2.9528426722119767,69.91898616819269,0.620405906610072,0.041666666666666664
M-05,2026-01-10 12:00:00+00:00,64.23047367082012,3.1128427174393414,5.987993931389225,1696.6483298504097,0.7172482469436698,0,2.9816253798265726,68.80225477822201,0.6236963364016497,0.041666666666666664
M-05,2026-01-10 13:00:00+00:00,66.88259819217882,3.753736843826785,5.983660096112383,1739.05757325985,0.9967915307503245,0,3.249413685955973,68.68663501049407,0.5318440417023171,0.05
M-05,2026-01-10 14:00:00+00:00,66.74622117793251,3.255128866254944,6.643208852031048,1730.803862266934,0.7472722135371169,0,3.2912817104003955,68.78937693090559,0.5183702733367177,0.08333333333333333
M-05,2026-01-10 15:00:00+00:00,74.33749036426157,3.055199819362942,6.282672855023271,1645.3453233781818,0.7732534867788685,0,3.196433198248807,70.09264426237085,0.49687036617540425,0.058333333333333334
M-05,2026-01-10 16:00:00+00:00,70.4713386534626,3.6503199194811824,5.616209107519016,1802.961036855292,0.9140754447500196,0,3.411197385812985,69.50078777977609,0.30559796994477634,0.075
M-05,2026-01-10 17:00:00+00:00,72.59544628711033,3.999950086517293,5.855358993347011,1621.07019654163,0.7387760547181959,0,3.4711963754804143,69.21059472429432,0.3846168209217789,0.08333333333333333
M-05,2026-01-10 18:00:00+00:00,72.48091960702843,3.428513761802287,6.034456649058385,1696.5864594519917,0.8109029413878053,0,3.523808216207572,70.5856690469957,0.3453829530392786,0.08333333333333333
M-05,2026-01-10 19:00:00+00:00,70.84998996625234,3.5917744734988557,5.90196406910334,1743.5066725529834,0.9561524344297112,0,3.4968144878195844,71.2469010093413,0.3297960555701913,0.06666666666666667
M-05,2026-01-10 20:00:00+00:00,68.60492681496075,3.387661926106735,6.185093328749666,1623.0722998775134,0.7504809241237491,0,3.5189033311282163,71.55668528217934,0.3144525501290764,0.041666666666666664
M-05,2026-01-10 21:00:00+00:00,68.15839400289182,2.977628624853859,5.919228213438264,1701.2927758087292,0.787876927266362,0,3.505974798710035,70.52683588861771,0.3380403853208701,0.08333333333333333
M-05,2026-01-10 22:00:00+00:00,76.39895457326496,3.3301966401206027,5.6689742778187,1726.315994795444,0.8535521815493143,0,3.452620918816605,71.51477187525144,0.33595807437475494,0.075
M-05,2026-01-10 23:00:00+00:00,77.44453673460606,2.883532060760791,5.967944489185639,1665.4201128533982,0.7687239063587263,0,3.2665512478571883,72.32295361650073,0.27600743270050565,0.075
M-05,2026-01-11 00:00:00+00:00,70.89820895621028,4.005663338996477,5.874181481538878,1673.7346004598917,0.7687239063587263,0,3.36274284405622,72.05916850803104,0.4112027244069765,0.06666666666666667
M-05,2026-01-11 01:00:00+00:00,71.62751005348137,3.3527254240044746,6.271606948280196,1703.2342997325263,0.7093464144580517,0,3.322901335807156,72.18875518923588,0.3958684603604029,0.10833333333333334
M-05,2026-01-11 02:00:00+00:00,78.46907645350113,4.503892947877336,5.682134050440032,1725.468413648675,0.9269302230573992,0,3.5089398394355897,73.83278012899261,0.6271274980848672,0.11666666666666667
M-05,2026-01-11 03:00:00+00:00,78.97587068216654,4.427343867332154,5.865352227844253,1536.090398033346,0.658153020332833,0,3.7505590465153062,75.63569290887173,0.6598999619045723,0.075
M-05,2026-01-11 04:00:00+00:00,73.67994971425827,4.007681072434997,5.882060798139716,1590.5323077548294,0.5977460980659552,0,3.8634731185677054,75.18252543237061,0.6309119520355695,0.1
M-05,2026-01-11 05:00:00+00:00,74.51444215986794,4.857654242015075,5.695524902196012,1631.5842680537414,0.8870902585675731,0,4.192493482110086,74.69417633658092,0.5232274243188462,0.08333333333333333
M-05,2026-01-11 06:00:00+00:00,79.08767524253878,3.7456429072120008,5.951911173845165,1686.895632049413,0.8245165418549861,0,4.149156743479339,76.05908738430234,0.5517854989425992,0.11666666666666667
M-05,2026-01-11 07:00:00+00:00,73.07065063378545,4.193340272232256,5.708840799357453,1543.236932404483,0.8245165418549861,0,4.28925921818397,76.29961081435302,0.39299193408493605,0.041666666666666664
M-05,2026-01-11 08:00:00+00:00,72.58824427325581,4.228890117126425,5.735192453579955,1808.7257651684,0.9841459109630192,1,4.2434254130588185,75.31947211764546,0.3787309508255163,0.08333333333333333
M-05,2026-01-11 09:00:00+00:00,78.45704622808941,4.089935777814674,5.593988060561623,1640.8984413215394,0.6905008776100509,0,4.187190731472572,75.23300137529928,0.3709298314755612,0.11666666666666667
M-05,2026-01-11 10:00:00+00:00,80.34866584166707,4.3956893567260815,5.915069310477925,1693.6419887980296,0.8059474925682211,0,4.251858778854419,76.34445406320074,0.3671786813866458,0.041666666666666664
M-05,2026-01-11 11:00:00+00:00,76.17850794955889,4.636855044851874,5.442334118664937,1555.8378090067793,0.6705564796399831,1,4.2150589126605515,76.62179836148256,0.2990683938696321,0.06666666666666667
M-05,2026-01-11 12:00:00+00:00,78.7801562503204,3.750217062077087,5.44185123755439,1645.5581822246018,0.7728891955125465,0,4.2158212718047325,76.57054519611285,0.29763487490299406,0.11666666666666667
M-05,2026-01-11 13:00:00+00:00,78.46699187211142,4.021487044811418,6.040143616279282,1751.5098993121198,0.9174609971262218,0,4.187179067234593,77.4699354025005,0.30830852564795763,0.08333333333333333
M-05,2026-01-11 14:00:00+00:00,78.76722600262576,4.257074044991561,5.72577806524318,1724.0715570494635,0.8615953379395007,1,4.19187638854545,78.49976569072884,0.30928428417999865,0.15833333333333333
M-05,2026-01-11 15:00:00+00:00,86.9782462610018,4.538606741104125,5.737689080996931,1678.8124146315588,0.805023666006696,1,4.266654882427025,79.91996569621422,0.3330354193144621,0.09166666666666666
M-05,2026-01-11 16:00:00+00:00,83.98332588235962,4.95223782253691,5.556730293505726,1630.826323999436,0.6563490598434613,0,4.359412960062163,80.52574236966298,0.4373357197857249,0.09166666666666666
M-05,2026-01-11 17:00:00+00:00,79.95818411404503,4.682424352797154,5.447011761848786,1630.0368524272253,0.7054025003926319,1,4.367007844719709,81.15568839707734,0.4434701376166969,0.11666666666666667
M-05,2026-01-11 18:00:00+00:00,72.94703641782068,4.564780609767083,6.296359920995679,1710.5610060761696,0.8024293939394657,0,4.502768436001375,80.18350175832738,0.3260142275912433,0.075
M-05,2026-01-11 19:00:00+00:00,82.02763081861715,3.907211565836279,5.466480278088169,1624.3348297101177,0.6011219687816476,1,4.483722522838852,80.77694158274501,0.36119416113927183,0.13333333333333333
M-05,2026-01-11 20:00:00+00:00,85.29439316524258,4.424522336804369,4.820828243621428,1640.113249899446,0.6116567728305672,1,4.51163057147432,81.86480277651448,0.34634320684826486,0.11666666666666667
M-05,2026-01-11 21:00:00+00:00,85.21666064250836,4.8811929373018135,5.596315121647345,1720.5810429841902,0.9380146748307088,1,4.568728270840602,81.57120517343223,0.3784325116900744,0.1
M-05,2026-01-11 22:00:00+00:00,77.1939935465816,4.284807728196428,5.612895414605291,1610.4260248677683,0.8253039119756765,1,4.457489921783854,80.4396497841359,0.3392177194688132,0.08333333333333333
M-05,2026-01-11 23:00:00+00:00,83.62794290449432,4.736489712224026,5.04952324321412,1793.9807675898376,0.970419813643572,1,4.466500815021667,81.05127624921077,0.3470162859684936,0.15
M-05,2026-01-12 00:00:00+00:00,78.83224365495619,5.52360353953788,5.737547100277004,1628.6980107612983,0.7007472000042774,1,4.626304636650132,82.0321441220667,0.5579758412904416,0.05
M-05,2026-01-12 01:00:00+00:00,79.03824929279828,5.173417537967079,5.482421829249331,1646.249058391175,0.6516048200658267,1,4.837338965338599,81.53391386776356,0.4629708311122647,0.11666666666666667
M-05,2026-01-12 02:00:00+00:00,78.70441217845176,4.944560874586431,5.246505291275567,1713.6266580528936,0.8882126972760735,1,4.9240120549689435,80.43558370329842,0.41658506323099986,0.13333333333333333
M-05,2026-01-12 03:00:00+00:00,81.13893217826542,5.647438969332447,5.483902658514363,1778.294695714877,0.8455069013786075,1,5.051719726974048,79.75596229259126,0.50820726110315,0.09166666666666666
M-05,2026-01-12 04:00:00+00:00,85.33747191863331,5.330929621073209,5.857727364737244,1718.7507512944494,0.8002937991953107,1,5.226073375786846,81.11320868793321,0.3460584006082252,0.08333333333333333
M-05,2026-01-12 05:00:00+00:00,85.96383337347386,5.261934531793332,5.9989811224431095,1676.6543776761678,0.6151643972388718,0,5.3136475123817295,81.50252376609647,0.25074312179524255,0.075
M-05,2026-01-12 06:00:00+00:00,49.1812637664345,1.55677226942834,6.716424947647036,1570.015752330123,0.6886250685264377,0,4.652508967363473,76.56069378467619,1.5337382807481712,0.05
M-05,2026-01-12 07:00:00+00:00,49.15799224041987,1.4737820369562589,6.594835909947911,1701.9313273306882,0.8977958009772817,0,4.035903050528336,71.58065094261312,1.9653756683277057,0.008333333333333333
M-05,2026-01-12 08:00:00+00:00,51.1343253978992,1.83416766287482,5.979256394695851,1636.609946495304,0.6344279137926367,0,3.5175041819097346,66.98563647918769,2.0843734282698154,0.0
M-05,2026-01-12 09:00:00+00:00,58.23621086255326,0.9786639994305756,6.481234219037976,1592.1142278076516,0.6855545322169976,0,2.739375020259423,63.16851625990233,1.9999620127702364,0.03333333333333333
M-05,2026-01-12 10:00:00+00:00,54.7752424224087,2.1379324921195964,6.808068002847613,1601.6050444901332,0.6115035457365103,0,2.2072088321004872,58.0748113438649,1.5456786870082835,0.016666666666666666
M-05,2026-01-12 11:00:00+00:00,56.81566742193499,1.371150150232703,6.349545122520711,1633.1573616298758,0.6771819825406226,0,1.558744768507049,53.21678368527509,0.39754853436732224,0.025
M-05,2026-01-12 12:00:00+00:00,56.83670073929807,1.3272971802562978,6.034162881506668,1776.0087135873323,0.988052581944753,0,1.5204989203117087,54.49268984741901,0.4086592252274288,0.03333333333333333
M-05,2026-01-12 13:00:00+00:00,58.61356300697633,1.3622155975451808,6.153421622100669,1746.9691938805126,0.9866039472093692,0,1.5019045137431954,56.06861830851176,0.41371691847425446,0.0
M-05,2026-01-12 14:00:00+00:00,52.34290793614588,1.2504706621653687,6.307901193389668,1720.383824054963,0.8413539884608083,0,1.4046216802916203,56.27004873155287,0.3877744000063299,0.016666666666666666
M-05,2026-01-12 15:00:00+00:00,58.496545721371554,1.4513925270935637,6.142349055192051,1694.047245591353,0.9137673615416606,0,1.483409768235452,56.31343787468925,0.32721464390101446,0.03333333333333333
M-05,2026-01-12 16:00:00+00:00,59.97097202444825,1.1838364314916714,6.235329937284777,1556.2570496216451,0.6657996934364951,0,1.3243937581307976,57.17939280836251,0.09484171561689221,0.05
M-05,2026-01-12 17:00:00+00:00,63.54310441992041,0.92231843256417,6.002740168132805,1746.066128484493,0.9743466869109882,0,1.2495884718527088,58.30063230802674,0.1848665341277366,0.008333333333333333
M-05,2026-01-12 18:00:00+00:00,59.62032797224548,1.1854245364234548,6.300745540071651,1630.3370292452448,0.779326891345062,0,1.2259430312139015,58.76457018018465,0.1819900564712259,0.016666666666666666
M-05,2026-01-12 19:00:00+00:00,55.69019611082364,1.2456350772303817,6.356727683709488,1696.927673113671,0.7125712301145326,0,1.2065129444947684,58.2773423641592,0.17038444646992942,0.041666666666666664
M-05,2026-01-12 20:00:00+00:00,55.65161472297319,2.5463648133290384,5.77356125148699,1691.8403415106666,0.7052702248933103,0,1.4224953030220469,58.828793495297084,0.5759400615168553,0.016666666666666666
M-05,2026-01-12 21:00:00+00:00,57.56184900250384,2.0070100758499216,6.057712375428466,1696.5551856901554,0.7414622168845337,0,1.515098227814773,58.673010708819135,0.6241643104686757,0.08333333333333333
M-05,2026-01-12 22:00:00+00:00,61.20114780469304,1.783935997246224,6.244036725645131,1725.5743330713774,0.7776972904688417,0,1.6151148221071985,58.8780400055266,0.6083460998610475,0.06666666666666667
M-05,2026-01-12 23:00:00+00:00,61.6818766496535,1.8981421407427173,6.314759931183083,1720.037551557675,0.8895518121188111,0,1.777752106803623,58.56783537714879,0.5083025070900912,0.03333333333333333
M-05,2026-01-13 00:00:00+00:00,56.787233562928016,1.9091435093481084,6.54953443271345,1693.0367263399794,0.7791450093801542,0,1.8983719356243987,58.095652975595875,0.41736652596297,0.041666666666666664
M-05,2026-01-13 01:00:00+00:00,59.38956655543702,2.4025343395309227,6.04376933584187,1554.046675444956,0.5638765407905835,0,2.0911884793411555,58.71221471636477,0.30855115977532094,0.016666666666666666
M-05,2026-01-13 02:00:00+00:00,62.49362511031914,1.7324348627215067,6.632546755077035,1723.7798470386188,0.9349668312425488,0,1.9555334875732335,59.85254978092243,0.23963476069183204,0.05
M-05,2026-01-13 03:00:00+00:00,63.83258234645342,2.423450676852619,6.265441942249215,1608.897168670215,0.7120145356746699,0,2.0249402544070167,60.89767200491403,0.3080639394177015,0.03333333333333333
M-05,2026-01-13 04:00:00+00:00,64.90850453031938,2.223967646175581,6.159823821992839,1693.8901919379348,0.8578955508545263,0,2.098278862561909,61.51556479251841,0.2911269468378933,0.05
M-05,2026-01-13 05:00:00+00:00,59.49654669936537,2.0723264847412315,6.038659899250426,1790.7419969976934,0.990421022060437,0,2.1273095865616614,61.15134313413705,0.27544023553362273,0.016666666666666666
M-05,2026-01-13 06:00:00+00:00,63.82702598047127,2.8379928947981865,6.344830854606781,1790.7419969976934,0.9881953722934946,0,2.282117817470008,62.32464187039426,0.37229488687639545,0.041666666666666664
M-05,2026-01-13 07:00:00+00:00,63.97333997026237,1.6793402307983505,5.73361621385233,1676.6776849244409,0.692881311754555,0,2.161585466014579,63.08860410619849,0.4369644854437793,0.041666666666666664
M-05,2026-01-13 08:00:00+00:00,58.955498080915056,2.9087486383022343,6.321470534012477,1632.3031858133809,0.6668354261897955,0,2.3576377619447,62.49891626796447,0.46864770499279623,0.06666666666666667
M-05,2026-01-13 09:00:00+00:00,60.142332003203485,2.2290835136886598,6.222312574498928,1649.8107138470334,0.7562582883140333,0,2.3252432347507077,61.88387454408949,0.46990462427993507,0.041666666666666664
M-05,2026-01-13 10:00:00+00:00,67.10889696282646,2.912917151940969,6.266662327099575,1775.8498482621064,0.9920259842346412,0,2.440068152378272,62.250606616174004,0.5215452228625619,0.058333333333333334
M-05,2026-01-13 11:00:00+00:00,55.66356926652135,2.989626063948333,5.90312552375042,1564.3454682229717,0.582646168851502,0,2.5929514155794555,61.61177704403334,0.5266094014550707,0.06666666666666667
M-05,2026-01-13 12:00:00+00:00,64.7739014520849,2.024157802940608,5.950568854555232,1665.433470834534,0.7584538428207593,0,2.4573122336031923,61.76958962263561,0.5549198554065676,0.05
M-05,2026-01-13 13:00:00+00:00,59.8053272935555,2.7036810849921125,5.955010019526547,1631.81330042219,0.5576322134205549,0,2.628035709302153,61.07492084318446,0.4050329301378767,0.025
M-05,2026-01-13 14:00:00+00:00,65.8953800209957,2.792233845429549,5.977328853319115,1659.069660398484,0.6671898242877703,0,2.608616577156705,62.23156783319789,0.3914478345119768,0.06666666666666667
M-05,2026-01-13 15:00:00+00:00,67.63166151135252,2.5580124151901598,5.666509837043151,1709.8795220153684,0.8667054034163817,0,2.6634380607402885,63.4797894178894,0.3483217191877802,0.08333333333333333
M-05,2026-01-13 16:00:00+00:00,56.49176627165095,3.019659909327133,5.849150149879219,1704.545201097761,0.801556864839178,0,2.6812285203046495,61.71026763602683,0.36589487179923713,0.058333333333333334
M-05,2026-01-13 17:00:00+00:00,65.36848025412446,2.762644692780577,6.201816957173786,1597.114110917701,0.5528386635850769,0,2.64339829177669,63.32775280062734,0.3383276746342817,0.041666666666666664
M-05,2026-01-13 18:00:00+00:00,71.16845500189564,3.0046328661361943,6.201816957173786,1700.9064844655877,0.8198265224765878,0,2.8068108023092875,64.39351172559579,0.1784028140050314,0.03333333333333333
M-05,2026-01-13 19:00:00+00:00,65.78485741955224,3.0790349938308124,6.372854150496934,1719.6968208899216,0.646111878306862,0,2.8693697871157373,65.39010007992859,0.199562688196027,0.06666666666666667
M-05,2026-01-13 20:00:00+00:00,61.98350358493687,2.504972463053739,5.844042320278675,1502.1281198478734,0.5819028713686638,0,2.8214928900531024,64.73812067391877,0.24988341491574428,0.075
M-05,2026-01-13 21:00:00+00:00,68.1805647008983,2.850607738495869,5.621114075588794,1737.6870999991331,0.8597792877532793,0,2.870258777270721,64.82960453884307,0.214180133756094,0.025
M-05,2026-01-13 22:00:00+00:00,60.97855710802811,2.780857531918832,6.1280885645467,1667.623815634175,0.76749621097058,0,2.8304583810360042,65.5774030115726,0.20274767749445338,0.075
M-05,2026-01-13 23:00:00+00:00,68.78215281159983,3.343028493124532,5.798977781773046,1642.8298914914103,0.8160768656157609,0,2.927189014426663,66.1463484378185,0.28548962661423666,0.06666666666666667
M-05,2026-01-14 00:00:00+00:00,70.27158295834137,3.177145531153019,5.798977781773046,1685.9448885042696,0.7958867950046253,0,2.9559411252628003,65.99686976389279,0.3029990895507276,0.041666666666666664
M-05,2026-01-14 01:00:00+00:00,76.11938446526901,2.7308013332869168,5.798977781773046,1602.8443368500116,0.7052373573257198,0,2.897902181838818,67.71929093817891,0.308015244126687,0.06666666666666667
M-05,2026-01-14 02:00:00+00:00,69.61270645838748,3.641277996596049,5.988281124878384,1679.0274811588124,0.699913331842943,0,3.087286437429203,68.99082475042069,0.36259685976038164,0.09166666666666666
M-05,2026-01-14 03:00:00+00:00,70.60980027770631,3.273971102393276,5.848059738257708,1608.0404478243815,0.6354574327424236,0,3.157846998078771,69.39569734655534,0.3482367053684444,0.025
M-05,2026-01-14 04:00:00+00:00,70.23187215315114,3.273971102393276,6.476807915782539,1678.0460743035223,0.6539647013766944,0,3.2400325931578444,70.93791652074252,0.29569610501514443,0.058333333333333334
M-05,2026-01-14 05:00:00+00:00,69.8510001837514,3.147560617630742,6.166587913193529,1688.984363374822,0.8564206154747764,0,3.2074546139088795,71.11605774943445,0.29283302240761483,0.058333333333333334
M-05,2026-01-14 06:00:00+00:00,74.35550053643492,3.260957018738207,6.210782289190076,1615.169311268983,0.6851517784959655,0,3.2214231951730774,71.79671067911671,0.2930969240069598,0.03333333333333333
M-05,2026-01-14 07:00:00+00:00,70.76486214799402,2.768599765030849,5.6651838902750296,1762.467087358224,0.9499493814950988,0,3.2277229337970663,70.90429029290421,0.28058159654419823,0.05
M-05,2026-01-14 08:00:00+00:00,70.6645327812432,3.8201832213538345,6.245514916393755,1708.646020551632,0.8887257269518402,0,3.2575404712566978,71.07959468004682,0.33712818058438826,0.075
M-05,2026-01-14 09:00:00+00:00,78.17749027868051,3.065104975940024,5.735783714438004,1624.1265954709352,0.6910090347570055,0,3.2227294501811556,72.34087634687587,0.3457651404664705,0.06666666666666667
M-05,2026-01-14 10:00:00+00:00,73.70567252214525,3.679784976902982,5.895443151877802,1682.2233712123902,0.795612831739622,0,3.290365095932773,72.91984307504156,0.3941051194636042,0.058333333333333334
M-05,2026-01-14 11:00:00+00:00,73.35175004459327,3.121682258630563,5.942927783184842,1705.5895230472468,0.8926658090661779,0,3.28605203609941,73.50330138518187,0.3961170007973805,0.09166666666666666
M-05,2026-01-14 12:00:00+00:00,71.13246647083302,3.607310375415766,6.307190073992095,1570.9144133498503,0.6453349563791585,0,3.3437775955456694,72.96612904091488,0.4164437803610974,0.041666666666666664
M-05,2026-01-14 13:00:00+00:00,72.33061556237813,3.980243238616947,5.853991343297638,1707.179622348712,0.8520575735904281,0,3.5457181744766864,73.22708794331223,0.3732843700418417,0.025
M-05,2026-01-14 14:00:00+00:00,69.54336603264753,3.865242922713689,5.421947525111172,1622.8726957282345,0.7039752288150827,0,3.553228124703328,73.04022681854629,0.38029796508839725,0.05
M-05,2026-01-14 15:00:00+00:00,82.17017083172134,3.618059652651223,5.641564053858363,1740.0664699006777,0.919390130344489,0,3.645387237488528,73.70567357738642,0.29601074895794505,0.09166666666666666
M-05,2026-01-14 16:00:00+00:00,69.91114973221178,3.777169925298914,6.064512008854966,1636.8496338693642,0.5847421243831189,0,3.6616180622211836,73.07325311239752,0.3009035233405924,0.06666666666666667
M-05,2026-01-14 17:00:00+00:00,75.29808646659544,4.320363386651578,5.60656387619598,1653.1555873297698,0.5902780881740016,0,3.861398250224686,73.39764251606454,0.2667045710675055,0.075
M-05,2026-01-14 18:00:00+00:00,77.69330076078823,4.324901271476499,6.040988137891726,1707.4875700875205,0.7209386090917045,0,3.9809967329014753,74.49111489772373,0.2898648862399972,0.016666666666666666
M-05,2026-01-14 19:00:00+00:00,66.88933029044426,4.524561913995075,6.070408264290226,1668.760273249064,0.6322830645188526,0,4.071716512131163,73.58423401906809,0.3650178980974569,0.05
M-05,2026-01-14 20:00:00+00:00,78.22968112442177,3.757581244334561,6.07389236272754,1644.6805986146023,0.6527833535098525,0,4.053772899067975,75.03195320103048,0.37955450557345854,0.09166666666666666
M-05,2026-01-14 21:00:00+00:00,75.31400008908871,3.365066840163061,5.887791078544008,1720.7999786649686,0.9231044379239426,0,4.011607430319948,73.88925807725836,0.44589473095035,0.1
M-05,2026-01-14 22:00:00+00:00,78.29044946492434,4.385918207217641,6.043848540174183,1593.938720161225,0.642751363536097,0,4.113065477306402,75.28580803271045,0.4511088023077967,0.06666666666666667
M-05,2026-01-14 23:00:00+00:00,78.21570010541352,4.303598287657081,5.628794052880901,1615.511862552429,0.6495415327130775,0,4.110271294140653,75.77207697251347,0.44961744660138325,0.08333333333333333
M-05,2026-01-15 00:00:00+00:00,80.75448200552951,4.780975345927383,5.920244385646091,1801.3748780830945,0.9496845408218992,0,4.186283639882467,76.28227384663701,0.5253360598936005,0.08333333333333333
M-05,2026-01-15 01:00:00+00:00,77.40046791801144,4.428484187230426,5.940963712847222,1731.2418101162632,0.9460551293247244,0,4.170270685421692,78.03413011789821,0.5143112491980572,0.075
M-05,2026-01-15 02:00:00+00:00,79.39692814825383,3.6071299284974776,5.6474598832357845,1637.6155693251824,0.9220756737310646,0,4.145195466115512,78.22867128853689,0.5414097603189615,0.09166666666666666
M-05,2026-01-15 03:00:00+00:00,77.0717063926194,5.141864653685291,6.0933050701843925,1621.4523748824045,0.5847424995778634,1,4.441328435035882,78.52162233912534,0.5146266661521157,0.06666666666666667
M-05,2026-01-15 04:00:00+00:00,79.58574101951439,4.316508260891189,5.881045482555638,1654.6751305884227,0.6653978688693517,0,4.429760110648141,78.73750426489035,0.5168964796409443,0.1
M-05,2026-01-15 05:00:00+00:00,79.30360332639222,4.316508260891189,5.486377712755024,1701.5089948129516,0.8885159443934403,1,4.431911772853826,78.9188214683868,0.5162927950915964,0.10833333333333334
M-05,2026-01-15 06:00:00+00:00,82.12218203478447,4.312809650011797,5.163058490916644,1743.0839450894066,0.924342800783906,0,4.3538841568678945,79.14677147326263,0.48756565420410114,0.125
M-05,2026-01-15 07:00:00+00:00,82.73135929594892,4.658466088771944,5.791495348298663,1626.5734967234955,0.734146840162123,1,4.392214473791482,80.03525336958555,0.5033867390658814,0.041666666666666664
M-05,2026-01-15 08:00:00+00:00,73.93299935323809,4.98259506327974,5.981178699161254,1694.119516557782,0.69222923032353,1,4.621458662921858,79.12459857041625,0.36982837993363643,0.058333333333333334
M-05,2026-01-15 09:00:00+00:00,81.62504273002955,5.151763727934287,5.466137764518628,1571.410491124324,0.6569412034696959,1,4.6231085086300245,79.8834879599846,0.3726257875756569,0.10833333333333334
M-05,2026-01-15 10:00:00+00:00,78.87553572754813,4.9259136498332685,5.820046548601538,1654.935381860873,0.7039602915725888,1,4.724676073453705,79.76512041132357,0.35497642403749435,0.11666666666666667
M-05,2026-01-15 11:00:00+00:00,81.7781273549619,5.509324967719375,5.9556121294884345,1731.404157162567,0.9854983280558864,1,4.923478857925069,80.17754108275184,0.41036056084646577,0.1
M-05,2026-01-15 12:00:00+00:00,76.45215665965667,4.772307425270303,6.067310521483934,1611.6410440873544,0.6866725476739675,1,5.0000618204681535,79.23253685356387,0.3022334095156787,0.058333333333333334
M-05,2026-01-15 13:00:00+00:00,79.46469788971862,4.462358908185513,5.345597080213674,1686.658529324701,0.8808517779693914,0,4.967377290370414,78.68809328585883,0.3529170656273963,0.1
M-05,2026-01-15 14:00:00+00:00,85.2926181267343,5.363565144076244,5.368419066488526,1658.756082177949,0.8224543331795922,1,5.030872303836499,80.58136308144152,0.38866330170383506,0.11666666666666667
M-05,2026-01-15 15:00:00+00:00,84.47693576155568,5.688549974095008,5.269403301221703,1622.9140627833403,0.6725907385224628,1,5.120336678196619,81.05667858669587,0.4743833357770966,0.05
M-05,2026-01-15 16:00:00+00:00,80.19149741861138,4.74996307647731,5.621903829886732,1607.9749627419526,0.5777256990993501,1,5.091011582637292,81.27600553520642,0.49384496956640134,0.13333333333333333
M-05,2026-01-15 17:00:00+00:00,87.37265694497229,4.744460120138923,5.317505259661966,1675.9321520787933,0.8188529808091726,1,4.963534108040551,82.20842713354149,0.46195737004051163,0.08333333333333333
M-05,2026-01-15 18:00:00+00:00,89.77089877752104,5.17283853911983,5.799806820993023,1790.5178179601542,0.9788872574337226,1,5.030289293682138,84.42821748651888,0.4577174304043034,0.15
M-05,2026-01-15 19:00:00+00:00,91.81242228672316,5.486299381564314,5.727490205668461,1655.8935692963523,0.6417553992712914,1,5.200946039245271,86.4861715526863,0.3894057418997263,0.08333333333333333
M-05,2026-01-15 20:00:00+00:00,81.44929680887454,5.338767701675192,5.497679692211217,1655.8935692963523,0.7261483978371611,1,5.19681313217843,85.84561799970969,0.38746135574437923,0.041666666666666664
M-05,2026-01-15 21:00:00+00:00,88.01086741524425,4.399758512634251,5.399538933312907,1634.6566116509953,0.8019946898587977,0,4.982014555268304,86.43460660865777,0.41648334515542473,0.09166666666666666
M-05,2026-01-15 22:00:00+00:00,88.20881193106247,4.519490395957597,5.436310367229215,1565.195345818604,0.6468911316331315,1,4.943602441848351,87.77082569406629,0.45133571769846076,0.075
M-05,2026-01-15 23:00:00+00:00,86.92424952849629,4.299769901689304,5.7070133958607805,1585.8593227937088,0.6282906374606555,0,4.869487405440082,87.69609112465362,0.52161750240822,0.1
M-05,2026-01-16 00:00:00+00:00,58.19869007792536,1.4818287318480852,6.041310666325392,1691.5148781184655,0.8429977518813311,0,4.254319104228124,82.43405634138767,1.4473452414441497,0.016666666666666666
M-05,2026-01-16 01:00:00+00:00,59.88004739774864,2.053457987614773,6.295402857161672,1722.671782465071,0.8096533100154075,0,3.6821788719032003,77.11199385989192,1.538570038565768,0.03333333333333333
M-05,2026-01-16 02:00:00+00:00,54.80520522733809,0.7223452697991933,6.634179321282286,1705.0333060517517,0.942537173696696,0,2.9127751332572003,72.67131192963585,1.6911785559677148,0.025
M-05,2026-01-16 03:00:00+00:00,62.768450852230345,2.4829420295515297,6.674013667200965,1611.7249211048006,0.5960925722862815,0,2.5933057194100804,68.46424250246686,1.5271998709415806,0.05
M-05,2026-01-16 04:00:00+00:00,61.32556781435843,1.5478358359949458,6.669654094003886,1678.7736379344997,0.8425833397091909,0,2.0980299594163054,63.98370181634953,1.2306688122607934,0.016666666666666666
M-05,2026-01-16 05:00:00+00:00,57.45555144689176,1.6265120974823246,6.381573846941948,1596.5950824984543,0.6097989340500051,0,1.6524869920484753,59.072252136082106,0.5926799698747706,0.03333333333333333
M-05,2026-01-16 06:00:00+00:00,57.91890837129098,2.860324548216159,6.529466985203979,1704.3209238795223,0.6556647027640025,0,1.8822362947764877,59.025621851643045,0.7575469095896674,0.041666666666666664
M-05,2026-01-16 07:00:00+00:00,57.983873190316096,1.6306962428408744,6.00123208712626,1657.234479167991,0.9545461193955866,0,1.811776003980838,58.709592817070956,0.7580968559886773,0.058333333333333334
M-05,2026-01-16 08:00:00+00:00,62.51921221335456,2.929795496442852,6.036157079875127,1711.6744812088052,0.8517414686260398,0,2.1796843750881143,59.995260648073696,0.651847077014271,0.016666666666666666
M-05,2026-01-16 09:00:00+00:00,57.31311860113604,1.9535812749692911,6.497717613775973,1727.9521751745851,0.941893267767316,0,2.0914575826577413,59.08603860622464,0.6382752798812766,0.03333333333333333
M-05,2026-01-16 10:00:00+00:00,54.95896885902774,2.072745173414946,6.358198112421043,1621.6136670571514,0.6211968740540597,0,2.178942472227741,58.02493878033619,0.582388286271991,0.03333333333333333
M-05,2026-01-16 11:00:00+00:00,60.05782880415056,2.376606954716128,6.251404427622427,1682.6334287019406,0.8030871407450175,0,2.3039582817667084,58.458651673212664,0.5169136857971727,0.041666666666666664
M-05,2026-01-16 12:00:00+00:00,60.113933221347565,1.924987234943132,5.715459286121265,1642.6851340542742,0.5793660362216563,0,2.1480687295545375,58.82448914822209,0.45260691770591793,0.041666666666666664
M-05,2026-01-16 13:00:00+00:00,60.19327526949361,1.8490544816964063,5.924720564747118,1775.8532146058603,0.9790366316579656,0,2.1844617693637924,59.19272282808501,0.409402887168813,0.025
M-05,2026-01-16 14:00:00+00:00,60.71248620665286,1.4625240776804826,6.373976674715252,1692.6812297714,0.9038877919770728,0,1.9399165329033978,58.89160182696806,0.29829886020882007,0.025
M-05,2026-01-16 15:00:00+00:00,59.86612496510373,1.5758412837956493,5.823026715144984,1641.6178435643951,0.6566823786214925,0,1.8769598677077906,59.317102887629346,0.33271425027829155,0.016666666666666666
M-05,2026-01-16 16:00:00+00:00,63.72793873416841,2.7812518137345195,5.949992143224538,1738.619193140301,0.9442116262217872,0,1.995044307761053,60.77859786681946,0.49984843493064046,0.041666666666666664
M-05,2026-01-16 17:00:00+00:00,65.24900784219709,1.5978848045956435,5.942222797593643,1584.65692545175,0.6979599926901197,0,1.8652572827409724,61.64379437316054,0.4817301891588046,0.05
M-05,2026-01-16 18:00:00+00:00,63.85563910419328,2.328259272745353,5.991528585376956,1544.5780796869535,0.5680025072954782,0,1.9324692890413422,62.26741202030149,0.5184627910558899,0.05
M-05,2026-01-16 19:00:00+00:00,65.96921944689538,2.251670632729325,6.434689529181844,1646.8674461507967,0.8003273003387632,0,1.9995719808801622,63.230069383201794,0.531400633940731,0.03333333333333333
M-05,2026-01-16 20:00:00+00:00,62.85769189276962,3.1527883988668477,6.160504342874267,1630.0404063296198,0.8371015827246822,0,2.2812827010778896,63.587603664221255,0.6288489875796939,0.058333333333333334
M-05,2026-01-16 21:00:00+00:00,63.496634999501126,2.0873112748104874,6.337864689454847,1774.6427921428613,0.873981513879274,0,2.3665276995803626,64.19268866995414,0.5428871537019377,0.025
M-05,2026-01-16 22:00:00+00:00,67.38408003085398,2.7353722117051174,5.870646641699101,1769.7187989628785,0.9274576410132942,0,2.358881099242129,64.80204555273508,0.5361588698429147,0.041666666666666664
M-05,2026-01-16 23:00:00+00:00,61.51293108474328,2.7892515012973,5.874266008798807,1689.6157144681429,0.8027067720600851,0,2.5574422153590715,64.17936609315943,0.40171529471853545,0.10833333333333334
M-05,2026-01-17 00:00:00+00:00,60.46904547278878,3.07852807249708,6.0867564126566025,1700.3708735895852,0.7410761733549884,0,2.6824870153176925,63.614933821258695,0.43175556218722577,0.08333333333333333
M-05,2026-01-17 01:00:00+00:00,67.75570163588817,2.771333244310733,5.637464536075919,1802.659434257733,0.8681957008287706,0,2.769097450581261,63.91268085275749,0.376655550687505,0.041666666666666664
M-05,2026-01-17 02:00:00+00:00,65.91035056157982,2.8950432780060544,6.328095291953835,1690.0664123517038,0.7360466880418362,0,2.7261399304377956,64.4214572975592,0.3367249725656526,0.03333333333333333
M-05,2026-01-17 03:00:00+00:00,67.48368005423148,2.0111388976902287,6.373765926368675,1669.2425702925202,0.8425402831015598,0,2.7134445342510856,65.08596480668092,0.3658075786038784,0.03333333333333333
M-05,2026-01-17 04:00:00+00:00,64.29427203864003,2.430263251458719,6.240880447954952,1640.491939354855,0.7492545248001137,0,2.662593040876686,64.5709968079786,0.3829546950841884,0.03333333333333333
M-05,2026-01-17 05:00:00+00:00,67.00689557360798,2.85889794048096,6.089876657978889,1705.5528778471223,0.9654286558756612,0,2.674200780740629,65.48665755612272,0.388575939218874,0.025
M-05,2026-01-17 06:00:00+00:00,67.67635761837701,2.8918456584247587,6.186783799147124,1618.1764572255186,0.6644954811566396,0,2.643087045061909,66.68787624705408,0.3558192376291276,0.058333333333333334
M-05,2026-01-17 07:00:00+00:00,64.4527878474539,3.6202709359700185,6.044150768836075,1553.0955595860564,0.574779012311073,0,2.7845766603384567,66.13739061564837,0.5387693478617355,0.06666666666666667
M-05,2026-01-17 08:00:00+00:00,69.61653356928029,3.3489806553459154,6.004561698287267,1619.6864856019658,0.5986683028084434,0,2.8602328898951,66.75508778359846,0.5870890659029352,0.008333333333333333
M-05,2026-01-17 09:00:00+00:00,69.98657752574609,3.3613343102003546,5.962769456295076,1670.7114393790944,0.8366172358390886,0,3.085265458646788,67.17223736218422,0.4358146258109238,0.09166666666666666
M-05,2026-01-17 10:00:00+00:00,72.69017140330526,3.807579435467352,6.041341358474239,1686.3241086047028,0.9150679909620972,0,3.3148181559815604,68.57155392296175,0.38110756615965824,0.05
M-05,2026-01-17 11:00:00+00:00,62.37364991997445,3.8242129681622816,5.793676842493029,1696.463692927939,0.6547001258156484,0,3.4757039939284464,67.79934631402283,0.3528538506475458,0.058333333333333334
M-05,2026-01-17 12:00:00+00:00,77.09649678719111,3.048254189470504,5.893902604234747,1684.0202276738075,0.8809702846897136,0,3.501772082436071,69.36936950882519,0.30340557264076573,0.06666666666666667
M-05,2026-01-17 13:00:00+00:00,67.73738118177162,2.68234682757047,5.893902604234747,1677.852733800495,0.7488862967725254,0,3.345451397702813,69.91680173121146,0.4406979779207478,0.06666666666666667
M-05,2026-01-17 14:00:00+00:00,74.3507697417735,2.65557012086108,6.444044986605519,1655.2283370926416,0.7966261775617909,0,3.2298829752886733,70.70584109329367,0.5228500545354611,0.09166666666666666
M-05,2026-01-17 15:00:00+00:00,76.15996066239768,3.544685193300515,5.779720445221371,1699.6422557447202,0.934401857976246,0,3.260441455805367,71.73473828273562,0.5372297378710257,0.1
M-05,2026-01-17 16:00:00+00:00,67.94186195620266,3.512866997078893,5.685613760890451,1557.1990227772342,0.564774454768729,0,3.211322716073957,70.94335337488518,0.48845915649246857,0.06666666666666667
M-05,2026-01-17 17:00:00+00:00,71.36278170553518,2.76124486966896,5.916262924207853,1779.3888747645044,0.929041196949522,0,3.0341613663250704,72.44154200581197,0.40781870517602026,0.05
M-05,2026-01-17 18:00:00+00:00,60.98750806836425,3.1206222909084613,5.446066810586482,1709.6259902884003,0.7610253143106551,0,3.04622271656473,69.75671055267416,0.40938600568539574,0.06666666666666667
M-05,2026-01-17 19:00:00+00:00,72.50562612243263,4.093256733448082,6.248800424338009,1636.69206420032,0.7168421066696651,0,3.281374367544332,70.55141804278432,0.5422326593675779,0.125
M-05,2026-01-17 20:00:00+00:00,74.97820363644811,4.5404729654615466,5.887224632162077,1664.361495193721,0.8160007362675985,0,3.59552484164441,70.65599035856343,0.6436826059900496,0.05
M-05,2026-01-17 21:00:00+00:00,69.24093448991127,3.5871226485914898,6.141855696144949,1677.4963978770966,0.799884269509767,0,3.6025977508595726,69.5028193298157,0.643245249808575,0.10833333333333334
M-05,2026-01-17 22:00:00+00:00,68.18380753966329,3.380340915965559,5.807246425547644,1641.5942527600466,0.6568744115129653,0,3.5805100706740163,69.54314359372579,0.6491905045198452,0.03333333333333333
M-05,2026-01-17 23:00:00+00:00,71.10577325594105,3.600862106670778,5.693904757995014,1696.9879113033796,0.7405980550275932,1,3.7204462768409865,69.50030885212676,0.5136083022706326,0.075
M-05,2026-01-18 00:00:00+00:00,80.81659943580829,3.4713445388411603,6.119409653592983,1755.736751674061,0.8709384629687003,0,3.7788999848297693,72.80515741336744,0.4473766392460253,0.05
M-05,2026-01-18 01:00:00+00:00,66.92575263778224,4.231092960007506,5.572559064829252,1720.8270145783338,0.8599016516813052,0,3.8018726892563404,71.87517849925904,0.46972782272748914,0.058333333333333334
M-05,2026-01-18 02:00:00+00:00,76.9492673937706,3.956734554045117,5.738564510722509,1628.6947176515305,0.6608524120046317,0,3.704582954020268,72.20368912547946,0.32400037372914947,0.075
M-05,2026-01-18 03:00:00+00:00,73.8683657740504,3.610910209472327,5.391579989137322,1596.0864591504082,0.6879406379044486,0,3.7085475475004075,72.97492767283597,0.3224172956260531,0.06666666666666667
M-05,2026-01-18 04:00:00+00:00,73.93300764001573,4.189614871718587,5.143880344509158,1630.1610860855535,0.6339316251177864,0,3.8434265401259124,73.93312768956139,0.3268995821750374,0.09166666666666666
M-05,2026-01-18 05:00:00+00:00,74.53981284213386,4.533669476715607,5.5642912143439,1660.1081699480878,0.7352810922765073,0,3.998894435133384,74.50546762059352,0.4017195272817402,0.06666666666666667
M-05,2026-01-18 06:00:00+00:00,79.91161682287941,4.2817781533163535,5.737012319778569,1777.0337155572624,0.8409151401147148,0,4.1339667042125825,74.35463718510537,0.31595572179886533,0.08333333333333333
M-05,2026-01-18 07:00:00+00:00,74.6535305538182,5.276766919239192,5.541099081766888,1616.6607228142043,0.612397257328855,0,4.308245697417864,75.64260017111137,0.568059839761883,0.075
M-05,2026-01-18 08:00:00+00:00,78.4540461558222,4.548938098065457,5.782943785217476,1578.6921092940213,0.5897803229709013,0,4.40694628808792,75.8933966314533,0.5457805082584158,0.075
M-05,2026-01-18 09:00:00+00:00,75.59284559589331,4.918766015127419,5.674420268922598,1700.8980576415015,0.6890956958779134,0,4.624922255697103,76.18080993509379,0.4080653564742411,0.09166666666666666
M-05,2026-01-18 10:00:00+00:00,72.7727885123647,5.25738568488409,5.757817489724031,1600.4161484722158,0.7996955465138833,0,4.802884057891353,75.98744008048529,0.41305731521029027,0.13333333333333333
M-05,2026-01-18 11:00:00+00:00,76.7021211571075,4.77735032407006,5.111153343262727,1696.4844289119517,0.9185078877524822,0,4.843497532450429,76.34782479964755,0.3927748676263113,0.058333333333333334
M-05,2026-01-18 12:00:00+00:00,86.2428480105364,4.281158855655501,5.856725084391921,1805.776330517837,0.8845221148573621,1,4.84339431617362,77.4030299975904,0.39295204435081704,0.058333333333333334
M-05,2026-01-18 13:00:00+00:00,74.16760988653708,5.328947050118759,5.5522915483026125,1614.4544833320365,0.5858699657163845,1,4.8520910046535475,77.32204321971021,0.4048585915620668,0.041666666666666664
M-05,2026-01-18 14:00:00+00:00,76.73724953720625,4.596464012995379,6.161763428254094,1676.695336605818,0.5624647069967534,1,4.8600119904752015,77.03591044994089,0.3981505790027637,0.058333333333333334
M-05,2026-01-18 15:00:00+00:00,76.6472035624241,5.724957075933518,5.7489695139610095,1676.2229109438922,0.6777040600254973,0,4.994377167276217,77.211636777696,0.5345976765430717,0.09166666666666666
M-05,2026-01-18 16:00:00+00:00,80.5573715711555,4.0536848898970055,6.174489812129998,1765.893094249061,0.9550781962474564,1,4.793760368111704,78.50906728749447,0.632964336842247,0.05
M-05,2026-01-18 17:00:00+00:00,82.36041397682588,5.325222790764686,5.757894477881888,1715.082342882894,0.8100403829095084,1,4.885072445894141,79.45211609078088,0.6686366580473727,0.10833333333333334
M-05,2026-01-18 18:00:00+00:00,82.0069663008593,4.501261189923365,5.7507619364664935,1733.9841225944606,0.9998205909097384,1,4.921756168272119,78.74613580583468,0.6340189563780747,0.09166666666666666
M-05,2026-01-18 19:00:00+00:00,82.08500998327509,4.821871837688981,5.534112707127227,1664.912831730377,0.7850914417283076,1,4.837243632867156,80.06570248862435,0.6018668355420902,0.11666666666666667
M-05,2026-01-18 20:00:00+00:00,80.20827374580661,4.821927227233808,5.485978992720355,1665.714370510232,0.9642511955884068,1,4.874820835240228,80.64420652339108,0.5907632230824903,0.10833333333333334
M-05,2026-01-18 21:00:00+00:00,85.30810560678958,4.602105063460249,6.076679020513831,1562.3370047408227,0.5789897998870329,1,4.68767883316135,82.08769019745199,0.42107372739673826,0.041666666666666664
M-05,2026-01-18 22:00:00+00:00,89.82560281782092,4.785304377821616,5.847618729948155,1647.9500559364544,0.6633709886151282,0,4.809615414482118,83.63239540522956,0.2845651655449406,0.1
M-05,2026-01-18 23:00:00+00:00,87.32097787101453,5.234399991882451,5.673872253742147,1696.8663264250104,0.796257210273623,1,4.794478281335079,84.459156054261,0.2522311801220512,0.1
M-05,2026-01-19 00:00:00+00:00,76.91894503693283,4.4977043269566215,5.366243170307542,1586.7335947720064,0.6216525201287788,1,4.793885470840621,83.61115251027326,0.253060960989482,0.1
M-05,2026-01-19 01:00:00+00:00,85.28984546873517,5.136728591289753,5.431385258652051,1740.075560542202,0.8722544519125255,1,4.84636159644075,84.14529175784993,0.28997757011415004,0.08333333333333333
M-05,2026-01-19 02:00:00+00:00,87.75904410590034,4.9042331191423925,5.934067593806656,1735.9045980460237,0.932368814357354,1,4.86007924509218,85.40375348453223,0.29053674028620113,0.08333333333333333
M-05,2026-01-19 03:00:00+00:00,84.38220950533469,5.153884135820908,5.565673849061023,1654.9403443193871,0.8136956125938313,1,4.952042423818956,85.24943746762308,0.2796731182144367,0.075
M-05,2026-01-19 04:00:00+00:00,86.73634859094159,5.623784783399835,5.791943179562244,1733.0474876528688,0.9795255599355912,1,5.091789158081993,84.73456176314319,0.3734559113223754,0.11666666666666667
M-05,2026-01-19 05:00:00+00:00,81.34639365294511,4.250961803680326,5.193147216558756,1670.553345324562,0.6355354222540287,1,4.927882793381639,83.7387977267983,0.4945316168184259,0.10833333333333334
M-05,2026-01-19 06:00:00+00:00,86.44315772534583,4.631820877568653,5.527984584566549,1738.8303356189208,0.9069027484295452,1,4.950235551816978,85.32616650820046,0.4737950760247094,0.09166666666666666
M-05,2026-01-19 07:00:00+00:00,89.80581475960737,6.162844999444347,5.461041115955111,1781.6348572905677,0.8098541017341689,1,5.121254953176076,86.07882805667914,0.6902992213790107,0.16666666666666666
M-05,2026-01-19 08:00:00+00:00,87.07285632075005,5.600399934374231,5.503923432729163,1654.95566245578,0.7780213438483218,1,5.237282755714716,85.96446342582078,0.7048789691813374,0.15
M-05,2026-01-19 09:00:00+00:00,82.5158938217073,6.182551509309324,5.747952179687433,1638.343901526166,0.5715108536142758,1,5.408727317962786,85.65341081188289,0.7993109614094219,0.05
M-05,2026-01-19 10:00:00+00:00,89.30051262120034,4.80864266067504,5.58261635073967,1769.2809451994149,0.9897481214774296,1,5.272870297508653,86.08077148359267,0.8243299300132374,0.08333333333333333
M-05,2026-01-19 11:00:00+00:00,89.82206044561062,5.114556805990369,5.757400404538577,1683.9848837287288,0.7439275884740906,1,5.41680279789366,87.49338261570358,0.6714262388995411,0.058333333333333334
M-05,2026-01-19 12:00:00+00:00,92.73353636172754,5.610474681311267,5.299355039691447,1739.406483582785,0.951957229729938,1,5.579911765184097,88.54177905510055,0.550590763333352,0.09166666666666666
M-05,2026-01-19 13:00:00+00:00,84.93318642526485,5.841471325563417,5.7044812335981065,1720.3509105671656,0.7003125811318639,1,5.526349486203941,87.7296743327101,0.49540683987676787,0.09166666666666666
M-05,2026-01-19 14:00:00+00:00,94.81320020903664,6.143786119280618,4.984873839044911,1621.0155681977274,0.7345020532203621,1,5.616913850355005,89.01973164742456,0.5574356981123051,0.15
M-05,2026-01-19 15:00:00+00:00,82.45228602071123,5.668478602240159,5.670846375968058,1581.506935363805,0.8020024854474976,1,5.531235032510145,89.00913034725853,0.4883319754215671,0.13333333333333333
M-05,2026-01-19 16:00:00+00:00,86.29819719266538,5.273812160123438,5.245868324869562,1521.2677418181931,0.6136890507625679,1,5.608763282418212,88.5087444425027,0.37427359332081034,0.10833333333333334
M-05,2026-01-19 17:00:00+00:00,87.0675969853514,6.299738890003029,5.473178479593493,1690.454358906212,0.8038678220595463,0,5.806293629753655,88.04966719912618,0.374032467443565,0.11666666666666667
M-05,2026-01-19 18:00:00+00:00,61.81292439628194,1.5504300915121243,6.463495246598923,1720.5576857100648,0.8386763562459494,0,5.129619531453797,82.8962318715519,1.790318620649106,0.041666666666666664
M-05,2026-01-19 19:00:00+00:00,56.73431781029985,1.60844202060199,6.066132403435651,1741.8095940385786,0.9040966756361202,0,4.4241146472935595,78.1964204357244,2.2330131685201597,0.041666666666666664
M-05,2026-01-19 20:00:00+00:00,63.04481651360415,2.6368934181776007,6.173303613064553,1615.8630784770355,0.7534924597954904,0,3.839632530443057,72.901689819819,2.1502982460417197,0.03333333333333333
M-05,2026-01-19 21:00:00+00:00,58.61078577329826,1.89940289893796,6.0494900789007815,1602.1049635171394,0.6187712984999818,0,3.211453246559357,68.92810644525017,2.0577206091736193,0.025
M-05,2026-01-19 22:00:00+00:00,61.642610140370486,1.9160687644196064,5.97376740380982,1799.9008483993937,0.9804607882890806,0,2.651829347275385,64.81884193653434,1.8284799010873287,0.025
M-05,2026-01-19 23:00:00+00:00,59.75347885896916,1.157689662966077,6.103806913111431,1555.1688681617786,0.5960696773620517,0,1.7948211427692262,60.26648891547064,0.49701604242937586,0.025
M-05,2026-01-20 00:00:00+00:00,59.669092972906334,2.530567887286057,5.845621392792438,1624.1989335613089,0.7204934788407615,0,1.9581774420648819,59.90918367824137,0.557962245170039,0.025
M-05,2026-01-20 01:00:00+00:00,57.01656676975858,2.5686583713320217,6.599761544473004,1740.9505213787718,0.9315856460687776,0,2.118213500519887,59.9562251714845,0.5750325547504488,0.041666666666666664
M-05,2026-01-20 02:00:00+00:00,59.98756302732194,1.941227137170329,6.54409992111309,1608.8464415419971,0.6082979847551853,0,2.0022691203520084,59.446682923770794,0.5167105408619664,0.025
M-05,2026-01-20 03:00:00+00:00,59.98756302732194,2.53658136659948,6.578243509523082,1643.94291593486,0.607074558069507,0,2.1084655316289282,59.6761457994414,0.5553721212957633,0.025
M-05,2026-01-20 04:00:00+00:00,57.63620416627119,1.0677607778284903,6.230341469621888,1660.124120664148,0.7819787371380266,0,1.9670808671970759,59.00841147042487,0.7026098624548256,0.058333333333333334
M-05,2026-01-20 05:00:00+00:00,61.01599837779831,3.0467320250704297,6.037937965443248,1646.0533514560714,0.8001046918308379,0,2.2819212608811346,59.21883139022972,0.6905199134469567,0.075
M-05,2026-01-20 06:00:00+00:00,65.53783548933748,1.9735055521657492,5.905807673371842,1751.3352316716246,0.8507873254271299,0,2.1890775383610834,60.19695514296824,0.6878465116616542,0.03333333333333333
M-05,2026-01-20 07:00:00+00:00,59.66445580379818,2.454195170820494,6.434129978555974,1665.3380568290318,0.7104831148284912,0,2.1700003382758286,60.63826998197484,0.6767106074133821,0.06666666666666667
M-05,2026-01-20 08:00:00+00:00,61.67875924601461,3.988294994087784,5.727478189889524,1537.909023939697,0.5660184800084788,0,2.511178314428738,60.92013601842362,0.9843911864973688,0.03333333333333333
M-05,2026-01-20 09:00:00+00:00,64.20680744378141,1.8664524732056424,6.161388412573517,1653.1655252711917,0.6775983240917878,0,2.399490165529765,61.62334342116687,1.0183624776986662,0.025
M-05,2026-01-20 10:00:00+00:00,57.20851757151159,2.567499265764173,6.5033962101731495,1555.4079851102067,0.5677806110523888,0,2.649446580185712,61.552062322040264,0.7829642801879666,0.05
M-05,2026-01-20 11:00:00+00:00,59.22851720276175,2.83949377619831,6.141592454309704,1649.658429194734,0.7550919919819965,0,2.614906872040359,61.25414879286751,0.7663275518489079,0.058333333333333334
M-05,2026-01-20 12:00:00+00:00,63.77881865351348,1.5421402347845987,6.2958953954744015,1595.1674237765076,0.6647072033719232,0,2.543012652476834,60.96097932023017,0.853780945634879,0.05
M-05,2026-01-20 13:00:00+00:00,70.38828639364255,2.421250229664338,6.2958953954744015,1762.176588993112,0.8878258834336825,0,2.537521828950808,62.74828441853756,0.8545719587430156,0.08333333333333333
M-05,2026-01-20 14:00:00+00:00,70.33035174179668,3.3693932807732825,5.878276624259929,1696.9905256591198,0.9876433343002284,0,2.434371543398391,64.19021650116791,0.6595291669922956,0.025
M-05,2026-01-20 15:00:00+00:00,62.91797889499191,2.114210972039401,6.24218171417814,1628.1553567499054,0.611659330475792,0,2.4756646265373505,63.975411743036325,0.6236398992112925,0.05
M-05,2026-01-20 16:00:00+00:00,68.13434179752487,2.792211997892966,6.364031938702149,1570.8811595806678,0.6985331368041501,0,2.513116748558816,65.79638244737187,0.6368651801014288,0.075
M-05,2026-01-20 17:00:00+00:00,64.74010862602901,3.128650833948313,6.171645625649745,1640.535184641975,0.6854311612826545,0,2.56130959151715,66.71498101791641,0.676226475902739,0.058333333333333334
M-05,2026-01-20 18:00:00+00:00,63.828085904097584,3.236995886964542,5.94713249365163,1764.3375730757018,0.9269225900250128,0,2.8437855335471407,66.7231922263471,0.4950759696769032,0.05
M-05,2026-01-20 19:00:00+00:00,67.44302069069049,2.60230557841568,6.022510128285932,1715.2236692334986,0.8366004648941836,0,2.8739614250056973,66.23231460918842,0.4690019313198365,0.05
M-05,2026-01-20 20:00:00+00:00,65.69947140782782,2.8021900800290664,6.032380774779782,1712.1901659001064,0.8959551605813181,0,2.7794275582149948,65.46050122019362,0.40147043436265506,0.05
M-05,2026-01-20 21:00:00+00:00,69.49051140494693,1.975331104182036,5.715736703734867,1748.592449193437,0.9063918906373836,0,2.7562809135721005,66.55592330518611,0.44871727095190156,0.025
M-05,2026-01-20 22:00:00+00:00,66.57320486200409,3.265883511951462,5.7305032598191685,1738.6325609534572,0.9812552070208076,0,2.835226165915183,66.29573381593265,0.49552913022385875,0.058333333333333334
M-05,2026-01-20 23:00:00+00:00,64.71624554171122,3.321894342034494,6.131939566762303,1667.6889807646348,0.8218832173526021,0,2.8674334172628804,66.29175663521302,0.5238835042455101,0.06666666666666667
M-05,2026-01-21 00:00:00+00:00,69.11637380995562,2.7678963821183187,6.196679746114161,1755.8054549197727,0.952242768497359,0,2.7892501664551763,67.17313795285604,0.49171640367491903,0.15833333333333333
M-05,2026-01-21 01:00:00+00:00,72.11223336145811,3.151352899259316,6.196679746114161,1639.6338317509872,0.7277549376905346,0,2.880758053262449,67.95134006465064,0.5009696713842803,0.08333333333333333
M-05,2026-01-21 02:00:00+00:00,62.58413909606318,3.3737776828705424,6.116699173406265,1612.7540824635091,0.6805887048911816,0,2.976022653736028,67.43211801268986,0.5361522959710125,0.058333333333333334
M-05,2026-01-21 03:00:00+00:00,67.70405398723317,2.845465383459659,6.105292713745984,1623.4966238082486,0.632901837312564,0,3.121045033615632,67.13437510973756,0.25564393278642417,0.041666666666666664
M-05,2026-01-21 04:00:00+00:00,68.91749936757472,3.928455524242716,6.189228790895148,1733.1575623824535,0.9641066840568624,0,3.2314737023308413,67.525090860666,0.4206032981742576,0.09166666666666666
M-05,2026-01-21 05:00:00+00:00,69.76437692281054,3.6751783512665375,6.322566189332243,1653.5188461413495,0.7734277669887866,0,3.2903543705361815,68.36644609084922,0.45878796781263015,0.058333333333333334
M-05,2026-01-21 06:00:00+00:00,70.97077927555627,3.1651898900561983,6.006037826340124,1646.7174957016275,0.7734277669887866,0,3.356569955192495,68.67551366844933,0.39212976746279954,0.05
M-05,2026-01-21 07:00:00+00:00,66.36014421724748,3.243257316386812,5.859528200172076,1555.509022022006,0.5808374371685397,0,3.3718873580470774,67.71683214441423,0.38422564977838664,0.06666666666666667
M-05,2026-01-21 08:00:00+00:00,75.19949449349365,3.353025576992977,5.82572732046177,1638.237961826481,0.7711441624175559,0,3.3684286737341496,69.8193913773193,0.3842986256055705,0.058333333333333334
M-05,2026-01-21 09:00:00+00:00,74.46408696061692,3.5215686321528468,6.445197406588071,1721.3429073889104,0.8725008661276685,0,3.4811125485163483,70.94606353954993,0.28712452987714226,0.05
M-05,2026-01-21 10:00:00+00:00,73.05407985899213,3.5215686321528468,6.064916936423853,1686.2434197753514,0.7282744377146478,0,3.4132980665013695,71.63549362145284,0.19294072210477542,0.09166666666666666
M-05,2026-01-21 11:00:00+00:00,73.76519687380944,3.699189901868992,5.757227285899043,1612.8502294995858,0.6240836274391973,0,3.4172999916017788,72.30229694661931,0.1995932748294331,0.058333333333333334
M-05,2026-01-21 12:00:00+00:00,74.05168149180462,4.254155983438507,6.140287011269854,1708.720630861466,0.8738603259670343,0,3.5987943404988303,72.81578064932738,0.3572994913145111,0.08333333333333333
M-05,2026-01-21 13:00:00+00:00,72.31400022213117,2.9592818808885952,5.95257338725766,1745.663831751442,0.9193611047015876,0,3.551465101249128,73.80808998347466,0.4260150001168042,0.08333333333333333
M-05,2026-01-21 14:00:00+00:00,74.54344419619157,4.322848841805277,6.1006844563008364,1718.599421226587,0.9132314970400224,0,3.7131023120511775,73.69874826725764,0.5111436206263013,0.05
M-05,2026-01-21 15:00:00+00:00,73.84776655247273,3.6783182400612384,6.03553954766283,1706.8689926592183,0.9680661871686448,1,3.739227246702576,73.59602819923361,0.5033425697078265,0.05
M-05,2026-01-21 16:00:00+00:00,74.91012571236341,3.5939801640207856,5.6524887219633655,1569.0983432879566,0.6816846702714278,0,3.751295835347232,73.9053691747955,0.49791891909205716,0.06666666666666667
M-05,2026-01-21 17:00:00+00:00,77.44252389768823,4.042041901003316,5.266884038184792,1680.715749576823,0.877155116292931,0,3.808437835202953,74.51825701210862,0.510263313879179,0.10833333333333334
M-05,2026-01-21 18:00:00+00:00,71.16131743291572,3.510067244568244,5.842309631798825,1723.8709185382872,0.9204055833859738,0,3.684423045391243,74.03652966896047,0.4690257094428203,0.1
M-05,2026-01-21 19:00:00+00:00,78.75956451051505,3.925777046170915,6.269126747234098,1667.8364609707885,0.9234406741382996,1,3.8455055729382956,75.11079038369112,0.3087594992035538,0.05
M-05,2026-01-21 20:00:00+00:00,79.08421185670754,4.13857049464849,5.5253753973681405,1671.8468144163885,0.8494146375863127,0,3.8147925150788318,75.8675849937771,0.2565279096738038,0.05
M-05,2026-01-21 21:00:00+00:00,80.86530051227999,4.024408317188476,6.244604711454505,1633.8742349035183,0.7572135375738838,0,3.872474194600038,77.03717398707833,0.258605236623791,0.058333333333333334
M-05,2026-01-21 22:00:00+00:00,77.89663970266602,4.229125493744728,6.043355115002435,1626.4451989899298,0.5915665215773921,0,3.9783317495540285,77.53492631879543,0.2517100055677353,0.08333333333333333
M-05,2026-01-21 23:00:00+00:00,75.20663698397023,3.815023079307033,5.960585066189442,1632.2324970115935,0.571365565252402,0,3.940495279271314,77.16227849984243,0.25722005442576334,0.08333333333333333
M-05,2026-01-22 00:00:00+00:00,73.16626485751368,3.4202542607726105,5.712946632079912,1691.1506076288845,0.7526534307249151,0,3.9255264486387085,77.49643640394208,0.2880447225418777,0.1
M-05,2026-01-22 01:00:00+00:00,76.22017178914673,4.199525671179872,5.689731098868622,1650.1334813208482,0.6165078321083692,1,3.9711512194735348,77.07320428371402,0.30900958036695236,0.1
M-05,2026-01-22 02:00:00+00:00,76.75111044401281,4.101958822236739,5.757855698221484,1663.8292241450315,0.7651301123497269,0,3.965049274071576,76.68435404826492,0.3053825851639929,0.09166666666666666
M-05,2026-01-22 03:00:00+00:00,81.00162787057455,4.483225499584662,6.089842613325983,1684.052784422256,0.8418178809388916,0,4.0415188044709405,76.70707527464735,0.3731461340594236,0.075
M-05,2026-01-22 04:00:00+00:00,78.51923730768542,4.679677057904597,6.313398441430201,1646.938628560641,0.8034342050146803,1,4.116610731830918,76.81084154215057,0.45484218978781743,0.075
M-05,2026-01-22 05:00:00+00:00,84.72452415752251,4.823858554411477,5.8670543309169005,1714.2355307499183,0.912912116858736,0,4.28474997768166,78.39715607107595,0.504782452641422,0.09166666666666666
M-05,2026-01-22 06:00:00+00:00,81.40395452872595,4.471073739785167,5.756987785157226,1688.3498354164055,0.9649221827720986,0,4.459886557517086,79.77010434961133,0.27471927222715314,0.09166666666666666
M-05,2026-01-22 07:00:00+00:00,82.498538713178,4.605171730583575,6.341640339316132,1615.183917303937,0.6725465227890285,1,4.52749423408437,80.81649883694988,0.2462716367992038,0.058333333333333334
M-05,2026-01-22 08:00:00+00:00,79.03857354264493,5.43828594967778,5.601875786152591,1595.4920455281222,0.7113318208245231,0,4.75021542199121,81.1977426867219,0.36168533082232585,0.075
M-05,2026-01-22 09:00:00+00:00,84.58360933959506,4.539309275332207,5.433622581741111,1718.9638372507775,0.929687579598158,1,4.759562717949134,81.79473959822532,0.35404941605426266,0.08333333333333333
M-05,2026-01-22 10:00:00+00:00,84.05328918660007,4.4823493596772055,5.781490614391479,1744.798659826524,0.9854404218718094,1,4.7266747682445684,82.71708157804441,0.37168017675169246,0.13333333333333333
M-05,2026-01-22 11:00:00+00:00,80.83954076501755,5.029671467369735,5.88789973644319,1706.7557001171515,0.8262910783223724,1,4.7609769204042784,82.06958434596025,0.3914162118464527,0.058333333333333334
M-05,2026-01-22 12:00:00+00:00,79.8301001521939,4.422215303147539,5.528176931631979,1697.1525849295458,0.7564825381062377,0,4.75283384763134,81.80727528320492,0.39908670132424784,0.09166666666666666
M-05,2026-01-22 13:00:00+00:00,84.55324519600151,4.97090682778745,5.647199716413439,1739.9099137213109,0.8563487118003853,1,4.813789697165319,82.1497263636755,0.3999522486942761,0.11666666666666667
M-05,2026-01-22 14:00:00+00:00,78.70908873872462,4.431391000561549,5.303266892735027,1595.4947499107543,0.6571421434295641,1,4.645973872312614,82.09481222968878,0.27823346078939176,0.06666666666666667
M-05,2026-01-22 15:00:00+00:00,81.88990452249014,4.781384163219793,6.079984142983459,1618.771587915142,0.7387796946372616,1,4.6863196869605455,81.64586142683795,0.2772223640297292,0.14166666666666666
M-05,2026-01-22 16:00:00+00:00,83.57866477313904,5.183270047494446,5.784322312105312,1732.1306221945338,0.8544808032045463,1,4.803139801596752,81.56675735792778,0.3186645028590968,0.09166666666666666
M-05,2026-01-22 17:00:00+00:00,89.55913924349194,3.747578674392954,5.635595266807259,1737.7991233814832,0.9221396580691292,1,4.589457669433955,83.02002377100685,0.5092480148108943,0.1
M-05,2026-01-22 18:00:00+00:00,82.55321487433756,4.460648911547989,5.156116207696279,1644.89358942005,0.7201485390342139,0,4.5958632708340295,83.47387622469746,0.5069601955963507,0.08333333333333333
M-05,2026-01-22 19:00:00+00:00,84.01726888009028,5.43928615272632,5.542700456519585,1734.384709621096,0.8997275067194512,1,4.673926491657175,83.38454683871227,0.6031889403845173,0.075
M-05,2026-01-22 20:00:00+00:00,89.27815546084476,4.624644988704908,5.750026175594386,1760.3372729303378,0.9261677382364024,1,4.706135489681068,85.14605795906562,0.5927166563849892,0.09166666666666666
M-05,2026-01-22 21:00:00+00:00,85.40738069980372,5.353598427830251,5.687239186254369,1708.2484954419067,0.8691223920400867,1,4.801504533782811,85.73230398861789,0.6504674534134928,0.06666666666666667
M-05,2026-01-22 22:00:00+00:00,86.32279896050974,4.5158475312197375,5.720243207303525,1751.4512632884762,0.9486845217944748,1,4.6902674477370265,86.189659686513,0.6288326358472858,0.1
M-05,2026-01-22 23:00:00+00:00,97.3804219282428,5.79774272827646,5.635665108887771,1731.2995664021523,0.9210806821530514,1,5.031961456717611,87.49320680063813,0.5682363977273671,0.09166666666666666
M-05,2026-01-23 00:00:00+00:00,88.9464073322133,4.491142952991522,5.594171466610465,1749.3044952321304,0.9879118866828984,1,5.0370437969582005,88.55873887695077,0.5622089766485912,0.09166666666666666
M-05,2026-01-23 01:00:00+00:00,85.63882124948888,5.551880515794692,5.552378802198584,1709.7854121960725,0.8981612400153998,1,5.0558095241362615,88.82899760518387,0.5799206301401241,0.125
M-05,2026-01-23 02:00:00+00:00,84.67248056894883,5.398850706052769,5.703784829685111,1588.3878551836117,0.8981612400153998,1,5.184843810360905,88.06138512320122,0.5501663384938286,0.125
M-05,2026-01-23 03:00:00+00:00,88.1663122781259,6.710548796778578,5.574933604720502,1680.693519379482,0.9261711871689606,1,5.4110022051856275,88.52120705292157,0.8373561807764865,0.1
M-05,2026-01-23 04:00:00+00:00,86.79397732532472,5.846310391311896,5.222438588302177,1699.9925125015943,0.8902420399237926,1,5.632746015200986,88.59973678039074,0.7209710521689132,0.15
M-05,2026-01-23 05:00:00+00:00,90.07006335340905,4.894484452612939,5.396982023103484,1601.043667957544,0.6630050186227767,1,5.482202969257067,87.3813436845851,0.7721169934283952,0.15
M-05,2026-01-23 06:00:00+00:00,95.1186454393753,4.963299184005897,5.76374080870087,1685.8144833945237,0.7287851011382145,1,5.560895674426128,88.41005003577878,0.6679414928167459,0.06666666666666667
M-05,2026-01-23 07:00:00+00:00,95.5420221072936,6.879466414801156,5.414676795018583,1687.3661670221952,0.805269254113572,1,5.782159990927206,90.06058351207957,0.8573831496920398,0.058333333333333334
M-05,2026-01-23 08:00:00+00:00,91.49236480802776,5.922681930798607,5.055374308512701,1686.970656961264,0.7743159642275026,1,5.869465195051512,91.19723088525939,0.8369727047628706,0.08333333333333333
M-05,2026-01-23 09:00:00+00:00,89.01550095716858,6.069863986888498,5.846387795484381,1703.032057406631,0.825966315339121,1,5.762684393403165,91.33876233176649,0.743900766992739,0.08333333333333333
M-05,2026-01-23 10:00:00+00:00,89.69566002732209,6.187761650558178,5.097582958285843,1678.514278139371,0.7750349105678525,1,5.819592936610879,91.82237611543273,0.7643569361163656,0.1
M-05,2026-01-23 11:00:00+00:00,91.66993514898196,5.986524629637877,5.272358459691007,1600.1549365106928,0.6896819237979603,0,6.001599632781702,92.08902141469487,0.6155468279849718,0.10833333333333334
M-05,2026-01-23 12:00:00+00:00,59.26008980966618,1.417777752367984,6.213838433273578,1654.686533076253,0.7716470477329926,0,5.410679394175383,86.11259547641004,1.9865912677889195,0.025
M-05,2026-01-23 13:00:00+00:00,59.639841804604345,2.6366116828194723,6.088868614453143,1688.8221822332046,0.7600882002606021,0,4.703536938845103,80.12889875929515,2.110475679496036,0.008333333333333333
M-05,2026-01-23 14:00:00+00:00,54.4807806716737,1.7934706474239617,6.816059395949994,1709.5359680622237,0.857483769725919,0,4.015335058282662,73.96030140323614,2.2983027784573276,0.025
M-05,2026-01-23 15:00:00+00:00,56.08975911475972,1.1873384340939634,6.284544222214762,1661.8304844866905,0.6797462957667236,0,3.2015807994835725,68.47267776283466,2.2897282866307838,0.03333333333333333
M-05,2026-01-23 16:00:00+00:00,59.8321443672629,1.5358142589879502,6.080029959079926,1708.8943368831297,0.9584854085739788,0,2.4262562342218685,63.4954251528248,1.8146631167302754,0.025
M-05,2026-01-23 17:00:00+00:00,59.37369003042628,2.216259696648172,6.194810709491501,1585.8247689530738,0.583014508795474,0,1.7978787453902507,58.11271763306552,0.5411929459405308,0.025
M-05,2026-01-23 18:00:00+00:00,52.11031491287763,2.717826959557618,6.4272878826264455,1599.5787144438864,0.6165734025638961,0,2.0145536132551896,56.921088483600755,0.6139363135287685,0.016666666666666666
M-05,2026-01-23 19:00:00+00:00,58.3148584502193,1.900228208012228,5.693535149050717,1706.4163532914974,0.9226999593072698,0,1.891823034120649,56.700257924536594,0.5329777239983258,0.025
M-05,2026-01-23 20:00:00+00:00,58.3148584502193,1.9807928366590284,6.608838352246505,1590.6221993289869,0.596136273950379,0,1.92304339899316,57.33927088762752,0.5315487631610726,0.025
M-05,2026-01-23 21:00:00+00:00,57.54488006349656,1.3976272987150282,6.45438603075212,1629.27088687774,0.6646702598570208,0,1.958091543096671,57.58179104575033,0.4775249703866564,0.025
M-05,2026-01-23 22:00:00+00:00,56.82333878449726,1.9217343481132168,6.537312452348429,1636.329738527473,0.6563060664264987,0,2.0224115579508815,57.08032344862272,0.4332047649326238,0.041666666666666664
M-05,2026-01-23 23:00:00+00:00,64.43266280878827,2.3155404157905237,6.542914647932587,1722.4155948654015,0.928012844759959,0,2.038958344474607,57.92348557834972,0.44385504195808134,0.05
M-05,2026-01-24 00:00:00+00:00,62.74977954495112,1.871066170692328,5.7620038639287765,1622.7644913434865,0.5709774965250886,0,1.8978315463303923,59.6967296836953,0.2942315543594914,0.058333333333333334
M-05,2026-01-24 01:00:00+00:00,65.83882697243966,2.6738051442870985,6.086578948038461,1590.0189104946671,0.8474574855699849,0,2.026761035709537,60.95072443739869,0.43249356972174535,0.025
M-05,2026-01-24 02:00:00+00:00,64.18208499442493,2.48450652121631,6.120128216900993,1698.1671493348094,0.8929530553333573,0,2.1107133164690843,61.928595528099635,0.4691233059149398,0.08333333333333333
M-05,2026-01-24 03:00:00+00:00,61.65823424392093,2.478780459957524,6.352113470860792,1544.7785864449097,0.5542962296653244,0,2.2909055100095,62.614154558170355,0.3263586292668861,0.06666666666666667
M-05,2026-01-24 04:00:00+00:00,59.56445257777384,2.4800343309792656,5.81326285050308,1703.9869104722543,0.7505108156617202,0,2.3839555071538414,63.07100685704979,0.27571083650049377,0.016666666666666666
M-05,2026-01-24 05:00:00+00:00,63.34638176292967,1.9566397430396263,6.657387420729555,1615.366975363516,0.5887889838625804,0,2.3241387283620254,62.88996001607335,0.3275766115592167,0.05
M-05,2026-01-24 06:00:00+00:00,64.20686670278621,2.7099060298080504,5.909063161104652,1633.4993342220628,0.6884960999732075,0,2.463945371547979,63.13280787571254,0.26936906492066004,0.058333333333333334
M-05,2026-01-24 07:00:00+00:00,66.44179946986286,2.5858123128153987,5.980065560006953,1696.3734628916827,0.9069405135962884,0,2.449279899636029,63.23330329194974,0.25780552222266767,0.041666666666666664
M-05,2026-01-24 08:00:00+00:00,61.1553674693002,2.4804831970109147,6.166081432564135,1613.5935451096022,0.6098738549189517,0,2.4486093456017968,62.72885037109561,0.25770078365629395,0.03333333333333333
M-05,2026-01-24 09:00:00+00:00,66.13363821524143,2.4839873820359912,6.073447832560079,1746.9773130398974,0.8755669024359645,0,2.449477165948208,63.474751032982375,0.2578314411133333,0.03333333333333333
M-05,2026-01-24 10:00:00+00:00,66.12748569864408,3.3931917791621475,6.008465352583384,1750.7291484294303,0.9980951569092767,0,2.6016700739786884,64.56858988646074,0.4654186724795371,0.058333333333333334
M-05,2026-01-24 11:00:00+00:00,62.80409832257193,2.3765129242250627,6.075264829118452,1624.7374400818962,0.5763050372261729,0,2.671648937509594,64.4782093130678,0.3710315538253973,0.06666666666666667
M-05,2026-01-24 12:00:00+00:00,70.2395583675392,2.606650801602606,6.303919691998226,1617.172584418812,0.6942466260603464,0,2.654439732808687,65.48365792385995,0.37129672281668874,0.041666666666666664
M-05,2026-01-24 13:00:00+00:00,63.57823709093142,3.020176856645438,6.07093112664655,1596.063179733919,0.5852039765913469,0,2.726833823447027,65.00639752737138,0.39671520684072803,0.041666666666666664
M-05,2026-01-24 14:00:00+00:00,68.41104246123828,4.235455566055597,6.050891719087721,1710.032535075974,0.955391754360834,0,3.019329218287807,66.2156766926944,0.7055273732182088,0.05
M-05,2026-01-24 15:00:00+00:00,68.25316784189847,2.968353294357538,6.411009203397209,1745.917451247912,0.852610853766471,0,3.100056870341398,66.56893163047057,0.6581413696377862,0.08333333333333333
M-05,2026-01-24 16:00:00+00:00,69.26610177320751,2.6613507965826235,6.250589255492538,1722.364308786611,0.8786352546247695,0,2.978083373244811,67.09203430956448,0.6607601762459885,0.058333333333333334
M-05,2026-01-24 17:00:00+00:00,64.08926964601623,2.7677728073957364,5.541266873575052,1580.9623331161752,0.7308099181395259,0,3.0432933537732567,67.30622953013852,0.6066052311304239,0.05
M-05,2026-01-24 18:00:00+00:00,71.60693247015588,3.561009133627897,5.9441369559547015,1596.6989570436526,0.59482826415896,0,3.202353075777472,67.53412521390797,0.5942091334764303,0.058333333333333334
M-05,2026-01-24 19:00:00+00:00,65.46808608472546,2.613398567653649,5.926541017149,1682.0133079462823,0.7626331378806623,0,3.13455669427884,67.84910004620697,0.6405503279665576,0.05
M-05,2026-01-24 20:00:00+00:00,73.71105217954737,2.4879242806826456,5.884453366103049,1586.207768355684,0.6707213868514136,0,2.8433014800500147,68.73243499925849,0.38696283202170867,0.09166666666666666
M-05,2026-01-24 21:00:00+00:00,66.13291173263926,3.416413963951816,6.021254258961939,1643.2233055301197,0.6650218220228798,0,2.9179782583157277,68.37905898104862,0.4534449034890409,0.058333333333333334
M-05,2026-01-24 22:00:00+00:00,67.32091609684245,3.114962599481692,6.0793806122094844,1550.5837818030193,0.6225884451359118,0,2.9935802254655726,68.05486136832111,0.43970731957255305,0.075
M-05,2026-01-24 23:00:00+00:00,69.48800581612552,2.556321411010626,5.87852983073591,1721.3503918453623,0.8903555733891988,0,2.9583383260680542,68.95465073000598,0.46892791905637293,0.03333333333333333
M-05,2026-01-25 00:00:00+00:00,70.46404082313668,3.799110826025777,5.839335174713365,1637.4235766958218,0.678261764768135,0,2.998021941467701,68.76416878883612,0.5354819370932901,0.041666666666666664
M-05,2026-01-25 01:00:00+00:00,71.2189602304382,3.787252444404441,5.798722129803656,1760.8816464489676,0.7641518112499444,0,3.1936642542594993,69.72264781312158,0.5794823007686215,0.09166666666666666
M-05,2026-01-25 02:00:00+00:00,75.21315819985095,2.8465659440217093,6.020028685756858,1660.9009249264038,0.8383553203449281,0,3.2534378648160103,69.97299881650551,0.5059584378330672,0.11666666666666667
M-05,2026-01-25 03:00:00+00:00,69.98453678221937,4.220357434121837,5.676755601082943,1596.0839552425612,0.7162039422856783,0,3.3874284431776807,70.61493632476886,0.6450769098566904,0.058333333333333334
M-05,2026-01-25 04:00:00+00:00,73.17471033039018,3.736290784363772,6.069327016902514,1611.863083683364,0.6538074404043563,1,3.4909831406580274,71.59056869702681,0.6424557483666402,0.08333333333333333
M-05,2026-01-25 05:00:00+00:00,73.23589837548028,3.9654584784364895,5.597235163857156,1657.4622736035165,0.8235411879258665,0,3.7258393185623375,72.21521745691928,0.46569017480301794,0.05
M-05,2026-01-25 06:00:00+00:00,66.97446495444991,3.521167490957399,5.85749222400368,1557.7369045567325,0.6081154509246612,0,3.6795154293842747,71.63362147880481,0.4707405063297636,0.05
M-05,2026-01-25 07:00:00+00:00,67.83956979732847,4.23809604503805,6.016412250784315,1675.380978369138,0.7522021302072532,0,3.754656029489876,71.07038973995319,0.5243112630053525,0.075
M-05,2026-01-25 08:00:00+00:00,69.43677819299336,3.81920290508188,5.7258125420347445,1603.3523410838818,0.5621317814701456,0,3.916762189666571,70.10765973881026,0.28155985345609175,0.041666666666666664
M-05,2026-01-25 09:00:00+00:00,76.01902807887791,2.981744343983096,5.893986286297657,1673.0992411131688,0.9324503388266592,0,3.7103266746434476,71.11340828825335,0.4295984924332453,0.06666666666666667
M-05,2026-01-25 10:00:00+00:00,83.19630348107113,4.112287552338265,6.21535341621884,1746.226929184166,0.928378143816676,0,3.7729928026391963,72.78367381336683,0.46045857014944086,0.09166666666666666
M-05,2026-01-25 11:00:00+00:00,70.8322715557477,4.018278358336928,6.152965096944593,1629.410331033873,0.5855159164672308,0,3.7817961159559363,72.3830693434114,0.46535308135695397,0.08333333333333333
M-05,2026-01-25 12:00:00+00:00,79.32165358664864,3.754964611775216,6.3796893273036055,1682.8792809444492,0.7508657747447254,0,3.8207623027589057,74.44093411544453,0.4486535230679135,0.09166666666666666
M-05,2026-01-25 13:00:00+00:00,71.9941016027744,3.4825019608740155,5.81497725626681,1600.6293090735546,0.700622430924333,0,3.694829955398234,75.13335608301885,0.4126860280123343,0.08333333333333333
M-05,2026-01-25 14:00:00+00:00,76.68442035764095,3.428915477181482,5.6370726640413,1654.6498888535364,0.9496078455179716,0,3.629782050748167,76.34129644379345,0.41985790174749993,0.075
M-05,2026-01-25 15:00:00+00:00,71.96308270564188,4.625313944894469,5.919013981012525,1697.9111169182552,0.8391009410204354,0,3.903710317566729,75.66530554825412,0.4477307224211839,0.075
M-05,2026-01-25 16:00:00+00:00,77.57922669619553,3.334473701874246,5.997484600757435,1757.1363383078387,0.8391009410204354,0,3.774074675822726,74.72912608410819,0.4862113662013195,0.058333333333333334
M-05,2026-01-25 17:00:00+00:00,74.63971056653392,4.238606331257095,5.571438841737375,1624.1707921085604,0.8757722277436064,0,3.8107960046427536,75.36369925257254,0.5157656342801489,0.09166666666666666
M-05,2026-01-25 18:00:00+00:00,77.64668945240346,4.359230217644979,5.898327996503376,1747.0138191250796,0.990418518883482,0,3.9115069389543806,75.0845385635317,0.5597995597255064,0.075
M-05,2026-01-25 19:00:00+00:00,75.13167024231323,4.53215428492579,5.487923736458152,1689.690143373486,0.9071641451907682,1,4.0864489929630095,75.6074666701215,0.562922243053773,0.15
M-05,2026-01-25 20:00:00+00:00,76.50859821575126,5.2758562080315725,6.033737662968885,1640.5675750286457,0.7610531249470196,0,4.394272448104692,75.57816297980655,0.632173200996763,0.125
M-05,2026-01-25 21:00:00+00:00,82.22318812608209,3.827525418906825,5.498804437882245,1718.028475337655,0.8373174809910711,0,4.261307693773418,77.28818054987993,0.6572608381444822,0.13333333333333333
M-05,2026-01-25 22:00:00+00:00,79.068393929884,4.3292380687504135,5.409953592947392,1730.7810920439774,0.9097147944979658,0,4.427101754919446,77.536375088828,0.47762460360181785,0.06666666666666667
M-05,2026-01-25 23:00:00+00:00,82.71456201680897,4.536301997967606,5.492089403265053,1679.9501163709292,0.6377794207172279,0,4.476717699371197,78.88218366387383,0.46952103818808144,0.09166666666666666
M-05,2026-01-26 00:00:00+00:00,78.16558172725837,4.703831229171718,5.615025461173063,1687.381365081909,0.8631752459741104,1,4.534151201292321,78.96866570968298,0.4733361661028281,0.11666666666666667
M-05,2026-01-26 01:00:00+00:00,81.16399323490833,3.904046478978798,5.716702390281024,1602.5373696069807,0.5697316919539854,0,4.429466566967823,79.9740528751155,0.5387968760357664,0.11666666666666667
M-05,2026-01-26 02:00:00+00:00,73.91648993375017,4.785255107964833,5.402823468324826,1581.7325782832866,0.5701135899055885,1,4.347699716956699,79.54203482811532,0.40536539639436425,0.08333333333333333
M-05,2026-01-26 03:00:00+00:00,78.35827357393643,5.310561261787511,5.765673810102943,1680.7022996292458,0.7580279683546833,0,4.594872357436813,78.89788240275772,0.4714998816374548,0.08333333333333333
M-05,2026-01-26 04:00:00+00:00,84.37468817347252,5.012943367653147,5.367700007885661,1598.1618500501654,0.6125908997081853,1,4.708823240587269,79.78226477668913,0.4770479354432744,0.09166666666666666
M-05,2026-01-26 05:00:00+00:00,89.77552044930424,4.464353776658308,5.672886528219471,1705.2681467128052,0.9322175036446556,0,4.696831870369053,80.95909118210501,0.4831175106397758,0.08333333333333333
M-05,2026-01-26 06:00:00+00:00,83.30145809477209,4.640321432334982,5.40374690904112,1784.602900920082,0.977981794363497,1,4.686246904229597,81.81507057669063,0.48362895590896565,0.058333333333333334
M-05,2026-01-26 07:00:00+00:00,73.74138767521494,4.717989957285704,5.564676270123132,1553.9048354241115,0.6223285422490503,1,4.82190415061408,80.57796965007506,0.2994119637366125,0.11666666666666667
M-05,2026-01-26 08:00:00+00:00,88.42923460293098,5.438966293069045,5.479530577270597,1754.0653362359467,0.8746838811613249,1,4.930856014798116,82.99676042827187,0.38895683647727186,0.11666666666666667
M-05,2026-01-26 09:00:00+00:00,80.58128115313876,3.8643391436316334,5.748260649933548,1706.1971688595197,0.9721816411336692,1,4.68981899510547,83.36726169147225,0.5293630504539555,0.075
M-05,2026-01-26 10:00:00+00:00,81.3395891522122,4.634298515103308,5.317651855719399,1699.4830026286002,0.9118610498337596,1,4.626711519680497,82.86141185459553,0.5051542415476354,0.13333333333333333
M-05,2026-01-26 11:00:00+00:00,84.13221949690697,4.449806306411791,5.908834278473628,1702.653321377128,0.8806806387423785,1,4.624286941306077,81.92086169586265,0.5061233416961638,0.10833333333333334
M-05,2026-01-26 12:00:00+00:00,83.77146091278362,4.756190204964132,5.778283777977533,1678.5301360213678,0.7924437135163112,1,4.643598403410936,81.99919549886458,0.509059516303897,0.05
M-05,2026-01-26 13:00:00+00:00,80.9257232825056,5.314320883637963,5.758626589426681,1646.0431017870003,0.6571690999941169,1,4.742986891136312,83.19658476674635,0.579788594047481,0.075
M-05,2026-01-26 14:00:00+00:00,83.39244464047933,4.83304605255668,5.389025137508834,1701.6596605614093,0.8723344730363258,1,4.642000184384251,82.35711977300441,0.47818563423321103,0.10833333333333334
M-05,2026-01-26 15:00:00+00:00,84.28749699140043,5.240657816525146,5.518717187769182,1632.4221138328246,0.6571733530161248,1,4.871386629866503,82.97482241271469,0.340949533487094,0.1
M-05,2026-01-26 16:00:00+00:00,82.49536015062078,5.361864781807671,5.254831509887259,1628.8975101906217,0.5827854030650665,1,4.99264767431723,83.16745091244945,0.3680667113139479,0.075
M-05,2026-01-26 17:00:00+00:00,81.08959312998283,4.699870914780041,5.450045053819029,1668.5773445490534,0.6175010720947129,1,5.034325109045272,82.6603465179621,0.3026499458813498,0.09166666666666666
M-05,2026-01-26 18:00:00+00:00,88.73287303488236,4.818481311214122,5.7597225436509545,1729.1273200549444,0.982471447468262,0,5.044706960086937,83.48724853831189,0.29208484107107063,0.14166666666666666
M-05,2026-01-26 19:00:00+00:00,88.94949785349641,4.784427567048096,5.276125904945787,1644.2730222698876,0.876275914797672,1,4.956391407321959,84.8245443001437,0.27379687559376364,0.1
M-05,2026-01-26 20:00:00+00:00,89.68778766288439,5.142290743744083,5.273673253533691,1646.946343286092,0.7034049032097389,1,5.007932189186526,85.8737681372112,0.2750379679219914,0.13333333333333333
M-05,2026-01-26 21:00:00+00:00,90.41063635514178,5.783821960818789,5.388994905414985,1672.912531021129,0.9237455303989952,1,5.0984595465688,86.89429136450143,0.41878441338927863,0.06666666666666667
M-05,2026-01-26 22:00:00+00:00,85.22788046616553,5.478939154072631,5.2374431582352825,1554.635456421253,0.5681807005398581,1,5.117971941946293,87.34971141709222,0.4358898798604604,0.075
M-05,2026-01-26 23:00:00+00:00,86.99430241296535,5.35595995828533,5.5779403321139,1643.3852422120242,0.7519143080431383,1,5.227320115863841,88.33382963092264,0.38989424848098314,0.1
M-05,2026-01-27 00:00:00+00:00,86.73715875670949,5.610169917920912,5.461523418037223,1673.218574725394,0.58944109516456,1,5.35926821698164,88.0012105845605,0.3563847974897213,0.10833333333333334
M-05,2026-01-27 01:00:00+00:00,91.56227119901668,6.584888543055292,5.55636077076468,1661.7799169034645,0.970290954799782,1,5.659345046316172,88.43667280881387,0.5032846926456381,0.1
M-05,2026-01-27 02:00:00+00:00,84.40236159453917,6.441340036273432,5.854874130064654,1695.8331543312927,0.935755335894706,1,5.875853261737731,87.55576846408967,0.5156342846818643,0.10833333333333334
M-05,2026-01-27 03:00:00+00:00,87.12967592800638,5.6731193701652005,5.294923992379438,1671.685537751246,0.8162846249862503,1,5.857402829962133,87.00894172623377,0.5215328057838662,0.1
M-05,2026-01-27 04:00:00+00:00,93.5291457486999,5.752125121879323,5.451495990630006,1689.0226603442889,0.7628633276916373,1,5.902933824596581,88.3924859399895,0.4930299282114485,0.10833333333333334
M-05,2026-01-27 05:00:00+00:00,85.74616719403393,6.234931170031285,5.421947951089645,1596.5174356097637,0.6735996368242352,0,6.0494290265542405,88.18446340350094,0.42371436424305364,0.09166666666666666
M-05,2026-01-27 06:00:00+00:00,54.54290707985764,1.743946152024025,6.193439485292262,1619.9376269552906,0.659422704128707,0,5.405058398904759,82.8187547906923,1.8303345320471154,0.016666666666666666
M-05,2026-01-27 07:00:00+00:00,61.52303185581613,1.5734104034809295,6.314475041481405,1624.8185788420412,0.7233906186271154,0,4.5698120423090325,77.81221490015886,2.273953861914137,0.03333333333333333
M-05,2026-01-27 08:00:00+00:00,53.3440789252525,1.086457090998222,6.617949887402437,1564.9060033474657,0.6363498459369872,0,3.677331551429831,72.63583445527776,2.437471926221928,0.03333333333333333
M-05,2026-01-27 09:00:00+00:00,54.774598737804986,1.484894334466853,6.5261093390892215,1677.7903519573786,0.8158865038251999,0,2.9792940454801062,67.24332159024418,2.349741293429422,0.016666666666666666
M-05,2026-01-27 10:00:00+00:00,57.25584803993286,2.818252161721256,6.125490419482436,1740.190333414504,0.9306012029273192,0,2.4903152187870954,61.197771972116335,1.924014619621779,0.03333333333333333
M-05,2026-01-27 11:00:00+00:00,57.27462184215122,1.572020873579452,6.3290249366121705,1613.4970581492914,0.5998991756067222,0,1.7131635027117895,56.452514413469224,0.5842068856024749,0.041666666666666664
M-05,2026-01-27 12:00:00+00:00,63.39281337485046,2.1125106941194405,5.853114454476596,1613.4970581492914,0.6875258125295858,0,1.7745909263943591,57.92749879596803,0.6070220858307477,0.025
M-05,2026-01-27 13:00:00+00:00,59.43507705398428,1.9004261097487336,6.029689971291111,1694.5400741809017,0.8730994677146756,0,1.8290935441056597,57.57950632899605,0.5999861235024307,0.05
M-05,2026-01-27 14:00:00+00:00,61.590996820098354,1.224524386211581,6.188871098315063,1682.2528539204052,0.7811053797590626,0,1.852104759974553,58.95399264480369,0.5675798817497932,0.025
M-05,2026-01-27 15:00:00+00:00,55.560263717275454,2.63590127348279,5.9299341291518255,1678.271341218824,0.7903049050711659,0,2.0439392498105424,59.084936808048774,0.6114614067752595,0.058333333333333334
M-05,2026-01-27 16:00:00+00:00,59.58795022084775,2.3453867065354173,6.230848219666506,1699.3687977735929,0.917904888205861,0,1.9651283406129025,59.47362050486792,0.5144838942164811,0.025
M-05,2026-01-27 17:00:00+00:00,59.19185043100912,1.4654762624638704,6.330911922077773,1601.9086536820084,0.6449785526964992,0,1.947370905426972,59.79315860301091,0.5322959978387345,0.041666666666666664
M-05,2026-01-27 18:00:00+00:00,57.75759493073097,1.9433587336152636,6.49164435819505,1564.3891617852917,0.5670020927437711,0,1.919178912009609,58.85395552899099,0.5262454490695099,0.03333333333333333
M-05,2026-01-27 19:00:00+00:00,62.35587633593477,2.581057338164087,6.480969994568983,1747.7056568514463,0.7757927319770495,0,2.032617450078835,59.340755409316074,0.590794877302142,0.06666666666666667
M-05,2026-01-27 20:00:00+00:00,62.725614487714765,2.602782987842441,5.986381440740216,1648.7967692265468,0.6623674629528862,0,2.262327217017311,59.529858353918804,0.46918393272865316,0.016666666666666666
M-05,2026-01-27 21:00:00+00:00,64.78653307424835,2.9169090512843807,6.804461091848081,1716.4504289647705,0.8795741196269197,0,2.3091618466509103,61.06756991341428,0.5246764184799056,0.05
M-05,2026-01-27 22:00:00+00:00,60.52796530735081,2.064350620617301,5.695613986348215,1550.458247918826,0.5901840856217305,0,2.2623224989978907,61.22423909449813,0.5332698134212289,0.075
M-05,2026-01-27 23:00:00+00:00,60.05397266601276,2.995319592145169,5.883605364884828,1740.148862218064,0.9461269961007636,0,2.517296387278107,61.3679261336654,0.43223470040873413,0.08333333333333333
M-05,2026-01-28 00:00:00+00:00,64.32722702577392,2.668940763789754,6.331333194652872,1660.6320656763685,0.6866474820479527,0,2.6382267256405223,62.46286481617256,0.3286277186739026,0.03333333333333333
M-05,2026-01-28 01:00:00+00:00,58.140271104592976,2.337266963008367,6.055171808797963,1614.3182227995849,0.5773254501651118,0,2.5975949964479024,61.76026394428226,0.35139257327386403,0.075
M-05,2026-01-28 02:00:00+00:00,66.61484102251984,1.8716057989725168,6.1284894286935785,1557.1294678681174,0.5603540531928085,0,2.475732131636248,62.408468366749766,0.4594156626489223,0.016666666666666666
M-05,2026-01-28 03:00:00+00:00,63.456292658480976,1.9231294371747436,6.439039226309507,1651.8903510001594,0.7124077254510794,0,2.3101021959513086,62.186761630788546,0.44753698514460905,0.05
M-05,2026-01-28 04:00:00+00:00,59.88831591002291,2.273670534781785,6.152427425651408,1590.2852529413028,0.7198709855816872,0,2.344988848312056,62.08015339790057,0.4324529392755755,0.058333333333333334
M-05,2026-01-28 05:00:00+00:00,61.26230283932454,2.466388461978806,6.22638264178278,1702.0598126293248,0.7880400033751626,0,2.2568336599509955,62.281541760119204,0.30992176104767766,0.025
M-05,2026-01-28 06:00:00+00:00,66.66271260803427,2.636776164086525,6.170472582758751,1754.7357031187423,0.9736938395067832,0,2.2514728933337906,62.67078935716258,0.301532454092932,0.03333333333333333
M-05,2026-01-28 07:00:00+00:00,65.21126276465893,3.3584411414142705,6.090916590575703,1579.708429162617,0.5746094246800926,0,2.4216685897347743,63.84928796717358,0.5475084901228667,0.058333333333333334
M-05,2026-01-28 08:00:00+00:00,63.042400206830486,2.429028412742233,5.794031829847316,1734.6863555492296,0.9218507039771594,0,2.514572358696394,63.253881164558685,0.4784404174550928,0.06666666666666667
M-05,2026-01-28 09:00:00+00:00,62.54265958713233,3.557723717976037,6.230167254489992,1636.5915835247738,0.6305423026234054,0,2.7870047388299426,63.10160898600058,0.536203279316825,0.016666666666666666
M-05,2026-01-28 10:00:00+00:00,66.37869554592798,2.4471704130535006,5.935411373904148,1672.3348857437495,0.8252250154274254,0,2.815921385208562,64.18333892531808,0.5068585824574834,0.041666666666666664
M-05,2026-01-28 11:00:00+00:00,66.04617724781153,2.461807252754421,5.976089187108958,1628.6687728440895,0.8139046351454319,0,2.815157850337831,64.98065132673258,0.5074934816375999,0.041666666666666664
M-05,2026-01-28 12:00:00+00:00,69.72172078701973,3.387815447587407,6.200715657547117,1679.642269959839,0.7724193300563578,0,2.9403310642546447,65.49048602323016,0.5458671754790717,0.08333333333333333
M-05,2026-01-28 13:00:00+00:00,69.43453457540652,3.202955514677384,5.920420260917309,1708.9738224935718,0.8301819416905374,0,2.91441679313183,66.19436465835476,0.5253534305546984,0.06666666666666667
M-05,2026-01-28 14:00:00+00:00,69.30959096103078,3.1732968738517005,5.96610201006517,1635.2216187695924,0.7068283833927108,0,3.038461536650075,67.23889645072147,0.4730910189355155,0.05
M-05,2026-01-28 15:00:00+00:00,64.98101348537456,2.4411682532228625,6.020869796099049,1686.6307914370466,0.7100832723253392,0,2.8523689591912125,67.64528876709518,0.4468599176805535,0.075
M-05,2026-01-28 16:00:00+00:00,66.97638719674376,2.731618909322034,6.505732523188253,1718.8475513813348,0.9041867742957376,0,2.8997770419026345,67.74490404223114,0.40873670866718564,0.016666666666666666
M-05,2026-01-28 17:00:00+00:00,66.63760922265348,3.112685637610497,5.868946435717622,1750.652187818595,0.9885575857454476,0,3.008256772711981,67.84347603803813,0.3516344428526285,0.058333333333333334
M-05,2026-01-28 18:00:00+00:00,65.06275859866534,2.698801947134664,5.955865956095728,1722.391140026877,0.985857863765604,0,2.8934211893031905,67.06698233997908,0.3133075617026331,0.06666666666666667
M-05,2026-01-28 19:00:00+00:00,66.53957500174586,3.336762399196739,6.1059479640302445,1630.9001354315476,0.6532067658517666,0,2.9157223367230825,66.5844890777023,0.34309299726103587,0.075
M-05,2026-01-28 20:00:00+00:00,67.34254654643905,3.704983175160111,5.743224878526672,1588.6567966795042,0.6390253250487842,0,3.0043367202744844,66.25664834193701,0.4686228758667148,0.075
M-05,2026-01-28 21:00:00+00:00,68.04732081936746,4.161138151837441,6.0253167031872135,1608.3577090381916,0.6855960282206239,0,3.290998370043581,66.76769956426917,0.5702663272582021,0.03333333333333333
M-05,2026-01-28 22:00:00+00:00,68.48680599697893,4.341621839085756,6.052397070459582,1723.748869018286,0.8689995714864247,0,3.5593321916708676,67.01943603097503,0.6300641988993346,0.075
M-05,2026-01-28 23:00:00+00:00,62.18883806157224,2.8728993198487784,6.195660334725747,1645.5161701026998,0.5514167805381994,0,3.5193678053772484,66.27797417079482,0.670375790718349,0.08333333333333333
M-05,2026-01-29 00:00:00+00:00,72.26826070296275,3.700819606011398,5.96036879077998,1683.244142408451,0.8152318859043088,0,3.68637074852337,67.47889118817771,0.5365212081603995,0.125
M-05,2026-01-29 01:00:00+00:00,70.29900616898175,3.269792314511053,5.43701531223818,1652.7010796870331,0.6635294314876166,0,3.6752090677424234,68.1054630493837,0.5458642924917511,0.08333333333333333
M-05,2026-01-29 02:00:00+00:00,72.71938052489439,3.3228489428709653,5.788910106080199,1752.541918841033,0.9579460366994176,0,3.6115200290275653,69.00160204579292,0.5636971753166696,0.058333333333333334
M-05,2026-01-29 03:00:00+00:00,76.8268987271941,3.5041964068251694,6.614224279273229,1794.9002423703585,0.9732912109895762,0,3.5020297381921868,70.46486503043069,0.49523369504472076,0.06666666666666667
M-05,2026-01-29 04:00:00+00:00,67.55577003284401,3.63046202874261,6.314784471847368,1815.7277199039509,0.9096630384030334,0,3.3835031031349954,70.30969236974154,0.30118786217358845,0.058333333333333334
M-05,2026-01-29 05:00:00+00:00,74.52983028992423,4.533564404472019,5.645716856043316,1761.5585479518886,0.7674731178477459,0,3.6602806172388695,72.36652440780021,0.4595346909753873,0.05
M-05,2026-01-29 06:00:00+00:00,71.63352228784007,3.320097842307354,5.987929903932137,1587.3634622148986,0.7005635915202459,0,3.5968269899548617,72.26073467194642,0.4787031219671817,0.058333333333333334
M-05,2026-01-29 07:00:00+00:00,78.81758089408893,4.062316336396687,6.224109900356014,1684.8381384960824,0.8743900201167726,0,3.7289143269358007,73.68049712613096,0.4797561172240663,0.08333333333333333
M-05,2026-01-29 08:00:00+00:00,74.41679514786796,3.966359014168973,5.980843948233344,1655.91687538729,0.8885987896783466,0,3.8361660054854685,73.96339956329321,0.4412035829679512,0.06666666666666667
M-05,2026-01-29 09:00:00+00:00,74.25977124678782,4.148792869140096,5.80128509371995,1741.8101751480738,0.9666678043632106,0,3.943598749204623,73.5355449832255,0.4222757352783854,0.05
M-05,2026-01-29 10:00:00+00:00,77.00434494710396,3.7282529919388874,6.559245952913279,1595.702685712756,0.6357983103811782,0,3.959897243070669,75.1103074689355,0.4094653409218776,0.09166666666666666
M-05,2026-01-29 11:00:00+00:00,76.09060887188178,4.216853957235535,5.586245038626919,1612.3648385267038,0.6198169779554249,0,3.907112168531255,75.37043723259508,0.3342228248940133,0.041666666666666664
M-05,2026-01-29 12:00:00+00:00,76.00131439217695,4.123736692746885,5.814875472574151,1580.088680409764,0.6876521256391254,0,4.041051976937844,76.0984025833179,0.17505748486956044,0.09166666666666666
M-05,2026-01-29 13:00:00+00:00,79.95118075094823,4.107916933844238,5.835392150598638,1733.5708081831249,0.9158053486880476,0,4.048652076512435,76.28733589279445,0.1771427647079723,0.1
M-05,2026-01-29 14:00:00+00:00,73.52322836902314,3.8747095339207984,6.135501634444292,1615.9856569741837,0.5923676575184232,1,4.03337716313774,76.13840809632032,0.18919921648023222,0.05
M-05,2026-01-29 15:00:00+00:00,76.70284158433847,4.040692348067956,6.031793485233163,1549.196992443751,0.5533325582339386,0,4.015360409625717,76.5455864859121,0.18097890699168687,0.06666666666666667
M-05,2026-01-29 16:00:00+00:00,78.95113139343088,3.1494291126456573,5.756771587395897,1638.6354645509166,0.5533325582339386,0,3.918889763076845,76.87005089363325,0.39378513222439837,0.08333333333333333
M-05,2026-01-29 17:00:00+00:00,80.61592111555503,3.6460789240461935,5.878910965449328,1667.3689378347483,0.7631171907509549,0,3.823760590878621,77.62426960091211,0.37594664203266176,0.058333333333333334
M-05,2026-01-29 18:00:00+00:00,80.9129093060766,5.142858054327627,5.844872983728451,1672.942277495512,0.7897857046634438,1,3.993614151142078,78.44286875322872,0.6608495219123179,0.10833333333333334
M-05,2026-01-29 19:00:00+00:00,70.42469885527116,4.282830281726584,5.820341186632174,1708.5851734804742,0.897256971968712,0,4.0227663757891365,76.85512177061588,0.6706850503633257,0.058333333333333334
M-05,2026-01-29 20:00:00+00:00,74.55205695520264,5.126346667194966,5.690031313248691,1644.2008135192505,0.9039870153736258,0,4.231372564668164,77.0265932016458,0.7979926770124999,0.058333333333333334
M-05,2026-01-29 21:00:00+00:00,80.32429950127103,3.9442441468279,5.579342077688809,1727.5718581939998,0.964604319314036,1,4.215297864461488,77.63016952113456,0.8035539770589428,0.06666666666666667
M-05,2026-01-29 22:00:00+00:00,79.58949577046694,3.7882033936675152,5.97958445162915,1761.7496356994986,0.9264598028228924,0,4.321760244631798,77.7365635839739,0.6643527723690816,0.10833333333333334
M-05,2026-01-29 23:00:00+00:00,76.59986842271941,4.421943117384667,5.7969867108928295,1625.199836530085,0.597122832787532,0,4.451070943521543,77.0672214685013,0.5761921295354588,0.041666666666666664
M-05,2026-01-30 00:00:00+00:00,80.94300675578127,3.891279958908448,5.322225313212014,1794.3896124096027,0.96324877652923,1,4.242474594285014,77.07223771011876,0.49673106787895044,0.06666666666666667
M-05,2026-01-30 01:00:00+00:00,82.00403233021125,4.613583926446372,5.820004643729514,1693.224140834852,0.875042101383861,1,4.2976002017383115,79.00212662260876,0.5199171719238789,0.125
M-05,2026-01-30 02:00:00+00:00,77.86439380786533,3.822815424593785,5.6438297202461145,1729.5971427762968,0.8149558660777247,0,4.080344994638115,79.5541827647192,0.3484164918125894,0.058333333333333334
M-05,2026-01-30 03:00:00+00:00,81.89589027093048,4.325856858818506,6.0832993006284255,1732.1462751337865,0.8415295809837786,0,4.1439471133032155,79.81611455966244,0.35339822198803095,0.058333333333333334
M-05,2026-01-30 04:00:00+00:00,79.63845747297113,4.133135439033759,5.674943876493495,1751.706720808913,0.9230530687870876,1,4.201435787530923,79.82427484341314,0.3092523658034092,0.09166666666666666
M-05,2026-01-30 05:00:00+00:00,74.35290008706865,4.413561523683926,5.815315506849754,1606.341182150523,0.7237403278796372,1,4.200038855247466,79.44978012080469,0.3080737787204312,0.06666666666666667
M-05,2026-01-30 06:00:00+00:00,81.80600674633565,4.589220930320346,5.372154104837481,1659.119306121842,0.6963112691590037,1,4.316362350482782,79.59361345256374,0.29983027328888273,0.05
M-05,2026-01-30 07:00:00+00:00,74.06482075472736,5.386513939841161,5.661476208706299,1668.2714004615214,0.655832776848839,0,4.445184019381914,78.27041152331644,0.5304346498151675,0.08333333333333333
M-05,2026-01-30 08:00:00+00:00,79.77017523295676,4.21974089213203,5.843204035355966,1632.7490729765582,0.651977476995023,1,4.511338263971621,78.58804176083167,0.45695256209041196,0.075
M-05,2026-01-30 09:00:00+00:00,84.45558110906218,5.181429318852669,5.385619991200514,1743.2132401674778,0.8828476114217427,1,4.653933673977315,79.0146569005203,0.5170389123558997,0.1
M-05,2026-01-30 10:00:00+00:00,87.58510819807415,5.248683783918219,5.604248509760748,1772.912459735685,0.9945072483612464,1,4.839858398124726,80.33909868803745,0.4922875293788273,0.11666666666666667
M-05,2026-01-30 11:00:00+00:00,82.98494953063584,5.326950656262663,5.487250140880505,1659.2000383837392,0.5891725832556494,1,4.992089920221182,81.77777359529865,0.475019638072086,0.175
M-05,2026-01-30 12:00:00+00:00,84.11559033869347,4.7643190458274445,5.685754938476304,1696.193435391042,0.9588145188385684,1,5.0212729394723645,82.16270419402495,0.4500410068634553,0.08333333333333333
M-05,2026-01-30 13:00:00+00:00,81.08648732928785,4.616735352893706,5.6521659311411545,1687.6064177336173,0.7202782114895664,1,4.892976508314455,83.3329819564517,0.4345513466578344,0.05
M-05,2026-01-30 14:00:00+00:00,83.26676408576753,5.453171125858729,5.512766547503476,1722.712418248752,0.8992280686100629,1,5.098548213935572,83.9157467652535,0.33202042772333273,0.09166666666666666
M-05,2026-01-30 15:00:00+00:00,92.55898413141264,5.155338268609406,5.17420350964683,1706.769031918226,0.9457676998292318,1,5.094199705561695,85.26631393564524,0.3308867473124408,0.06666666666666667
M-05,2026-01-30 16:00:00+00:00,80.13235030333048,5.29647407784967,5.3889797091094405,1725.425556053756,0.8646733077922131,1,5.1021647545502695,84.02418761985464,0.33588662876676834,0.1
M-05,2026-01-30 17:00:00+00:00,82.08184003395208,6.333137260148696,5.685317477290282,1635.058326511975,0.6519157742628707,1,5.269862521864609,83.87366937040734,0.6099390949724226,0.125
M-05,2026-01-30 18:00:00+00:00,83.85318837649484,6.143889581944386,5.471660780314201,1618.3921371427118,0.6302601164259924,1,5.499790944550765,83.8299357100409,0.640511532466549,0.10833333333333334
M-05,2026-01-30 19:00:00+00:00,86.7120531913425,4.837791687383469,6.184480266049797,1653.724954975866,0.8624307867881645,1,5.536633666965726,84.76753002038335,0.5833672321062984,0.13333333333333333
M-05,2026-01-30 20:00:00+00:00,84.6869621996909,4.99099582706048,5.391417874162637,1676.8612646840636,0.6926288595981935,1,5.459604450499351,85.00422970603724,0.625578179432225,0.09166666666666666
M-05,2026-01-30 21:00:00+00:00,89.57370657067898,5.750840802330917,5.547189790797121,1606.4023330514265,0.5620570323931506,1,5.55885487278627,84.50668344591496,0.6147970588983315,0.09166666666666666
M-05,2026-01-30 22:00:00+00:00,90.70370629605137,5.254870810654169,5.708307242613323,1658.356573399518,0.7995216727883168,1,5.551920994920352,86.26857611136843,0.6185711397495691,0.11666666666666667
M-05,2026-01-30 23:00:00+00:00,83.07086547759992,5.599692408136349,5.848768369300877,1655.97096731266,0.6777171787762887,0,5.429680186251628,86.43341368530974,0.49304718591526464,0.058333333333333334
M-06,2026-01-01 00:00:00+00:00,62.68627616623618,1.5784720748233556,6.739319042353592,1740.7534927612846,0.9571225766123268,0,1.5784720748233556,62.68627616623618,0.0,0.016666666666666666
M-06,2026-01-01 01:00:00+00:00,53.69980103862666,2.495980538445433,6.146821608714823,1573.5208994838729,0.5612549063422323,0,2.0372263066343943,58.19303860243142,0.6487764564232217,0.008333333333333333
M-06,2026-01-01 02:00:00+00:00,61.709110372318136,1.823998018838073,6.042813797944685,1687.2653301085732,0.8214359645979874,0,1.9661502107022872,59.36506252572699,0.4749851360236302,0.025
M-06,2026-01-01 03:00:00+00:00,54.12608490105724,1.914851029448689,6.131253795931115,1604.9406708950546,0.556371385670761,0,1.9533254153888877,58.05531811955956,0.38867101057524217,0.016666666666666666
M-06,2026-01-01 04:00:00+00:00,56.93106274854564,2.149334562969253,6.315626742322971,1706.2632822483472,0.8347881375256417,0,1.9925272449049607,57.83046704535677,0.3478257940883932,0.016666666666666666
M-06,2026-01-01 05:00:00+00:00,55.63951732873679,1.7936488752045343,6.595090388428853,1684.920784544136,0.7707339004246804,0,1.9593808499548897,57.465308759253446,0.32152500278468804,0.041666666666666664
M-06,2026-01-01 06:00:00+00:00,58.85485660070274,1.65591500588764,6.253385008286657,1746.046101994215,0.9123319564209422,0,1.9722880051322704,56.82673883166453,0.3042670184864186,0.03333333333333333
M-06,2026-01-01 07:00:00+00:00,60.87819620326113,2.0502142901910974,6.571941744967699,1701.1740129726584,0.7169122081622167,0,1.8979936304232143,58.02313802577029,0.1797736379271036,0.03333333333333333
M-06,2026-01-01 08:00:00+00:00,58.6127313976123,1.3351828210536296,6.047780373642887,1736.46061112578,0.991392866710226,0,1.816524430792474,57.5070748633193,0.2942957961460795,0.05
M-06,2026-01-01 09:00:00+00:00,59.49557265252219,3.0033465481358714,5.808224199429549,1745.6837303658444,0.8739501093131643,0,1.997940350573671,58.40198948856346,0.5717443975515795,0.05
M-06,2026-01-01 10:00:00+00:00,54.16172167918472,2.292544588879169,5.869897906024347,1750.0734427390987,0.917420445955298,0,2.0218086882253234,57.940432643669986,0.5822218726714511,0.05
M-06,2026-01-01 11:00:00+00:00,64.11794007221545,1.9950325511121276,5.699731874644495,1685.040391153631,0.9348828030765572,0,2.0553726342099226,59.35350310091642,0.5721559884342622,0.008333333333333333
M-06,2026-01-01 12:00:00+00:00,54.40483465628408,2.067469757029248,6.415248497110008,1661.014578379686,0.6458983862857433,0,2.1239650927335236,58.61183277684665,0.5383609879743719,0.05
M-06,2026-01-01 13:00:00+00:00,65.01369275846673,2.4724594074530533,6.425088460471351,1748.250374779013,0.9836504092338048,0,2.19433927894385,59.30108220271424,0.5541582295466337,0.05
M-06,2026-01-01 14:00:00+00:00,59.4592482812464,2.4724594074530533,5.81066039469227,1706.3999287640177,0.9258593990890998,0,2.383885376677087,59.442168349986595,0.3630678626988119,0.05
M-06,2026-01-01 15:00:00+00:00,62.58680268488944,2.8681727185990504,6.199812238888038,1616.329773123743,0.6898836510508002,0,2.361356405087617,59.95737335538113,0.31838596823946025,0.025
M-06,2026-01-01 16:00:00+00:00,62.6100557719746,1.7505610821463748,6.130000443504962,1707.0216873137651,0.7149386190439696,0,2.271025820632151,61.36542903751279,0.4065037016824048,0.016666666666666666
M-06,2026-01-01 17:00:00+00:00,60.8614419896299,1.2782794920686174,6.148660585774873,1728.4598528869274,0.7736885864400517,0,2.151566977458233,60.82267935708185,0.5744522250263822,0.03333333333333333
M-06,2026-01-01 18:00:00+00:00,60.558874048005,2.7570805719549525,6.577661752287882,1694.6248426616064,0.7969640496861583,0,2.266502113279184,61.84835258903535,0.6213357630376961,0.05
M-06,2026-01-01 19:00:00+00:00,66.98690414766546,2.265247613507781,6.174087540422639,1617.2897994672414,0.5967720380779269,0,2.2319668142883047,62.177221153901804,0.6133054210808998,0.041666666666666664
M-06,2026-01-01 20:00:00+00:00,64.2637186433356,1.5531362850228891,5.797291202596434,1561.0903797398823,0.5572282403417933,0,2.0787462938832775,62.977966214249996,0.654649941647081,0.05
M-06,2026-01-01 21:00:00+00:00,64.13852689402862,2.3982294574426075,6.141787297177199,1662.070137711289,0.6991782790740553,0,2.0004224170238705,63.236586915773195,0.5630098336855683,0.058333333333333334
M-06,2026-01-01 22:00:00+00:00,64.60713703148564,2.644938264925958,6.058123091138064,1637.2812159239554,0.7210698717219295,0,2.149485280820467,63.56943379235836,0.600758176221345,0.03333333333333333
M-06,2026-01-01 23:00:00+00:00,64.60713703148564,2.2761191196960207,6.305658181604311,1760.580740855105,0.8518548651595785,0,2.315791885425035,64.19371629933433,0.42323544602667923,0.075
M-06,2026-01-02 00:00:00+00:00,63.41604704442003,2.633478408446513,6.172029065798264,1666.9093560696313,0.7665978791619846,0,2.2951915248402948,64.66991179873683,0.3998209566243017,0.041666666666666664
M-06,2026-01-02 01:00:00+00:00,63.8397284283848,2.400997124280326,6.291619243096516,1669.6604006221469,0.6858147075424855,0,2.3178164433023856,64.14538251219005,0.4016244146498905,0.10833333333333334
M-06,2026-01-02 02:00:00+00:00,65.9345641608755,2.58323454557622,5.601850942026069,1616.7830229375363,0.7131652073706242,0,2.4894994867279405,64.42385676511337,0.151902253020459,0.041666666666666664
M-06,2026-01-02 03:00:00+00:00,61.28004244328508,2.774647676660172,6.265184779982508,1685.1336041890588,0.8393152451290866,0,2.552235856597535,63.94744268998945,0.18151343295351624,0.06666666666666667
M-06,2026-01-02 04:00:00+00:00,68.79435894083667,3.790017538785032,6.711112613665871,1658.1533461518825,0.6644138773549406,0,2.7430824022407143,64.64531300821461,0.542164359591862,0.058333333333333334
M-06,2026-01-02 05:00:00+00:00,72.37971716573472,2.445645330121332,6.41239596216006,1728.0117044193255,0.954168704332716,0,2.7713367706449326,65.94074303058947,0.5167852963621888,0.058333333333333334
M-06,2026-01-02 06:00:00+00:00,63.56851358908944,2.7733859473583435,6.365980493431703,1682.8709799288474,0.8783988558252127,0,2.794654693796904,65.9661541213677,0.5124591945779139,0.05
M-06,2026-01-02 07:00:00+00:00,64.66430768451278,3.079677274433932,6.196659876434032,1703.8162937320462,0.8492377618680809,0,2.9077680521558382,66.10358399738904,0.48219828472052706,0.075
M-06,2026-01-02 08:00:00+00:00,67.7550556239176,2.813495574254758,5.731721888649836,1698.0213971266164,0.7241261371330132,0,2.9461448902689287,66.40699924122939,0.4598487886061002,0.058333333333333334
M-06,2026-01-02 09:00:00+00:00,72.17660872741152,4.018577211668462,6.063990837653968,1698.5693044454183,0.8667549828648027,0,3.1534664794369767,68.22309362191712,0.619695228900195,0.06666666666666667
M-06,2026-01-02 10:00:00+00:00,67.83060648974264,2.96393189120268,6.223351610497874,1683.1606405911043,0.8178474609456099,0,3.015785538173251,68.06246821340146,0.5361157977647637,0.05
M-06,2026-01-02 11:00:00+00:00,67.79515208103533,3.7252393191735096,5.99534839144147,1670.3085504145604,0.7849535707512252,0,3.229051203015281,67.29837403261821,0.5181644701829228,0.058333333333333334
M-06,2026-01-02 12:00:00+00:00,70.37158632689547,3.740710759682935,5.925655306526793,1729.4196074627282,0.8322584877420697,0,3.3902720050693795,68.43221948891922,0.49813329248834254,0.06666666666666667
M-06,2026-01-02 13:00:00+00:00,72.4869262126179,2.800619736311773,5.993119696720069,1713.1118937162755,0.7988856153628788,0,3.343762415382353,69.73598924360341,0.543861332543827,0.058333333333333334
M-06,2026-01-02 14:00:00+00:00,69.38876479701622,3.9725924446635914,5.799798727365043,1579.6130396841145,0.6626566303522865,0,3.536945227117158,70.00827410578651,0.5233072588087329,0.041666666666666664
M-06,2026-01-02 15:00:00+00:00,66.86057406621444,2.6573990578906703,5.526105720293397,1694.1837634519288,0.7669306100149181,0,3.3100822014875266,69.12226832892033,0.5660536258130894,0.08333333333333333
M-06,2026-01-02 16:00:00+00:00,70.93537076403346,3.0232489312577813,5.696315795864145,1745.1944596116623,0.9656408005370556,0,3.3199683748300437,69.63972904130213,0.5592763906229138,0.08333333333333333
M-06,2026-01-02 17:00:00+00:00,72.40544531663868,3.686607016896927,6.171398210646982,1691.4630152917944,0.8162786377335571,0,3.313529657783946,70.40811124723602,0.553873815702706,0.03333333333333333
M-06,2026-01-02 18:00:00+00:00,74.1132980560297,3.39748997689689,5.852185891766402,1792.188912689006,0.8730220120036147,0,3.256326193986272,71.0317298687584,0.5174578712027824,0.075
M-06,2026-01-02 19:00:00+00:00,74.64603501818954,3.3653826807111824,5.874080404172498,1643.7648861718933,0.7366177664211842,0,3.350453351386174,71.39158133635367,0.4668787109128031,0.05
M-06,2026-01-02 20:00:00+00:00,71.51515827263043,4.984900139932094,5.789788866393552,1709.6486665735945,0.7469589593579891,0,3.5191713005975913,71.74598024895604,0.8004303128199723,0.09166666666666666
M-06,2026-01-02 21:00:00+00:00,77.07980987163728,2.901197466273666,6.002048259252802,1649.8103208590487,0.7853817677158115,0,3.5598043686614234,73.44918621652651,0.7526987993470711,0.041666666666666664
M-06,2026-01-02 22:00:00+00:00,70.22524707947349,2.9104986079140507,5.98636412082643,1681.866675912767,0.8119203480920381,0,3.5410126481041346,73.33083226909986,0.7699824509241627,0.09166666666666666
M-06,2026-01-02 23:00:00+00:00,76.26505014838067,3.605675366446627,6.6375805663554495,1780.7911807792416,0.9861759306390128,0,3.5275240396957517,73.97409974105686,0.7676270924393437,0.08333333333333333
M-06,2026-01-03 00:00:00+00:00,75.82459088360332,3.2219929771435694,5.781537592284562,1711.6504433653336,0.9488257656499725,0,3.4982745397368653,74.25931521231912,0.7768608547794927,0.06666666666666667
M-06,2026-01-03 01:00:00+00:00,75.08123771565077,3.188189841313713,5.984962546059359,1710.7224771899294,0.9778010472659576,0,3.468742399837286,74.33184899522932,0.7862344852170001,0.05
M-06,2026-01-03 02:00:00+00:00,75.78560289501142,3.077640140629785,5.715721741648263,1724.1711501638358,0.954924571250767,0,3.1508657332869014,75.04358976562615,0.26029850641404456,0.10833333333333334
M-06,2026-01-03 03:00:00+00:00,77.00741079064147,4.921772816719026,5.91617312571493,1587.286424092959,0.6211084279387267,0,3.487628291694462,75.03152325212686,0.7392022852145906,0.06666666666666667
M-06,2026-01-03 04:00:00+00:00,78.55002435794879,4.09891657263978,5.431675458859637,1734.7684220533545,0.8466876570942878,0,3.6856979524820837,76.41898613187273,0.712363002928399,0.06666666666666667
M-06,2026-01-03 05:00:00+00:00,75.93680313151802,4.173625497535654,5.516168371633625,1747.237804249705,0.9972324929456644,1,3.7803563076635878,76.36427829572897,0.7369143355123481,0.06666666666666667
M-06,2026-01-03 06:00:00+00:00,78.51950086709898,4.1786997828101855,5.686920937734762,1772.2956491722684,0.9239547141707862,0,3.939807441941357,76.81342995964492,0.6942007806687754,0.09166666666666666
M-06,2026-01-03 07:00:00+00:00,72.28900730167064,4.385642097021488,5.670375349976723,1697.1857905581935,0.753381161790176,0,4.139382817892653,76.34805822398155,0.6007380722721416,0.06666666666666667
M-06,2026-01-03 08:00:00+00:00,69.22929043422597,4.483881950484811,5.73495107856437,1610.0538008178614,0.560218365707712,0,4.373756452868491,75.2553394805173,0.30536119347125584,0.13333333333333333
M-06,2026-01-03 09:00:00+00:00,76.96851493204181,4.355274234739887,5.910368898768399,1706.6882054492237,0.845867652891225,0,4.279340022538634,75.24885683741736,0.1501733503871737,0.1
M-06,2026-01-03 10:00:00+00:00,79.45913685265523,4.020967162865766,5.865848812946754,1701.581809770283,0.8360635857288625,1,4.266348454242965,75.4003755865351,0.17085163393657637,0.08333333333333333
M-06,2026-01-03 11:00:00+00:00,82.31725932642047,5.131337159555196,5.240237913131577,1759.678737010677,0.904599976717915,0,4.425967064579556,76.46378495235219,0.38280300759436736,0.025
M-06,2026-01-03 12:00:00+00:00,82.2472354543661,3.223340643922378,5.9400964232288604,1677.300962197019,0.6640387572466128,0,4.266740541431588,77.08507405023003,0.6270153743095629,0.058333333333333334
M-06,2026-01-03 13:00:00+00:00,83.39218486566676,3.690723288907288,5.828442534841347,1656.9888849727702,0.6319431224259183,0,4.150920740079221,78.9356036442294,0.6637641652085388,0.08333333333333333
M-06,2026-01-03 14:00:00+00:00,78.99895252019965,4.73224609467487,5.538078494371032,1649.8287974892598,0.7716910096144872,1,4.192314764110898,80.56388065855833,0.6956593338671929,0.03333333333333333
M-06,2026-01-03 15:00:00+00:00,83.31279274916903,3.4703262158703985,5.793372169497568,1750.410745058247,0.9554863622219129,0,4.044823427632649,81.62126029474621,0.7461767957647353,0.10833333333333334
M-06,2026-01-03 16:00:00+00:00,80.03969007000572,4.899339653558328,5.784127802323251,1669.7123499460204,0.8817600250204873,0,4.191218842748076,81.71801916430464,0.8227925870217067,0.03333333333333333
M-06,2026-01-03 17:00:00+00:00,83.13561918951245,4.233639803962209,5.7234045032445815,1774.92416423691,0.9794373966305484,1,4.041602616815911,81.85441247481997,0.6882739577043924,0.08333333333333333
M-06,2026-01-03 18:00:00+00:00,85.23858954417683,4.789970585829509,5.466629816711182,1590.3852963572322,0.6278321741383813,1,4.302707607133767,82.3529714897884,0.6082848459757859,0.05
M-06,2026-01-03 19:00:00+00:00,82.05452325245939,4.971292074224928,5.96030346449372,1680.3675399814815,0.9554514889595298,0,4.51613573802004,82.13002788758718,0.5743210340528575,0.03333333333333333
M-06,2026-01-03 20:00:00+00:00,82.16596537823123,4.865267859608143,5.651770574303832,1720.774374180058,0.7772773168898172,1,4.538306032175585,82.65786336392578,0.586764632743179,0.13333333333333333
M-06,2026-01-03 21:00:00+00:00,82.44158525674968,4.688539763916869,5.403389493815318,1646.1447466148093,0.7552145270789017,1,4.741341623516664,82.51266211518923,0.2668753451338303,0.13333333333333333
M-06,2026-01-03 22:00:00+00:00,86.6327191000064,4.628495592433491,5.469730063250341,1817.7825650773325,0.9980180672384682,1,4.6962009466625245,83.61150028685599,0.2575488358329679,0.10833333333333334
M-06,2026-01-03 23:00:00+00:00,83.87653330279362,4.639464937545229,5.330051717952653,1611.3742943121297,0.672818496711757,1,4.7638384689263615,83.73498597240285,0.13672174053966252,0.11666666666666667
M-06,2026-01-04 00:00:00+00:00,83.87653330279362,4.913168747588944,5.79377042291071,1711.3694807064517,0.8276559785689074,1,4.784371495886267,83.507976598839,0.15003411951670265,0.06666666666666667
M-06,2026-01-04 01:00:00+00:00,83.19461099525718,4.407888219408292,5.63808390629864,1658.3123177811826,0.6240340373525951,1,4.690470853416828,83.69799122263862,0.18245413452144876,0.06666666666666667
M-06,2026-01-04 02:00:00+00:00,85.91309335575343,4.831816560138493,5.7189407586722245,1626.4785057302106,0.7934209252096986,1,4.6848956368385535,84.32251255222566,0.1764571750967849,0.1
M-06,2026-01-04 03:00:00+00:00,84.88171615663286,5.112287150450881,5.893372896425767,1672.392745087057,0.788171834784869,1,4.755520201260889,84.72920103553952,0.24835817879115316,0.14166666666666666
M-06,2026-01-04 04:00:00+00:00,77.8410974280382,5.21839887195503,5.634183998785287,1742.9551791443537,0.980900694229349,1,4.853837414514478,83.26393075687815,0.299510497601136,0.09166666666666666
M-06,2026-01-04 05:00:00+00:00,87.65863934541696,4.989610760098544,5.203115010263058,1692.1168295172124,0.839254841423257,1,4.912195051606697,83.89428176398205,0.2830469397515668,0.13333333333333333
M-06,2026-01-04 06:00:00+00:00,89.22696171906362,5.986101782704345,5.848675971863058,1696.6331448857975,0.7517851140316468,1,5.09101722412593,84.78601983336038,0.5219173024952536,0.08333333333333333
M-06,2026-01-04 07:00:00+00:00,87.30594186993608,6.198239851743322,5.326100877999564,1696.7478836979349,0.7805902593604245,1,5.389409162848435,85.47124164580686,0.5633894867094352,0.09166666666666666
M-06,2026-01-04 08:00:00+00:00,81.03426153499173,4.845426928065391,5.2210398049195454,1651.79509245854,0.6942013497757625,1,5.391677557502919,84.65810300901323,0.5607164802554783,0.1
M-06,2026-01-04 09:00:00+00:00,87.76361142266299,5.770881611606462,5.575569766213167,1746.6900827435754,0.9216532875565078,1,5.501443301028849,85.13841888668493,0.5595463270428137,0.08333333333333333
M-06,2026-01-04 10:00:00+00:00,85.30749699179033,4.393423754898434,5.625393435026969,1652.183479208261,0.9010319598352484,1,5.3639474481860825,86.38281881397695,0.7210579684074074,0.09166666666666666
M-06,2026-01-04 11:00:00+00:00,84.87341472138895,6.740663578513545,5.5103015877192005,1671.8807341202294,0.7978126835149575,1,5.655789584588583,85.91861470997229,0.8767908896646571,0.15
M-06,2026-01-04 12:00:00+00:00,92.01372259482795,4.969040600191464,5.64025096039205,1682.0041452940293,0.8350447338522641,1,5.486279387503103,86.383074855933,0.8982123467026455,0.09166666666666666
M-06,2026-01-04 13:00:00+00:00,84.15838397484843,6.040290997669772,5.422336607164035,1702.9041744484407,0.9131905940244192,1,5.459954578490844,85.8584818734184,0.8751925830337565,0.05
M-06,2026-01-04 14:00:00+00:00,93.7947525188673,5.167425256061296,5.392349210939893,1736.857385270274,0.9841053391995505,1,5.513620966490162,87.985230370731,0.839101778227742,0.125
M-06,2026-01-04 15:00:00+00:00,85.8276991256337,5.062874382083248,5.6125965948335175,1666.2000646218885,0.6058441052389753,1,5.395619761569627,87.66257832122612,0.8454469479248774,0.14166666666666666
M-06,2026-01-04 16:00:00+00:00,89.20450505369745,5.526409209518677,5.760806934572509,1668.7534868349712,0.7584621294078984,1,5.584450670673,88.31207966487729,0.6888641490581059,0.125
M-06,2026-01-04 17:00:00+00:00,92.36446671255506,6.076838602528859,4.769924641133067,1642.5976442329595,0.6934309586486043,0,5.473813174675553,89.56058833007165,0.4908854720491192,0.1
M-06,2026-01-04 18:00:00+00:00,52.10225081000349,1.2826867918329965,6.478885856830197,1754.5842577275084,0.8927354407446404,0,4.859420873282475,82.90867636593424,1.8028155944680293,0.03333333333333333
M-06,2026-01-04 19:00:00+00:00,55.16995939990053,0.7351134678395385,6.1627939445866815,1748.977929696172,0.9966996626813378,0,3.975224618310769,78.07727227010959,2.331324068351314,0.025
M-06,2026-01-04 20:00:00+00:00,55.32548930521268,0.9453247933784226,6.38191419176224,1705.428890198878,0.9318655664462584,0,3.271541207863624,71.66572840116714,2.5283705461823334,0.016666666666666666
M-06,2026-01-04 21:00:00+00:00,55.32548930521268,2.324490253232147,6.035607357900787,1711.2167004813384,0.8735070120413946,0,2.815143853055107,66.58202676443032,2.3833391613768753,0.025
M-06,2026-01-04 22:00:00+00:00,55.166069722189405,0.6535213559092932,6.531194533848925,1718.2217123066227,0.9626555481359316,0,2.002995877453543,60.90895420917897,2.0864167259743773,0.008333333333333333
M-06,2026-01-04 23:00:00+00:00,53.40954656536254,0.6980308996174773,6.25745382975483,1587.291070309886,0.5931185855466737,0,1.1065279269683126,54.416467517980216,0.6403880229009081,0.016666666666666666
M-06,2026-01-05 00:00:00+00:00,54.26719041250058,1.0359389596260806,6.375845956828156,1613.1408828309684,0.5975041538233082,0,1.06540328826716,54.777290785063066,0.6347105703491784,0.041666666666666664
M-06,2026-01-05 01:00:00+00:00,56.58611834043303,0.7120936395489899,6.54212942195782,1712.3396583692695,0.99888704094238,0,1.061566650218735,55.01331727515182,0.6371711801729667,0.058333333333333334
M-06,2026-01-05 02:00:00+00:00,52.94157856608896,1.3441678793912104,6.137319688835929,1632.7605760311042,0.6447484453089307,0,1.1280404978875331,54.615998818631205,0.6433932258144779,0.0
M-06,2026-01-05 03:00:00+00:00,54.35250783852616,1.0583726772643822,6.01761461917283,1595.0716930691106,0.7103737855339627,0,0.9170209018929055,54.45383524085011,0.2742116642025198,0.016666666666666666
M-06,2026-01-05 04:00:00+00:00,52.04663956954085,1.4739644938877918,6.304626154915602,1707.366059000789,0.8063619864460427,0,1.053761424889322,53.93393021540869,0.31765595038600236,0.016666666666666666
M-06,2026-01-05 05:00:00+00:00,58.585016686830194,1.5341732334569622,6.203024084829436,1678.5355902879392,0.8461622559890988,0,1.193118480529236,54.79650856898663,0.3137691761596294,0.008333333333333333
M-06,2026-01-05 06:00:00+00:00,52.40563055711837,1.1558011861090352,6.0650974864196,1708.2379166922697,0.7460229173219253,0,1.2130955182763952,54.48624859308959,0.30546625541557043,0.041666666666666664
M-06,2026-01-05 07:00:00+00:00,57.22504407674775,1.7716098467399335,6.05327845678232,1685.3129825576798,0.8370008437916909,0,1.3896815528082194,54.59273621580871,0.2609167580086382,0.025
M-06,2026-01-05 08:00:00+00:00,54.02363917443872,1.7397963497413944,6.419793984530571,1593.817097991226,0.6874576646730106,0,1.4556196311999166,54.77307965053367,0.2948930886000557,0.025
M-06,2026-01-05 09:00:00+00:00,54.3225625589877,1.295014355911149,6.409092171770107,1562.0613700612123,0.7203412213677628,0,1.4950599109743778,54.768088770610596,0.24226653361444492,0.016666666666666666
M-06,2026-01-05 10:00:00+00:00,48.89163319855344,2.008749113279156,6.428414527286735,1618.3198586740382,0.7675811077037994,0,1.5841906808729387,54.24225437544603,0.31913357129390063,0.016666666666666666
M-06,2026-01-05 11:00:00+00:00,54.24132745410604,1.3580852424565752,6.2912595386859325,1742.242929763357,0.880069927531143,0,1.5548426823728738,53.51830616999201,0.3324711343180587,0.025
M-06,2026-01-05 12:00:00+00:00,56.3625404477995,1.7136463505334316,6.541150470081638,1730.5293112878903,0.933779777085603,0,1.6478168764436065,54.17779115177219,0.270852196031649,0.03333333333333333
M-06,2026-01-05 13:00:00+00:00,53.68826669623849,1.3012636065456455,6.571106499652796,1652.330989586395,0.5571747236331505,0,1.5694258364112255,53.588328255020656,0.2948586437308108,0.041666666666666664
M-06,2026-01-05 14:00:00+00:00,61.83806944343329,1.2338831274015996,6.146232926533795,1721.2102576929926,0.9754482192474376,0,1.4851069660212595,54.89073329985308,0.30841947579488577,0.041666666666666664
M-06,2026-01-05 15:00:00+00:00,56.33872942251435,1.1722561068432862,6.447460689078864,1732.5840535504583,0.8958454009882426,0,1.4646472578432823,55.226761110440854,0.3270601556183555,0.06666666666666667
M-06,2026-01-05 16:00:00+00:00,60.39191348194034,1.5659994134945467,6.396732661635313,1641.6489191134006,0.6941374165484353,0,1.3908556412125141,57.14347449100533,0.20803650699914142,0.025
M-06,2026-01-05 17:00:00+00:00,58.72088218024752,2.0076131133788744,6.2057617697638605,1654.52075218944,0.8426457828462199,0,1.499110286366231,57.89006694536224,0.3241596558723158,0.08333333333333333
M-06,2026-01-05 18:00:00+00:00,58.92388449332314,2.324885494175803,6.730869502450664,1701.9554495310297,0.7390402238644689,0,1.6009834769732925,58.3169576196162,0.46882992688054864,0.041666666666666664
M-06,2026-01-05 19:00:00+00:00,55.446813195832256,2.428270627660595,6.514786648875072,1731.8612234081936,0.8232043074044055,0,1.7888179804924509,58.61004870288181,0.5444058644767741,0.058333333333333334
M-06,2026-01-05 20:00:00+00:00,56.483694406715145,2.2894384631700664,6.032970668142264,1624.0101702653153,0.5875111151521798,0,1.9647438697871953,57.71765286342879,0.4977664897801059,0.075
M-06,2026-01-05 21:00:00+00:00,64.11823086284116,2.3615278470796333,6.263752764831744,1652.675132043975,0.6306262590141485,0,2.162955826493253,59.014236436816596,0.3263526262412299,0.05
M-06,2026-01-05 22:00:00+00:00,62.429916013535056,2.939634651986273,6.33540621581426,1559.4272979572545,0.6557442937090336,0,2.391895032908541,59.35390352541572,0.3049341767717429,0.041666666666666664
M-06,2026-01-05 23:00:00+00:00,59.58994489691103,2.9659626422073644,6.620920395840894,1581.7433472388657,0.5782912230051451,0,2.5516199543799556,59.4987473115263,0.31423971230627923,0.075
M-06,2026-01-06 00:00:00+00:00,60.612332202876566,3.04268331015416,5.890877679308005,1668.8618228651087,0.6939336162299686,0,2.671252923709682,59.78015526311853,0.3457153175050063,0.05
M-06,2026-01-06 01:00:00+00:00,63.45432915549976,2.3399784656340805,6.5996494579443965,1623.4748190326814,0.6630250487876543,0,2.6565375633719293,61.11474125639645,0.3597217044296088,0.06666666666666667
M-06,2026-01-06 02:00:00+00:00,58.81848626534888,2.3548447310966,6.085692252396036,1711.6873651058063,0.9048748438313544,0,2.6674386080263517,61.50387323283541,0.34714329669998256,0.05
M-06,2026-01-06 03:00:00+00:00,66.77673868180707,2.4101912022765397,6.0318841781135575,1662.3755379238507,0.8547132203302337,0,2.6755491672258365,61.94695786932973,0.3390405548890865,0.03333333333333333
M-06,2026-01-06 04:00:00+00:00,68.8999432821451,2.332789612806023,6.59731659823972,1674.5659082044974,0.8206911635304783,0,2.574408327362461,63.02529574743141,0.3349951167562894,0.05
M-06,2026-01-06 05:00:00+00:00,61.491193913087805,2.7818558536238,6.029300281564337,1651.212211591951,0.7809499632701291,0,2.543723862598534,63.34217058346086,0.2983887121403874,0.05
M-06,2026-01-06 06:00:00+00:00,61.01840942564113,3.153466767087072,6.531526205917671,1661.065555518426,0.5593855602135638,0,2.5621877720873525,63.409850120588295,0.33644003959440677,0.025
M-06,2026-01-06 07:00:00+00:00,63.75124220003181,3.066881982700067,6.013086637342218,1701.5035879649142,0.8202471681634323,0,2.6833383582650168,63.45933562801031,0.36965767525531684,0.041666666666666664
M-06,2026-01-06 08:00:00+00:00,72.18185597466285,2.284182153954318,6.173600437469159,1651.885530716211,0.6882992928474556,0,2.6715612620746367,65.68656391289596,0.38309774125077356,0.09166666666666666
M-06,2026-01-06 09:00:00+00:00,70.56249306009789,3.848308194796804,6.151401108896504,1579.156704239594,0.7018869800288294,0,2.911247427494681,66.31752297594443,0.5840448073404644,0.05
M-06,2026-01-06 10:00:00+00:00,67.57407884197733,3.000252453111518,5.918453663029484,1737.922983797566,0.9788638002106504,0,3.022491234212263,66.0965455692498,0.51080309883934,0.075
M-06,2026-01-06 11:00:00+00:00,63.7061847855871,2.717398126364168,5.633387737167456,1751.259646884826,0.8197665652176819,0,3.011748279668991,66.46571071466634,0.5175099961451769,0.075
M-06,2026-01-06 12:00:00+00:00,66.82036398640325,2.888838970700246,5.827736153317058,1670.4098985182266,0.668971978348436,0,2.9676436469378538,67.43270314146004,0.5142828477279637,0.05
M-06,2026-01-06 13:00:00+00:00,67.50130459421564,2.759846864641044,6.02201999211327,1727.389932305353,0.981113442326686,0,2.9164711272613495,68.05771354049067,0.5176975433906792,0.058333333333333334
M-06,2026-01-06 14:00:00+00:00,65.25725469388586,2.7544973708678904,5.992440700045053,1799.406956081633,0.9846282419394408,0,2.994856996746945,66.90361332702786,0.43119225803536665,0.03333333333333333
M-06,2026-01-06 15:00:00+00:00,70.42027193989344,3.115607300185588,6.257049135330845,1799.406956081633,0.8175819276127351,0,2.872740180978409,66.87990980699378,0.1589719504285571,0.041666666666666664
M-06,2026-01-06 16:00:00+00:00,66.80748374075289,3.331465494487199,6.257049135330845,1752.15125660099,0.7661126024308955,0,2.9279423545410226,66.7521439567897,0.24586429550801622,0.041666666666666664
M-06,2026-01-06 17:00:00+00:00,69.16397186681041,3.346904560375462,6.405339718364871,1694.6056643025647,0.7541029080020529,0,3.032860093542905,67.66177513699357,0.2710720661314012,0.08333333333333333
M-06,2026-01-06 18:00:00+00:00,76.10883449849007,3.421703873579711,5.554894624362415,1742.9274797789133,0.9949546969336872,0,3.1216709106894824,69.20985355567471,0.30017780037128927,0.041666666666666664
M-06,2026-01-06 19:00:00+00:00,66.75685308557881,3.0273196909565505,6.219820755378944,1796.6049054771884,0.9829803657242115,0,3.1662497150754003,69.08577830423525,0.2516328487070357,0.058333333333333334
M-06,2026-01-06 20:00:00+00:00,72.22715987415326,3.831717401182483,5.976614716776875,1690.5322980568717,0.7820974258406693,0,3.3457863867944986,70.24742916761313,0.2816033387879463,0.058333333333333334
M-06,2026-01-06 21:00:00+00:00,67.68657119835179,3.756392783271256,5.823867130038592,1702.3568563071135,0.8268779019096493,0,3.4525839673087764,69.79181237735621,0.297886912695367,0.03333333333333333
M-06,2026-01-06 22:00:00+00:00,73.92604940010762,3.840784960148561,6.1931806492526205,1690.319963789676,0.9444929772116352,0,3.5374705449190036,70.97823998724867,0.32756037727685705,0.058333333333333334
M-06,2026-01-06 23:00:00+00:00,68.54064178891926,4.272004701976413,6.241665687430886,1615.2190635604331,0.7145732834910951,0,3.6916539018524954,70.87435164093347,0.4235726600941302,0.06666666666666667
M-06,2026-01-07 00:00:00+00:00,68.54064178891926,3.151383358143913,5.482187455593633,1633.8758711288947,0.6768749391943564,0,3.6466004826131964,69.61298618933834,0.4698743174551821,0.08333333333333333
M-06,2026-01-07 01:00:00+00:00,66.25007289116783,3.023315394186779,5.951924136046727,1662.06137475611,0.6865245364024443,0,3.6459330998182335,69.52852282360317,0.4709314814622062,0.05
M-06,2026-01-07 02:00:00+00:00,76.40729642013167,3.1774330684462333,5.870646805308345,1619.4620251997617,0.7589886958208192,0,3.536885711028859,70.2252122479329,0.4944715918862114,0.09166666666666666
M-06,2026-01-07 03:00:00+00:00,74.17361394841812,4.2091490507717175,6.015304919625591,1713.7011520812152,0.9427002430071664,0,3.612345088945603,71.30638603961062,0.5642872872600836,0.09166666666666666
M-06,2026-01-07 04:00:00+00:00,70.73672793194476,3.779395778536274,5.834401185930318,1675.851189256523,0.8299411806624748,0,3.6021135586768884,70.77483246158347,0.559856011075058,0.06666666666666667
M-06,2026-01-07 05:00:00+00:00,71.04363061428815,3.6526044297572153,5.873199780952215,1738.50489524539,0.977829669232904,0,3.498880179973689,71.19199726581162,0.45979259824508184,0.1
M-06,2026-01-07 06:00:00+00:00,72.6154565232377,3.701069564324124,5.694035599353372,1738.2566800439768,0.8566391007197722,0,3.5904945476703904,71.8711330548647,0.4305376914408839,0.08333333333333333
M-06,2026-01-07 07:00:00+00:00,77.96016371618803,4.166541213476591,5.487470929476722,1524.011339089256,0.6784853934714263,0,3.781032184218693,73.82281485903474,0.3792422819643935,0.058333333333333334
M-06,2026-01-07 08:00:00+00:00,78.54669908275022,3.250183088401111,5.985203680939891,1706.4233444903143,0.8134212855562953,0,3.793157187544505,74.17938196947117,0.35656985791929907,0.1
M-06,2026-01-07 09:00:00+00:00,80.50825466440479,4.257087740806969,5.926265856333735,1685.8961702330091,0.8505746593918383,0,3.801146969217047,75.2351554221356,0.3681058614570174,0.05
M-06,2026-01-07 10:00:00+00:00,74.2343184204559,4.317758520309951,6.157091529702869,1575.8653278999302,0.5502661831771309,0,3.8908740928459937,75.8180871702208,0.4232300240609835,0.058333333333333334
M-06,2026-01-07 11:00:00+00:00,78.60446031921067,3.7750294140836136,5.974365320502747,1614.5722088593327,0.6225972309811079,0,3.9112782569003937,77.07822545437456,0.4122542526446195,0.058333333333333334
M-06,2026-01-07 12:00:00+00:00,80.13056359804968,3.713115809107885,5.414569035940692,1643.5242758837471,0.6559093930555915,0,3.9132859643643534,78.33074330017655,0.41105335908195617,0.075
M-06,2026-01-07 13:00:00+00:00,81.89079288006415,4.679411739188761,5.774754884475871,1727.2045109546943,0.7684038645199829,1,3.9987643853163815,78.98584816082257,0.5145474592337389,0.06666666666666667
M-06,2026-01-07 14:00:00+00:00,82.6161673740094,3.864930221774324,5.715705107308529,1632.1384069219396,0.8425989876143087,0,4.101222240878584,79.66409287603243,0.37903756839149944,0.06666666666666667
M-06,2026-01-07 15:00:00+00:00,75.72150945745217,4.231646845673179,5.613875444632738,1622.8875728578885,0.632654222509669,0,4.096982091689619,78.866302008207,0.3770824953608258,0.058333333333333334
M-06,2026-01-07 16:00:00+00:00,80.39142871463466,4.467709219057959,5.839361563745943,1630.7774244657674,0.6624349561676596,0,4.121973874814287,79.89248705723679,0.39897490590954865,0.09166666666666666
M-06,2026-01-07 17:00:00+00:00,75.15182165803921,4.605535676090526,5.8686404219051695,1565.045867040887,0.5516065544381162,0,4.260391585148772,79.31704728037488,0.39859996471250214,0.15833333333333333
M-06,2026-01-07 18:00:00+00:00,82.37230695945115,4.9187931698123455,6.027530276382112,1721.804841674205,0.8823033213713445,0,4.461337811932849,79.6906711739418,0.3704362872716016,0.1
M-06,2026-01-07 19:00:00+00:00,82.37230695945115,4.19999767371387,5.705250965754177,1584.3197267766434,0.5532916821836092,0,4.381435467687034,79.77092352050629,0.3656641456411828,0.09166666666666666
M-06,2026-01-07 20:00:00+00:00,75.45975845461054,4.917912904330864,5.497884683096729,1584.48365018895,0.5947143455340452,0,4.556932581446458,78.57818870060647,0.317737717743027,0.11666666666666667
M-06,2026-01-07 21:00:00+00:00,84.93544040458116,4.04942464660535,5.697381356563077,1698.6227736256635,0.9280664276442484,0,4.5265622149351525,80.11384385846131,0.3608339300674688,0.09166666666666666
M-06,2026-01-07 22:00:00+00:00,80.3807907613481,5.200300157208877,5.51799363904374,1627.9458564110266,0.7208509137187711,0,4.648660704626972,80.1120708662469,0.44989254674089557,0.041666666666666664
M-06,2026-01-07 23:00:00+00:00,81.55279338990165,5.2618360196248855,5.6344831752752444,1740.1604295703153,0.8529232393007631,1,4.758044095216031,81.17889948822396,0.5127089544919244,0.1
M-06,2026-01-08 00:00:00+00:00,77.1302542866224,4.039788380799904,5.937019427709485,1697.8380354998994,0.7451886743124682,1,4.611543297047292,80.3052240427525,0.5789004168601706,0.1
M-06,2026-01-08 01:00:00+00:00,83.4127308248481,4.336071756112599,5.475491479617901,1651.4715352079415,0.7687147173372635,0,4.634222310780413,80.47862802031865,0.561971032527655,0.06666666666666667
M-06,2026-01-08 02:00:00+00:00,81.65811533118188,5.211845561085172,5.934507298334471,1657.1259022444187,0.6653865030393897,1,4.683211086906131,81.51168749974721,0.6029636924901608,0.125
M-06,2026-01-08 03:00:00+00:00,80.86097622657529,5.119155809551177,5.381952611790306,1671.9178523154435,0.764995277228215,1,4.86149961406377,80.83261013674624,0.5320653772053836,0.125
M-06,2026-01-08 04:00:00+00:00,80.0848610292376,4.73868979040788,5.467223069983894,1656.8427058684365,0.8134921054185934,1,4.784564552930269,80.78328851472781,0.5060138834191834,0.09166666666666666
M-06,2026-01-08 05:00:00+00:00,79.56632158904178,5.334908847725279,5.467223069983894,1724.0748035152449,0.9982646710575468,0,4.796743357613669,80.45220988125118,0.5204711521796962,0.10833333333333334
M-06,2026-01-08 06:00:00+00:00,82.83914492494638,4.6742429208028335,6.091301433761657,1716.433286442152,0.8805849306632176,1,4.90248578094749,81.40369165430518,0.38193922574068384,0.1
M-06,2026-01-08 07:00:00+00:00,79.33105984473089,4.788168009786309,5.722652351285396,1712.1268907619185,0.8922019648664197,1,4.977835156559775,80.72341315761896,0.27841206713775757,0.058333333333333334
M-06,2026-01-08 08:00:00+00:00,88.44040062084612,5.46660111846056,5.634925387735847,1740.3370193633818,0.9399511397012804,1,5.02029441612234,81.85379403922967,0.33492714413455604,0.1
M-06,2026-01-08 09:00:00+00:00,85.21922494163177,5.3672955791218175,5.7315108393986565,1630.9909550628008,0.6536645243455974,0,5.061651044384113,82.58016882507242,0.36366329679962256,0.09166666666666666
M-06,2026-01-08 10:00:00+00:00,90.51546529608817,4.798517429452287,5.544424358448787,1722.11401949466,0.8522383946155665,1,5.071622317558181,84.31860286954752,0.3537212849690474,0.08333333333333333
M-06,2026-01-08 11:00:00+00:00,84.930034389011,5.355716530925666,5.514206527475856,1646.7083105906122,0.762562479931289,0,5.075090264758246,85.21255500287573,0.35690651503034676,0.06666666666666667
M-06,2026-01-08 12:00:00+00:00,44.998436464809735,0.8555588987696678,6.409384929076899,1582.7706989066182,0.5598873069640841,0,4.438642927752718,78.90577025951961,1.780465466167334,0.008333333333333333
M-06,2026-01-08 13:00:00+00:00,51.46454092110857,0.5101412495242886,6.045783979378252,1603.0011061410985,0.5832233984706445,0,3.725638467709048,74.2613504389159,2.371117537099008,0.016666666666666666
M-06,2026-01-08 14:00:00+00:00,59.02521584013028,1.457641195931432,6.370743726205327,1670.2918194138354,0.8763396031026447,0,3.0574784806208597,69.35881964212992,2.3471355281319903,0.025
M-06,2026-01-08 15:00:00+00:00,56.47514657251167,1.6907877581253397,6.571812167469508,1737.035496474217,0.9500695002093736,0,2.444727177121447,64.56813991394324,2.089259652598679,0.008333333333333333
M-06,2026-01-08 16:00:00+00:00,58.94863538142255,1.0227290269127074,6.2837459681280885,1742.054111225004,0.8536356892428429,0,1.8154291100315172,59.30700159483229,1.784975256055637,0.03333333333333333
M-06,2026-01-08 17:00:00+00:00,54.44099232781561,2.117580778586481,5.754055864197584,1680.7257736963668,0.7918343212289896,0,1.275739817974986,54.22549458463306,0.590043513676875,0.016666666666666666
M-06,2026-01-08 18:00:00+00:00,56.11225931900925,1.9789041355890704,6.324114678986938,1764.588616400405,0.9406282843788094,0,1.4629640241115531,56.07779839366631,0.6080012126108646,0.025
M-06,2026-01-08 19:00:00+00:00,56.25552426701651,1.7770767937343523,6.441077930354638,1673.3980973492128,0.8964664970368665,0,1.6741199481465638,56.87629561798431,0.3928363576398863,0.041666666666666664
M-06,2026-01-08 20:00:00+00:00,55.70853229022779,1.3461830776375288,6.132148297583647,1719.5829868770202,0.7875301630989804,0,1.6555435950975799,56.323515026333894,0.40748277876295574,0.03333333333333333
M-06,2026-01-08 21:00:00+00:00,58.34777078421075,1.202524658576905,6.325242768837679,1661.258871901234,0.8652458756787949,0,1.5741664118395073,56.63561906161707,0.44597345325267723,0.016666666666666666
M-06,2026-01-08 22:00:00+00:00,59.29943940806997,2.40755475960016,5.833671891387594,1605.570948419091,0.6334601239967665,0,1.8049707006207496,56.694086399391644,0.4615822430293475,0.025
M-06,2026-01-08 23:00:00+00:00,56.66931250580334,1.206582371571542,6.820408080481371,1644.7467807253731,0.7718838003561677,0,1.6531376327849265,57.06547309572294,0.48730168970894333,0.06666666666666667
M-06,2026-01-09 00:00:00+00:00,58.47098280152668,1.8527643420711557,6.044563750730156,1642.2225910607883,0.7405693215231473,0,1.632114333865274,57.458593676142506,0.47294604725959444,0.025
M-06,2026-01-09 01:00:00+00:00,58.41639513105758,1.609816134192484,6.190245573793754,1642.471455804657,0.6158045949095834,0,1.6042375572749625,57.81873882014935,0.46759175035308953,0.03333333333333333
M-06,2026-01-09 02:00:00+00:00,62.52213688209031,1.7869648446262851,5.828400272946952,1614.1261592475598,0.7940124978676706,0,1.6777011851064219,58.95433958545977,0.4533488600158161,0.025
M-06,2026-01-09 03:00:00+00:00,56.29250924679712,1.893710879011671,5.776575067173681,1620.98888461375,0.5551927186104645,0,1.7928988885122161,58.61179599589084,0.3921403666201083,0.03333333333333333
M-06,2026-01-09 04:00:00+00:00,58.93500634326671,1.401640167232963,6.3539969185258895,1557.3864809594202,0.5551927186104645,0,1.625246456451017,58.55105715175696,0.2740466584079267,0.016666666666666666
M-06,2026-01-09 05:00:00+00:00,51.46214289913686,2.4993211881136754,6.472523877188941,1579.2801658612552,0.5644073819925141,0,1.8407029258747059,57.68319555064587,0.37032578473198585,0.025
M-06,2026-01-09 06:00:00+00:00,60.548211949186864,2.8766010896072896,6.304183182066716,1594.2864742505578,0.590869924893351,0,2.0113423837973947,58.02940040858925,0.5628389671033417,0.058333333333333334
M-06,2026-01-09 07:00:00+00:00,59.68537673309692,1.6829044167835796,6.492454341805655,1692.4951683145075,0.7822844321210819,0,2.023523764229244,58.240897342262464,0.5531177754020952,0.05
M-06,2026-01-09 08:00:00+00:00,64.55013826626993,1.494459599732508,5.992130569226051,1817.7413368134016,0.9273957147964168,0,1.9747728900802812,58.57889757295907,0.5898110288317769,0.05
M-06,2026-01-09 09:00:00+00:00,65.62956413433459,1.837819427879628,6.237262667723703,1719.809563289242,0.7078595672207016,0,1.9654576482249408,60.13507338754865,0.5917854015508178,0.041666666666666664
M-06,2026-01-09 10:00:00+00:00,60.64128187633975,3.106598587061392,6.164587516641461,1686.974073122795,0.8526739299087849,0,2.249617384863012,60.41945264306082,0.6709518257374966,0.05
M-06,2026-01-09 11:00:00+00:00,63.524387181434165,2.567064158311513,5.698320993232575,1711.4607159557354,0.9697533784157764,0,2.260907879895985,62.42982669011037,0.6765408155091428,0.075
M-06,2026-01-09 12:00:00+00:00,63.53076951801236,2.513859966302653,6.242641886956597,1690.5899768244487,0.7344772347228021,0,2.200451026011879,62.92691961824795,0.6247421576446356,0.03333333333333333
M-06,2026-01-09 13:00:00+00:00,63.47434438833188,2.5430485954844984,5.601601665678992,1648.8955139027375,0.8368693966525672,0,2.3438083891286987,63.558414227453774,0.579262361666691,0.025
M-06,2026-01-09 14:00:00+00:00,67.78733311905275,2.336756060582713,5.948212669208156,1735.769329278614,0.9064740961090968,0,2.484191132603733,64.09794670291758,0.4094232283381201,0.03333333333333333
M-06,2026-01-09 15:00:00+00:00,63.97694218687072,2.072097457042606,6.460360149927241,1735.772267527814,0.8356232425150607,0,2.523237470797562,63.822509711673604,0.34088532298281604,0.06666666666666667
M-06,2026-01-09 16:00:00+00:00,62.41156873121512,2.896015502447581,5.877590557978115,1643.118662116095,0.6074405286579464,0,2.488140290028594,64.11755752081949,0.27286495320953114,0.03333333333333333
M-06,2026-01-09 17:00:00+00:00,64.42760425951566,3.208162203519899,5.837463760181381,1643.118662116095,0.6766686011692175,0,2.5949899642299914,64.26809370049975,0.40397472077135427,0.041666666666666664
M-06,2026-01-09 18:00:00+00:00,61.17235321268444,2.57342696139065,6.513104960214294,1770.0996541590318,0.8511387493347368,0,2.6049177967446577,63.87502431627843,0.40231067360650324,0.058333333333333334
M-06,2026-01-09 19:00:00+00:00,63.21841061589595,3.597374633177246,6.2732195368924994,1656.257526516759,0.5857558482172859,0,2.7806388030267826,63.83236868753911,0.5665941991077893,0.075
M-06,2026-01-09 20:00:00+00:00,63.12287177745711,2.519684814464963,5.922913781369488,1631.5449267693878,0.7293876329217822,0,2.8111269286738243,63.05495846393983,0.5423343751942745,0.09166666666666666
M-06,2026-01-09 21:00:00+00:00,65.89225092167514,3.43117990704385,6.106503624415802,1587.661509084955,0.603803385853813,0,3.037640670340698,63.37417658640724,0.4474557313632883,0.041666666666666664
M-06,2026-01-09 22:00:00+00:00,60.62301900654993,3.219313719276341,6.288603865540527,1698.5037628192883,0.8456549516634113,0,3.0915237064788244,63.07608496562971,0.44645498690849417,0.06666666666666667
M-06,2026-01-09 23:00:00+00:00,71.3511078054715,3.190568547468532,6.099007389487282,1694.775807972625,0.842698972597026,0,3.0885914304702635,64.23000222328902,0.44559264553097194,0.041666666666666664
M-06,2026-01-10 00:00:00+00:00,68.01688232834475,2.763346018744611,5.912873293561679,1710.7902034661058,0.7161874333894809,0,3.1202446066959237,65.37075707589906,0.4067290584681465,0.041666666666666664
M-06,2026-01-10 01:00:00+00:00,65.10841514222187,2.622578781100655,5.970548661316246,1546.5915626002754,0.5612762757946834,0,2.957778631349825,65.68575783028672,0.37115756436756775,0.03333333333333333
M-06,2026-01-10 02:00:00+00:00,68.45301875656087,3.1776559811831,5.978770269540375,1735.161933635021,0.9710765281712376,0,3.067440492469515,66.57411566013735,0.30758907711681716,0.06666666666666667
M-06,2026-01-10 03:00:00+00:00,69.462448012023,3.239472281496591,6.273442765066387,1635.9575956428453,0.7288335163319313,0,3.0354892215449722,67.16914850852866,0.2698957110613995,0.058333333333333334
M-06,2026-01-10 04:00:00+00:00,69.48043615066094,3.18620137816714,5.666717006593792,1670.3295887175518,0.8436913017927293,0,3.029970498026772,68.64538469921382,0.26569096506226364,0.03333333333333333
M-06,2026-01-10 05:00:00+00:00,71.89616985351138,3.3873706460269046,6.172915031904064,1656.238065664439,0.8320430546898113,0,3.0627708477865005,68.73622837388713,0.2994816853226388,0.06666666666666667
M-06,2026-01-10 06:00:00+00:00,70.1394557380701,3.1466436129906814,5.719805000329855,1611.8332739759146,0.7267532224587322,0,3.1266537801608454,69.08999060884135,0.26128131866714066,0.05
M-06,2026-01-10 07:00:00+00:00,71.55539250730949,3.350532003953658,5.768507700001821,1611.8332739759146,0.9837883737585572,0,3.247979317303013,70.16448683635596,0.09904562186818751,0.075
M-06,2026-01-10 08:00:00+00:00,74.7339124009147,3.6776081597648607,5.558562881193508,1743.5636132401903,0.9766952757621976,0,3.3313046803999726,71.21130244374827,0.19340478273140554,0.1
M-06,2026-01-10 09:00:00+00:00,63.25284264882677,3.5455817032556136,6.106622581275111,1738.7946057360848,0.9790637304510108,0,3.3823229173598097,70.1763682165489,0.20439732871908917,0.05
M-06,2026-01-10 10:00:00+00:00,75.20988966345094,3.245106641641917,5.857927193099929,1614.130618077938,0.8099048491716216,0,3.3921404612722728,71.13127713534722,0.19425636829367773,0.06666666666666667
M-06,2026-01-10 11:00:00+00:00,73.42378819747466,4.009990379568201,5.892770770481126,1604.65210706604,0.6911656825893542,0,3.4959104168624884,71.38588019267445,0.31805164090596405,0.06666666666666667
M-06,2026-01-10 12:00:00+00:00,71.94278624972715,3.1814732557028904,5.948130791127624,1625.7881785388006,0.6654003387914709,0,3.5017153573145237,71.68643527795062,0.3106333772936357,0.09166666666666666
M-06,2026-01-10 13:00:00+00:00,77.8016637380943,4.422491210192325,6.148373599407564,1757.139540552716,0.933515368691118,0,3.6803752250209674,72.72748048308142,0.47242378229304877,0.075
M-06,2026-01-10 14:00:00+00:00,68.70705888358283,3.515506123081961,5.954066893664453,1593.2432253319632,0.5813858848087374,0,3.6533582189071514,71.72300489685945,0.4772244341582416,0.075
M-06,2026-01-10 15:00:00+00:00,73.47542765702494,4.1104026468867145,5.884773673209806,1618.5459472868288,0.8148731067414283,0,3.7474950428456686,73.42676906489247,0.5065213094988325,0.058333333333333334
M-06,2026-01-10 16:00:00+00:00,74.20455145072567,4.204081215914679,5.741729118421202,1711.709761572805,0.8340244127414053,0,3.907324138557795,73.25921269610494,0.4659665167453267,0.11666666666666667
M-06,2026-01-10 17:00:00+00:00,73.18808108098018,4.032995693944701,5.650263766957202,1606.5331686743411,0.7365832460965754,0,3.911158357620545,73.21992817668918,0.46707360212585225,0.1
M-06,2026-01-10 18:00:00+00:00,73.77566958828668,4.298584583768596,5.793583418139756,1620.2438011527356,0.6011330595079513,0,4.097343578964829,73.52540873311577,0.3163725215244566,0.10833333333333334
M-06,2026-01-10 19:00:00+00:00,76.95266515404127,4.937218458427361,6.02212556722824,1738.9044501109684,0.913437503921005,0,4.183131453670669,73.38390896910693,0.45955833933436446,0.075
M-06,2026-01-10 20:00:00+00:00,75.46943182287146,4.355198032733605,5.852009678712642,1635.8898057214235,0.6782884764852258,0,4.323080105279276,74.51097112565503,0.32321476182969394,0.058333333333333334
M-06,2026-01-10 21:00:00+00:00,72.32320384432644,4.44907876648899,6.195556809917133,1699.191548273563,0.6613263880203744,0,4.379526125212988,74.31893382353861,0.3078525470556664,0.1
M-06,2026-01-10 22:00:00+00:00,74.80912973416083,3.588032478486337,5.560118904439187,1706.315345561089,0.9267361892312052,0,4.276851335641599,74.4196968707778,0.4486188929976296,0.075
M-06,2026-01-10 23:00:00+00:00,79.24878461763326,4.698687256821167,5.874608777915702,1704.1660881187424,0.746132880861681,0,4.387799929454342,75.42981412688665,0.45845762800240336,0.125
M-06,2026-01-11 00:00:00+00:00,77.71523619678779,4.208658146594036,6.155667563738548,1669.1086054112752,0.8687662647270251,0,4.3728121899252494,76.08640856163684,0.46340081782649895,0.05
M-06,2026-01-11 01:00:00+00:00,76.39727669526219,3.680063850441245,5.671013252863273,1719.3650160792863,0.9370241207910456,0,4.163286421927563,75.99384381850699,0.4408267530480853,0.08333333333333333
M-06,2026-01-11 02:00:00+00:00,80.3795523346564,4.7499575359905615,5.656352010960241,1724.7975389092512,0.9020036581409694,0,4.229079672470389,76.81219723713782,0.500603945215455,0.06666666666666667
M-06,2026-01-11 03:00:00+00:00,78.66551695770823,3.935087128587114,5.9375023897612,1701.624822235062,0.8992309954199746,0,4.143414399486743,77.86924942270146,0.49940411098511595,0.1
M-06,2026-01-11 04:00:00+00:00,79.76547601048401,5.16738254781648,5.575591918841203,1631.7919298573845,0.6570051846430102,0,4.406639411041767,78.69530713542197,0.5605996041231289,0.09166666666666666
M-06,2026-01-11 05:00:00+00:00,78.1477955526734,4.208957276318611,5.7642940819925865,1656.884217786105,0.7236785567608146,1,4.325017747624675,78.51180895792866,0.5450088599730322,0.1
M-06,2026-01-11 06:00:00+00:00,80.56810003335323,4.732258647825378,5.574121195141311,1644.2472647497384,0.7712607007578398,1,4.412284497829898,78.98728626402291,0.5642315069440036,0.05
M-06,2026-01-11 07:00:00+00:00,81.45277164092768,4.662626689505912,5.538206124088306,1691.271104554565,0.7654270492000455,1,4.5760449710073425,79.82986875496717,0.4375854540911056,0.13333333333333333
M-06,2026-01-11 08:00:00+00:00,80.81686211759194,3.980474920887137,5.477590294223592,1758.45370874328,0.8689412988289789,0,4.447797868490105,79.90275371878975,0.48645232791658755,0.10833333333333334
M-06,2026-01-11 09:00:00+00:00,81.09728436889611,4.843031386356991,5.670683105976396,1643.8578249670925,0.7317808925986138,1,4.5991219114517525,80.30804828732106,0.43338730291538274,0.05
M-06,2026-01-11 10:00:00+00:00,82.60922145235095,4.226984323860274,5.796925896731417,1633.547559980674,0.744293801559148,1,4.442388874125718,80.78200586096555,0.3485104115981164,0.05
M-06,2026-01-11 11:00:00+00:00,77.20898073175513,5.615467050354371,5.829472871175529,1658.2507933727647,0.7844706862258388,1,4.6768071697983435,80.62553672414585,0.5655454018156731,0.06666666666666667
M-06,2026-01-11 12:00:00+00:00,79.10511059624214,4.72882699053863,5.598600981889519,1616.3012117709136,0.7113002254291634,0,4.6762352269172185,80.38170515129399,0.5654798387558604,0.10833333333333334
M-06,2026-01-11 13:00:00+00:00,76.78689008727315,4.15651921571249,6.091142465816357,1640.9361749030684,0.6478266707754319,0,4.591883981284982,79.60405822568491,0.6043287159105692,0.11666666666666667
M-06,2026-01-11 14:00:00+00:00,82.53747515017744,5.303989541879259,5.766983080576543,1688.3994410182584,0.6599654002567241,1,4.812469751450336,79.89082706444916,0.5774756761399824,0.058333333333333334
M-06,2026-01-11 15:00:00+00:00,84.85789010862125,4.416067290173377,5.66358771987539,1628.6477469990434,0.8374214077137003,1,4.741309068753067,80.51759468773668,0.5988670343028182,0.06666666666666667
M-06,2026-01-11 16:00:00+00:00,83.14350597772035,4.689879097431806,5.773341492513064,1717.7093422011844,0.9963240745846578,1,4.818458197681656,80.60664210863159,0.5469207975653684,0.075
M-06,2026-01-11 17:00:00+00:00,79.51591394974884,5.219499868573189,5.883062719033062,1627.8585990195352,0.6141128193878088,1,4.7524636673847915,80.99113097829719,0.44611465710641385,0.11666666666666667
M-06,2026-01-11 18:00:00+00:00,86.27907129902921,4.430650002854908,5.673866610936651,1703.4969673834587,0.8891659426735506,1,4.702767502770839,82.18679109542838,0.4654628934614798,0.06666666666666667
M-06,2026-01-11 19:00:00+00:00,79.5247580947717,5.064509106581189,5.404174373216899,1617.0366244353868,0.6550585859642097,0,4.854099151248954,82.64310243001147,0.394548023889145,0.1
M-06,2026-01-11 20:00:00+00:00,82.39484097874028,5.472088486913917,5.3772538684253455,1589.4168873933709,0.606033197816197,1,4.882115642088064,82.61933006810527,0.4366098094717188,0.125
M-06,2026-01-11 21:00:00+00:00,86.18833833681369,5.434808675271045,5.389048224855627,1742.5717384615432,0.9177951675465964,1,5.051905872937676,82.84107143947068,0.41675815919774795,0.09166666666666666
M-06,2026-01-11 22:00:00+00:00,86.23399439046773,5.746979845018182,5.105062394759591,1761.8902192248074,0.8334515066028807,1,5.228089330868738,83.35615284159525,0.45480932085409115,0.075
M-06,2026-01-11 23:00:00+00:00,85.38573174642328,5.607879886474224,5.503113498589775,1655.872738195551,0.6999050394132978,1,5.292819333852244,84.33445580770764,0.48026760024509857,0.09166666666666666
M-06,2026-01-12 00:00:00+00:00,95.66051892356032,5.867927981485229,5.5731149855795925,1716.318923983643,0.8746146288303668,1,5.532365663623964,85.89803041179617,0.2815685265981173,0.1
M-06,2026-01-12 01:00:00+00:00,86.827086796179,5.179885320650268,5.202656610015367,1648.6643008944764,0.5783415630032857,1,5.551595032635478,87.11508519536405,0.24476037190387825,0.06666666666666667
M-06,2026-01-12 02:00:00+00:00,86.73175821573533,5.893092428430586,5.7647502038783305,1604.2864011004976,0.6530724501783368,1,5.621762356221589,87.83790473486323,0.27578856357705067,0.06666666666666667
M-06,2026-01-12 03:00:00+00:00,89.6307463206153,5.05708844549153,4.461575719205113,1697.6853282339728,0.9282623606570684,1,5.55880898459167,88.41163939883016,0.3578890452752737,0.058333333333333334
M-06,2026-01-12 04:00:00+00:00,90.14113078022466,6.01212565515001,5.434498172563354,1678.7713683352658,0.8393845150341432,1,5.602999952946974,89.06282879712298,0.3996982673536636,0.09166666666666666
M-06,2026-01-12 05:00:00+00:00,85.27732575659304,5.815359404244379,5.426893032732717,1710.2088097809933,0.9397343365417434,0,5.637579872575333,89.04476113215128,0.40907007281948327,0.1
M-06,2026-01-12 06:00:00+00:00,54.690837297032665,1.0268234806963368,6.670868254884409,1615.3271988131423,0.8345591868016458,0,4.830729122443851,82.21648086106333,1.9045554378085667,0.016666666666666666
M-06,2026-01-12 07:00:00+00:00,52.50823394939081,1.658132105004542,6.312665476618265,1755.1048825148987,0.965395730209827,0,4.243770253169564,76.4966720532653,2.280920628931714,0.016666666666666666
M-06,2026-01-12 08:00:00+00:00,48.33151202363683,1.0667667846651845,6.497840785759724,1746.9630208528188,0.8806854705338294,0,3.4393826458753303,70.09663102124888,2.4291498694770173,0.008333333333333333
M-06,2026-01-12 09:00:00+00:00,50.20460855478819,1.0210098990709364,6.151960539899177,1567.2202223027016,0.6934939016994356,0,2.7667028881385645,63.5256080602777,2.4503229089841447,0.016666666666666666
M-06,2026-01-12 10:00:00+00:00,51.677359429609965,1.4089304250705528,6.598453162324192,1616.1580894509873,0.6625497410291588,0,1.9995036831253221,57.11497950184191,1.886776149693144,0.03333333333333333
M-06,2026-01-12 11:00:00+00:00,52.40786210183884,1.0763456661619957,6.686577270227529,1650.575666251015,0.670875678302584,0,1.2096680601115912,51.636735559382885,0.2638352390610807,0.008333333333333333
M-06,2026-01-12 12:00:00+00:00,57.14871413622594,0.9202050361437476,6.153844380697128,1719.5835167282185,0.9365092619222442,0,1.1918983193528265,52.04638169924843,0.28160514439738216,0.03333333333333333
M-06,2026-01-12 13:00:00+00:00,55.03577205547414,1.233305112367973,6.276792397193203,1779.394916934651,0.9186844350636084,0,1.1210938205800651,52.467638050262316,0.1736480371908921,0.03333333333333333
M-06,2026-01-12 14:00:00+00:00,54.42609375461944,1.948869330283848,6.207958544202355,1631.748822560182,0.7586993125827226,0,1.2681109115165088,53.483401672092754,0.3750586411671716,0.025
M-06,2026-01-12 15:00:00+00:00,55.62545945125279,1.760790895842104,6.159197444506611,1593.3849622455723,0.6933734318258986,0,1.3914077443117037,54.38687682150353,0.39844872300217377,0.025
M-06,2026-01-12 16:00:00+00:00,52.82486501771759,0.5429183243443294,6.373438542913227,1684.4221754661012,0.8693431852886162,0,1.2470723941906663,54.57812775285479,0.5269607226347197,0.041666666666666664
M-06,2026-01-12 17:00:00+00:00,54.07449259974558,2.2204441348108057,6.348960536495172,1685.6777341260051,0.7576136360131683,0,1.4377554722988013,54.855899502505906,0.6463099454769796,0.041666666666666664
M-06,2026-01-12 18:00:00+00:00,55.145133802567415,2.0198204563042848,6.500269431222452,1654.9410965656614,0.8772660277025742,0,1.6210247089922243,54.52196944689616,0.6257792328040565,0.058333333333333334
M-06,2026-01-12 19:00:00+00:00,58.02097802120128,0.798698647560877,6.5010585913268,1614.849675419681,0.5740204785243794,0,1.5485902981910413,55.019503774517354,0.7003444072080818,0.016666666666666666
M-06,2026-01-12 20:00:00+00:00,61.868428037579,1.6949297036023685,5.930173988259905,1705.184952065409,0.9930892630636924,0,1.5062670270774616,56.25989282167728,0.6786539332995368,0.05
M-06,2026-01-12 21:00:00+00:00,62.32920552143667,2.1871504860478588,6.244551482488304,1663.568340147871,0.89569027265183,0,1.5773269587784207,57.37718383337458,0.7309416676429338,0.05
M-06,2026-01-12 22:00:00+00:00,56.63126786587434,2.3709644765295743,6.616556444683955,1612.6794805896063,0.6564892756187003,0,1.8820013174759616,58.01158430806738,0.5786672800473586,0.075
M-06,2026-01-12 23:00:00+00:00,62.29926307493528,1.9186274075907757,6.168209549556794,1686.0274276237285,0.8597577826170351,0,1.8316985296059567,59.382379387265665,0.556038633919195,0.06666666666666667
M-06,2026-01-13 00:00:00+00:00,65.33256006322453,2.6380429731472947,6.041588328255687,1638.5427769075588,0.8569379587581392,0,1.9347356157464581,61.08028376404186,0.6476104489053546,0.03333333333333333
M-06,2026-01-13 01:00:00+00:00,59.42469697565921,2.297867963952511,5.944834619974943,1646.503187340739,0.5762730223635272,0,2.184597168478397,61.314236923118166,0.33576682494988846,0.025
M-06,2026-01-13 02:00:00+00:00,57.034004865483205,2.3841166126343345,5.635627112259392,1619.1633299269424,0.5523475983152286,0,2.299461653317058,60.50849972776888,0.2385654991231218,0.041666666666666664
M-06,2026-01-13 03:00:00+00:00,62.30402463746109,1.6421551445111209,5.979282313630157,1604.04748678464,0.6201906702819734,0,2.2086290963942683,60.50430291377295,0.3618016624344908,0.008333333333333333
M-06,2026-01-13 04:00:00+00:00,61.58119773076159,2.11507523354532,6.326967417715473,1706.874741962768,0.9587420378208632,0,2.165980889230226,61.329291224587486,0.3538328833973032,0.08333333333333333
M-06,2026-01-13 05:00:00+00:00,59.014486636247184,1.9700966411909977,6.028847758351466,1660.3428827754717,0.7108328144857854,0,2.174559094830263,60.781828484806134,0.34719848126081565,0.025
M-06,2026-01-13 06:00:00+00:00,60.90709854191631,2.117126971172854,6.489880823991348,1682.4294298391603,0.9383912285040804,0,2.0877397611678563,60.0442515645881,0.2630549334764806,0.041666666666666664
M-06,2026-01-13 07:00:00+00:00,59.16863732314461,0.835900221401854,6.618284196691271,1764.1106901596934,0.9843452340658292,0,1.844078470742747,60.00157495583567,0.5500387104809693,0.016666666666666666
M-06,2026-01-13 08:00:00+00:00,63.64994607013473,2.058733210021145,6.373795958412524,1716.4234312782828,0.8851603934426475,0,1.7898479036405484,61.10423182327759,0.499900520320881,0.03333333333333333
M-06,2026-01-13 09:00:00+00:00,65.7432615283357,2.3684795651282373,5.903961571117768,1651.8400736249826,0.6859239753574676,0,1.9109019737434014,61.67743797175668,0.5430616120352063,0.016666666666666666
M-06,2026-01-13 10:00:00+00:00,63.02743484885318,1.8595534024296403,6.176398780514287,1670.9400777649691,0.8955626425641922,0,1.8683150018907881,61.918477491438615,0.5337879030213694,0.058333333333333334
M-06,2026-01-13 11:00:00+00:00,66.58670668480536,3.092037722615093,5.855006262216448,1713.9123746886394,0.8973545409777305,0,2.055305182128137,63.180514166198314,0.7351181479390699,0.008333333333333333
M-06,2026-01-13 12:00:00+00:00,64.2374937302056,2.274368488608716,6.153700142898606,1700.4506682407089,0.8798956064815103,0,2.0815121017007807,63.735580030913205,0.7405456690834719,0.06666666666666667
M-06,2026-01-13 13:00:00+00:00,63.68326093033525,2.709494616266145,6.233587394045359,1633.0500854977554,0.6956463399730458,0,2.3937778341781626,64.4880172987783,0.44716735036709554,0.03333333333333333
M-06,2026-01-13 14:00:00+00:00,66.45572022514799,1.5910991122345972,5.840296580459146,1618.331165594212,0.5574463360832621,0,2.315838817880405,64.95564632461385,0.5468792343995713,0.08333333333333333
M-06,2026-01-13 15:00:00+00:00,62.1939024097609,2.245347528888495,6.2594948475304095,1661.8738153495651,0.6577704225692216,0,2.2953168118404474,64.36408647151804,0.5468190820095458,0.03333333333333333
M-06,2026-01-13 16:00:00+00:00,61.00016571862408,2.661284599491483,6.431561345248222,1731.309361659726,0.848912595813073,0,2.428938678017422,64.02620828314653,0.5161335866114464,0.05
M-06,2026-01-13 17:00:00+00:00,67.85514066245743,2.468385343315945,6.236701304903199,1726.8854060987396,0.8028706209410486,0,2.324996614800897,64.23761394608853,0.40718579974369284,0.03333333333333333
M-06,2026-01-13 18:00:00+00:00,69.68649571189312,2.9160427341427697,6.053953013229476,1612.9655354730453,0.6246736830094588,0,2.4319423223899057,65.14578094303646,0.4705633601039569,0.058333333333333334
M-06,2026-01-13 19:00:00+00:00,63.72700090374898,2.779278979754757,6.076440163122944,1535.447156836742,0.7247677582092965,0,2.4435730496380077,65.15307093860541,0.47957172856146113,0.058333333333333334
M-06,2026-01-13 20:00:00+00:00,66.15850874587142,2.7246994545344023,6.076440163122944,1632.587898211009,0.647256010440482,0,2.632506440021309,65.10353569205932,0.24003770526509835,0.03333333333333333
M-06,2026-01-13 21:00:00+00:00,67.08719789107488,3.690132203047065,5.866945409196122,1645.7203823153568,0.7395536956965025,0,2.8733038857144035,65.91908493894499,0.4263496857690959,0.041666666666666664
M-06,2026-01-13 22:00:00+00:00,70.20769682752817,2.945190196148298,5.986204440131548,1741.472648881116,0.8770113173341196,0,2.920621485157206,67.45367345709566,0.41367910398572955,0.016666666666666666
M-06,2026-01-13 23:00:00+00:00,68.9694119814808,2.4869487385338536,6.350842851912852,1799.9316784582663,0.9673029343007776,0,2.923715384360191,67.63938534359956,0.4096703785422823,0.041666666666666664
M-06,2026-01-14 00:00:00+00:00,66.44438729576424,3.142299345992924,5.785567247755519,1764.5437339082666,0.8070036454079612,0,2.9614248196685495,67.09903394091141,0.41912698909255053,0.05
M-06,2026-01-14 01:00:00+00:00,71.5982908034859,2.802299095053478,5.738295486951168,1633.4633116768025,0.8883633724296355,0,2.96526150555167,68.41091559086757,0.4172272122510495,0.058333333333333334
M-06,2026-01-14 02:00:00+00:00,70.82964971963928,3.079811788064472,6.123685500737657,1752.4053836896337,0.925764184777981,0,3.0244468944733485,69.18943908649555,0.40115506689488034,0.041666666666666664
M-06,2026-01-14 03:00:00+00:00,65.84193247054786,3.358571318108627,6.250424539450554,1628.837626453932,0.5509123657662802,0,2.9691867469836093,68.98189484974104,0.30159808868504906,0.06666666666666667
M-06,2026-01-14 04:00:00+00:00,72.75366225096856,2.5132473429410807,5.744349913237982,1708.6116462135594,0.9096732334123616,0,2.897196271449072,69.40622242031445,0.355250945049525,0.08333333333333333
M-06,2026-01-14 05:00:00+00:00,68.96538061708544,3.2567459066741686,5.962269554178928,1737.6293943651635,0.8577205595311521,0,3.0254957994724587,69.40555052624855,0.31407784333640676,0.075
M-06,2026-01-14 06:00:00+00:00,69.04285797251757,3.245399624550107,5.959174584470874,1773.5684124806105,0.815462692284654,0,3.042679179231989,69.8386289723741,0.3243971241976427,0.075
M-06,2026-01-14 07:00:00+00:00,66.28528091170031,3.4546619882683065,5.959174584470874,1611.7495307985,0.6623058387736842,0,3.151406328101127,68.95312732374317,0.3368041459373758,0.041666666666666664
M-06,2026-01-14 08:00:00+00:00,72.38624285475674,3.8996758642437657,5.959174584470874,1649.345116954255,0.6438529524671739,0,3.288050340797676,69.21255951292942,0.44943012069157173,0.058333333333333334
M-06,2026-01-14 09:00:00+00:00,69.905674563592,3.412451267005246,5.633635175554367,1661.8661756721008,0.6451404197101829,0,3.2970303322804457,69.88984986177012,0.45165378502619236,0.05
M-06,2026-01-14 10:00:00+00:00,68.10123045182539,3.4743887415531254,6.374613025126751,1799.5325645500857,0.6451404197101829,0,3.4572205653824533,69.11444456191292,0.23796238102555994,0.05
M-06,2026-01-14 11:00:00+00:00,68.87855728633414,4.560232169541578,5.893826730562432,1631.757080488284,0.5546966784869695,0,3.6744682758603546,69.09997400678769,0.48505578602773547,0.025
M-06,2026-01-14 12:00:00+00:00,68.14525050789038,3.294018085411038,6.485236430903541,1757.2855558760311,0.9950545479265848,0,3.6825713526705095,68.95037276268316,0.4767901128479701,0.09166666666666666
M-06,2026-01-14 13:00:00+00:00,70.22880668994586,3.9697056247423887,5.623363088556766,1600.2944194945865,0.9950545479265848,0,3.7684119587495233,69.6076270590574,0.4739062802816317,0.058333333333333334
M-06,2026-01-14 14:00:00+00:00,74.95558049015798,3.952036123798446,6.108866221876564,1712.2278503794448,0.9148470528332564,0,3.777138668675304,70.03584999829096,0.47727696377667395,0.09166666666666666
M-06,2026-01-14 15:00:00+00:00,75.27491592385283,2.8250215551577025,5.691020846437504,1756.1606806222171,0.7860216242767434,0,3.6792337167007134,70.93072355833444,0.6090951190001028,0.06666666666666667
M-06,2026-01-14 16:00:00+00:00,71.821077916946,3.26139810130471,5.803151397640782,1700.7716660013475,0.8660604656094759,0,3.6437352766593105,71.55069813585453,0.6292930354177849,0.041666666666666664
M-06,2026-01-14 17:00:00+00:00,75.43930786376296,3.8084382089183113,6.053761700759582,1687.921378347069,0.9545120961138932,0,3.5184362832220994,72.644156565426,0.4632515724355902,0.05
M-06,2026-01-14 18:00:00+00:00,73.38867890375263,3.2247074135570672,5.33324782980381,1653.8534670213362,0.6359089403770174,0,3.506884504579771,73.51806129806971,0.47077012578271327,0.09166666666666666
M-06,2026-01-14 19:00:00+00:00,72.2920845687747,3.838670286483752,5.701121754177938,1599.8592517739826,0.5786774360770178,0,3.485045281536665,73.86194094454119,0.44746826981891213,0.03333333333333333
M-06,2026-01-14 20:00:00+00:00,74.47719882437944,4.170168775116151,6.009189629909013,1665.260628268381,0.8716365307260334,0,3.5214007234229494,73.78221066691142,0.49890333898328776,0.075
M-06,2026-01-14 21:00:00+00:00,75.75281291613344,4.589975728984348,5.920803700894665,1773.455269509238,0.850590564845038,0,3.8155597523940563,73.86186016562486,0.5257859067736184,0.06666666666666667
M-06,2026-01-14 22:00:00+00:00,75.07592097250435,4.0431351155884325,5.904922520348219,1620.4488878496202,0.729050700724578,0,3.945849254774677,74.40433400821792,0.45279076461876533,0.075
M-06,2026-01-14 23:00:00+00:00,79.16551965382321,3.1613359083939945,5.853648396617955,1629.542016733854,0.8076513122715434,0,3.8379988713539572,75.0253693065613,0.5571151670027167,0.06666666666666667
M-06,2026-01-15 00:00:00+00:00,71.63044464325054,4.484837571102311,5.178736437650903,1718.6082067966145,0.9134511108161136,0,4.048020564278165,74.73233026314428,0.5156560421085631,0.075
M-06,2026-01-15 01:00:00+00:00,70.24244804251043,3.856953465052178,6.073080417031321,1648.2736666091766,0.5942292628731553,1,4.051067760706236,74.39072417543356,0.5142235222105167,0.041666666666666664
M-06,2026-01-15 02:00:00+00:00,75.58608301663578,4.292721693690033,5.708503908104425,1626.4191678588531,0.8444232836687368,1,4.071493247135216,74.5755382074763,0.5222714854729968,0.058333333333333334
M-06,2026-01-15 03:00:00+00:00,73.73465020151606,3.4921788648466245,5.899144280097857,1566.4683615516806,0.553476518702094,0,3.8885271031122617,74.23917775504006,0.4959352645418654,0.08333333333333333
M-06,2026-01-15 04:00:00+00:00,74.92683305382224,4.005068782991522,5.535657737385969,1687.3161540652443,0.7059956786309918,0,3.88218271434611,74.21432976859305,0.4938007191358476,0.06666666666666667
M-06,2026-01-15 05:00:00+00:00,72.2223619905822,5.360823947702567,6.268634142813308,1746.31658014687,0.8451657418264913,0,4.248764054230873,73.05713682471954,0.6449285631627296,0.09166666666666666
M-06,2026-01-15 06:00:00+00:00,77.92257683085624,3.883593129857352,5.515484743208159,1662.747675497549,0.6048517881162918,0,4.148556647356712,74.10582552265383,0.6476162768493099,0.05
M-06,2026-01-15 07:00:00+00:00,80.62454869454312,4.062603485255427,5.260989815639149,1610.2658052328784,0.7142406933611635,0,4.18283165072392,75.83617563132594,0.6344038280481853,0.06666666666666667
M-06,2026-01-15 08:00:00+00:00,80.12531028582454,4.94487623798728,5.682265850695358,1697.255156286789,0.8958657537947825,0,4.291524074773462,76.59271350952407,0.708532703320131,0.10833333333333334
M-06,2026-01-15 09:00:00+00:00,79.91126489793146,4.5639768917891415,5.614656722746398,1703.8807918075966,0.9844470199385116,1,4.470157079263882,77.62214929225998,0.5922688966133257,0.08333333333333333
M-06,2026-01-15 10:00:00+00:00,79.96022632816415,3.796493969556262,5.90843283932587,1610.1972591953795,0.7211493735033785,0,4.4353946103580055,78.46104817131696,0.6299486512506635,0.14166666666666666
M-06,2026-01-15 11:00:00+00:00,82.44767824935698,4.599422734752055,5.663601012093367,1706.7835981655269,0.8812789667681489,1,4.308494408199587,80.16526754777942,0.46000876413168235,0.10833333333333334
M-06,2026-01-15 12:00:00+00:00,83.67148912067167,4.184788407343906,6.082416087483958,1672.316651227134,0.820313451045557,1,4.3586936211140115,81.12341959608199,0.41897079321529473,0.08333333333333333
M-06,2026-01-15 13:00:00+00:00,81.16103712266687,3.887215926715573,5.565979059519242,1540.560245021799,0.6188056974840309,1,4.329462361357369,81.21283433410261,0.44881570300469986,0.041666666666666664
M-06,2026-01-15 14:00:00+00:00,81.94362045585548,4.354871401183016,5.5403621628957325,1704.4461482963295,0.7394573669701655,0,4.231128221889993,81.51588602910776,0.33795604393633083,0.06666666666666667
M-06,2026-01-15 15:00:00+00:00,83.61814209205316,4.354871401183016,5.229173804418129,1578.0696102273882,0.5878873406185539,0,4.196277306788971,82.13369889479472,0.30604184610380136,0.1
M-06,2026-01-15 16:00:00+00:00,78.67107810941404,4.870271437660777,6.300737117235943,1716.8306589756287,0.7459166535913335,1,4.375240218139724,81.91884085833637,0.33781151185802516,0.075
M-06,2026-01-15 17:00:00+00:00,86.82318371450089,4.38996735254166,5.8993550894811,1796.116042961708,0.8581735722885844,0,4.340330987771325,82.64809176919368,0.32038422222780916,0.10833333333333334
M-06,2026-01-15 18:00:00+00:00,86.98716774739535,4.632746285684678,5.715859533379776,1692.3024278999014,0.930793359052578,1,4.4149906341614535,83.20070487364762,0.32896780529277875,0.09166666666666666
M-06,2026-01-15 19:00:00+00:00,85.18299759731121,5.452646946896,5.508414638035852,1641.4172251762277,0.7618630575693918,0,4.675895804191525,83.87103161942169,0.43147526456183083,0.075
M-06,2026-01-15 20:00:00+00:00,82.90023494611789,4.595296286008534,5.407274437312473,1627.5205695026375,0.5953684802417003,1,4.7159666183291105,84.03046736779875,0.40611823740728015,0.08333333333333333
M-06,2026-01-15 21:00:00+00:00,79.49550235970611,5.586712882870865,5.495934538014235,1759.9894679286542,0.5953684802417003,1,4.921273531943752,83.34336074574091,0.4898089101831065,0.10833333333333334
M-06,2026-01-15 22:00:00+00:00,81.676129812796,5.205168741877272,6.470014915605396,1588.1014442324556,0.5723295969206255,1,4.977089749313168,83.84420269630458,0.5017701502375737,0.10833333333333334
M-06,2026-01-15 23:00:00+00:00,88.35205596837278,4.2759750870809325,6.077157185016208,1685.3400259223024,0.7811546723019329,0,4.9580910384030465,84.09901473861656,0.5298206815623581,0.075
M-06,2026-01-16 00:00:00+00:00,54.95026560914188,0.971287999664328,5.716613588310061,1684.7058848017236,0.6308395127903809,0,4.347847990732989,78.75953104890765,1.7296195865711632,0.03333333333333333
M-06,2026-01-16 01:00:00+00:00,53.2726472129816,0.971287999664328,6.185717678016979,1632.9587342993116,0.6011598228780588,0,3.6009548328610435,73.44113931818605,2.0876493898805943,0.025
M-06,2026-01-16 02:00:00+00:00,60.06773284782279,2.1270959610070554,6.124021538642618,1704.5748446022146,0.8739895483685892,0,3.1895881120274634,69.63572230180353,2.0956912678151363,0.016666666666666666
M-06,2026-01-16 03:00:00+00:00,62.51380077717826,1.5392097483163818,6.2004986511893,1639.879871872285,0.7029025729686899,0,2.5150042562683828,66.80543870471556,1.8003761137991647,0.016666666666666666
M-06,2026-01-16 04:00:00+00:00,59.32283083091599,1.9878805105475608,6.270491928420007,1733.639978879277,0.959527725530594,0,1.9787895510467646,63.07988887440221,1.2265796328644003,0.008333333333333333
M-06,2026-01-16 05:00:00+00:00,59.26977748504575,2.0229576895492807,6.339067727142787,1718.0910227683034,0.8694498606299519,0,1.6032866514581556,58.23284246051438,0.5294077541340463,0.058333333333333334
M-06,2026-01-16 06:00:00+00:00,58.5924313275974,1.072797654536249,6.511988662243062,1594.334062954495,0.5850256894122524,0,1.6202049272701426,58.839870080256965,0.5062888034182798,0.05
M-06,2026-01-16 07:00:00+00:00,63.799669455420286,0.815484108337744,6.606251876912053,1609.8305923736532,0.5569999215526042,0,1.5942376120490456,60.59437378733008,0.5484666573392907,0.016666666666666666
M-06,2026-01-16 08:00:00+00:00,60.56105157472973,0.9154178425669874,6.1190537881420495,1669.0316707503966,0.715210440709537,0,1.3922912589757006,60.6765935751479,0.5359557170760156,0.075
M-06,2026-01-16 09:00:00+00:00,52.73029255371299,2.6944738851686987,6.3369676182772245,1630.2460198664148,0.8811011637138759,0,1.58483528178442,59.04600887123703,0.7599865786268735,0.03333333333333333
M-06,2026-01-16 10:00:00+00:00,58.04776541262749,1.7197837508564675,6.049154969828072,1592.883937568365,0.5836323441800678,0,1.540152488502571,58.83349796818894,0.7391460368896322,0.05
M-06,2026-01-16 11:00:00+00:00,52.92254273921582,2.242617084908458,6.316500666809889,1613.2499010240074,0.5923712934241319,0,1.5767623877291008,57.77562551055062,0.7725280911353221,0.05
M-06,2026-01-16 12:00:00+00:00,64.07308896351628,2.0336249616787536,6.159546376448547,1639.640214636941,0.6075023031048893,0,1.7369002722528517,58.68906844987043,0.7463077602144097,0.09166666666666666
M-06,2026-01-16 13:00:00+00:00,57.41721310575471,2.392218723058379,5.885335995112936,1542.1772548913905,0.6007204775993853,0,1.999689374706291,57.62532572492618,0.6246538586151033,0.05
M-06,2026-01-16 14:00:00+00:00,67.1947794731216,2.0152888406700464,6.122086801028256,1688.4483294268755,0.8085835786500142,0,2.1830012077234673,58.73094704132482,0.33880420144964013,0.05
M-06,2026-01-16 15:00:00+00:00,64.23740798599195,1.859311546003931,5.948515410386782,1685.269772630597,0.8353152812045566,0,2.0438074845293395,60.64879961337132,0.2453009484167895,0.058333333333333334
M-06,2026-01-16 16:00:00+00:00,63.6320856158038,1.878174875040812,5.957137809688516,1735.204760214891,0.8788652202089097,0,2.07020600522673,61.57951964723403,0.20934386374742014,0.008333333333333333
M-06,2026-01-16 17:00:00+00:00,64.74320099103623,2.931154699858223,6.319583891188539,1739.3073963329807,0.9707717316266692,0,2.184962274385024,63.54962935587076,0.4127026370081418,0.08333333333333333
M-06,2026-01-16 18:00:00+00:00,61.49180446553367,2.293305416694413,6.148866459055789,1573.5932658780073,0.6409378533588859,0,2.228242350220967,63.11941527287366,0.407237915093745,0.016666666666666666
M-06,2026-01-16 19:00:00+00:00,63.6795086348701,2.24346136690357,5.926566015820747,1681.1967531297046,0.7898729532334821,0,2.203449457528499,64.1631311943929,0.39971710994177095,0.03333333333333333
M-06,2026-01-16 20:00:00+00:00,62.45637112876392,2.2826716145938355,6.599114783062733,1693.5794501147318,0.90853890399822,0,2.248013253182464,63.37339647033328,0.389313493482056,0.075
M-06,2026-01-16 21:00:00+00:00,63.646504448856696,2.8036910527410304,6.058824262315029,1720.1822625865402,0.8598188405233361,0,2.4054098376386475,63.27491254747741,0.39163035428933185,0.041666666666666664
M-06,2026-01-16 22:00:00+00:00,68.28589638710534,1.7198754981557656,5.745020175341971,1616.0126426779889,0.699688471370927,0,2.3790266081578064,64.05054767602766,0.4369612907436067,0.058333333333333334
M-06,2026-01-16 23:00:00+00:00,63.05076464666319,3.2209551235535923,6.04146399086566,1608.858793362626,0.6180405390576168,0,2.427326678773701,63.76847495196549,0.5185897535633351,0.041666666666666664
M-06,2026-01-17 00:00:00+00:00,67.3120922840975,3.3678376567699218,5.752297896051662,1649.3662773113929,0.5504694926818869,0,2.606415385452953,64.73852292172613,0.6354273010166024,0.075
M-06,2026-01-17 01:00:00+00:00,66.71564795491982,3.1013332527855195,6.032501290751418,1603.3780250667824,0.6157085459511994,0,2.7493940330999442,65.2445461417344,0.6339384809446935,0.041666666666666664
M-06,2026-01-17 02:00:00+00:00,66.40476277216143,3.639507177929095,5.710268619974998,1653.5796381902032,0.7703782046793975,0,2.9755332936558205,65.902611415634,0.6748374310580655,0.05
M-06,2026-01-17 03:00:00+00:00,68.55469835285957,2.349205085474612,6.1113781494283845,1595.8488345738365,0.5880887678812776,0,2.899785632444751,66.7206437329678,0.7218530059939384,0.06666666666666667
M-06,2026-01-17 04:00:00+00:00,68.16978292157688,3.138909519197483,6.0315208994193465,1722.2003848091465,0.8506710272455735,0,3.1362913026183707,66.70129148871307,0.4323751906353301,0.05
M-06,2026-01-17 05:00:00+00:00,63.32738528342211,3.1346318712474863,5.805457619957787,1639.6324589070896,0.680381422391576,0,3.1219040939006866,66.74739492817288,0.43042638577896103,0.041666666666666664
M-06,2026-01-17 06:00:00+00:00,68.63331885694114,2.427792309364536,5.935017786891397,1666.3307456808514,0.9051843055400176,0,2.965229869333122,66.96759935698016,0.48997170205982266,0.058333333333333334
M-06,2026-01-17 07:00:00+00:00,70.32615924643389,3.687338923970489,5.995764472307692,1671.7223965364112,0.6869842058474502,0,3.0628974811972838,67.56935123889917,0.5737673614725044,0.058333333333333334
M-06,2026-01-17 08:00:00+00:00,72.1752566655099,3.144473216510521,5.743186666161864,1629.5228532706717,0.6259333419876105,0,2.9803918209608544,68.5311002211239,0.5058414138553781,0.075
M-06,2026-01-17 09:00:00+00:00,64.75416494273017,3.952121335951962,6.046577736682043,1658.5965156601596,0.5906677628853115,0,3.247544529373746,67.89767798610235,0.528586003869394,0.058333333333333334
M-06,2026-01-17 10:00:00+00:00,65.05142448869813,3.700669841324381,6.069642024125412,1674.772236656933,0.8258180554789942,0,3.341171249728229,67.37795158062255,0.5546063511611506,0.05
M-06,2026-01-17 11:00:00+00:00,68.4897664402007,3.2471538074648776,5.805388845241131,1597.9824475938567,0.6064100852570121,0,3.3599249057644616,68.23834844008566,0.5480896989799405,0.09166666666666666
M-06,2026-01-17 12:00:00+00:00,70.69717740174559,3.798171563188378,5.925178662016807,1597.9824475938567,0.7585284798653382,0,3.5883214480684344,68.58232486421973,0.32006582538382194,0.058333333333333334
M-06,2026-01-17 13:00:00+00:00,69.37270608394664,3.416304590274688,6.019992176120907,1649.8816882518524,0.7609226543660537,0,3.5431490591191346,68.42341600380519,0.32241362669218276,0.041666666666666664
M-06,2026-01-17 14:00:00+00:00,77.8758066005643,3.3537872242331765,6.192013292625923,1581.5159408630427,0.6055572020727719,0,3.5780347270729105,69.37350765964759,0.2790577543965536,0.10833333333333334
M-06,2026-01-17 15:00:00+00:00,72.42616628159375,2.7083870894744244,6.192527777584671,1736.779537289804,0.8289052666059635,0,3.3707456859933207,70.65217454945818,0.3867557096597392,0.03333333333333333
M-06,2026-01-17 16:00:00+00:00,68.83763686112576,3.875956160314625,5.829702370356653,1742.633498330683,0.8453274647352318,0,3.399960072491695,71.28320994486279,0.42170290195687077,0.05
M-06,2026-01-17 17:00:00+00:00,77.78722666937746,3.5265753704643426,5.881266273135561,1691.7906504465047,0.9448057478228626,0,3.4465303329916055,72.83278664972558,0.41685384289108196,0.05
M-06,2026-01-17 18:00:00+00:00,74.46241222288572,3.2262385564971843,6.2885989893026055,1634.8450105527354,0.632085426589128,0,3.3512081652097403,73.46032578658227,0.384498283392337,0.075
M-06,2026-01-17 19:00:00+00:00,75.67358515241553,2.8658080405820385,6.1437839912674415,1625.902044371859,0.8708679575123222,0,3.2594587402609654,74.51047229799376,0.4289668155510466,0.075
M-06,2026-01-17 20:00:00+00:00,76.80489277568208,3.90666657854893,6.11386074552055,1671.335705161473,0.7736300666203344,0,3.3516052993135914,74.33198666051338,0.505785890906713,0.09166666666666666
M-06,2026-01-17 21:00:00+00:00,79.317081966709,4.17569765052646,5.509672016080603,1592.0889179982842,0.6052234572565227,0,3.5961570594889305,75.4804726080326,0.4869624204456073,0.041666666666666664
M-06,2026-01-17 22:00:00+00:00,73.11147884335385,4.965856292350005,5.872318678224291,1685.4556697011103,0.7735308874598027,0,3.7778070814948266,76.19277960507061,0.7463873074135347,0.08333333333333333
M-06,2026-01-17 23:00:00+00:00,73.17658499784777,3.646391047114157,5.744294105950107,1671.2787604695188,0.636804421605527,0,3.7977763609364623,75.42433932648233,0.7398959699953312,0.075
M-06,2026-01-18 00:00:00+00:00,72.75765221994483,4.647709943233462,5.758223749298663,1621.6919025014504,0.5773641798076993,0,4.034688258725843,75.14021265932551,0.7478232920422617,0.10833333333333334
M-06,2026-01-18 01:00:00+00:00,81.54740859723245,3.699357970725471,5.713269734481702,1798.421507519657,0.9844152331470212,0,4.173613247083082,76.11918323346167,0.5341465911052498,0.06666666666666667
M-06,2026-01-18 02:00:00+00:00,80.54805270913815,4.5898029152058735,6.147582958122843,1802.7583885066144,0.9949963921632632,0,4.287469303192572,76.743043222371,0.538653322811739,0.1
M-06,2026-01-18 03:00:00+00:00,77.92964840672958,4.270832051975948,5.764014752626809,1703.8907511469404,0.9694814815457622,0,4.303325036767486,76.51180429570776,0.5360993342554677,0.058333333333333334
M-06,2026-01-18 04:00:00+00:00,78.14619321193757,3.541573863864301,5.791931205557526,1638.1917138836604,0.6655977367033062,0,4.065944632019868,77.3509233571384,0.49804275446843527,0.025
M-06,2026-01-18 05:00:00+00:00,80.21578884052239,5.312662742139102,5.628080556170945,1677.7921980674046,0.7657586780331732,1,4.343656581190693,78.52412399758417,0.656623210313349,0.08333333333333333
M-06,2026-01-18 06:00:00+00:00,74.9924282630554,3.838308006691237,5.747442184317922,1625.8443948505485,0.8028590913842155,0,4.208756258433655,78.89658667143593,0.6647571517344412,0.075
M-06,2026-01-18 07:00:00+00:00,77.32964005479803,4.919089955423769,5.468507531650329,1667.804458796846,0.6781756815064258,0,4.412044922550038,78.19362524769686,0.6643252236248032,0.09166666666666666
M-06,2026-01-18 08:00:00+00:00,80.8783801442494,4.346088621224972,5.502991968748703,1663.3452746486769,0.7894428008631806,0,4.371425873553221,78.2486798202154,0.658709784442851,0.06666666666666667
M-06,2026-01-18 09:00:00+00:00,70.77377263083135,4.910314771301578,5.871674295986311,1745.7339703131963,0.8276678643357849,1,4.478006326774159,77.0560338575657,0.6901621070050109,0.16666666666666666
M-06,2026-01-18 10:00:00+00:00,78.10317436019673,5.532543036438304,5.410544092436815,1600.7296606619968,0.7637836794613391,1,4.80983452220316,77.04886404894222,0.6254759590065576,0.14166666666666666
M-06,2026-01-18 11:00:00+00:00,74.7563587457687,4.001490987799833,5.835540732040203,1634.180749961804,0.7560843408867923,1,4.591305896479949,76.13895903314994,0.6434524637858977,0.058333333333333334
M-06,2026-01-18 12:00:00+00:00,87.47093736536245,4.747042859828538,5.646176672441705,1700.503770999885,0.7683366849904854,1,4.742761705336165,78.21871055020111,0.5272135000680017,0.05
M-06,2026-01-18 13:00:00+00:00,74.4449672451767,4.718048021658398,5.8902361930210425,1726.5708827722317,0.9314596696048512,0,4.70925471637527,77.73793174859755,0.5201063694661654,0.15
M-06,2026-01-18 14:00:00+00:00,87.15589358665683,4.901750834684468,5.725382470874171,1711.4278810541848,0.8934738983966808,1,4.801865085285186,78.78418398899879,0.49117374484310383,0.1
M-06,2026-01-18 15:00:00+00:00,86.21144754222375,4.698256910590461,5.535548115130663,1657.4385285384187,0.78970044739351,0,4.7665221085,81.35712980756419,0.4894357570783482,0.15
M-06,2026-01-18 16:00:00+00:00,83.60528514822168,4.604049082403169,5.89511458400108,1611.3347242339105,0.6406546335743936,1,4.611773116160811,82.27414827223502,0.31421735150175967,0.075
M-06,2026-01-18 17:00:00+00:00,82.39875312327347,5.344196862851368,5.850571030039695,1564.7666446282424,0.5653728227101374,1,4.8355574286694,83.54788066848582,0.26727756258006213,0.11666666666666667
M-06,2026-01-18 18:00:00+00:00,88.0730230841131,5.043985236239212,5.460101268270401,1671.0477673742637,0.6061885776834989,1,4.885047824737846,83.6482282882776,0.27499018293273814,0.14166666666666666
M-06,2026-01-18 19:00:00+00:00,81.74070492327552,5.188532217879193,5.370147077486128,1601.10975377698,0.6120653943054492,1,4.963461857441312,84.86418456796072,0.2847522723525787,0.05
M-06,2026-01-18 20:00:00+00:00,84.97761531912037,5.490734051265308,5.394631268949975,1669.245328517108,0.7901174658464769,1,5.061625726871452,84.50113819003798,0.35265000426232285,0.05
M-06,2026-01-18 21:00:00+00:00,80.11851153265546,5.303560519384671,5.384576988778752,1680.3978071802612,0.7102064957965327,1,5.162509661670487,83.48564885510994,0.3121667070367495,0.11666666666666667
M-06,2026-01-18 22:00:00+00:00,81.94402491974772,5.347372072043363,5.573303889448676,1627.0111563977298,0.5546382121767467,0,5.2863968266105195,83.20877215036428,0.15326315882354485,0.11666666666666667
M-06,2026-01-18 23:00:00+00:00,81.65155991919497,4.740190331030273,5.379306408175496,1595.836969958959,0.6160439984883651,1,5.185729071307004,83.08423994968452,0.2651960365994813,0.15
M-06,2026-01-19 00:00:00+00:00,82.68557831058004,4.859995836087395,5.38150527279125,1576.4965987064195,0.5606792776898786,1,5.1550641712817,82.18633248742901,0.2939433613218374,0.09166666666666666
M-06,2026-01-19 01:00:00+00:00,91.11857507974928,4.810656668187035,5.831836509337019,1729.0314415387352,0.8707661591549276,1,5.092084912999675,83.7493108468413,0.324256563396401,0.05
M-06,2026-01-19 02:00:00+00:00,85.35787419349663,5.576156458803009,5.571870397891502,1627.0401433344632,0.6437509530900256,1,5.106321980922624,83.81268732590401,0.34638116459370694,0.11666666666666667
M-06,2026-01-19 03:00:00+00:00,89.31594336511412,5.161138881665141,5.367843451849606,1677.2538070998949,0.8595896212143941,1,5.0825850413027025,85.34559263131378,0.33484944487447293,0.08333333333333333
M-06,2026-01-19 04:00:00+00:00,85.969046952016,5.796301626966641,5.585822718697695,1641.2556184851514,0.7334439304204519,1,5.157406633789916,86.01642963669184,0.43961581465027344,0.10833333333333334
M-06,2026-01-19 05:00:00+00:00,88.99762594255888,5.504224548264239,5.535284257469368,1669.785400803794,0.9237691952667546,1,5.284745669995577,87.24077397391916,0.4037900850972694,0.15833333333333333
M-06,2026-01-19 06:00:00+00:00,82.43501890450088,5.252015944791372,5.404174524906879,1715.4388575698176,0.610888414624864,1,5.350082354779573,87.19901407290597,0.34936447539778287,0.075
M-06,2026-01-19 07:00:00+00:00,85.54581641921469,5.785054417500144,5.055530522852387,1627.6396900509708,0.6834605830244602,1,5.512481979665091,86.27022096281688,0.26467205306328345,0.10833333333333334
M-06,2026-01-19 08:00:00+00:00,90.42007133009834,5.8797127478139295,5.336278071005773,1656.6226172793008,0.8166879557916411,1,5.563074694500244,87.11392048558382,0.3051893639624503,0.11666666666666667
M-06,2026-01-19 09:00:00+00:00,87.8108373426649,5.965084459154187,5.339247263113232,1689.828176450358,0.6678678896975822,1,5.697065624081752,86.86306948184227,0.26759700198471487,0.1
M-06,2026-01-19 10:00:00+00:00,87.29573762795044,5.5355473082988285,5.544084874932244,1613.4824589240875,0.5607784002233454,1,5.65360657097045,87.08418459449803,0.2694249519390628,0.10833333333333334
M-06,2026-01-19 11:00:00+00:00,91.7739750142011,5.848475059867409,5.313488102561362,1702.7810842239346,0.8537848598056117,1,5.710981656237645,87.54690943977171,0.26790160896773757,0.08333333333333333
M-06,2026-01-19 12:00:00+00:00,91.4677319779525,5.629032115145245,5.259223679386286,1745.679841550499,0.8830852879840494,1,5.773817684629957,89.05236161868032,0.16200763232309226,0.11666666666666667
M-06,2026-01-19 13:00:00+00:00,94.07191574197414,5.547980631852157,5.726480471167885,1707.5993973582,0.9505173710204348,1,5.734305387021959,90.47337817247357,0.18587153893098193,0.11666666666666667
M-06,2026-01-19 14:00:00+00:00,92.12555295211058,5.995482518518341,5.490159895056384,1614.2521962459189,0.6350600997807587,1,5.753600348806028,90.75762510947561,0.2086037224334978,0.13333333333333333
M-06,2026-01-19 15:00:00+00:00,95.7770277959591,5.514613160257663,5.795038013211355,1726.0104011963838,0.8713445700138578,1,5.678521798989941,92.08532351835798,0.1980637173089173,0.1
M-06,2026-01-19 16:00:00+00:00,97.98459682158462,6.534403561571672,5.682617307317581,1656.0273368933094,0.7566128488754251,1,5.844997841202081,93.86680005063033,0.38521485727294097,0.125
M-06,2026-01-19 17:00:00+00:00,93.20811279109223,6.194775963283608,5.66839074110808,1774.3447753058956,0.9095973465424456,0,5.902714658438114,94.10582301344552,0.41092522166573137,0.11666666666666667
M-06,2026-01-19 18:00:00+00:00,58.24681774039644,2.093150466697668,6.450520990109821,1679.3922704414615,0.6190005335852621,0,5.3134010503635185,88.56900397385284,1.6247111566996462,0.03333333333333333
M-06,2026-01-19 19:00:00+00:00,51.54209354991457,0.794179056045699,6.343351452225347,1692.030062389157,0.8809961719605957,0,4.521100787729108,81.48070027517626,2.4413247768526283,0.016666666666666666
M-06,2026-01-19 20:00:00+00:00,57.51199682305257,1.1942545631740915,6.153069978539529,1643.9054510701392,0.7449737831835234,0,3.7208961285050672,75.71177425366659,2.640169413664978,0.03333333333333333
M-06,2026-01-19 21:00:00+00:00,57.18446376544828,2.196946187255814,7.031201192675606,1730.416351794069,0.8800079778493803,0,3.167951633004759,69.27968024858144,2.5346790568855084,0.016666666666666666
M-06,2026-01-19 22:00:00+00:00,56.55908990722536,1.577693827401097,6.53310287414859,1629.0441451158897,0.6935965292885586,0,2.34183334397633,62.37542909618824,1.9608203560345825,0.008333333333333333
M-06,2026-01-19 23:00:00+00:00,62.2911127999432,2.3071937065289467,6.615818809190782,1703.824868294025,0.7953591252348065,0,1.6939029678505528,57.22259576433007,0.6101201170535189,0.008333333333333333
M-06,2026-01-20 00:00:00+00:00,55.11785952985388,1.572985397135126,6.73143542994356,1714.2489709915958,0.8440560303823649,0,1.607208789590129,56.70110272923964,0.5781626062750054,0.05
M-06,2026-01-20 01:00:00+00:00,55.536467664560845,0.743510651911,5.961177426492689,1617.0493333105817,0.5584171173495684,0,1.5987640555676792,57.36683174834735,0.59260260557651,0.03333333333333333
M-06,2026-01-20 02:00:00+00:00,53.39307919150393,1.4222506434740891,6.269806203536068,1677.848723310173,0.7014674315137265,0,1.6367634022843454,56.68034547642259,0.5682877077304046,0.041666666666666664
M-06,2026-01-20 03:00:00+00:00,59.85410571339924,1.157065320647392,6.274401001604308,1677.848723310173,0.906561438376005,0,1.463449924516275,57.12528580108108,0.5197758596315876,0.03333333333333333
M-06,2026-01-20 04:00:00+00:00,61.39883320945167,1.9771820855480888,6.183856597080658,1668.2678069341976,0.8199124273693117,0,1.530031300874107,57.93190968478546,0.5612673707146398,0.05
M-06,2026-01-20 05:00:00+00:00,62.4129081669747,2.608731413376852,5.964226726126903,1692.7635321483028,0.8199124273693117,0,1.5802875853487581,57.95220891262404,0.6510858115977745,0.075
M-06,2026-01-20 06:00:00+00:00,60.52776062069236,1.7388102153736698,5.746506842404628,1748.6843450109875,0.824354509005048,0,1.6079250550551818,58.853859094430454,0.6542257705419944,0.025
M-06,2026-01-20 07:00:00+00:00,59.98671616677378,1.9790659474273424,6.322365158693136,1652.0532856075413,0.7541377245235705,0,1.813850937641239,59.59556717813262,0.5052043707492955,0.041666666666666664
M-06,2026-01-20 08:00:00+00:00,56.53708048183929,1.7712200465174883,6.413178616337086,1662.0094172801546,0.8037368479127109,0,1.872012504815139,60.119567393188504,0.469963248824932,0.03333333333333333
M-06,2026-01-20 09:00:00+00:00,59.37181956698267,1.8901833320579469,5.882927171718715,1691.0649870986545,0.7856945535370534,0,1.9941988400502313,60.03918636878575,0.3174684160462697,0.041666666666666664
M-06,2026-01-20 10:00:00+00:00,62.667608515166016,1.9607733374377128,6.046118924401732,1622.6311433540704,0.5950192907166388,0,1.991464048698502,60.25064891973815,0.31771490230183574,0.041666666666666664
M-06,2026-01-20 11:00:00+00:00,65.2098520515275,1.6732379851017112,6.093531469707807,1781.8219791010497,0.9944381576791635,0,1.8355484773193116,60.716806233830276,0.12578126361876876,0.03333333333333333
M-06,2026-01-20 12:00:00+00:00,64.58573394465736,2.1356485603979465,5.7330421173722526,1635.8015761855445,0.699597428257549,0,1.9016882014900247,61.39313512115777,0.1634378299213177,0.025
M-06,2026-01-20 13:00:00+00:00,59.14167649175924,1.8920991768569504,5.937331404941078,1575.9136333682168,0.5569772542692082,0,1.8871937397282925,61.25229517532202,0.15899919405043947,0.016666666666666666
M-06,2026-01-20 14:00:00+00:00,63.622985134013575,2.326286908143124,6.063365380788769,1691.7097068951605,0.9023823072709316,0,1.9797048833325652,62.433279284017736,0.22556895239782132,0.016666666666666666
M-06,2026-01-20 15:00:00+00:00,60.3356804147725,2.189762680657222,6.30845628486349,1616.8450703206652,0.6196502373042789,0,2.029634774765778,62.59392275864936,0.23475901139352878,0.041666666666666664
M-06,2026-01-20 16:00:00+00:00,62.52927244548026,2.6840238238235807,6.045095372613,1659.8200600169894,0.7757765356074446,0,2.1501765224967557,62.57086674703507,0.34981715779875655,0.025
M-06,2026-01-20 17:00:00+00:00,58.72067592663849,2.069098774029196,6.080092504537028,1659.444133949817,0.792980229827565,0,2.216153320651337,61.48933739288691,0.2701280529407002,0.058333333333333334
M-06,2026-01-20 18:00:00+00:00,58.57808369838536,2.654675278577154,6.282966858647247,1692.114097215114,0.7473381177327932,0,2.302657773681205,60.48806235184157,0.31804659838562416,0.03333333333333333
M-06,2026-01-20 19:00:00+00:00,66.16704398004158,3.008871345649785,5.910284074886748,1750.565524763696,0.849452305355503,0,2.48878646848001,61.65895693322196,0.35442463101895916,0.03333333333333333
M-06,2026-01-20 20:00:00+00:00,70.31587046564955,2.769693043907556,6.190670544759255,1734.2703849549143,0.9730518690212449,0,2.5626874911074156,62.77443782182795,0.3599495313238025,0.058333333333333334
M-06,2026-01-20 21:00:00+00:00,65.75533994255075,1.994467897071316,6.054731115845572,1637.392962713613,0.5914641716123188,0,2.5301383605097647,63.67771440979101,0.4062664748369921,0.08333333333333333
M-06,2026-01-20 22:00:00+00:00,62.19648439877455,2.298813101365249,5.978838103040379,1767.047400727232,0.9088256657856466,0,2.465936573433376,63.622249735340056,0.40751973346048753,0.058333333333333334
M-06,2026-01-20 23:00:00+00:00,64.24563592162497,3.059290904136652,5.821070302071586,1661.1230637206916,0.7654472355479153,0,2.630968595117952,64.54307640117112,0.4150993566458851,0.06666666666666667
M-06,2026-01-21 00:00:00+00:00,63.81300337907263,2.1939665734767697,5.635384260534561,1625.8148763526774,0.6537286418408987,0,2.5541838109345547,65.415563014619,0.45090369726238266,0.06666666666666667
M-06,2026-01-21 01:00:00+00:00,65.2223634091746,3.4641301673720357,5.935756878476281,1646.5343539508071,0.6017356726603974,0,2.6300602812215965,65.25811625280784,0.5662665284004609,0.058333333333333334
M-06,2026-01-21 02:00:00+00:00,66.08403376403119,2.470028255727001,5.71424972798739,1740.9952735832346,0.9329069923701584,0,2.5801161498581706,64.55281013587145,0.5647008675672904,0.016666666666666666
M-06,2026-01-21 03:00:00+00:00,69.85127641253935,2.277788513070462,6.1552122098154936,1646.7084271568497,0.8254017041030504,0,2.6273362525246946,65.23546621420289,0.5156500837883339,0.075
M-06,2026-01-21 04:00:00+00:00,71.21999022182372,2.277788513070462,5.706809054580142,1687.019679458847,0.9328143472916584,0,2.6238321544755636,66.73938385137774,0.5183931970320567,0.08333333333333333
M-06,2026-01-21 05:00:00+00:00,71.00391357362486,3.0570716618776665,6.240617013807267,1690.036151917712,0.790742279777868,0,2.623462280765733,67.86576346004439,0.5180210151960699,0.03333333333333333
M-06,2026-01-21 06:00:00+00:00,73.33674809104694,3.6916785265553447,6.19815271168033,1707.9581318208227,0.7843314558561515,0,2.873080939612162,69.45305424537345,0.6204017080968298,0.09166666666666666
M-06,2026-01-21 07:00:00+00:00,68.79415952005024,3.9547995706928463,5.865771904409523,1654.5342804642391,0.7032107987903372,0,2.9548591734989635,70.04835359718605,0.7355462360739787,0.06666666666666667
M-06,2026-01-21 08:00:00+00:00,74.6833649285713,3.5161527736965623,5.919105041408402,1659.1946097463815,0.7327235691316014,0,3.129213259827224,71.48157545794272,0.7214893941413144,0.03333333333333333
M-06,2026-01-21 09:00:00+00:00,65.75749883899928,3.163193983933408,6.130863843351988,1694.0284211310072,0.7947510999226584,0,3.2767808383043815,70.79927919568605,0.5913219390834925,0.05
M-06,2026-01-21 10:00:00+00:00,61.668757580150405,4.240029245525211,5.737380841718204,1605.99222275746,0.5723388808841774,0,3.603820960380173,69.20740708874051,0.4552886024623137,0.09166666666666666
M-06,2026-01-21 11:00:00+00:00,69.88816882553611,3.417062086859985,5.612089156068344,1712.740919364452,0.6348472087129985,0,3.6638193645438926,69.02144963072571,0.38750065498598235,0.09166666666666666
M-06,2026-01-21 12:00:00+00:00,76.56976776257171,2.934833347307615,6.153657525439498,1655.8977765710729,0.7866530977583299,0,3.5376785013359378,69.56028624264651,0.48702344179017887,0.08333333333333333
M-06,2026-01-21 13:00:00+00:00,62.697554666079824,2.8065569225412874,6.326448631069801,1586.2018726379324,0.5572218810971878,0,3.346304726644012,68.54418543365144,0.5151241424946916,0.11666666666666667
M-06,2026-01-21 14:00:00+00:00,70.90013888647877,3.3495402617780186,6.334429761663911,1746.3051761425916,0.7791413669832865,0,3.3185359746575873,67.91364775996935,0.508586256004464,0.08333333333333333
M-06,2026-01-21 15:00:00+00:00,74.89424700505269,4.087802243019876,5.935955290132951,1638.0125544793923,0.747277663098218,0,3.472637351171999,69.43643912097825,0.5862518146802236,0.058333333333333334
M-06,2026-01-21 16:00:00+00:00,77.34587250071036,3.621791394808173,5.610432848178864,1658.9987542195788,0.6397536980216683,0,3.369597709385826,72.04929160773825,0.4664996363592883,0.058333333333333334
M-06,2026-01-21 17:00:00+00:00,78.37588863181178,3.066724929872437,5.945653601370122,1611.6942347143415,0.6639326781647648,0,3.3112081832212343,73.46391157545087,0.4810681004730078,0.075
M-06,2026-01-21 18:00:00+00:00,72.64628000247797,3.33500583268456,6.022192220985168,1620.426716025286,0.634491307482457,0,3.3779035974507257,72.80999694876857,0.44482608462163287,0.06666666666666667
M-06,2026-01-21 19:00:00+00:00,78.98677341617913,4.129474315348151,5.689980734805937,1657.7933464841535,0.8724729230300223,0,3.598389829585203,75.52486674045178,0.4326864170515893,0.041666666666666664
M-06,2026-01-21 20:00:00+00:00,77.24759648829195,4.320104290865114,5.82009840638362,1704.5552420418908,0.7895566318004692,0,3.760150501099718,76.58277634075398,0.4976010941777542,0.08333333333333333
M-06,2026-01-21 21:00:00+00:00,72.16615757392277,3.4512185731804146,5.948427974852861,1615.384088656106,0.5594617270747021,0,3.6540532227931415,76.12809476889899,0.48136840817708987,0.10833333333333334
M-06,2026-01-21 22:00:00+00:00,75.56994496968758,4.31453064930113,5.4847241466792696,1679.0187585667215,0.9077218012789936,0,3.769509765208634,75.83210684706187,0.5502337772651145,0.08333333333333333
M-06,2026-01-21 23:00:00+00:00,75.29194522393885,3.507951272681662,6.049462396911433,1662.920268801288,0.6049358227867401,0,3.843047489010172,75.31811627908304,0.459531410791509,0.058333333333333334
M-06,2026-01-22 00:00:00+00:00,73.93024647908045,3.6266223187053046,5.943109156426314,1711.3503610983182,0.893412731844601,0,3.8916502366802956,75.53211069185012,0.4075305521830438,0.05
M-06,2026-01-22 01:00:00+00:00,77.61422072982059,4.391864849023603,5.636259911872389,1754.3348525982058,0.8443944475135277,1,3.935381992292871,75.30335191079037,0.4500189600732152,0.075
M-06,2026-01-22 02:00:00+00:00,76.01265339940154,4.176074971996945,5.939422320203712,1807.822715312624,0.9656670466793468,0,3.911377105814843,75.09752806264196,0.4287306329475573,0.075
M-06,2026-01-22 03:00:00+00:00,77.88719564534749,3.495458333932574,5.249987767889332,1607.8726444739143,0.6935055738978304,0,3.9187503992735366,76.05103440787941,0.4195154669490227,0.06666666666666667
M-06,2026-01-22 04:00:00+00:00,75.20245484368905,3.654073555979093,6.163366577237178,1688.140796640664,0.8798020908580926,1,3.808674217053197,75.98978605354633,0.3796517785440883,0.125
M-06,2026-01-22 05:00:00+00:00,82.65333403268559,4.670460265779727,5.342106062704096,1684.3633389557233,0.938312206436532,1,4.002425715902874,77.21668418833745,0.4790992401220621,0.075
M-06,2026-01-22 06:00:00+00:00,74.17368925728856,4.122019874616703,6.042332082926751,1657.9824786712966,0.58433177482474,0,4.084991975221441,77.25725798470548,0.44268540879811347,0.1
M-06,2026-01-22 07:00:00+00:00,76.5250723872942,4.912898607137025,6.089179523181926,1640.9688532882474,0.66905696492639,0,4.171830934907011,77.07573326095108,0.5524245209605289,0.09166666666666666
M-06,2026-01-22 08:00:00+00:00,83.5283693519822,3.7124743803388616,5.688581575142929,1716.8143417474575,0.7895879331022435,1,4.094564169630664,78.32835258638119,0.5832724528157697,0.075
M-06,2026-01-22 09:00:00+00:00,80.35873938371407,4.577819599540722,5.456090130020789,1718.935515898861,0.902164820920302,0,4.274957713898688,78.74027654277562,0.5254314026316295,0.125
M-06,2026-01-22 10:00:00+00:00,75.58253740668734,4.208176956909901,5.4872265720904325,1635.7312690784345,0.5884558565033371,0,4.36730828072049,78.80362363660866,0.4354725165040471,0.125
M-06,2026-01-22 11:00:00+00:00,79.2877678793644,4.175488199447424,6.064177674422186,1708.6323538331828,0.8948850731002478,1,4.284812936331773,78.24269594438846,0.41285408793209305,0.09166666666666666
M-06,2026-01-22 12:00:00+00:00,82.46542835844976,4.9119918103470335,6.029683252840044,1740.532830355124,0.9897165696236658,0,4.416474925620161,79.62465246124866,0.47224675163296637,0.08333333333333333
M-06,2026-01-22 13:00:00+00:00,81.88384971731207,4.257695877070596,6.064578718248953,1717.8529941951126,0.9059292363021606,1,4.30727447060909,80.51778201625164,0.4055393570491602,0.1
M-06,2026-01-22 14:00:00+00:00,82.42221217482017,4.2143905079616495,5.685153068864476,1763.853091111722,0.8115058312764913,1,4.39092715854622,80.33342248672464,0.2950133897016256,0.09166666666666666
M-06,2026-01-22 15:00:00+00:00,80.6754177068006,3.735488422308573,5.548968107311868,1682.6601889616254,0.8154424506476005,1,4.250538629007529,80.38620220723907,0.3772484639120239,0.06666666666666667
M-06,2026-01-22 16:00:00+00:00,82.73735129967892,4.325210914514038,5.733088730934286,1619.4954060530054,0.6381556180267232,1,4.270044288608219,81.57867118940432,0.377645503625032,0.05
M-06,2026-01-22 17:00:00+00:00,84.16970852110155,4.484519640730777,5.7816328618772745,1602.3229466424928,0.7170117849518538,1,4.3215495288221115,82.39232796302717,0.38320300523215933,0.08333333333333333
M-06,2026-01-22 18:00:00+00:00,85.40390672197354,5.0224016939127525,5.886669439868864,1768.7176780294878,0.992351269093279,1,4.339951176083064,82.88207435694781,0.41827327475304416,0.06666666666666667
M-06,2026-01-22 19:00:00+00:00,77.60447483623093,4.6431372164029705,5.607062095614815,1665.3372654493585,0.7033335719860563,1,4.404191399305127,82.16884521010094,0.4324714244929241,0.11666666666666667
M-06,2026-01-22 20:00:00+00:00,77.57924481088153,4.9450235498571775,5.505423058599992,1635.5186751815763,0.763908220512004,0,4.525963572954381,81.36168398277785,0.46960875802716856,0.1
M-06,2026-01-22 21:00:00+00:00,87.19052731121616,5.091295380884977,5.942689014556938,1628.6742025888504,0.6907540317088674,1,4.751931399383782,82.44753558351377,0.3133822796079305,0.08333333333333333
M-06,2026-01-22 22:00:00+00:00,83.89511645269349,5.09005764430969,5.5107050440869925,1697.8266841361997,0.7916827593256952,1,4.8794058543497245,82.64049644234954,0.25525784264087553,0.10833333333333334
M-06,2026-01-22 23:00:00+00:00,82.3603871216742,4.440705896016059,5.584776251987227,1589.4846696332484,0.5605801482882519,1,4.872103563563938,82.3389428757783,0.2690670630826814,0.11666666666666667
M-06,2026-01-23 00:00:00+00:00,90.49659738925216,4.836546997948045,5.1961979473276045,1679.0073286534591,0.911417336340574,1,4.841127780903153,83.18772465365808,0.2588061702831113,0.08333333333333333
M-06,2026-01-23 01:00:00+00:00,79.7000388700381,4.663567452413602,5.686020864792136,1624.402667632166,0.5562198697299517,1,4.844532820238258,83.53698532595926,0.25579718909637333,0.08333333333333333
M-06,2026-01-23 02:00:00+00:00,83.6935824183187,5.5274889356070345,5.60947148305798,1673.7401351365263,0.8571120585798897,1,4.941610384529901,84.55604159386546,0.38129971350514213,0.14166666666666666
M-06,2026-01-23 03:00:00+00:00,85.36532619777523,4.565334611484678,5.369012040067971,1726.181453165078,0.736254253008382,1,4.853950256296518,84.25184140829198,0.4000048570582887,0.10833333333333334
M-06,2026-01-23 04:00:00+00:00,85.9975235371353,5.396828892624728,5.7721878066529735,1731.655526018754,0.885478713187558,1,4.905078797682358,84.60224258903229,0.45239477826182495,0.09166666666666666
M-06,2026-01-23 05:00:00+00:00,89.7891430661298,5.209614314302835,5.505965551486439,1714.3075475637588,0.8379546561516633,1,5.033230200730153,85.84036857977488,0.4004667710198824,0.075
M-06,2026-01-23 06:00:00+00:00,86.30886308061594,5.453079749389081,5.383924342751246,1587.8882911201454,0.5944038075229566,1,5.1359856593036595,85.14241286166884,0.41859417795952064,0.13333333333333333
M-06,2026-01-23 07:00:00+00:00,95.26026373167754,5.254860686207544,5.552030128452116,1743.350527650466,0.9500314824351628,1,5.23453453160265,87.73578367194209,0.3489373747651033,0.1
M-06,2026-01-23 08:00:00+00:00,87.65106308781833,5.050333069054753,5.333684033176344,1646.314075433526,0.6894817395106192,1,5.1550085538439365,88.39536378352535,0.3221639541252701,0.058333333333333334
M-06,2026-01-23 09:00:00+00:00,86.1777186661224,5.940243334199649,5.176688350533638,1695.2008498349585,0.9559332837921044,1,5.384160007629766,88.5307625282499,0.30749440191261773,0.10833333333333334
M-06,2026-01-23 10:00:00+00:00,88.90947939872571,6.242090421606631,5.228984195798237,1685.3630274598154,0.9417213893869666,1,5.525036929126749,89.01608850518163,0.46681265804489575,0.08333333333333333
M-06,2026-01-23 11:00:00+00:00,92.08827959225476,5.520945858265392,5.461163655062326,1703.452989549556,0.9373851149050576,0,5.576925519787175,89.39927792620244,0.44134817195243825,0.125
M-06,2026-01-23 12:00:00+00:00,59.55163763351148,2.227866763083348,6.435507171724167,1701.3056268103155,0.965717447320994,0,5.039390022069553,84.93974035168503,1.4450696424462477,0.03333333333333333
M-06,2026-01-23 13:00:00+00:00,61.78939306846848,2.0283086690473686,6.287726804755778,1773.692417976824,0.9663337462366016,0,4.501631352542858,79.36126190781685,1.882881214793205,0.016666666666666666
M-06,2026-01-23 14:00:00+00:00,56.90951683317556,1.98250497989488,6.384357648708139,1665.4833179872303,0.758654543420871,0,3.990326671016211,74.2376708653764,2.1072511757579675,0.05
M-06,2026-01-23 15:00:00+00:00,58.3010672966998,1.2373532360116688,6.384357648708139,1639.6251868339327,0.6472409360332602,0,3.2065116546515484,69.59156230380597,2.1115411172825613,0.025
M-06,2026-01-23 16:00:00+00:00,60.45019161130143,1.469174755264167,5.911630288831758,1570.1506433680445,0.6073038201907243,0,2.4110257102611374,64.84834767256858,1.568428715314951,0.05
M-06,2026-01-23 17:00:00+00:00,58.00370466892798,2.2288466026628466,6.225640909881406,1632.1279068052086,0.6073038201907243,0,1.8623425009940462,59.167585185347455,0.4135479393287233,0.06666666666666667
M-06,2026-01-23 18:00:00+00:00,64.27328725545428,2.681237124411283,6.607331096495674,1610.675115543792,0.6558603901947807,0,1.9379042278820355,59.95452678900458,0.5211204201101958,0.03333333333333333
M-06,2026-01-23 19:00:00+00:00,62.41462837730239,2.077304221117288,6.068723944691407,1631.3942747018227,0.624740331340182,0,1.9460701532270221,60.05873267381023,0.5232001074904837,0.03333333333333333
M-06,2026-01-23 20:00:00+00:00,60.38536561089739,1.8973665428276787,6.190655078424638,1544.07315411525,0.6801235473673781,0,1.9318804137158219,60.63804080343055,0.523168847546852,0.058333333333333334
M-06,2026-01-23 21:00:00+00:00,56.31218085602836,1.524980343171836,6.191281306410123,1680.8009303233223,0.7321301808065835,0,1.9798182649091833,60.3065597299853,0.45561818589566766,0.025
M-06,2026-01-23 22:00:00+00:00,61.56666163578124,1.5472840944968005,6.46590642188755,1697.652776559989,0.8687322494779334,0,1.9928364881146219,60.49263806739861,0.43891954306307346,0.008333333333333333
M-06,2026-01-23 23:00:00+00:00,55.79498917170031,2.6948132784475938,6.426484123625462,1606.3301773474702,0.57546162273921,0,2.0704976007454134,60.12451881786066,0.5223284361243021,0.05
M-06,2026-01-24 00:00:00+00:00,65.60963126034392,1.9749356888784972,6.142848707174414,1703.838254872143,0.865382951032525,0,1.9527806948232822,60.3472428186756,0.4282804383842553,0.008333333333333333
M-06,2026-01-24 01:00:00+00:00,69.7778501123408,2.328230969474464,6.2620578803114695,1671.5137633942634,0.8559963535518409,0,1.9946018195494783,61.574446441182005,0.45433103147547027,0.058333333333333334
M-06,2026-01-24 02:00:00+00:00,71.00393653909272,1.6656391939172686,6.673366871021765,1636.131544746575,0.5755393376138395,0,1.9559805947310769,63.34420826254789,0.4736867206905109,0.05
M-06,2026-01-24 03:00:00+00:00,61.26517577313437,2.3110038320125312,5.80536131809733,1706.4134475961728,0.8901121836508088,0,2.086984509537859,64.16970741539889,0.4379962727672749,0.025
M-06,2026-01-24 04:00:00+00:00,71.0429174488601,2.264375335285165,5.432800870760718,1701.013203147479,0.7951879087918509,0,2.20649971633592,65.74908338424537,0.35034021576692004,0.075
M-06,2026-01-24 05:00:00+00:00,62.4442197813172,2.184170798145831,5.861605516594715,1628.8950566202054,0.5916972040913009,0,2.1213926362856266,66.85728848584819,0.2577908024407681,0.041666666666666664
M-06,2026-01-24 06:00:00+00:00,63.39669113420883,3.1978248267510487,5.762717297547159,1606.0729911692065,0.7626419419528967,0,2.3252074925977184,66.48846513149233,0.49402310440313657,0.06666666666666667
M-06,2026-01-24 07:00:00+00:00,64.67124165269811,2.170414044718397,5.823444388208802,1734.9825282854297,0.893526227370681,0,2.2989046718050403,65.63736372155189,0.49801505564080933,0.008333333333333333
M-06,2026-01-24 08:00:00+00:00,65.90744258467531,3.186295485227463,6.061275086202137,1638.868775382653,0.5821622235782137,0,2.552347387023406,64.78794806248231,0.49822344567536336,0.08333333333333333
M-06,2026-01-24 09:00:00+00:00,66.759355715858,2.3362063031884457,6.594782886444319,1734.8888610524723,0.9335478181171196,0,2.5565477988860583,65.70364471960293,0.49588252740348254,0.05
M-06,2026-01-24 10:00:00+00:00,63.91201576506164,2.220574196304315,5.959411203786238,1706.2272214961367,0.9131061615891456,0,2.5492476090559166,64.51516110563652,0.5013364461987838,0.05
M-06,2026-01-24 11:00:00+00:00,63.87584139059805,2.3634063511551453,5.766988056194907,1640.6253804171529,0.8156993925810883,0,2.5791202012241357,64.75376470718332,0.4801234895592808,0.03333333333333333
M-06,2026-01-24 12:00:00+00:00,68.77882890300471,3.293738882727844,5.969583740730842,1742.7380666461816,0.8320276428015501,0,2.595105877220268,65.6507876686493,0.5057556764716116,0.041666666666666664
M-06,2026-01-24 13:00:00+00:00,66.98064558329136,2.947070402479479,6.079335167403395,1665.7164841547258,0.6576578205592037,0,2.724548603513782,66.03568832374818,0.4736934408500212,0.05
M-06,2026-01-24 14:00:00+00:00,72.6120259146479,3.0465975690845117,6.1582465325330045,1696.4044546302075,0.9886413054000608,0,2.7012656174899567,67.15311887874361,0.4492616494528361,0.05
M-06,2026-01-24 15:00:00+00:00,67.6880199698782,2.2477734825359192,5.892437158451488,1686.725607526058,0.876172749783249,0,2.6865268140478693,67.30789625441365,0.46481470886598836,0.1
M-06,2026-01-24 16:00:00+00:00,69.42333982683533,2.7797549114045896,5.753375831290604,1701.64770598001,0.8048150532157539,0,2.779723599897915,68.22645026470927,0.40490229900283037,0.06666666666666667
M-06,2026-01-24 17:00:00+00:00,68.95461777813492,3.938527348831872,5.688358730639336,1606.1834207966192,0.6043770076430197,0,3.0422437661773696,69.07291299596541,0.5613794455466302,0.075
M-06,2026-01-24 18:00:00+00:00,77.75275642252724,3.062644816312808,5.361723706626004,1729.1147545460276,0.9601709563238844,0,3.0037280884415303,70.56856758255249,0.548452381528313,0.06666666666666667
M-06,2026-01-24 19:00:00+00:00,66.22302726349689,2.617131604811092,6.517529291702146,1635.4013279391474,0.6407458754894891,0,2.948738288830132,70.44229786258676,0.5713323994715194,0.075
M-06,2026-01-24 20:00:00+00:00,66.84941100899897,3.550963785488364,5.651758653547484,1677.0937490200245,0.7166205794688976,0,3.032799324897441,69.48186204497858,0.6233466317891712,0.05
M-06,2026-01-24 21:00:00+00:00,75.28300141314651,3.3756516390162323,5.405134769606876,1628.976977028088,0.6506427863005002,0,3.2207790176441597,70.74769228552331,0.4964008589083697,0.041666666666666664
M-06,2026-01-24 22:00:00+00:00,75.37666892346925,4.055578819871498,5.913360634380787,1666.9055607540347,0.8285311712169909,0,3.4334163357219776,71.73991380162897,0.540956511542895,0.06666666666666667
M-06,2026-01-24 23:00:00+00:00,73.85179836219328,2.8099024924167093,5.704926131878912,1764.0732053243253,0.9839792492600444,0,3.2453121929861175,72.55611056563869,0.5262134743704904,0.03333333333333333
M-06,2026-01-25 00:00:00+00:00,70.00079111342097,3.5829975134146066,5.736333096548865,1664.22160051031,0.9451164978127544,0,3.3320376425030833,71.26411634745432,0.5329238757297309,0.05
M-06,2026-01-25 01:00:00+00:00,69.72468317532504,3.1885771169969144,6.056201230314965,1625.353177237835,0.6105493295336667,0,3.427278561200721,71.84772566609234,0.4183550096981805,0.1
M-06,2026-01-25 02:00:00+00:00,72.56182189638267,3.7227336771208246,6.299287164414813,1722.2512842843803,0.890064827924343,0,3.455906876472797,72.79979414732294,0.4340927962779848,0.08333333333333333
M-06,2026-01-25 03:00:00+00:00,70.46961172919112,2.699317280986008,5.438961284781272,1596.4040893371566,0.5678035027156026,0,3.3431844834677604,71.99756253333038,0.535150757161596,0.075
M-06,2026-01-25 04:00:00+00:00,75.39862109638884,3.221613389960008,5.544965422099632,1641.4329620978451,0.7723776927089027,0,3.2041902451491784,72.00122122881699,0.40578051086150024,0.041666666666666664
M-06,2026-01-25 05:00:00+00:00,71.27412832459423,2.732173742361886,5.238483537501512,1699.2827703424844,0.8427777136750512,0,3.191235453473375,71.57160955588381,0.4218101236716927,0.08333333333333333
M-06,2026-01-25 06:00:00+00:00,74.86454027995289,4.455148872296731,5.844421884011626,1644.9542609034756,0.6730253037252373,0,3.336594013287062,72.38223441697245,0.6643559069302168,0.075
M-06,2026-01-25 07:00:00+00:00,75.61691081318193,4.347136752628323,6.321361803532625,1606.5549734740848,0.6339190481383671,0,3.5296872858922974,73.36427235661527,0.7723239489049857,0.13333333333333333
M-06,2026-01-25 08:00:00+00:00,76.13404848968456,4.251757244281362,5.686599195207311,1688.1071198207285,0.7960069578152145,0,3.6178578804190535,73.95964345549892,0.8270302537957587,0.058333333333333334
M-06,2026-01-25 09:00:00+00:00,74.62321204839205,4.947274405317904,5.686599195207311,1640.9534805592689,0.9036391476693968,0,3.992517401141036,74.65191017536576,0.836816363191949,0.09166666666666666
M-06,2026-01-25 10:00:00+00:00,73.34401354834907,3.448609853438892,5.996158721892908,1616.7055689808687,0.7152975095423816,0,4.030350145054183,74.30947558402579,0.7992825101864021,0.058333333333333334
M-06,2026-01-25 11:00:00+00:00,73.34401354834907,4.399997543759559,5.948347527092182,1716.888608119731,0.9022539071695954,0,4.308320778620462,74.6544564546516,0.4862167918861967,0.058333333333333334
M-06,2026-01-25 12:00:00+00:00,72.72634845895949,3.345653435102456,5.956659807789182,1687.335299175724,0.667947993254587,0,4.123404872421415,74.29809115115269,0.6135210533553712,0.08333333333333333
M-06,2026-01-25 13:00:00+00:00,71.7989507525201,4.459645383254018,5.927365204592931,1661.8644921763064,0.6721696132775933,0,4.142156310859032,73.66176447437572,0.6233670576465518,0.075
M-06,2026-01-25 14:00:00+00:00,72.60126977863135,3.5410574905302803,5.832819090486921,1606.544786305397,0.6823797777609852,1,4.023706351900517,73.07296802253353,0.6645385637153813,0.1
M-06,2026-01-25 15:00:00+00:00,73.48911822960397,4.15501431308093,5.380144663021145,1654.023858725617,0.7194785472509496,1,3.891663003194356,72.88395238606884,0.5035292780118046,0.075
M-06,2026-01-25 16:00:00+00:00,80.48264004948834,4.1957768006637,6.051667292390351,1680.0183427464792,0.757044283123619,1,4.0161908277318235,74.07372346959205,0.46278606350542667,0.08333333333333333
M-06,2026-01-25 17:00:00+00:00,80.3728585510536,3.675685152709419,5.500264058845273,1661.50217861607,0.7615103399399787,0,3.8954720958901334,75.24519763670948,0.4363606648230112,0.08333333333333333
M-06,2026-01-25 18:00:00+00:00,78.22530437677786,4.7780750352646,5.996951750890968,1742.919096898085,0.9476608308847856,0,4.134209029250491,76.1616902896792,0.4662120971755621,0.058333333333333334
M-06,2026-01-25 19:00:00+00:00,77.18895707612413,4.511721819893313,5.592105319201378,1623.9953692440668,0.7687289029015515,1,4.14288843535704,77.06002467694654,0.4739037226724069,0.1
M-06,2026-01-25 20:00:00+00:00,80.76954999573329,4.338567279361816,6.041794226176563,1609.6207910352018,0.6986402126170101,0,4.27580673349563,78.4214047131302,0.3722928341436257,0.10833333333333334
M-06,2026-01-25 21:00:00+00:00,74.8169580469014,4.278135703715848,5.973062806545853,1753.0612883179506,0.8450137755992244,1,4.296326965268116,78.64271134934644,0.367667759689134,0.05
M-06,2026-01-25 22:00:00+00:00,77.19569409270841,4.807157782619548,5.603062086252529,1660.7456743708346,0.7833437567183357,0,4.398223795594091,78.09488702321644,0.41579752566488914,0.1
M-06,2026-01-25 23:00:00+00:00,86.34375653688629,5.0481383639827015,5.705179323702772,1670.3322058522251,0.8622971418839398,1,4.626965997472971,79.0900366875219,0.3002754728461818,0.10833333333333334
M-06,2026-01-26 00:00:00+00:00,83.13884183130618,4.715623567962144,5.573317684741189,1659.6345361564315,0.7072957310601519,1,4.6165574195892285,79.90895959660996,0.2950264362752423,0.08333333333333333
M-06,2026-01-26 01:00:00+00:00,79.62760784119983,4.34015419817187,6.3374737944134125,1595.9469955940087,0.6489416970774468,1,4.5879628159689885,80.31540139078923,0.314866740134757,0.06666666666666667
M-06,2026-01-26 02:00:00+00:00,81.22258231104442,5.143251830829661,5.947724298327383,1665.810433212641,0.8808880075785521,1,4.722076907880296,80.39090677667441,0.35607121160398536,0.10833333333333334
M-06,2026-01-26 03:00:00+00:00,84.01955985382341,4.932855958393759,5.579106330629283,1684.8316300318863,0.7921647139847139,0,4.831196950326614,81.92467374449475,0.28629860358203807,0.058333333333333334
M-06,2026-01-26 04:00:00+00:00,79.2130444510776,4.848152156098137,5.6988872226443705,1698.1297038443577,0.9502359038144118,1,4.838029345906379,82.26089880422296,0.28609926938308733,0.06666666666666667
M-06,2026-01-26 05:00:00+00:00,79.65042300891446,4.702273485864934,5.7785817308258665,1687.2236428602937,0.8212758279395425,1,4.780385199553418,81.14534321622766,0.2696704389115351,0.1
M-06,2026-01-26 06:00:00+00:00,82.37447609607297,4.8280113880662014,5.607101499148601,1772.7512204305997,0.9084028175606172,1,4.799116502904094,81.01794892702212,0.2681714909039749,0.06666666666666667
M-06,2026-01-26 07:00:00+00:00,82.7389733581791,5.749880507952083,5.585542545184678,1612.588939352633,0.6512056669844114,0,5.034070887867463,81.53650984651865,0.37991161096155623,0.1
M-06,2026-01-26 08:00:00+00:00,81.69274542220103,4.329529457233451,5.449744998677431,1614.157842212763,0.6183486566657759,1,4.898450492268094,81.61487036504475,0.4681377916117297,0.06666666666666667
M-06,2026-01-26 09:00:00+00:00,83.81535826588765,5.094620656065301,5.410763354017541,1692.2272200030748,0.8441095887320924,1,4.925411275213351,81.58083676705546,0.47512159577066393,0.06666666666666667
M-06,2026-01-26 10:00:00+00:00,84.56257616903281,4.654762280107654,5.323347182612286,1590.8024162269728,0.6114293588964079,1,4.893179629214937,82.47242538671468,0.48780145282296333,0.125
M-06,2026-01-26 11:00:00+00:00,84.48988915610884,5.181984798379482,5.873016809017944,1774.709600302421,0.875804652217619,1,4.973131514634029,83.27900307791374,0.48956322025984816,0.08333333333333333
M-06,2026-01-26 12:00:00+00:00,86.53070987249247,5.214082878895587,5.636413382777594,1671.4188901668151,0.875804652217619,1,5.037476763105594,83.97170870731698,0.4920399528402569,0.08333333333333333
M-06,2026-01-26 13:00:00+00:00,84.9107422314759,5.499049643593043,5.1292430811434935,1750.490376269865,0.9920444223969408,1,4.995671619045753,84.33367018619978,0.4255727866925236,0.06666666666666667
M-06,2026-01-26 14:00:00+00:00,85.08256786407526,4.72300849876519,5.644767010284362,1777.6073113804707,0.986076391524208,1,5.061251459301043,84.89864059317883,0.319485989863693,0.075
M-06,2026-01-26 15:00:00+00:00,82.22006435437916,5.473587069363607,5.36412854446181,1701.4179613506078,0.9243708663132274,1,5.124412528184094,84.63275827459408,0.3620297548252643,0.06666666666666667
M-06,2026-01-26 16:00:00+00:00,81.41481508351373,5.549520047749031,5.434587556729467,1614.5769921690887,0.6649571875186513,1,5.27353882279099,84.10813142700756,0.3104966518684285,0.09166666666666666
M-06,2026-01-26 17:00:00+00:00,84.51231850599574,5.20757501381697,5.537621599445658,1677.9734621722305,0.7775023226690363,1,5.277803858697238,84.1118696519887,0.30916041002309763,0.08333333333333333
M-06,2026-01-26 18:00:00+00:00,89.48920603549593,5.971802803816336,5.522885553561203,1691.145397259368,0.8421268376044924,1,5.404090512850696,84.60495234582261,0.41467699576517497,0.14166666666666666
M-06,2026-01-26 19:00:00+00:00,86.4557862518658,5.456124177818143,5.614642446076475,1686.251213354268,0.906776081169716,1,5.396936268554879,84.86245968255427,0.41307825423134803,0.075
M-06,2026-01-26 20:00:00+00:00,93.9506280643229,5.965952683618382,5.668500562582595,1696.7810763441892,0.755941450127678,1,5.6040936326970785,86.34046971592888,0.30505219920599674,0.11666666666666667
M-06,2026-01-26 21:00:00+00:00,89.69897074455203,5.674810942978348,5.1773355793007525,1659.0521248814362,0.7803103090895656,1,5.637630944966202,87.58695411429102,0.29883262479754924,0.09166666666666666
M-06,2026-01-26 22:00:00+00:00,88.84704000410574,5.570446377812552,5.123570198610898,1743.541452931182,0.9111866593395213,1,5.641118666643455,88.82565826772303,0.2977186386026865,0.15
M-06,2026-01-26 23:00:00+00:00,94.7089250150322,5.866193134002344,5.716670577466779,1667.011550639282,0.7367595619194842,1,5.750888353341018,90.52509268589576,0.21614071856171355,0.15
M-06,2026-01-27 00:00:00+00:00,93.59046768700522,7.686281899106659,5.742375155258936,1743.622953379668,0.9571391353498868,1,6.036634869222738,91.20863629448064,0.8295327125114648,0.09166666666666666
M-06,2026-01-27 01:00:00+00:00,91.57770170732348,6.231431176639777,5.402930208473254,1690.6176715426436,0.9314873739944586,1,6.165852702359676,92.06228887039026,0.779922054282067,0.11666666666666667
M-06,2026-01-27 02:00:00+00:00,89.2087831246159,6.084079593122098,5.671293724397539,1592.639197771267,0.5555787159666493,1,6.185540520610296,91.2719813804391,0.7753442095681883,0.1
M-06,2026-01-27 03:00:00+00:00,89.88383986507722,6.682202564989896,5.372109955714551,1638.24008303741,0.6447409425799969,1,6.353439124278888,91.30279290052663,0.7513297617864813,0.09166666666666666
M-06,2026-01-27 04:00:00+00:00,88.33232313381143,6.067842061371483,5.286184657934989,1674.0022273096072,0.6554970488448953,1,6.436338404872043,91.21700675547758,0.6707810897328471,0.1
M-06,2026-01-27 05:00:00+00:00,92.13303026983516,6.247893786785935,5.77654445656267,1654.920616828351,0.8323222262047076,0,6.4999551803359745,90.7876909646114,0.6222378212844193,0.1
M-06,2026-01-27 06:00:00+00:00,58.02254359463492,1.3359640618552608,5.96934662973031,1609.1434760417162,0.7251301026221071,0,5.441568874127409,84.85970361588302,2.0235732396057906,0.016666666666666666
M-06,2026-01-27 07:00:00+00:00,57.431547089436414,1.2583353571863485,6.281074128034177,1715.7769318877158,0.9696044071298332,0,4.6127195708851705,79.16867784623518,2.577900559589579,0.025
M-06,2026-01-27 08:00:00+00:00,56.768812158746194,1.3802116494667482,6.422933317948389,1629.416971836908,0.6797010459243217,0,3.8287415802759455,73.76201601859022,2.750430318481054,0.041666666666666664
M-06,2026-01-27 09:00:00+00:00,55.64603202898449,1.1505848251162214,6.542965205242368,1693.0452229691575,0.9186109195543114,0,2.906805290296999,68.05571471257475,2.5201118848710244,0.025
M-06,2026-01-27 10:00:00+00:00,54.61464076561919,1.8029532588726096,6.640030927296532,1668.2071307874764,0.7037548978474623,0,2.1959904898805207,62.436100984542726,1.997478876863978,0.025
M-06,2026-01-27 11:00:00+00:00,52.52219054674082,1.1489255021861775,6.174003796424954,1757.1586859577285,0.8785210515266025,0,1.3461624424472276,55.83429436402701,0.2428117861000441,0.041666666666666664
M-06,2026-01-27 12:00:00+00:00,55.1700831133152,1.1028432805577764,6.270174279244287,1666.0984550209876,0.6700980629563374,0,1.3073089788976469,55.35888428380705,0.26261396579106666,0.016666666666666666
M-06,2026-01-27 13:00:00+00:00,56.08522702311606,1.690713542522449,6.444091321434404,1746.7126648706262,0.7558772693952025,0,1.379372009786997,55.13449760608699,0.3027449872092398,0.008333333333333333
M-06,2026-01-27 14:00:00+00:00,58.70152977241087,2.158723294492785,6.308369622531772,1721.771113899422,0.7789266703484716,0,1.5091239506246696,55.456617208364435,0.43923728427184844,0.058333333333333334
M-06,2026-01-27 15:00:00+00:00,59.96240684111172,2.3331877070575757,6.254825742421055,1617.5548224056497,0.8289932819348689,0,1.7062244309482288,56.176013010385645,0.5063765661157418,0.03333333333333333
M-06,2026-01-27 16:00:00+00:00,57.65641622967215,1.6751217409309689,6.571136869852438,1537.2714557336562,0.6295009380647549,0,1.6849191779579555,56.6829755877278,0.5041772628551701,0.03333333333333333
M-06,2026-01-27 17:00:00+00:00,65.0974758401443,1.940953945228009,6.341917243828276,1656.0412784409864,0.7190452584871803,0,1.8169239184649275,58.77885646996172,0.43466921546999016,0.016666666666666666
M-06,2026-01-27 18:00:00+00:00,57.32831088890062,1.6816917151317845,6.412156100590702,1739.3794389143975,0.9439715031137932,0,1.9133986575605952,59.138561099225946,0.2818577563486539,0.03333333333333333
M-06,2026-01-27 19:00:00+00:00,62.31014545742709,2.270197217820954,6.031377929123932,1655.978007872202,0.7075881021450333,0,2.009979270110346,60.17604750494446,0.28947146245904787,0.008333333333333333
M-06,2026-01-27 20:00:00+00:00,58.1164312832397,1.548838241351718,6.031377929123932,1626.1541996248975,0.5912929383202699,0,1.9083317612535018,60.0785310900826,0.3309083272343432,0.058333333333333334
M-06,2026-01-27 21:00:00+00:00,55.35476268417847,2.114556967517622,6.133154159833048,1582.8133514440178,0.561945410605434,0,1.8718933046635096,59.31059039726039,0.28339417759255087,0.05
M-06,2026-01-27 22:00:00+00:00,60.89530614928961,1.9691598114108808,5.9745881601829165,1666.6321439115509,0.618766539705758,0,1.920899649743495,59.8504053838633,0.2675418820892509,0.05
M-06,2026-01-27 23:00:00+00:00,58.47207950097902,2.4287003226160837,5.648593697301651,1691.547452175752,0.9680095423585258,0,2.0021907126415073,58.74617266066909,0.33932380421044606,0.016666666666666666
M-06,2026-01-28 00:00:00+00:00,61.84042019989914,1.6109475236812465,6.178348897428314,1754.3075429390913,0.899983216364339,0,1.9904000140664175,59.498190879168845,0.35361581485701954,0.05
M-06,2026-01-28 01:00:00+00:00,58.89708939089454,2.006841975078037,5.943667910543896,1647.7600480406986,0.6292928382350795,0,1.946507473609265,58.92934820141341,0.32730574537924545,0.025
M-06,2026-01-28 02:00:00+00:00,64.52121386698042,2.820143277817498,6.248005042817519,1687.752388663696,0.8294130277249747,0,2.1583916463535613,59.996811965370206,0.417462462730338,0.025
M-06,2026-01-28 03:00:00+00:00,61.24656424058679,2.076919445516349,6.466042586829808,1710.856630415036,0.852135627152074,0,2.152118726020016,60.97877889143825,0.41853427152574646,0.041666666666666664
M-06,2026-01-28 04:00:00+00:00,61.83140108982708,1.851278334639816,6.183143603078943,1595.864011811278,0.5614348900290491,0,2.1324718132248384,61.134794714861165,0.4314092376768224,0.041666666666666664
M-06,2026-01-28 05:00:00+00:00,64.59959905218908,1.9324488145502985,6.075456265659978,1700.3356655738553,0.8845058816672584,0,2.049763228547208,62.15604797339618,0.4103128713825121,0.05
M-06,2026-01-28 06:00:00+00:00,66.16312181755751,2.29138024710599,6.315137099449948,1652.5633760919063,0.7435467177841165,0,2.1631686824513316,62.876498243005905,0.3550881696367386,0.06666666666666667
M-06,2026-01-28 07:00:00+00:00,58.81526258479501,3.0233479143794257,6.19676343167021,1655.2371941547613,0.6090829762509695,0,2.332586339001563,62.86286044198932,0.4844985569795363,0.08333333333333333
M-06,2026-01-28 08:00:00+00:00,63.94771465905524,3.1879485515113344,5.945213111239685,1646.086027872573,0.6539252841453791,0,2.3938872179505357,62.767277240668456,0.5735992011882196,0.041666666666666664
M-06,2026-01-28 09:00:00+00:00,67.23656481992269,1.328313383138306,6.045861859843499,1601.3128346652506,0.6326902916027451,0,2.2691195408875284,63.76561067055777,0.719257590471614,0.016666666666666666
M-06,2026-01-28 10:00:00+00:00,68.16643204558605,2.9008751484122914,5.931176283837149,1576.4254339424529,0.6508991464411733,0,2.444052343182941,64.82144916318425,0.7249237710741819,0.075
M-06,2026-01-28 11:00:00+00:00,65.61524859798598,3.819859398464625,5.893499425509051,1637.772263753278,0.7069172477768911,0,2.7586207738353288,64.99072408748374,0.8561494573749324,0.08333333333333333
M-06,2026-01-28 12:00:00+00:00,62.00113155459656,2.708213054830735,5.923261422735078,1683.0487320704462,0.7952880415276726,0,2.8280929084561195,64.29705904365693,0.8270705447785316,0.06666666666666667
M-06,2026-01-28 13:00:00+00:00,61.18638045799479,2.922960801037336,6.1191256905878175,1702.4853363118175,0.831399393981582,0,2.8113617228991044,64.69224535585688,0.8233376263095371,0.058333333333333334
M-06,2026-01-28 14:00:00+00:00,67.59114506464604,3.5525430372965934,5.870680865096186,1733.6671377196428,0.8555236054311025,0,2.8721274705299806,65.29948375678869,0.8688845123837872,0.09166666666666666
M-06,2026-01-28 15:00:00+00:00,69.24201696017818,2.619014085891269,5.632741964188096,1775.4454319120507,0.9934981502349822,0,3.0872442543221417,65.6337257801646,0.4853564760754429,0.03333333333333333
M-06,2026-01-28 16:00:00+00:00,64.83418882351589,3.2053857904897574,5.670248828586284,1652.9673985591023,0.7150378016657994,0,3.1379960280017194,65.07835190981957,0.47783345803376615,0.075
M-06,2026-01-28 17:00:00+00:00,67.47274103318578,3.2595486612080675,6.047244068184488,1653.2599382527922,0.7311797847847828,0,3.0446109051256265,65.38793398235286,0.35752951422096296,0.06666666666666667
M-06,2026-01-28 18:00:00+00:00,65.0644265707136,3.3824381843936946,6.195742944594746,1611.1414218239631,0.563526400867739,0,3.1569817600527865,65.8984831517057,0.3359575182691046,0.06666666666666667
M-06,2026-01-28 19:00:00+00:00,69.9660609085096,3.1835542707227766,5.675680721125967,1796.3746373056424,0.9944923620105256,0,3.2004140050003596,67.36176322679152,0.31589852803245644,0.075
M-06,2026-01-28 20:00:00+00:00,71.00487853904373,3.961572618194932,5.719486845986928,1524.560366736272,0.5717300353392529,0,3.268585601816749,67.9307188058578,0.43045157206003926,0.041666666666666664
M-06,2026-01-28 21:00:00+00:00,69.99859806216004,3.3978545474092634,5.852419843198286,1820.8138007484763,0.906379373186338,0,3.3983923454030815,68.0568156561881,0.2898659487952175,0.05
M-06,2026-01-28 22:00:00+00:00,76.00961727162385,3.9800259162564102,6.213860226647104,1721.4718583905442,0.9610585998462334,0,3.5274990330308573,69.91938706420609,0.3524616861781039,0.058333333333333334
M-06,2026-01-28 23:00:00+00:00,71.57335265586637,3.4855444209268955,6.111274520701608,1754.3714455498764,0.8329411081305358,0,3.5651649929839953,70.60282233465287,0.32942271979911764,0.06666666666666667
M-06,2026-01-29 00:00:00+00:00,71.30604614098547,4.110555096723567,5.91625884358458,1684.7949526893108,0.699639244932908,0,3.6865178117056403,71.64309226303152,0.3790247697997025,0.11666666666666667
M-06,2026-01-29 01:00:00+00:00,68.4049361885557,4.076098763767296,5.997715385315542,1732.3092424049294,0.8791974771121529,0,3.8352752272130606,71.38290480970586,0.3112321523394287,0.1
M-06,2026-01-29 02:00:00+00:00,75.99173303174193,3.421767543706716,6.009903014295515,1613.2650734355914,0.6870722831315286,0,3.7453077147983582,72.21404722515557,0.3437440666712876,0.09166666666666666
M-06,2026-01-29 03:00:00+00:00,72.31967140183056,3.732343522041136,5.739783720662005,1711.3209482354143,0.9272885165145992,0,3.8010558772370033,72.60089278176731,0.3005319077675443,0.058333333333333334
M-06,2026-01-29 04:00:00+00:00,66.7394888907199,3.921043098026947,5.793302100406802,1598.8161493545683,0.6094769351186473,0,3.791225407532093,71.05587138495,0.2944092279160316,0.08333333333333333
M-06,2026-01-29 05:00:00+00:00,71.00060247099958,4.372788599487835,5.422701531177763,1564.8641019733034,0.5674326503581459,0,3.939099437292249,70.96041302080552,0.3307441536932636,0.041666666666666664
M-06,2026-01-29 06:00:00+00:00,77.16480399805337,4.080480944912758,5.575522991972482,1615.61746255446,0.6589729966785809,0,3.9340870786571145,71.93687266365016,0.32784124850996477,0.06666666666666667
M-06,2026-01-29 07:00:00+00:00,74.03066088467965,3.286974066349412,5.981629995206634,1734.0893596571177,0.6589729966785809,0,3.802566295754134,72.8744934463375,0.40797084579672716,0.06666666666666667
M-06,2026-01-29 08:00:00+00:00,71.56290796923005,3.039305875990953,5.364536519613766,1706.1401893299412,0.8791584351745092,0,3.7388226844681736,72.13635593591886,0.4990752139784183,0.041666666666666664
M-06,2026-01-29 09:00:00+00:00,73.74439162673718,4.444410446617347,6.038083125491919,1595.614412052349,0.5911443126363696,0,3.8575005052308753,72.37380930673663,0.5759663020943243,0.058333333333333334
M-06,2026-01-29 10:00:00+00:00,80.41143888149253,3.6039752313542666,5.440269129843308,1688.836821784056,0.812262321931534,0,3.8046558607854286,74.65246763853206,0.583466874887789,0.041666666666666664
M-06,2026-01-29 11:00:00+00:00,74.50097649247802,4.510433147878484,6.010218558253722,1666.2006926272084,0.6502411471518564,0,3.827596618850537,75.23586330877846,0.6122674367241723,0.06666666666666667
M-06,2026-01-29 12:00:00+00:00,72.2999361622003,3.916446488322432,6.287516723061339,1589.704123032092,0.5669305865576563,0,3.800257542752149,74.42505200280296,0.6022983209024722,0.06666666666666667
M-06,2026-01-29 13:00:00+00:00,78.4428085500256,3.859327166837944,6.287516723061339,1680.4636969548808,0.8441724293011312,1,3.8956497261669045,75.16040994702728,0.5475851747831472,0.06666666666666667
M-06,2026-01-29 14:00:00+00:00,77.6171808861089,4.343747501537262,6.168035491107982,1719.1239897369012,0.9744363011929852,0,4.1130566637579555,76.16945543317375,0.3696267808730445,0.08333333333333333
M-06,2026-01-29 15:00:00+00:00,83.42757965181903,3.9292749972663854,5.658687339484442,1718.1601437488962,0.7582034046529895,0,4.027200755532795,77.78332010402072,0.33552130643314626,0.08333333333333333
M-06,2026-01-29 16:00:00+00:00,74.40197535096186,4.378238378209802,5.752081318914709,1605.9610461340903,0.6740414410785479,1,4.156244613342051,76.78174284893228,0.2853301246422472,0.075
M-06,2026-01-29 17:00:00+00:00,75.29006465069591,3.680073191072648,6.166181103613181,1666.43929094983,0.8123034443860953,0,4.017851287207745,76.9132575419686,0.28051375339533313,0.05
M-06,2026-01-29 18:00:00+00:00,82.53684412134967,3.828799491890472,5.428984134432442,1620.424674024081,0.6619675930022402,0,4.003243454469085,78.6194088684935,0.28900420226407664,0.1
M-06,2026-01-29 19:00:00+00:00,78.22571115125473,5.174317849646064,5.556929539207612,1675.577451040834,0.8882222403306517,1,4.222408568270439,78.58322596869836,0.5440809504439089,0.13333333333333333
M-06,2026-01-29 20:00:00+00:00,77.67979666805103,4.861068835723761,5.465157228130428,1735.3575139016602,0.9714472144190244,0,4.308628790634855,78.59366193235537,0.6047612162183597,0.08333333333333333
M-06,2026-01-29 21:00:00+00:00,84.49927564688986,5.29022150227616,6.023455803818419,1669.8975542264295,0.9182694536184048,0,4.5354532081364844,78.77227793153385,0.6840467375792584,0.13333333333333333
M-06,2026-01-29 22:00:00+00:00,78.5561520464148,3.9805660227747066,5.970714471820795,1618.626427772695,0.6179084322745215,1,4.469174482230636,79.46464071410934,0.720614427367056,0.08333333333333333
M-06,2026-01-29 23:00:00+00:00,78.76426912247838,5.063299605782934,5.532641861554402,1665.8444717078376,0.6360555967443731,0,4.699712218015683,80.04367479273974,0.6336945153070571,0.08333333333333333
M-06,2026-01-30 00:00:00+00:00,87.18818390492326,4.189335062131797,5.74642496857488,1740.2608174863224,0.9136637877952568,1,4.7598014797225705,80.81889809000201,0.5455593903760876,0.058333333333333334
M-06,2026-01-30 01:00:00+00:00,79.04205104629823,4.836391219782128,5.644746712426064,1624.1018258484903,0.7839204207274395,1,4.703480374745248,80.95495473917593,0.5105262007557058,0.13333333333333333
M-06,2026-01-30 02:00:00+00:00,78.11209228640956,4.529484479752404,5.437311861409936,1679.0969935785606,0.8232440747485141,0,4.648216315416689,81.02700400890234,0.507996212428839,0.058333333333333334
M-06,2026-01-30 03:00:00+00:00,85.90455919413925,4.8741541351002695,5.293625621245772,1615.501687350269,0.7070410742581322,1,4.578871754220707,81.26121793344392,0.42434089800874686,0.10833333333333334
M-06,2026-01-30 04:00:00+00:00,80.08382544760478,4.11326282612824,5.677929405064738,1812.929046680013,0.963579348401624,0,4.600987888112962,81.51583016697558,0.3888992604730928,0.058333333333333334
M-06,2026-01-30 05:00:00+00:00,81.83251726701371,4.303927558792701,6.031431141701897,1782.599736749482,0.877157669910147,1,4.474425880281257,82.02720485773146,0.32699181579517433,0.058333333333333334
M-06,2026-01-30 06:00:00+00:00,82.94117938520242,4.899494109381932,5.711778681176366,1664.9005234769031,0.6892467967339359,1,4.592785721489613,81.31937077111132,0.33165347901615355,0.08333333333333333
M-06,2026-01-30 07:00:00+00:00,83.44661493840007,4.954618294046617,5.87713114837963,1729.4568851149102,0.7012973102078386,1,4.612490233867027,82.05346475312831,0.35191468160174216,0.15833333333333333
M-06,2026-01-30 08:00:00+00:00,86.75301856973877,5.620969378962346,6.213485986523319,1612.229617279588,0.7749088599261893,1,4.79440438373535,83.49361913368317,0.5349398842816739,0.13333333333333333
M-06,2026-01-30 09:00:00+00:00,85.75099415472566,5.326194016945297,5.467647869789094,1510.104834311161,0.5815883065401396,0,4.869744364042855,83.46802496044758,0.5784785068309545,0.06666666666666667
M-06,2026-01-30 10:00:00+00:00,85.26724144654692,4.856163306211656,5.368641693607832,1706.6934014383774,0.8814454025608034,1,4.993561110723425,84.33192762693793,0.44924904489640444,0.10833333333333334
M-06,2026-01-30 11:00:00+00:00,85.63775129318914,4.388962599778239,5.631162413059918,1732.1647692764282,0.9076230515499156,1,5.007733617554348,84.96613329796716,0.423760140997469,0.11666666666666667
M-06,2026-01-30 12:00:00+00:00,81.21397896479675,5.847271013405032,5.232362134890869,1604.2287821653872,0.5806941121618228,1,5.16569643489153,84.67826656123289,0.536890495990892,0.11666666666666667
M-06,2026-01-30 13:00:00+00:00,91.98309512872622,5.819300144798087,5.5367114608172106,1727.8383458613664,0.8787137989583955,1,5.309810076683442,86.10101325962057,0.5829731384866114,0.11666666666666667
M-06,2026-01-30 14:00:00+00:00,85.62897189523946,6.110171000931224,5.721310039334564,1740.4095287540945,0.7666618948293042,1,5.391343680344922,85.91367214720403,0.6638011038702124,0.10833333333333334
M-06,2026-01-30 15:00:00+00:00,87.32085967162242,5.672636156567396,5.523088954608043,1686.3416911424038,0.7380690322048438,1,5.449084036948605,86.17531640002015,0.6720173827142466,0.09166666666666666
M-06,2026-01-30 16:00:00+00:00,88.5860357658278,5.863861402590839,5.617860279333001,1589.5299333315086,0.7255102258689932,1,5.61703371967847,86.72844878656696,0.6179449017327753,0.08333333333333333
M-06,2026-01-30 17:00:00+00:00,84.31421175162914,5.841636227088778,5.716718019968388,1668.9142381257357,0.7548777269565988,1,5.859145990896892,86.50785886297363,0.1413202090590017,0.075
M-06,2026-01-30 18:00:00+00:00,86.6103852378694,4.878846835235701,5.421010031167181,1640.738351537056,0.6805763047815208,1,5.697741961202005,87.40725990848574,0.42529868613281824,0.10833333333333334
M-06,2026-01-30 19:00:00+00:00,92.26366457175808,4.855283655105864,5.433452994566101,1759.9151880872216,0.6805763047815208,1,5.5370725462533,87.45402148232438,0.5374879537706756,0.06666666666666667
M-06,2026-01-30 20:00:00+00:00,87.60577052496373,6.439958853208675,5.345757239983324,1717.8402557793192,0.8523665685716035,1,5.5920371882995425,87.78348792061176,0.6185631213586219,0.125
M-06,2026-01-30 21:00:00+00:00,87.56953986285255,5.311197185406439,5.677490298868452,1707.6906373165368,0.705209082749278,1,5.531797359772717,87.82493461915011,0.6266902851358251,0.075
M-06,2026-01-30 22:00:00+00:00,94.63492425569332,5.272476724739109,5.165715506285629,1655.218831874937,0.5914394715308311,1,5.433233246797428,88.83308270079436,0.6103105642932926,0.10833333333333334
M-06,2026-01-30 23:00:00+00:00,94.38733544877196,5.022455275325713,5.440375212910067,1569.8531083583189,0.6089214795987551,0,5.296703088170251,90.51193665031816,0.5920299936129859,0.14166666666666666
